DBimpl - LOCK REQUEST: 0x3b7ca8d0 1
[1773167265.423442700] LOCK pid=86475 fd=3: NO_LOCK -> SHARED (fallback)
[1773167265.423445622] LOCK pid=86475 fd=3: SHARED -> SHARED
DBimpl - UNLOCK REQUEST: 0x3b7ca8d0 0
[1773167265.423574846] UNLOCK pid=86475 fd=3: SHARED -> NO_LOCK
DBimpl - LOCK REQUEST: 0x3b7ca8d0 1
[1773167265.423598764] LOCK pid=86475 fd=3: NO_LOCK -> SHARED (fallback)
[1773167265.423600756] LOCK pid=86475 fd=3: SHARED -> SHARED
DBimpl - UNLOCK REQUEST: 0x3b7ca8d0 0
[1773167265.423610539] UNLOCK pid=86475 fd=3: SHARED -> NO_LOCK
DBimpl - LOCK REQUEST: 0x3b7ca8d0 1
[1773167265.423620055] LOCK pid=86475 fd=3: NO_LOCK -> SHARED (fallback)
[1773167265.423621033] LOCK pid=86475 fd=3: SHARED -> SHARED
DBimpl - UNLOCK REQUEST: 0x3b7ca8d0 0
[1773167265.423627771] UNLOCK pid=86475 fd=3: SHARED -> NO_LOCK
DBimpl - LOCK REQUEST: 0x3b7ca8d0 1
[1773167265.423635409] LOCK pid=86475 fd=3: NO_LOCK -> SHARED (fallback)
[1773167265.423636361] LOCK pid=86475 fd=3: SHARED -> SHARED
DBimpl - UNLOCK REQUEST: 0x3b7ca8d0 0
[1773167265.423642210] UNLOCK pid=86475 fd=3: SHARED -> NO_LOCK
DBimpl - LOCK REQUEST: 0x3b7ca8d0 1
[1773167265.423722009] LOCK pid=86475 fd=3: NO_LOCK -> SHARED (fallback)
[1773167265.423729365] LOCK pid=86475 fd=3: SHARED -> SHARED
DBimpl - LOCK REQUEST: 0x3b7ca8d0 2
[1773167265.423737117] LOCK pid=86475 fd=3: SHARED -> RESERVED
DBimpl - LOCK REQUEST: 0x3b7ca8d0 4
[1773167265.423861759] LOCK pid=86475 fd=3: RESERVED -> PENDING
[1773167265.423867357] LOCK pid=86475 fd=3: PENDING -> EXCLUSIVE
DBimpl - UNLOCK REQUEST: 0x3b7ca8d0 1
[1773167265.426066924] UNLOCK pid=86475 fd=3: EXCLUSIVE -> SHARED
DBimpl - UNLOCK REQUEST: 0x3b7ca8d0 0
[1773167265.426085149] UNLOCK pid=86475 fd=3: SHARED -> NO_LOCK
DBimpl - LOCK REQUEST: 0x3b7ca8d0 1
[1773167265.426160244] LOCK pid=86475 fd=3: NO_LOCK -> SHARED (fallback)
[1773167265.426161498] LOCK pid=86475 fd=3: SHARED -> SHARED
DBimpl - LOCK REQUEST: 0x3b7ca8d0 2
[1773167265.426172788] LOCK pid=86475 fd=3: SHARED -> RESERVED
DBimpl - LOCK REQUEST: 0x3b7ca8d0 4
[1773167265.426273257] LOCK pid=86475 fd=3: RESERVED -> PENDING
[1773167265.426275039] LOCK pid=86475 fd=3: PENDING -> EXCLUSIVE
DBimpl - UNLOCK REQUEST: 0x3b7ca8d0 1
[1773167265.428081279] UNLOCK pid=86475 fd=3: EXCLUSIVE -> SHARED
DBimpl - UNLOCK REQUEST: 0x3b7ca8d0 0
[1773167265.428085004] UNLOCK pid=86475 fd=3: SHARED -> NO_LOCK
DBimpl - LOCK REQUEST: 0x3b7ca8d0 1
[1773167265.428161252] LOCK pid=86475 fd=3: NO_LOCK -> SHARED (fallback)
[1773167265.428162583] LOCK pid=86475 fd=3: SHARED -> SHARED
DBimpl - LOCK REQUEST: 0x3b7ca8d0 2
[1773167265.428171899] LOCK pid=86475 fd=3: SHARED -> RESERVED
DBimpl - LOCK REQUEST: 0x3b7ca8d0 4
[1773167265.428271929] LOCK pid=86475 fd=3: RESERVED -> PENDING
[1773167265.428273917] LOCK pid=86475 fd=3: PENDING -> EXCLUSIVE
DBimpl - UNLOCK REQUEST: 0x3b7ca8d0 1
[1773167265.429987048] UNLOCK pid=86475 fd=3: EXCLUSIVE -> SHARED
DBimpl - UNLOCK REQUEST: 0x3b7ca8d0 0
[1773167265.429990292] UNLOCK pid=86475 fd=3: SHARED -> NO_LOCK
DBimpl - LOCK REQUEST: 0x3b7ca8d0 1
[1773167265.430016235] LOCK pid=86475 fd=3: NO_LOCK -> SHARED (fallback)
[1773167265.430018108] LOCK pid=86475 fd=3: SHARED -> SHARED
DBimpl - UNLOCK REQUEST: 0x3b7ca8d0 0
[1773167265.430036462] UNLOCK pid=86475 fd=3: SHARED -> NO_LOCK
DBimpl - LOCK REQUEST: 0x3b7ca8d0 1
[1773167265.430089445] LOCK pid=86475 fd=3: NO_LOCK -> SHARED (fallback)
[1773167265.430090560] LOCK pid=86475 fd=3: SHARED -> SHARED
DBimpl - LOCK REQUEST: 0x3b7ca8d0 2
[1773167265.430097392] LOCK pid=86475 fd=3: SHARED -> RESERVED
DBimpl - LOCK REQUEST: 0x3b7ca8d0 4
[1773167265.430268279] LOCK pid=86475 fd=3: RESERVED -> PENDING
[1773167265.430270023] LOCK pid=86475 fd=3: PENDING -> EXCLUSIVE
DBimpl - UNLOCK REQUEST: 0x3b7ca8d0 1
[1773167265.431991679] UNLOCK pid=86475 fd=3: EXCLUSIVE -> SHARED
DBimpl - UNLOCK REQUEST: 0x3b7ca8d0 0
[1773167265.431995604] UNLOCK pid=86475 fd=3: SHARED -> NO_LOCK
DBimpl - UNLOCK REQUEST: 0x3b7ca8d0 0
DBimpl - LOCK REQUEST: 0x3b879400 1
[1773167265.436433982] LOCK pid=86478 fd=10: NO_LOCK -> SHARED (fallback)
[1773167265.436437523] LOCK pid=86478 fd=10: SHARED -> SHARED
DBimpl - LOCK REQUEST: 0x3b879400 2
[1773167265.436482729] LOCK pid=86478 fd=10: SHARED -> RESERVED
DBimpl - LOCK REQUEST: 0x3b879400 1
[1773167265.436595110] LOCK pid=86479 fd=12: NO_LOCK -> SHARED (fallback)
[1773167265.436597246] LOCK pid=86479 fd=12: SHARED -> SHARED
DBimpl - LOCK REQUEST: 0x3b879400 2
DBimpl - UNLOCK REQUEST: 0x3b879400 0
[1773167265.436634072] UNLOCK pid=86479 fd=12: SHARED -> NO_LOCK
DBimpl - LOCK REQUEST: 0x3b879400 1
[1773167265.436795380] LOCK pid=86477 fd=8: NO_LOCK -> SHARED (fallback)
[1773167265.436797635] LOCK pid=86477 fd=8: SHARED -> SHARED
DBimpl - UNLOCK REQUEST: 0x3b879400 0
[1773167265.436974199] UNLOCK pid=86477 fd=8: SHARED -> NO_LOCK
DBimpl - LOCK REQUEST: 0x3b879400 1
[1773167265.437010221] LOCK pid=86477 fd=8: NO_LOCK -> SHARED (fallback)
[1773167265.437012170] LOCK pid=86477 fd=8: SHARED -> SHARED
DBimpl - LOCK REQUEST: 0x3b879400 4
DBimpl - UNLOCK REQUEST: 0x3b879400 0
[1773167265.437326098] LOCK pid=86478 fd=10: RESERVED -> PENDING
[1773167265.437327922] UNLOCK pid=86477 fd=8: SHARED -> NO_LOCK
[1773167265.437329196] LOCK pid=86478 fd=10: PENDING -> EXCLUSIVE
DBimpl - LOCK REQUEST: 0x3b879400 1
DBimpl - LOCK REQUEST: 0x3b879400 1
DBimpl - LOCK REQUEST: 0x3b879400 1
DBimpl - LOCK REQUEST: 0x3b879400 1
DBimpl - LOCK REQUEST: 0x3b879400 1
DBimpl - LOCK REQUEST: 0x3b879400 1
DBimpl - UNLOCK REQUEST: 0x3b879400 1
[1773167265.439455065] UNLOCK pid=86478 fd=10: EXCLUSIVE -> SHARED
DBimpl - UNLOCK REQUEST: 0x3b879400 0
[1773167265.439459513] UNLOCK pid=86478 fd=10: SHARED -> NO_LOCK
DBimpl - LOCK REQUEST: 0x3b879400 1
[1773167265.439694117] LOCK pid=86478 fd=10: NO_LOCK -> SHARED (fallback)
[1773167265.439695520] LOCK pid=86478 fd=10: SHARED -> SHARED
DBimpl - LOCK REQUEST: 0x3b879400 2
[1773167265.439705432] LOCK pid=86478 fd=10: SHARED -> RESERVED
DBimpl - LOCK REQUEST: 0x3b879400 1
[1773167265.439764915] LOCK pid=86479 fd=12: NO_LOCK -> SHARED (fallback)
[1773167265.439766871] LOCK pid=86479 fd=12: SHARED -> SHARED
DBimpl - LOCK REQUEST: 0x3b879400 2
DBimpl - UNLOCK REQUEST: 0x3b879400 0
[1773167265.439783767] UNLOCK pid=86479 fd=12: SHARED -> NO_LOCK
DBimpl - LOCK REQUEST: 0x3b879400 4
[1773167265.439925611] LOCK pid=86478 fd=10: RESERVED -> PENDING
[1773167265.439928074] LOCK pid=86478 fd=10: PENDING -> EXCLUSIVE
DBimpl - LOCK REQUEST: 0x3b879400 1
DBimpl - LOCK REQUEST: 0x3b879400 1
DBimpl - LOCK REQUEST: 0x3b879400 1
DBimpl - UNLOCK REQUEST: 0x3b879400 1
[1773167265.442035576] UNLOCK pid=86478 fd=10: EXCLUSIVE -> SHARED
DBimpl - UNLOCK REQUEST: 0x3b879400 0
[1773167265.442039754] UNLOCK pid=86478 fd=10: SHARED -> NO_LOCK
DBimpl - LOCK REQUEST: 0x3b879400 1
[1773167265.442297085] LOCK pid=86480 fd=14: NO_LOCK -> SHARED (fallback)
[1773167265.442299326] LOCK pid=86480 fd=14: SHARED -> SHARED
DBimpl - LOCK REQUEST: 0x3b879400 2
[1773167265.442335196] LOCK pid=86480 fd=14: SHARED -> RESERVED
DBimpl - LOCK REQUEST: 0x3b879400 1
[1773167265.442737223] LOCK pid=86478 fd=10: NO_LOCK -> SHARED (fallback)
[1773167265.442738519] LOCK pid=86478 fd=10: SHARED -> SHARED
DBimpl - LOCK REQUEST: 0x3b879400 2
DBimpl - UNLOCK REQUEST: 0x3b879400 0
[1773167265.442750191] UNLOCK pid=86478 fd=10: SHARED -> NO_LOCK
DBimpl - LOCK REQUEST: 0x3b879400 4
[1773167265.442783643] LOCK pid=86480 fd=14: RESERVED -> PENDING
[1773167265.442786228] LOCK pid=86480 fd=14: PENDING -> EXCLUSIVE
DBimpl - LOCK REQUEST: 0x3b879400 1
DBimpl - LOCK REQUEST: 0x3b879400 1
DBimpl - UNLOCK REQUEST: 0x3b879400 1
[1773167265.445301968] UNLOCK pid=86480 fd=14: EXCLUSIVE -> SHARED
DBimpl - UNLOCK REQUEST: 0x3b879400 0
[1773167265.445307198] UNLOCK pid=86480 fd=14: SHARED -> NO_LOCK
DBimpl - LOCK REQUEST: 0x3b879400 1
[1773167265.445634356] LOCK pid=86476 fd=6: NO_LOCK -> SHARED (fallback)
[1773167265.445636435] LOCK pid=86476 fd=6: SHARED -> SHARED
DBimpl - LOCK REQUEST: 0x3b879400 1
[1773167265.445734163] LOCK pid=86477 fd=8: NO_LOCK -> SHARED (fallback)
[1773167265.445736084] LOCK pid=86477 fd=8: SHARED -> SHARED
DBimpl - UNLOCK REQUEST: 0x3b879400 0
[1773167265.445805659] UNLOCK pid=86476 fd=6: SHARED -> NO_LOCK
DBimpl - UNLOCK REQUEST: 0x3b879400 0
[1773167265.445852771] UNLOCK pid=86477 fd=8: SHARED -> NO_LOCK
DBimpl - LOCK REQUEST: 0x3b879400 1
[1773167265.445862660] LOCK pid=86476 fd=6: NO_LOCK -> SHARED (fallback)
[1773167265.445863950] LOCK pid=86476 fd=6: SHARED -> SHARED
DBimpl - LOCK REQUEST: 0x3b879400 1
[1773167265.445873223] LOCK pid=86478 fd=10: NO_LOCK -> SHARED (fallback)
[1773167265.445876152] LOCK pid=86478 fd=10: SHARED -> SHARED
DBimpl - LOCK REQUEST: 0x3b879400 2
[1773167265.445885553] LOCK pid=86478 fd=10: SHARED -> RESERVED
DBimpl - UNLOCK REQUEST: 0x3b879400 0
[1773167265.445975699] UNLOCK pid=86476 fd=6: SHARED -> NO_LOCK
DBimpl - LOCK REQUEST: 0x3b879400 1
[1773167265.446061236] LOCK pid=86477 fd=8: NO_LOCK -> SHARED (fallback)
[1773167265.446063785] LOCK pid=86477 fd=8: SHARED -> SHARED
DBimpl - LOCK REQUEST: 0x3b879400 4
[1773167265.446138718] LOCK pid=86478 fd=10: RESERVED -> PENDING
DBimpl - UNLOCK REQUEST: 0x3b879400 0
[1773167265.446164106] UNLOCK pid=86477 fd=8: SHARED -> NO_LOCK
DBimpl - LOCK REQUEST: 0x3b879400 1
DBimpl - LOCK REQUEST: 0x3b879400 1
DBimpl - LOCK REQUEST: 0x3b879400 4
[1773167265.447228293] LOCK pid=86478 fd=10: PENDING -> EXCLUSIVE
DBimpl - LOCK REQUEST: 0x3b879400 1
DBimpl - LOCK REQUEST: 0x3b879400 1
DBimpl - LOCK REQUEST: 0x3b879400 1
DBimpl - LOCK REQUEST: 0x3b879400 1
DBimpl - LOCK REQUEST: 0x3b879400 1
DBimpl - LOCK REQUEST: 0x3b879400 1
DBimpl - UNLOCK REQUEST: 0x3b879400 1
[1773167265.450690508] UNLOCK pid=86478 fd=10: EXCLUSIVE -> SHARED
DBimpl - UNLOCK REQUEST: 0x3b879400 0
[1773167265.450695357] UNLOCK pid=86478 fd=10: SHARED -> NO_LOCK
DBimpl - LOCK REQUEST: 0x3b879400 1
[1773167265.451127074] LOCK pid=86478 fd=10: NO_LOCK -> SHARED (fallback)
[1773167265.451128309] LOCK pid=86478 fd=10: SHARED -> SHARED
DBimpl - LOCK REQUEST: 0x3b879400 2
[1773167265.451137579] LOCK pid=86478 fd=10: SHARED -> RESERVED
DBimpl - LOCK REQUEST: 0x3b879400 4
[1773167265.451325631] LOCK pid=86478 fd=10: RESERVED -> PENDING
[1773167265.451327465] LOCK pid=86478 fd=10: PENDING -> EXCLUSIVE
DBimpl - LOCK REQUEST: 0x3b879400 1
DBimpl - UNLOCK REQUEST: 0x3b879400 1
[1773167265.453509749] UNLOCK pid=86478 fd=10: EXCLUSIVE -> SHARED
DBimpl - UNLOCK REQUEST: 0x3b879400 0
[1773167265.453514336] UNLOCK pid=86478 fd=10: SHARED -> NO_LOCK
DBimpl - LOCK REQUEST: 0x3b879400 1
[1773167265.454601210] LOCK pid=86476 fd=6: NO_LOCK -> SHARED (fallback)
[1773167265.454603717] LOCK pid=86476 fd=6: SHARED -> SHARED
DBimpl - UNLOCK REQUEST: 0x3b879400 0
[1773167265.454676183] UNLOCK pid=86476 fd=6: SHARED -> NO_LOCK
DBimpl - LOCK REQUEST: 0x3b879400 1
[1773167265.454822885] LOCK pid=86477 fd=8: NO_LOCK -> SHARED (fallback)
[1773167265.454824331] LOCK pid=86477 fd=8: SHARED -> SHARED
DBimpl - LOCK REQUEST: 0x3b879400 1
[1773167265.454911346] LOCK pid=86479 fd=12: NO_LOCK -> SHARED (fallback)
[1773167265.454913314] LOCK pid=86479 fd=12: SHARED -> SHARED
DBimpl - UNLOCK REQUEST: 0x3b879400 0
[1773167265.454916745] UNLOCK pid=86477 fd=8: SHARED -> NO_LOCK
DBimpl - LOCK REQUEST: 0x3b879400 1
DBimpl - LOCK REQUEST: 0x3b879400 2
[1773167265.454925560] LOCK pid=86479 fd=12: SHARED -> RESERVED
[1773167265.454926492] LOCK pid=86476 fd=6: NO_LOCK -> SHARED (fallback)
[1773167265.454928287] LOCK pid=86476 fd=6: SHARED -> SHARED
DBimpl - UNLOCK REQUEST: 0x3b879400 0
[1773167265.454990140] UNLOCK pid=86476 fd=6: SHARED -> NO_LOCK
DBimpl - LOCK REQUEST: 0x3b879400 4
[1773167265.456021283] LOCK pid=86479 fd=12: RESERVED -> PENDING
[1773167265.456023464] LOCK pid=86479 fd=12: PENDING -> EXCLUSIVE
DBimpl - LOCK REQUEST: 0x3b879400 1
DBimpl - LOCK REQUEST: 0x3b879400 1
DBimpl - LOCK REQUEST: 0x3b879400 1
DBimpl - UNLOCK REQUEST: 0x3b879400 1
[1773167265.457663159] UNLOCK pid=86479 fd=12: EXCLUSIVE -> SHARED
DBimpl - UNLOCK REQUEST: 0x3b879400 0
[1773167265.457667373] UNLOCK pid=86479 fd=12: SHARED -> NO_LOCK
DBimpl - LOCK REQUEST: 0x3b879400 1
[1773167265.458292582] LOCK pid=86476 fd=6: NO_LOCK -> SHARED (fallback)
[1773167265.458294352] LOCK pid=86476 fd=6: SHARED -> SHARED
DBimpl - UNLOCK REQUEST: 0x3b879400 0
[1773167265.458432097] UNLOCK pid=86476 fd=6: SHARED -> NO_LOCK
DBimpl - LOCK REQUEST: 0x3b879400 1
[1773167265.458458356] LOCK pid=86479 fd=12: NO_LOCK -> SHARED (fallback)
[1773167265.458459942] LOCK pid=86479 fd=12: SHARED -> SHARED
DBimpl - LOCK REQUEST: 0x3b879400 2
[1773167265.458469287] LOCK pid=86479 fd=12: SHARED -> RESERVED
DBimpl - LOCK REQUEST: 0x3b879400 1
[1773167265.458554607] LOCK pid=86478 fd=10: NO_LOCK -> SHARED (fallback)
[1773167265.458556373] LOCK pid=86478 fd=10: SHARED -> SHARED
DBimpl - LOCK REQUEST: 0x3b879400 2
DBimpl - UNLOCK REQUEST: 0x3b879400 0
[1773167265.458568387] UNLOCK pid=86478 fd=10: SHARED -> NO_LOCK
DBimpl - LOCK REQUEST: 0x3b879400 1
[1773167265.459015859] LOCK pid=86477 fd=8: NO_LOCK -> SHARED (fallback)
[1773167265.459017188] LOCK pid=86477 fd=8: SHARED -> SHARED
DBimpl - UNLOCK REQUEST: 0x3b879400 0
[1773167265.459175279] UNLOCK pid=86477 fd=8: SHARED -> NO_LOCK
DBimpl - LOCK REQUEST: 0x3b879400 4
[1773167265.459379386] LOCK pid=86479 fd=12: RESERVED -> PENDING
[1773167265.459381280] LOCK pid=86479 fd=12: PENDING -> EXCLUSIVE
DBimpl - LOCK REQUEST: 0x3b879400 1
DBimpl - UNLOCK REQUEST: 0x3b879400 1
[1773167265.461099452] UNLOCK pid=86479 fd=12: EXCLUSIVE -> SHARED
DBimpl - UNLOCK REQUEST: 0x3b879400 0
[1773167265.461103260] UNLOCK pid=86479 fd=12: SHARED -> NO_LOCK
DBimpl - LOCK REQUEST: 0x3b879400 1
[1773167265.461765680] LOCK pid=86479 fd=12: NO_LOCK -> SHARED (fallback)
[1773167265.461766927] LOCK pid=86479 fd=12: SHARED -> SHARED
DBimpl - LOCK REQUEST: 0x3b879400 2
[1773167265.461774842] LOCK pid=86479 fd=12: SHARED -> RESERVED
DBimpl - LOCK REQUEST: 0x3b879400 4
[1773167265.462468732] LOCK pid=86479 fd=12: RESERVED -> PENDING
[1773167265.462470595] LOCK pid=86479 fd=12: PENDING -> EXCLUSIVE
DBimpl - UNLOCK REQUEST: 0x3b879400 1
[1773167265.462474250] UNLOCK pid=86479 fd=12: EXCLUSIVE -> SHARED
DBimpl - UNLOCK REQUEST: 0x3b879400 0
[1773167265.462477509] UNLOCK pid=86479 fd=12: SHARED -> NO_LOCK
DBimpl - LOCK REQUEST: 0x3b879400 1
[1773167265.462737653] LOCK pid=86477 fd=8: NO_LOCK -> SHARED (fallback)
[1773167265.462739217] LOCK pid=86477 fd=8: SHARED -> SHARED
DBimpl - LOCK REQUEST: 0x3b879400 1
[1773167265.462774507] LOCK pid=86476 fd=6: NO_LOCK -> SHARED (fallback)
[1773167265.462778337] LOCK pid=86476 fd=6: SHARED -> SHARED
DBimpl - UNLOCK REQUEST: 0x3b879400 0
[1773167265.462912138] UNLOCK pid=86477 fd=8: SHARED -> NO_LOCK
DBimpl - UNLOCK REQUEST: 0x3b879400 0
[1773167265.462958441] UNLOCK pid=86476 fd=6: SHARED -> NO_LOCK
DBimpl - LOCK REQUEST: 0x3b879400 1
[1773167265.464765278] LOCK pid=86479 fd=12: NO_LOCK -> SHARED (fallback)
[1773167265.464766615] LOCK pid=86479 fd=12: SHARED -> SHARED
DBimpl - LOCK REQUEST: 0x3b879400 2
[1773167265.464774876] LOCK pid=86479 fd=12: SHARED -> RESERVED
DBimpl - LOCK REQUEST: 0x3b879400 1
[1773167265.464830269] LOCK pid=86477 fd=8: NO_LOCK -> SHARED (fallback)
[1773167265.464831472] LOCK pid=86477 fd=8: SHARED -> SHARED
DBimpl - UNLOCK REQUEST: 0x3b879400 0
[1773167265.464982044] UNLOCK pid=86477 fd=8: SHARED -> NO_LOCK
DBimpl - LOCK REQUEST: 0x3b879400 4
[1773167265.465137680] LOCK pid=86479 fd=12: RESERVED -> PENDING
[1773167265.465139364] LOCK pid=86479 fd=12: PENDING -> EXCLUSIVE
DBimpl - UNLOCK REQUEST: 0x3b879400 1
[1773167265.465142753] UNLOCK pid=86479 fd=12: EXCLUSIVE -> SHARED
DBimpl - UNLOCK REQUEST: 0x3b879400 0
[1773167265.465145831] UNLOCK pid=86479 fd=12: SHARED -> NO_LOCK
DBimpl - LOCK REQUEST: 0x3b879400 1
[1773167265.465712408] LOCK pid=86478 fd=10: NO_LOCK -> SHARED (fallback)
[1773167265.465713640] LOCK pid=86478 fd=10: SHARED -> SHARED
DBimpl - LOCK REQUEST: 0x3b879400 2
[1773167265.465721514] LOCK pid=86478 fd=10: SHARED -> RESERVED
DBimpl - LOCK REQUEST: 0x3b879400 4
[1773167265.466036532] LOCK pid=86478 fd=10: RESERVED -> PENDING
[1773167265.466038652] LOCK pid=86478 fd=10: PENDING -> EXCLUSIVE
DBimpl - LOCK REQUEST: 0x3b879400 1
DBimpl - LOCK REQUEST: 0x3b879400 1
DBimpl - LOCK REQUEST: 0x3b879400 1
DBimpl - LOCK REQUEST: 0x3b879400 1
DBimpl - UNLOCK REQUEST: 0x3b879400 1
[1773167265.468240893] UNLOCK pid=86478 fd=10: EXCLUSIVE -> SHARED
DBimpl - UNLOCK REQUEST: 0x3b879400 0
[1773167265.468247776] UNLOCK pid=86478 fd=10: SHARED -> NO_LOCK
DBimpl - LOCK REQUEST: 0x3b879400 1
[1773167265.468769320] LOCK pid=86477 fd=8: NO_LOCK -> SHARED (fallback)
[1773167265.468770835] LOCK pid=86477 fd=8: SHARED -> SHARED
DBimpl - UNLOCK REQUEST: 0x3b879400 0
[1773167265.468947853] UNLOCK pid=86477 fd=8: SHARED -> NO_LOCK
DBimpl - LOCK REQUEST: 0x3b879400 1
[1773167265.469765044] LOCK pid=86479 fd=12: NO_LOCK -> SHARED (fallback)
[1773167265.469766451] LOCK pid=86479 fd=12: SHARED -> SHARED
DBimpl - LOCK REQUEST: 0x3b879400 2
[1773167265.469776620] LOCK pid=86479 fd=12: SHARED -> RESERVED
DBimpl - LOCK REQUEST: 0x3b879400 1
[1773167265.469823761] LOCK pid=86476 fd=6: NO_LOCK -> SHARED (fallback)
[1773167265.469825360] LOCK pid=86476 fd=6: SHARED -> SHARED
DBimpl - UNLOCK REQUEST: 0x3b879400 0
[1773167265.469968963] UNLOCK pid=86476 fd=6: SHARED -> NO_LOCK
DBimpl - LOCK REQUEST: 0x3b879400 4
[1773167265.470417131] LOCK pid=86479 fd=12: RESERVED -> PENDING
[1773167265.470418933] LOCK pid=86479 fd=12: PENDING -> EXCLUSIVE
DBimpl - LOCK REQUEST: 0x3b879400 1
DBimpl - UNLOCK REQUEST: 0x3b879400 1
[1773167265.472120913] UNLOCK pid=86479 fd=12: EXCLUSIVE -> SHARED
DBimpl - UNLOCK REQUEST: 0x3b879400 0
[1773167265.472124803] UNLOCK pid=86479 fd=12: SHARED -> NO_LOCK
DBimpl - LOCK REQUEST: 0x3b879400 1
[1773167265.472267497] LOCK pid=86476 fd=6: NO_LOCK -> SHARED (fallback)
[1773167265.472269045] LOCK pid=86476 fd=6: SHARED -> SHARED
DBimpl - UNLOCK REQUEST: 0x3b879400 0
[1773167265.472441475] UNLOCK pid=86476 fd=6: SHARED -> NO_LOCK
DBimpl - LOCK REQUEST: 0x3b879400 1
[1773167265.472798150] LOCK pid=86477 fd=8: NO_LOCK -> SHARED (fallback)
[1773167265.472799933] LOCK pid=86477 fd=8: SHARED -> SHARED
DBimpl - LOCK REQUEST: 0x3b879400 1
[1773167265.472885846] LOCK pid=86478 fd=10: NO_LOCK -> SHARED (fallback)
[1773167265.472888106] LOCK pid=86478 fd=10: SHARED -> SHARED
DBimpl - LOCK REQUEST: 0x3b879400 2
[1773167265.472901701] LOCK pid=86478 fd=10: SHARED -> RESERVED
DBimpl - LOCK REQUEST: 0x3b879400 4
[1773167265.473073001] LOCK pid=86478 fd=10: RESERVED -> PENDING
DBimpl - UNLOCK REQUEST: 0x3b879400 0
[1773167265.473079761] UNLOCK pid=86477 fd=8: SHARED -> NO_LOCK
DBimpl - LOCK REQUEST: 0x3b879400 1
DBimpl - LOCK REQUEST: 0x3b879400 4
[1773167265.474157792] LOCK pid=86478 fd=10: PENDING -> EXCLUSIVE
DBimpl - LOCK REQUEST: 0x3b879400 1
DBimpl - LOCK REQUEST: 0x3b879400 1
DBimpl - UNLOCK REQUEST: 0x3b879400 1
[1773167265.476336810] UNLOCK pid=86478 fd=10: EXCLUSIVE -> SHARED
DBimpl - UNLOCK REQUEST: 0x3b879400 0
[1773167265.476340302] UNLOCK pid=86478 fd=10: SHARED -> NO_LOCK
DBimpl - LOCK REQUEST: 0x3b879400 1
[1773167265.476762040] LOCK pid=86477 fd=8: NO_LOCK -> SHARED (fallback)
[1773167265.476763485] LOCK pid=86477 fd=8: SHARED -> SHARED
DBimpl - UNLOCK REQUEST: 0x3b879400 0
[1773167265.476936900] UNLOCK pid=86477 fd=8: SHARED -> NO_LOCK
DBimpl - LOCK REQUEST: 0x3b879400 1
[1773167265.476987832] LOCK pid=86479 fd=12: NO_LOCK -> SHARED (fallback)
[1773167265.476989314] LOCK pid=86479 fd=12: SHARED -> SHARED
DBimpl - LOCK REQUEST: 0x3b879400 2
[1773167265.476998820] LOCK pid=86479 fd=12: SHARED -> RESERVED
DBimpl - LOCK REQUEST: 0x3b879400 1
[1773167265.477899648] LOCK pid=86478 fd=10: NO_LOCK -> SHARED (fallback)
[1773167265.477901059] LOCK pid=86478 fd=10: SHARED -> SHARED
DBimpl - LOCK REQUEST: 0x3b879400 2
DBimpl - UNLOCK REQUEST: 0x3b879400 0
[1773167265.477910570] UNLOCK pid=86478 fd=10: SHARED -> NO_LOCK
DBimpl - LOCK REQUEST: 0x3b879400 4
[1773167265.478071874] LOCK pid=86479 fd=12: RESERVED -> PENDING
[1773167265.478073662] LOCK pid=86479 fd=12: PENDING -> EXCLUSIVE
DBimpl - UNLOCK REQUEST: 0x3b879400 1
[1773167265.478077244] UNLOCK pid=86479 fd=12: EXCLUSIVE -> SHARED
DBimpl - UNLOCK REQUEST: 0x3b879400 0
[1773167265.478080488] UNLOCK pid=86479 fd=12: SHARED -> NO_LOCK
DBimpl - LOCK REQUEST: 0x3b879400 1
[1773167265.478498628] LOCK pid=86476 fd=6: NO_LOCK -> SHARED (fallback)
[1773167265.478500321] LOCK pid=86476 fd=6: SHARED -> SHARED
DBimpl - LOCK REQUEST: 0x3b879400 1
[1773167265.478576391] LOCK pid=86477 fd=8: NO_LOCK -> SHARED (fallback)
[1773167265.478577737] LOCK pid=86477 fd=8: SHARED -> SHARED
DBimpl - UNLOCK REQUEST: 0x3b879400 0
[1773167265.478657336] UNLOCK pid=86476 fd=6: SHARED -> NO_LOCK
DBimpl - UNLOCK REQUEST: 0x3b879400 0
[1773167265.478763930] UNLOCK pid=86477 fd=8: SHARED -> NO_LOCK
DBimpl - LOCK REQUEST: 0x3b879400 1
[1773167265.478971003] LOCK pid=86478 fd=10: NO_LOCK -> SHARED (fallback)
[1773167265.478972328] LOCK pid=86478 fd=10: SHARED -> SHARED
DBimpl - LOCK REQUEST: 0x3b879400 2
[1773167265.478979157] LOCK pid=86478 fd=10: SHARED -> RESERVED
DBimpl - LOCK REQUEST: 0x3b879400 4
[1773167265.479292671] LOCK pid=86478 fd=10: RESERVED -> PENDING
[1773167265.479294540] LOCK pid=86478 fd=10: PENDING -> EXCLUSIVE
DBimpl - LOCK REQUEST: 0x3b879400 1
DBimpl - LOCK REQUEST: 0x3b879400 1
DBimpl - LOCK REQUEST: 0x3b879400 1
DBimpl - UNLOCK REQUEST: 0x3b879400 1
[1773167265.481482747] UNLOCK pid=86478 fd=10: EXCLUSIVE -> SHARED
DBimpl - UNLOCK REQUEST: 0x3b879400 0
[1773167265.481486440] UNLOCK pid=86478 fd=10: SHARED -> NO_LOCK
DBimpl - LOCK REQUEST: 0x3b879400 1
[1773167265.481796506] LOCK pid=86480 fd=14: NO_LOCK -> SHARED (fallback)
[1773167265.481798341] LOCK pid=86480 fd=14: SHARED -> SHARED
DBimpl - LOCK REQUEST: 0x3b879400 2
[1773167265.481810437] LOCK pid=86480 fd=14: SHARED -> RESERVED
DBimpl - LOCK REQUEST: 0x3b879400 4
[1773167265.481956610] LOCK pid=86480 fd=14: RESERVED -> PENDING
[1773167265.481958549] LOCK pid=86480 fd=14: PENDING -> EXCLUSIVE
DBimpl - LOCK REQUEST: 0x3b879400 1
DBimpl - LOCK REQUEST: 0x3b879400 1
DBimpl - LOCK REQUEST: 0x3b879400 1
DBimpl - LOCK REQUEST: 0x3b879400 1
DBimpl - LOCK REQUEST: 0x3b879400 1
DBimpl - LOCK REQUEST: 0x3b879400 1
DBimpl - LOCK REQUEST: 0x3b879400 1
DBimpl - UNLOCK REQUEST: 0x3b879400 1
[1773167265.484223342] UNLOCK pid=86480 fd=14: EXCLUSIVE -> SHARED
DBimpl - UNLOCK REQUEST: 0x3b879400 0
[1773167265.484228519] UNLOCK pid=86480 fd=14: SHARED -> NO_LOCK
DBimpl - LOCK REQUEST: 0x3b879400 1
[1773167265.486097270] LOCK pid=86478 fd=10: NO_LOCK -> SHARED (fallback)
[1773167265.486099035] LOCK pid=86478 fd=10: SHARED -> SHARED
DBimpl - LOCK REQUEST: 0x3b879400 2
[1773167265.486111019] LOCK pid=86478 fd=10: SHARED -> RESERVED
DBimpl - LOCK REQUEST: 0x3b879400 1
[1773167265.486254355] LOCK pid=86477 fd=8: NO_LOCK -> SHARED (fallback)
[1773167265.486256752] LOCK pid=86477 fd=8: SHARED -> SHARED
DBimpl - LOCK REQUEST: 0x3b879400 4
[1773167265.486486503] LOCK pid=86478 fd=10: RESERVED -> PENDING
DBimpl - UNLOCK REQUEST: 0x3b879400 0
[1773167265.486518785] UNLOCK pid=86477 fd=8: SHARED -> NO_LOCK
DBimpl - LOCK REQUEST: 0x3b879400 4
[1773167265.487579676] LOCK pid=86478 fd=10: PENDING -> EXCLUSIVE
DBimpl - LOCK REQUEST: 0x3b879400 1
DBimpl - LOCK REQUEST: 0x3b879400 1
DBimpl - LOCK REQUEST: 0x3b879400 1
DBimpl - LOCK REQUEST: 0x3b879400 1
DBimpl - UNLOCK REQUEST: 0x3b879400 1
[1773167265.489716147] UNLOCK pid=86478 fd=10: EXCLUSIVE -> SHARED
DBimpl - UNLOCK REQUEST: 0x3b879400 0
[1773167265.489720447] UNLOCK pid=86478 fd=10: SHARED -> NO_LOCK
DBimpl - LOCK REQUEST: 0x3b879400 1
[1773167265.490797272] LOCK pid=86477 fd=8: NO_LOCK -> SHARED (fallback)
[1773167265.490799157] LOCK pid=86477 fd=8: SHARED -> SHARED
DBimpl - UNLOCK REQUEST: 0x3b879400 0
[1773167265.490955728] UNLOCK pid=86477 fd=8: SHARED -> NO_LOCK
DBimpl - LOCK REQUEST: 0x3b879400 1
[1773167265.490993200] LOCK pid=86478 fd=10: NO_LOCK -> SHARED (fallback)
[1773167265.490995426] LOCK pid=86478 fd=10: SHARED -> SHARED
DBimpl - LOCK REQUEST: 0x3b879400 2
[1773167265.491003937] LOCK pid=86478 fd=10: SHARED -> RESERVED
DBimpl - LOCK REQUEST: 0x3b879400 4
[1773167265.491257600] LOCK pid=86478 fd=10: RESERVED -> PENDING
[1773167265.491259396] LOCK pid=86478 fd=10: PENDING -> EXCLUSIVE
DBimpl - LOCK REQUEST: 0x3b879400 1
DBimpl - LOCK REQUEST: 0x3b879400 1
DBimpl - UNLOCK REQUEST: 0x3b879400 1
[1773167265.492903214] UNLOCK pid=86478 fd=10: EXCLUSIVE -> SHARED
DBimpl - UNLOCK REQUEST: 0x3b879400 0
[1773167265.492906890] UNLOCK pid=86478 fd=10: SHARED -> NO_LOCK
DBimpl - LOCK REQUEST: 0x3b879400 1
[1773167265.493009124] LOCK pid=86478 fd=10: NO_LOCK -> SHARED (fallback)
[1773167265.493010322] LOCK pid=86478 fd=10: SHARED -> SHARED
DBimpl - LOCK REQUEST: 0x3b879400 2
[1773167265.493018574] LOCK pid=86478 fd=10: SHARED -> RESERVED
DBimpl - LOCK REQUEST: 0x3b879400 4
[1773167265.493253538] LOCK pid=86478 fd=10: RESERVED -> PENDING
[1773167265.493255332] LOCK pid=86478 fd=10: PENDING -> EXCLUSIVE
DBimpl - LOCK REQUEST: 0x3b879400 1
DBimpl - LOCK REQUEST: 0x3b879400 1
DBimpl - LOCK REQUEST: 0x3b879400 1
DBimpl - UNLOCK REQUEST: 0x3b879400 1
[1773167265.495457348] UNLOCK pid=86478 fd=10: EXCLUSIVE -> SHARED
DBimpl - UNLOCK REQUEST: 0x3b879400 0
[1773167265.495462254] UNLOCK pid=86478 fd=10: SHARED -> NO_LOCK
DBimpl - LOCK REQUEST: 0x3b879400 1
[1773167265.495803861] LOCK pid=86480 fd=14: NO_LOCK -> SHARED (fallback)
[1773167265.495806795] LOCK pid=86480 fd=14: SHARED -> SHARED
DBimpl - LOCK REQUEST: 0x3b879400 2
[1773167265.495824570] LOCK pid=86480 fd=14: SHARED -> RESERVED
DBimpl - LOCK REQUEST: 0x3b879400 4
[1773167265.496029331] LOCK pid=86480 fd=14: RESERVED -> PENDING
[1773167265.496032244] LOCK pid=86480 fd=14: PENDING -> EXCLUSIVE
DBimpl - UNLOCK REQUEST: 0x3b879400 1
[1773167265.497687076] UNLOCK pid=86480 fd=14: EXCLUSIVE -> SHARED
DBimpl - UNLOCK REQUEST: 0x3b879400 0
[1773167265.497693188] UNLOCK pid=86480 fd=14: SHARED -> NO_LOCK
DBimpl - LOCK REQUEST: 0x3b879400 1
[1773167265.497861579] LOCK pid=86476 fd=6: NO_LOCK -> SHARED (fallback)
[1773167265.497863750] LOCK pid=86476 fd=6: SHARED -> SHARED
DBimpl - UNLOCK REQUEST: 0x3b879400 0
[1773167265.498015397] UNLOCK pid=86476 fd=6: SHARED -> NO_LOCK
DBimpl - LOCK REQUEST: 0x3b879400 1
[1773167265.498797943] LOCK pid=86480 fd=14: NO_LOCK -> SHARED (fallback)
[1773167265.498799934] LOCK pid=86480 fd=14: SHARED -> SHARED
DBimpl - LOCK REQUEST: 0x3b879400 2
[1773167265.498810541] LOCK pid=86480 fd=14: SHARED -> RESERVED
DBimpl - LOCK REQUEST: 0x3b879400 4
[1773167265.498952567] LOCK pid=86480 fd=14: RESERVED -> PENDING
[1773167265.498955136] LOCK pid=86480 fd=14: PENDING -> EXCLUSIVE
DBimpl - LOCK REQUEST: 0x3b879400 1
DBimpl - LOCK REQUEST: 0x3b879400 1
DBimpl - LOCK REQUEST: 0x3b879400 1
DBimpl - LOCK REQUEST: 0x3b879400 1
DBimpl - UNLOCK REQUEST: 0x3b879400 1
[1773167265.501296905] UNLOCK pid=86480 fd=14: EXCLUSIVE -> SHARED
DBimpl - UNLOCK REQUEST: 0x3b879400 0
[1773167265.501302561] UNLOCK pid=86480 fd=14: SHARED -> NO_LOCK
DBimpl - LOCK REQUEST: 0x3b879400 1
[1773167265.501734710] LOCK pid=86480 fd=14: NO_LOCK -> SHARED (fallback)
[1773167265.501736479] LOCK pid=86480 fd=14: SHARED -> SHARED
DBimpl - LOCK REQUEST: 0x3b879400 2
[1773167265.501749140] LOCK pid=86480 fd=14: SHARED -> RESERVED
DBimpl - LOCK REQUEST: 0x3b879400 4
[1773167265.501866313] LOCK pid=86480 fd=14: RESERVED -> PENDING
[1773167265.501867992] LOCK pid=86480 fd=14: PENDING -> EXCLUSIVE
DBimpl - LOCK REQUEST: 0x3b879400 1
DBimpl - UNLOCK REQUEST: 0x3b879400 1
[1773167265.503568725] UNLOCK pid=86480 fd=14: EXCLUSIVE -> SHARED
DBimpl - UNLOCK REQUEST: 0x3b879400 0
[1773167265.503572225] UNLOCK pid=86480 fd=14: SHARED -> NO_LOCK
DBimpl - LOCK REQUEST: 0x3b879400 1
[1773167265.505312033] LOCK pid=86478 fd=10: NO_LOCK -> SHARED (fallback)
[1773167265.505314286] LOCK pid=86478 fd=10: SHARED -> SHARED
DBimpl - LOCK REQUEST: 0x3b879400 2
[1773167265.505327115] LOCK pid=86478 fd=10: SHARED -> RESERVED
DBimpl - LOCK REQUEST: 0x3b879400 4
[1773167265.505684129] LOCK pid=86478 fd=10: RESERVED -> PENDING
[1773167265.505686152] LOCK pid=86478 fd=10: PENDING -> EXCLUSIVE
DBimpl - LOCK REQUEST: 0x3b879400 1
DBimpl - LOCK REQUEST: 0x3b879400 1
DBimpl - UNLOCK REQUEST: 0x3b879400 1
[1773167265.507821516] UNLOCK pid=86478 fd=10: EXCLUSIVE -> SHARED
DBimpl - UNLOCK REQUEST: 0x3b879400 0
[1773167265.507825513] UNLOCK pid=86478 fd=10: SHARED -> NO_LOCK
DBimpl - LOCK REQUEST: 0x3b879400 1
[1773167265.508390222] LOCK pid=86476 fd=6: NO_LOCK -> SHARED (fallback)
[1773167265.508392486] LOCK pid=86476 fd=6: SHARED -> SHARED
DBimpl - UNLOCK REQUEST: 0x3b879400 0
[1773167265.508491132] UNLOCK pid=86476 fd=6: SHARED -> NO_LOCK
DBimpl - LOCK REQUEST: 0x3b879400 1
[1773167265.509395357] LOCK pid=86480 fd=14: NO_LOCK -> SHARED (fallback)
[1773167265.509397148] LOCK pid=86480 fd=14: SHARED -> SHARED
DBimpl - LOCK REQUEST: 0x3b879400 2
[1773167265.509408539] LOCK pid=86480 fd=14: SHARED -> RESERVED
DBimpl - LOCK REQUEST: 0x3b879400 4
[1773167265.509510064] LOCK pid=86480 fd=14: RESERVED -> PENDING
[1773167265.509511864] LOCK pid=86480 fd=14: PENDING -> EXCLUSIVE
DBimpl - LOCK REQUEST: 0x3b879400 1
DBimpl - LOCK REQUEST: 0x3b879400 1
DBimpl - LOCK REQUEST: 0x3b879400 1
DBimpl - UNLOCK REQUEST: 0x3b879400 1
[1773167265.511630347] UNLOCK pid=86480 fd=14: EXCLUSIVE -> SHARED
DBimpl - UNLOCK REQUEST: 0x3b879400 0
[1773167265.511634565] UNLOCK pid=86480 fd=14: SHARED -> NO_LOCK
DBimpl - LOCK REQUEST: 0x3b879400 1
[1773167265.511850784] LOCK pid=86476 fd=6: NO_LOCK -> SHARED (fallback)
[1773167265.511852649] LOCK pid=86476 fd=6: SHARED -> SHARED
DBimpl - UNLOCK REQUEST: 0x3b879400 0
[1773167265.511941572] UNLOCK pid=86476 fd=6: SHARED -> NO_LOCK
DBimpl - LOCK REQUEST: 0x3b879400 1
[1773167265.513024214] LOCK pid=86478 fd=10: NO_LOCK -> SHARED (fallback)
[1773167265.513039250] LOCK pid=86478 fd=10: SHARED -> SHARED
DBimpl - LOCK REQUEST: 0x3b879400 2
[1773167265.513057155] LOCK pid=86478 fd=10: SHARED -> RESERVED
DBimpl - LOCK REQUEST: 0x3b879400 1
[1773167265.513063906] LOCK pid=86480 fd=14: NO_LOCK -> SHARED (fallback)
[1773167265.513066581] LOCK pid=86480 fd=14: SHARED -> SHARED
DBimpl - LOCK REQUEST: 0x3b879400 2
DBimpl - UNLOCK REQUEST: 0x3b879400 0
[1773167265.513078433] UNLOCK pid=86480 fd=14: SHARED -> NO_LOCK
DBimpl - LOCK REQUEST: 0x3b879400 4
[1773167265.513314901] LOCK pid=86478 fd=10: RESERVED -> PENDING
[1773167265.513316953] LOCK pid=86478 fd=10: PENDING -> EXCLUSIVE
DBimpl - LOCK REQUEST: 0x3b879400 1
DBimpl - LOCK REQUEST: 0x3b879400 1
DBimpl - LOCK REQUEST: 0x3b879400 1
DBimpl - LOCK REQUEST: 0x3b879400 1
DBimpl - LOCK REQUEST: 0x3b879400 1
DBimpl - UNLOCK REQUEST: 0x3b879400 1
[1773167265.517762151] UNLOCK pid=86478 fd=10: EXCLUSIVE -> SHARED
DBimpl - UNLOCK REQUEST: 0x3b879400 0
[1773167265.517766097] UNLOCK pid=86478 fd=10: SHARED -> NO_LOCK
DBimpl - LOCK REQUEST: 0x3b879400 1
[1773167265.518150016] LOCK pid=86476 fd=6: NO_LOCK -> SHARED (fallback)
[1773167265.518151503] LOCK pid=86476 fd=6: SHARED -> SHARED
DBimpl - UNLOCK REQUEST: 0x3b879400 0
[1773167265.518218826] UNLOCK pid=86476 fd=6: SHARED -> NO_LOCK
DBimpl - LOCK REQUEST: 0x3b879400 1
[1773167265.518881139] LOCK pid=86478 fd=10: NO_LOCK -> SHARED (fallback)
[1773167265.518882563] LOCK pid=86478 fd=10: SHARED -> SHARED
DBimpl - LOCK REQUEST: 0x3b879400 2
[1773167265.518889863] LOCK pid=86478 fd=10: SHARED -> RESERVED
DBimpl - LOCK REQUEST: 0x3b879400 4
[1773167265.519112851] LOCK pid=86478 fd=10: RESERVED -> PENDING
[1773167265.519114675] LOCK pid=86478 fd=10: PENDING -> EXCLUSIVE
DBimpl - UNLOCK REQUEST: 0x3b879400 1
[1773167265.520794579] UNLOCK pid=86478 fd=10: EXCLUSIVE -> SHARED
DBimpl - UNLOCK REQUEST: 0x3b879400 0
[1773167265.520798217] UNLOCK pid=86478 fd=10: SHARED -> NO_LOCK
DBimpl - LOCK REQUEST: 0x3b879400 1
[1773167265.521309815] LOCK pid=86480 fd=14: NO_LOCK -> SHARED (fallback)
[1773167265.521311625] LOCK pid=86480 fd=14: SHARED -> SHARED
DBimpl - LOCK REQUEST: 0x3b879400 2
[1773167265.521321668] LOCK pid=86480 fd=14: SHARED -> RESERVED
DBimpl - LOCK REQUEST: 0x3b879400 4
[1773167265.521418718] LOCK pid=86480 fd=14: RESERVED -> PENDING
[1773167265.521420436] LOCK pid=86480 fd=14: PENDING -> EXCLUSIVE
DBimpl - UNLOCK REQUEST: 0x3b879400 1
[1773167265.523078624] UNLOCK pid=86480 fd=14: EXCLUSIVE -> SHARED
DBimpl - UNLOCK REQUEST: 0x3b879400 0
[1773167265.523082567] UNLOCK pid=86480 fd=14: SHARED -> NO_LOCK
DBimpl - LOCK REQUEST: 0x3b879400 1
[1773167265.523573456] LOCK pid=86478 fd=10: NO_LOCK -> SHARED (fallback)
[1773167265.523574914] LOCK pid=86478 fd=10: SHARED -> SHARED
DBimpl - LOCK REQUEST: 0x3b879400 2
[1773167265.523584504] LOCK pid=86478 fd=10: SHARED -> RESERVED
DBimpl - LOCK REQUEST: 0x3b879400 4
[1773167265.523683390] LOCK pid=86478 fd=10: RESERVED -> PENDING
[1773167265.523685126] LOCK pid=86478 fd=10: PENDING -> EXCLUSIVE
DBimpl - LOCK REQUEST: 0x3b879400 1
DBimpl - UNLOCK REQUEST: 0x3b879400 1
[1773167265.525351376] UNLOCK pid=86478 fd=10: EXCLUSIVE -> SHARED
DBimpl - UNLOCK REQUEST: 0x3b879400 0
[1773167265.525355228] UNLOCK pid=86478 fd=10: SHARED -> NO_LOCK
DBimpl - LOCK REQUEST: 0x3b879400 1
[1773167265.525530740] LOCK pid=86480 fd=14: NO_LOCK -> SHARED (fallback)
[1773167265.525532450] LOCK pid=86480 fd=14: SHARED -> SHARED
DBimpl - LOCK REQUEST: 0x3b879400 2
DBimpl - LOCK REQUEST: 0x3b879400 1
[1773167265.525543363] LOCK pid=86480 fd=14: SHARED -> RESERVED
[1773167265.525549609] LOCK pid=86476 fd=6: NO_LOCK -> SHARED (fallback)
[1773167265.525552301] LOCK pid=86476 fd=6: SHARED -> SHARED
DBimpl - LOCK REQUEST: 0x3b879400 1
[1773167265.525559199] LOCK pid=86477 fd=8: NO_LOCK -> SHARED (fallback)
[1773167265.525560878] LOCK pid=86477 fd=8: SHARED -> SHARED
DBimpl - UNLOCK REQUEST: 0x3b879400 0
[1773167265.525606311] UNLOCK pid=86476 fd=6: SHARED -> NO_LOCK
DBimpl - LOCK REQUEST: 0x3b879400 4
[1773167265.525631707] LOCK pid=86480 fd=14: RESERVED -> PENDING
DBimpl - UNLOCK REQUEST: 0x3b879400 0
[1773167265.525666300] UNLOCK pid=86477 fd=8: SHARED -> NO_LOCK
DBimpl - LOCK REQUEST: 0x3b879400 1
DBimpl - LOCK REQUEST: 0x3b879400 4
[1773167265.526722172] LOCK pid=86480 fd=14: PENDING -> EXCLUSIVE
DBimpl - LOCK REQUEST: 0x3b879400 1
DBimpl - LOCK REQUEST: 0x3b879400 1
DBimpl - LOCK REQUEST: 0x3b879400 1
DBimpl - LOCK REQUEST: 0x3b879400 1
DBimpl - UNLOCK REQUEST: 0x3b879400 1
[1773167265.528965669] UNLOCK pid=86480 fd=14: EXCLUSIVE -> SHARED
DBimpl - UNLOCK REQUEST: 0x3b879400 0
[1773167265.528970193] UNLOCK pid=86480 fd=14: SHARED -> NO_LOCK
DBimpl - LOCK REQUEST: 0x3b879400 1
[1773167265.530028026] LOCK pid=86477 fd=8: NO_LOCK -> SHARED (fallback)
[1773167265.530029659] LOCK pid=86477 fd=8: SHARED -> SHARED
DBimpl - UNLOCK REQUEST: 0x3b879400 0
[1773167265.530121006] UNLOCK pid=86477 fd=8: SHARED -> NO_LOCK
DBimpl - LOCK REQUEST: 0x3b879400 1
[1773167265.530913407] LOCK pid=86477 fd=8: NO_LOCK -> SHARED (fallback)
[1773167265.530914766] LOCK pid=86477 fd=8: SHARED -> SHARED
DBimpl - UNLOCK REQUEST: 0x3b879400 0
[1773167265.530969018] UNLOCK pid=86477 fd=8: SHARED -> NO_LOCK
DBimpl - LOCK REQUEST: 0x3b879400 1
[1773167265.531442827] LOCK pid=86480 fd=14: NO_LOCK -> SHARED (fallback)
[1773167265.531444254] LOCK pid=86480 fd=14: SHARED -> SHARED
DBimpl - LOCK REQUEST: 0x3b879400 2
[1773167265.531458010] LOCK pid=86480 fd=14: SHARED -> RESERVED
DBimpl - LOCK REQUEST: 0x3b879400 4
[1773167265.531575375] LOCK pid=86480 fd=14: RESERVED -> PENDING
[1773167265.531577615] LOCK pid=86480 fd=14: PENDING -> EXCLUSIVE
DBimpl - LOCK REQUEST: 0x3b879400 1
DBimpl - UNLOCK REQUEST: 0x3b879400 1
[1773167265.533240609] UNLOCK pid=86480 fd=14: EXCLUSIVE -> SHARED
DBimpl - UNLOCK REQUEST: 0x3b879400 0
[1773167265.533244288] UNLOCK pid=86480 fd=14: SHARED -> NO_LOCK
DBimpl - LOCK REQUEST: 0x3b879400 1
[1773167265.533320337] LOCK pid=86477 fd=8: NO_LOCK -> SHARED (fallback)
[1773167265.533321782] LOCK pid=86477 fd=8: SHARED -> SHARED
DBimpl - LOCK REQUEST: 0x3b879400 1
[1773167265.533373527] LOCK pid=86478 fd=10: NO_LOCK -> SHARED (fallback)
[1773167265.533374918] LOCK pid=86478 fd=10: SHARED -> SHARED
DBimpl - LOCK REQUEST: 0x3b879400 2
[1773167265.533384585] LOCK pid=86478 fd=10: SHARED -> RESERVED
DBimpl - UNLOCK REQUEST: 0x3b879400 0
[1773167265.533391764] UNLOCK pid=86477 fd=8: SHARED -> NO_LOCK
DBimpl - LOCK REQUEST: 0x3b879400 4
[1773167265.533497872] LOCK pid=86478 fd=10: RESERVED -> PENDING
[1773167265.533499748] LOCK pid=86478 fd=10: PENDING -> EXCLUSIVE
DBimpl - LOCK REQUEST: 0x3b879400 1
DBimpl - LOCK REQUEST: 0x3b879400 1
DBimpl - LOCK REQUEST: 0x3b879400 1
DBimpl - LOCK REQUEST: 0x3b879400 1
DBimpl - UNLOCK REQUEST: 0x3b879400 1
[1773167265.535742920] UNLOCK pid=86478 fd=10: EXCLUSIVE -> SHARED
DBimpl - UNLOCK REQUEST: 0x3b879400 0
[1773167265.535746446] UNLOCK pid=86478 fd=10: SHARED -> NO_LOCK
DBimpl - LOCK REQUEST: 0x3b879400 1
[1773167265.536797135] LOCK pid=86477 fd=8: NO_LOCK -> SHARED (fallback)
[1773167265.536799050] LOCK pid=86477 fd=8: SHARED -> SHARED
DBimpl - LOCK REQUEST: 0x3b879400 1
[1773167265.536896247] LOCK pid=86480 fd=14: NO_LOCK -> SHARED (fallback)
[1773167265.536897848] LOCK pid=86480 fd=14: SHARED -> SHARED
DBimpl - UNLOCK REQUEST: 0x3b879400 0
DBimpl - LOCK REQUEST: 0x3b879400 2
[1773167265.536907190] UNLOCK pid=86477 fd=8: SHARED -> NO_LOCK
[1773167265.536908388] LOCK pid=86480 fd=14: SHARED -> RESERVED
DBimpl - LOCK REQUEST: 0x3b879400 4
[1773167265.537028054] LOCK pid=86480 fd=14: RESERVED -> PENDING
[1773167265.537030478] LOCK pid=86480 fd=14: PENDING -> EXCLUSIVE
DBimpl - LOCK REQUEST: 0x3b879400 1
DBimpl - UNLOCK REQUEST: 0x3b879400 1
[1773167265.538772081] UNLOCK pid=86480 fd=14: EXCLUSIVE -> SHARED
DBimpl - UNLOCK REQUEST: 0x3b879400 0
[1773167265.538776477] UNLOCK pid=86480 fd=14: SHARED -> NO_LOCK
DBimpl - LOCK REQUEST: 0x3b879400 1
[1773167265.539447331] LOCK pid=86478 fd=10: NO_LOCK -> SHARED (fallback)
[1773167265.539449270] LOCK pid=86478 fd=10: SHARED -> SHARED
DBimpl - LOCK REQUEST: 0x3b879400 2
[1773167265.539461069] LOCK pid=86478 fd=10: SHARED -> RESERVED
DBimpl - LOCK REQUEST: 0x3b879400 4
[1773167265.539764060] LOCK pid=86478 fd=10: RESERVED -> PENDING
[1773167265.539766089] LOCK pid=86478 fd=10: PENDING -> EXCLUSIVE
DBimpl - LOCK REQUEST: 0x3b879400 1
DBimpl - UNLOCK REQUEST: 0x3b879400 1
[1773167265.541371348] UNLOCK pid=86478 fd=10: EXCLUSIVE -> SHARED
DBimpl - UNLOCK REQUEST: 0x3b879400 0
[1773167265.541375249] UNLOCK pid=86478 fd=10: SHARED -> NO_LOCK
DBimpl - LOCK REQUEST: 0x3b879400 1
[1773167265.542181211] LOCK pid=86480 fd=14: NO_LOCK -> SHARED (fallback)
[1773167265.542182917] LOCK pid=86480 fd=14: SHARED -> SHARED
DBimpl - LOCK REQUEST: 0x3b879400 2
[1773167265.542194858] LOCK pid=86480 fd=14: SHARED -> RESERVED
DBimpl - LOCK REQUEST: 0x3b879400 4
[1773167265.542282717] LOCK pid=86480 fd=14: RESERVED -> PENDING
[1773167265.542284553] LOCK pid=86480 fd=14: PENDING -> EXCLUSIVE
DBimpl - LOCK REQUEST: 0x3b879400 1
DBimpl - LOCK REQUEST: 0x3b879400 1
DBimpl - UNLOCK REQUEST: 0x3b879400 1
[1773167265.543932843] UNLOCK pid=86480 fd=14: EXCLUSIVE -> SHARED
DBimpl - UNLOCK REQUEST: 0x3b879400 0
[1773167265.543936454] UNLOCK pid=86480 fd=14: SHARED -> NO_LOCK
DBimpl - LOCK REQUEST: 0x3b879400 1
[1773167265.544094081] LOCK pid=86476 fd=6: NO_LOCK -> SHARED (fallback)
[1773167265.544095892] LOCK pid=86476 fd=6: SHARED -> SHARED
DBimpl - UNLOCK REQUEST: 0x3b879400 0
[1773167265.544158836] UNLOCK pid=86476 fd=6: SHARED -> NO_LOCK
DBimpl - LOCK REQUEST: 0x3b879400 1
[1773167265.544429878] LOCK pid=86476 fd=6: NO_LOCK -> SHARED (fallback)
[1773167265.544431091] LOCK pid=86476 fd=6: SHARED -> SHARED
DBimpl - UNLOCK REQUEST: 0x3b879400 0
[1773167265.544456269] UNLOCK pid=86476 fd=6: SHARED -> NO_LOCK
DBimpl - LOCK REQUEST: 0x3b879400 1
[1773167265.545437700] LOCK pid=86478 fd=10: NO_LOCK -> SHARED (fallback)
[1773167265.545439204] LOCK pid=86478 fd=10: SHARED -> SHARED
DBimpl - LOCK REQUEST: 0x3b879400 2
[1773167265.545449093] LOCK pid=86478 fd=10: SHARED -> RESERVED
DBimpl - LOCK REQUEST: 0x3b879400 4
[1773167265.545555196] LOCK pid=86478 fd=10: RESERVED -> PENDING
[1773167265.545556912] LOCK pid=86478 fd=10: PENDING -> EXCLUSIVE
DBimpl - LOCK REQUEST: 0x3b879400 1
DBimpl - LOCK REQUEST: 0x3b879400 1
DBimpl - LOCK REQUEST: 0x3b879400 1
DBimpl - LOCK REQUEST: 0x3b879400 1
DBimpl - UNLOCK REQUEST: 0x3b879400 1
[1773167265.547246932] UNLOCK pid=86478 fd=10: EXCLUSIVE -> SHARED
DBimpl - UNLOCK REQUEST: 0x3b879400 0
[1773167265.547250518] UNLOCK pid=86478 fd=10: SHARED -> NO_LOCK
DBimpl - LOCK REQUEST: 0x3b879400 1
[1773167265.547522775] LOCK pid=86480 fd=14: NO_LOCK -> SHARED (fallback)
[1773167265.547524075] LOCK pid=86480 fd=14: SHARED -> SHARED
DBimpl - LOCK REQUEST: 0x3b879400 2
[1773167265.547533839] LOCK pid=86480 fd=14: SHARED -> RESERVED
DBimpl - LOCK REQUEST: 0x3b879400 4
[1773167265.547615213] LOCK pid=86480 fd=14: RESERVED -> PENDING
[1773167265.547616972] LOCK pid=86480 fd=14: PENDING -> EXCLUSIVE
DBimpl - LOCK REQUEST: 0x3b879400 1
DBimpl - LOCK REQUEST: 0x3b879400 1
DBimpl - UNLOCK REQUEST: 0x3b879400 1
[1773167265.549386882] UNLOCK pid=86480 fd=14: EXCLUSIVE -> SHARED
DBimpl - UNLOCK REQUEST: 0x3b879400 0
[1773167265.549390529] UNLOCK pid=86480 fd=14: SHARED -> NO_LOCK
DBimpl - LOCK REQUEST: 0x3b879400 1
[1773167265.549517242] LOCK pid=86478 fd=10: NO_LOCK -> SHARED (fallback)
[1773167265.549518568] LOCK pid=86478 fd=10: SHARED -> SHARED
DBimpl - LOCK REQUEST: 0x3b879400 2
[1773167265.549528152] LOCK pid=86478 fd=10: SHARED -> RESERVED
DBimpl - LOCK REQUEST: 0x3b879400 1
[1773167265.549701628] LOCK pid=86476 fd=6: NO_LOCK -> SHARED (fallback)
[1773167265.549703508] LOCK pid=86476 fd=6: SHARED -> SHARED
DBimpl - UNLOCK REQUEST: 0x3b879400 0
[1773167265.549780180] UNLOCK pid=86476 fd=6: SHARED -> NO_LOCK
DBimpl - LOCK REQUEST: 0x3b879400 4
[1773167265.549904969] LOCK pid=86478 fd=10: RESERVED -> PENDING
[1773167265.549907170] LOCK pid=86478 fd=10: PENDING -> EXCLUSIVE
DBimpl - LOCK REQUEST: 0x3b879400 1
DBimpl - UNLOCK REQUEST: 0x3b879400 1
[1773167265.551525225] UNLOCK pid=86478 fd=10: EXCLUSIVE -> SHARED
DBimpl - UNLOCK REQUEST: 0x3b879400 0
[1773167265.551528832] UNLOCK pid=86478 fd=10: SHARED -> NO_LOCK
DBimpl - LOCK REQUEST: 0x3b879400 1
[1773167265.551902654] LOCK pid=86476 fd=6: NO_LOCK -> SHARED (fallback)
[1773167265.551904156] LOCK pid=86476 fd=6: SHARED -> SHARED
DBimpl - UNLOCK REQUEST: 0x3b879400 0
[1773167265.551946672] UNLOCK pid=86476 fd=6: SHARED -> NO_LOCK
DBimpl - LOCK REQUEST: 0x3b879400 1
[1773167265.552735543] LOCK pid=86480 fd=14: NO_LOCK -> SHARED (fallback)
[1773167265.552738155] LOCK pid=86480 fd=14: SHARED -> SHARED
DBimpl - LOCK REQUEST: 0x3b879400 2
[1773167265.552749968] LOCK pid=86480 fd=14: SHARED -> RESERVED
DBimpl - LOCK REQUEST: 0x3b879400 1
[1773167265.552760198] LOCK pid=86478 fd=10: NO_LOCK -> SHARED (fallback)
[1773167265.552761457] LOCK pid=86478 fd=10: SHARED -> SHARED
DBimpl - LOCK REQUEST: 0x3b879400 2
DBimpl - UNLOCK REQUEST: 0x3b879400 0
[1773167265.552770587] UNLOCK pid=86478 fd=10: SHARED -> NO_LOCK
DBimpl - LOCK REQUEST: 0x3b879400 4
[1773167265.552828326] LOCK pid=86480 fd=14: RESERVED -> PENDING
[1773167265.552830199] LOCK pid=86480 fd=14: PENDING -> EXCLUSIVE
DBimpl - LOCK REQUEST: 0x3b879400 1
DBimpl - LOCK REQUEST: 0x3b879400 1
DBimpl - UNLOCK REQUEST: 0x3b879400 1
[1773167265.554478402] UNLOCK pid=86480 fd=14: EXCLUSIVE -> SHARED
DBimpl - UNLOCK REQUEST: 0x3b879400 0
[1773167265.554485286] UNLOCK pid=86480 fd=14: SHARED -> NO_LOCK
DBimpl - LOCK REQUEST: 0x3b879400 1
[1773167265.554817842] LOCK pid=86480 fd=14: NO_LOCK -> SHARED (fallback)
[1773167265.554820377] LOCK pid=86480 fd=14: SHARED -> SHARED
DBimpl - LOCK REQUEST: 0x3b879400 2
[1773167265.554836097] LOCK pid=86480 fd=14: SHARED -> RESERVED
DBimpl - LOCK REQUEST: 0x3b879400 4
[1773167265.554973046] LOCK pid=86480 fd=14: RESERVED -> PENDING
[1773167265.554975837] LOCK pid=86480 fd=14: PENDING -> EXCLUSIVE
DBimpl - LOCK REQUEST: 0x3b879400 1
DBimpl - LOCK REQUEST: 0x3b879400 1
DBimpl - UNLOCK REQUEST: 0x3b879400 1
[1773167265.556719045] UNLOCK pid=86480 fd=14: EXCLUSIVE -> SHARED
DBimpl - UNLOCK REQUEST: 0x3b879400 0
[1773167265.556734298] UNLOCK pid=86480 fd=14: SHARED -> NO_LOCK
DBimpl - LOCK REQUEST: 0x3b879400 1
[1773167265.557307718] LOCK pid=86480 fd=14: NO_LOCK -> SHARED (fallback)
[1773167265.557310439] LOCK pid=86480 fd=14: SHARED -> SHARED
DBimpl - LOCK REQUEST: 0x3b879400 2
[1773167265.557327269] LOCK pid=86480 fd=14: SHARED -> RESERVED
DBimpl - LOCK REQUEST: 0x3b879400 1
[1773167265.557460351] LOCK pid=86476 fd=6: NO_LOCK -> SHARED (fallback)
[1773167265.557463598] LOCK pid=86476 fd=6: SHARED -> SHARED
DBimpl - LOCK REQUEST: 0x3b879400 4
[1773167265.557480134] LOCK pid=86480 fd=14: RESERVED -> PENDING
DBimpl - UNLOCK REQUEST: 0x3b879400 0
[1773167265.557540690] UNLOCK pid=86476 fd=6: SHARED -> NO_LOCK
DBimpl - LOCK REQUEST: 0x3b879400 1
DBimpl - LOCK REQUEST: 0x3b879400 4
[1773167265.558563310] LOCK pid=86480 fd=14: PENDING -> EXCLUSIVE
DBimpl - LOCK REQUEST: 0x3b879400 1
DBimpl - LOCK REQUEST: 0x3b879400 1
DBimpl - UNLOCK REQUEST: 0x3b879400 1
[1773167265.560877674] UNLOCK pid=86480 fd=14: EXCLUSIVE -> SHARED
DBimpl - UNLOCK REQUEST: 0x3b879400 0
[1773167265.560885972] UNLOCK pid=86480 fd=14: SHARED -> NO_LOCK
DBimpl - LOCK REQUEST: 0x3b879400 1
[1773167265.560921118] LOCK pid=86476 fd=6: NO_LOCK -> SHARED (fallback)
[1773167265.560925164] LOCK pid=86476 fd=6: SHARED -> SHARED
DBimpl - LOCK REQUEST: 0x3b879400 1
[1773167265.560977271] LOCK pid=86478 fd=10: NO_LOCK -> SHARED (fallback)
[1773167265.560980076] LOCK pid=86478 fd=10: SHARED -> SHARED
DBimpl - LOCK REQUEST: 0x3b879400 2
[1773167265.560997024] LOCK pid=86478 fd=10: SHARED -> RESERVED
DBimpl - UNLOCK REQUEST: 0x3b879400 0
[1773167265.561026828] UNLOCK pid=86476 fd=6: SHARED -> NO_LOCK
DBimpl - LOCK REQUEST: 0x3b879400 4
[1773167265.561202098] LOCK pid=86478 fd=10: RESERVED -> PENDING
[1773167265.561204599] LOCK pid=86478 fd=10: PENDING -> EXCLUSIVE
DBimpl - LOCK REQUEST: 0x3b879400 1
DBimpl - LOCK REQUEST: 0x3b879400 1
DBimpl - LOCK REQUEST: 0x3b879400 1
DBimpl - UNLOCK REQUEST: 0x3b879400 1
[1773167265.563395744] UNLOCK pid=86478 fd=10: EXCLUSIVE -> SHARED
DBimpl - UNLOCK REQUEST: 0x3b879400 0
[1773167265.563401524] UNLOCK pid=86478 fd=10: SHARED -> NO_LOCK
DBimpl - LOCK REQUEST: 0x3b879400 1
[1773167265.563845203] LOCK pid=86476 fd=6: NO_LOCK -> SHARED (fallback)
DBimpl - LOCK REQUEST: 0x3b879400 1
[1773167265.563847831] LOCK pid=86476 fd=6: SHARED -> SHARED
[1773167265.563859528] LOCK pid=86477 fd=8: NO_LOCK -> SHARED (fallback)
[1773167265.563863704] LOCK pid=86477 fd=8: SHARED -> SHARED
DBimpl - UNLOCK REQUEST: 0x3b879400 0
[1773167265.563939494] UNLOCK pid=86476 fd=6: SHARED -> NO_LOCK
DBimpl - UNLOCK REQUEST: 0x3b879400 0
[1773167265.564055138] UNLOCK pid=86477 fd=8: SHARED -> NO_LOCK
DBimpl - LOCK REQUEST: 0x3b879400 1
[1773167265.564284631] LOCK pid=86477 fd=8: NO_LOCK -> SHARED (fallback)
[1773167265.564286707] LOCK pid=86477 fd=8: SHARED -> SHARED
DBimpl - UNLOCK REQUEST: 0x3b879400 0
[1773167265.564394421] UNLOCK pid=86477 fd=8: SHARED -> NO_LOCK
DBimpl - LOCK REQUEST: 0x3b879400 1
[1773167265.564587581] LOCK pid=86477 fd=8: NO_LOCK -> SHARED (fallback)
[1773167265.564589845] LOCK pid=86477 fd=8: SHARED -> SHARED
DBimpl - UNLOCK REQUEST: 0x3b879400 0
[1773167265.564690623] UNLOCK pid=86477 fd=8: SHARED -> NO_LOCK
DBimpl - LOCK REQUEST: 0x3b879400 1
DBimpl - LOCK REQUEST: 0x3b879400 1
[1773167265.564954195] LOCK pid=86477 fd=8: NO_LOCK -> SHARED (fallback)
[1773167265.564956396] LOCK pid=86477 fd=8: SHARED -> SHARED
[1773167265.564959194] LOCK pid=86480 fd=14: NO_LOCK -> SHARED (fallback)
[1773167265.564962286] LOCK pid=86480 fd=14: SHARED -> SHARED
DBimpl - LOCK REQUEST: 0x3b879400 2
[1773167265.564982774] LOCK pid=86480 fd=14: SHARED -> RESERVED
DBimpl - UNLOCK REQUEST: 0x3b879400 0
[1773167265.565060503] UNLOCK pid=86477 fd=8: SHARED -> NO_LOCK
DBimpl - LOCK REQUEST: 0x3b879400 4
[1773167265.565165654] LOCK pid=86480 fd=14: RESERVED -> PENDING
[1773167265.565168396] LOCK pid=86480 fd=14: PENDING -> EXCLUSIVE
DBimpl - LOCK REQUEST: 0x3b879400 1
DBimpl - LOCK REQUEST: 0x3b879400 1
DBimpl - UNLOCK REQUEST: 0x3b879400 1
[1773167265.566954958] UNLOCK pid=86480 fd=14: EXCLUSIVE -> SHARED
DBimpl - UNLOCK REQUEST: 0x3b879400 0
[1773167265.566963932] UNLOCK pid=86480 fd=14: SHARED -> NO_LOCK
DBimpl - LOCK REQUEST: 0x3b879400 1
[1773167265.567347974] LOCK pid=86476 fd=6: NO_LOCK -> SHARED (fallback)
[1773167265.567351487] LOCK pid=86476 fd=6: SHARED -> SHARED
DBimpl - UNLOCK REQUEST: 0x3b879400 0
[1773167265.567440455] UNLOCK pid=86476 fd=6: SHARED -> NO_LOCK
DBimpl - LOCK REQUEST: 0x3b879400 1
[1773167265.567741446] LOCK pid=86478 fd=10: NO_LOCK -> SHARED (fallback)
[1773167265.567744030] LOCK pid=86478 fd=10: SHARED -> SHARED
DBimpl - LOCK REQUEST: 0x3b879400 2
[1773167265.567758642] LOCK pid=86478 fd=10: SHARED -> RESERVED
DBimpl - LOCK REQUEST: 0x3b879400 1
[1773167265.567849851] LOCK pid=86476 fd=6: NO_LOCK -> SHARED (fallback)
[1773167265.567851110] LOCK pid=86476 fd=6: SHARED -> SHARED
DBimpl - UNLOCK REQUEST: 0x3b879400 0
[1773167265.567891764] UNLOCK pid=86476 fd=6: SHARED -> NO_LOCK
DBimpl - LOCK REQUEST: 0x3b879400 1
[1773167265.567906381] LOCK pid=86477 fd=8: NO_LOCK -> SHARED (fallback)
[1773167265.567908937] LOCK pid=86477 fd=8: SHARED -> SHARED
DBimpl - LOCK REQUEST: 0x3b879400 4
[1773167265.567964886] LOCK pid=86478 fd=10: RESERVED -> PENDING
DBimpl - UNLOCK REQUEST: 0x3b879400 0
[1773167265.568019331] UNLOCK pid=86477 fd=8: SHARED -> NO_LOCK
DBimpl - LOCK REQUEST: 0x3b879400 1
DBimpl - LOCK REQUEST: 0x3b879400 4
[1773167265.569027216] LOCK pid=86478 fd=10: PENDING -> EXCLUSIVE
DBimpl - LOCK REQUEST: 0x3b879400 1
DBimpl - LOCK REQUEST: 0x3b879400 1
DBimpl - UNLOCK REQUEST: 0x3b879400 1
[1773167265.570937624] UNLOCK pid=86478 fd=10: EXCLUSIVE -> SHARED
DBimpl - UNLOCK REQUEST: 0x3b879400 0
[1773167265.570949453] UNLOCK pid=86478 fd=10: SHARED -> NO_LOCK
DBimpl - LOCK REQUEST: 0x3b879400 1
[1773167265.571358575] LOCK pid=86478 fd=10: NO_LOCK -> SHARED (fallback)
[1773167265.571361635] LOCK pid=86478 fd=10: SHARED -> SHARED
DBimpl - LOCK REQUEST: 0x3b879400 2
[1773167265.571382592] LOCK pid=86478 fd=10: SHARED -> RESERVED
DBimpl - LOCK REQUEST: 0x3b879400 1
[1773167265.571858101] LOCK pid=86480 fd=14: NO_LOCK -> SHARED (fallback)
[1773167265.571860713] LOCK pid=86480 fd=14: SHARED -> SHARED
DBimpl - LOCK REQUEST: 0x3b879400 2
DBimpl - UNLOCK REQUEST: 0x3b879400 0
[1773167265.571886478] UNLOCK pid=86480 fd=14: SHARED -> NO_LOCK
DBimpl - LOCK REQUEST: 0x3b879400 4
[1773167265.572046186] LOCK pid=86478 fd=10: RESERVED -> PENDING
[1773167265.572049556] LOCK pid=86478 fd=10: PENDING -> EXCLUSIVE
DBimpl - LOCK REQUEST: 0x3b879400 1
DBimpl - LOCK REQUEST: 0x3b879400 1
DBimpl - LOCK REQUEST: 0x3b879400 1
DBimpl - LOCK REQUEST: 0x3b879400 1
DBimpl - LOCK REQUEST: 0x3b879400 1
DBimpl - UNLOCK REQUEST: 0x3b879400 1
[1773167265.576572096] UNLOCK pid=86478 fd=10: EXCLUSIVE -> SHARED
DBimpl - UNLOCK REQUEST: 0x3b879400 0
[1773167265.576580111] UNLOCK pid=86478 fd=10: SHARED -> NO_LOCK
DBimpl - LOCK REQUEST: 0x3b879400 1
[1773167265.577164431] LOCK pid=86476 fd=6: NO_LOCK -> SHARED (fallback)
[1773167265.577166140] LOCK pid=86476 fd=6: SHARED -> SHARED
DBimpl - UNLOCK REQUEST: 0x3b879400 0
[1773167265.577253809] UNLOCK pid=86476 fd=6: SHARED -> NO_LOCK
DBimpl - LOCK REQUEST: 0x3b879400 1
[1773167265.577520465] LOCK pid=86476 fd=6: NO_LOCK -> SHARED (fallback)
[1773167265.577521967] LOCK pid=86476 fd=6: SHARED -> SHARED
DBimpl - UNLOCK REQUEST: 0x3b879400 0
[1773167265.577551051] UNLOCK pid=86476 fd=6: SHARED -> NO_LOCK
DBimpl - LOCK REQUEST: 0x3b879400 1
[1773167265.578904043] LOCK pid=86478 fd=10: NO_LOCK -> SHARED (fallback)
[1773167265.578908308] LOCK pid=86478 fd=10: SHARED -> SHARED
DBimpl - LOCK REQUEST: 0x3b879400 2
[1773167265.578928542] LOCK pid=86478 fd=10: SHARED -> RESERVED
DBimpl - LOCK REQUEST: 0x3b879400 1
[1773167265.579416604] LOCK pid=86480 fd=14: NO_LOCK -> SHARED (fallback)
[1773167265.579420109] LOCK pid=86480 fd=14: SHARED -> SHARED
DBimpl - LOCK REQUEST: 0x3b879400 2
DBimpl - UNLOCK REQUEST: 0x3b879400 0
[1773167265.579443703] UNLOCK pid=86480 fd=14: SHARED -> NO_LOCK
DBimpl - LOCK REQUEST: 0x3b879400 4
[1773167265.579565045] LOCK pid=86478 fd=10: RESERVED -> PENDING
[1773167265.579568775] LOCK pid=86478 fd=10: PENDING -> EXCLUSIVE
DBimpl - LOCK REQUEST: 0x3b879400 1
DBimpl - LOCK REQUEST: 0x3b879400 1
DBimpl - LOCK REQUEST: 0x3b879400 1
DBimpl - UNLOCK REQUEST: 0x3b879400 1
[1773167265.583506671] UNLOCK pid=86478 fd=10: EXCLUSIVE -> SHARED
DBimpl - UNLOCK REQUEST: 0x3b879400 0
[1773167265.583516583] UNLOCK pid=86478 fd=10: SHARED -> NO_LOCK
DBimpl - LOCK REQUEST: 0x3b879400 1
[1773167265.583567339] LOCK pid=86476 fd=6: NO_LOCK -> SHARED (fallback)
[1773167265.583570521] LOCK pid=86476 fd=6: SHARED -> SHARED
DBimpl - UNLOCK REQUEST: 0x3b879400 0
[1773167265.583672171] UNLOCK pid=86476 fd=6: SHARED -> NO_LOCK
DBimpl - LOCK REQUEST: 0x3b879400 1
[1773167265.584703340] LOCK pid=86479 fd=12: NO_LOCK -> SHARED (fallback)
[1773167265.584706482] LOCK pid=86479 fd=12: SHARED -> SHARED
DBimpl - LOCK REQUEST: 0x3b879400 2
[1773167265.584956671] LOCK pid=86479 fd=12: SHARED -> RESERVED
DBimpl - LOCK REQUEST: 0x3b879400 1
[1773167265.586137481] LOCK pid=86478 fd=10: NO_LOCK -> SHARED (fallback)
[1773167265.586140639] LOCK pid=86478 fd=10: SHARED -> SHARED
DBimpl - LOCK REQUEST: 0x3b879400 2
DBimpl - UNLOCK REQUEST: 0x3b879400 0
[1773167265.586165452] UNLOCK pid=86478 fd=10: SHARED -> NO_LOCK
DBimpl - LOCK REQUEST: 0x3b879400 1
[1773167265.586800289] LOCK pid=86476 fd=6: NO_LOCK -> SHARED (fallback)
[1773167265.586803284] LOCK pid=86476 fd=6: SHARED -> SHARED
DBimpl - UNLOCK REQUEST: 0x3b879400 0
[1773167265.586893234] UNLOCK pid=86476 fd=6: SHARED -> NO_LOCK
DBimpl - LOCK REQUEST: 0x3b879400 1
[1773167265.587241959] LOCK pid=86478 fd=10: NO_LOCK -> SHARED (fallback)
[1773167265.587244561] LOCK pid=86478 fd=10: SHARED -> SHARED
DBimpl - LOCK REQUEST: 0x3b879400 2
DBimpl - UNLOCK REQUEST: 0x3b879400 0
[1773167265.587265695] UNLOCK pid=86478 fd=10: SHARED -> NO_LOCK
DBimpl - LOCK REQUEST: 0x3b879400 4
[1773167265.587510769] LOCK pid=86479 fd=12: RESERVED -> PENDING
[1773167265.587513912] LOCK pid=86479 fd=12: PENDING -> EXCLUSIVE
DBimpl - UNLOCK REQUEST: 0x3b879400 1
[1773167265.589318909] UNLOCK pid=86479 fd=12: EXCLUSIVE -> SHARED
DBimpl - UNLOCK REQUEST: 0x3b879400 0
[1773167265.589324921] UNLOCK pid=86479 fd=12: SHARED -> NO_LOCK
DBimpl - LOCK REQUEST: 0x3b879400 1
[1773167265.589340879] LOCK pid=86478 fd=10: NO_LOCK -> SHARED (fallback)
[1773167265.589344025] LOCK pid=86478 fd=10: SHARED -> SHARED
DBimpl - LOCK REQUEST: 0x3b879400 2
[1773167265.589368009] LOCK pid=86478 fd=10: SHARED -> RESERVED
DBimpl - LOCK REQUEST: 0x3b879400 1
[1773167265.589518625] LOCK pid=86480 fd=14: NO_LOCK -> SHARED (fallback)
[1773167265.589520927] LOCK pid=86480 fd=14: SHARED -> SHARED
DBimpl - LOCK REQUEST: 0x3b879400 2
DBimpl - UNLOCK REQUEST: 0x3b879400 0
[1773167265.589536914] UNLOCK pid=86480 fd=14: SHARED -> NO_LOCK
DBimpl - LOCK REQUEST: 0x3b879400 1
[1773167265.589869110] LOCK pid=86479 fd=12: NO_LOCK -> SHARED (fallback)
[1773167265.589871039] LOCK pid=86479 fd=12: SHARED -> SHARED
DBimpl - LOCK REQUEST: 0x3b879400 2
DBimpl - UNLOCK REQUEST: 0x3b879400 0
[1773167265.589885394] UNLOCK pid=86479 fd=12: SHARED -> NO_LOCK
DBimpl - LOCK REQUEST: 0x3b879400 4
[1773167265.590211557] LOCK pid=86478 fd=10: RESERVED -> PENDING
[1773167265.590214940] LOCK pid=86478 fd=10: PENDING -> EXCLUSIVE
DBimpl - LOCK REQUEST: 0x3b879400 1
DBimpl - LOCK REQUEST: 0x3b879400 1
DBimpl - UNLOCK REQUEST: 0x3b879400 1
[1773167265.592093404] UNLOCK pid=86478 fd=10: EXCLUSIVE -> SHARED
DBimpl - UNLOCK REQUEST: 0x3b879400 0
[1773167265.592102847] UNLOCK pid=86478 fd=10: SHARED -> NO_LOCK
DBimpl - LOCK REQUEST: 0x3b879400 1
[1773167265.593013036] LOCK pid=86479 fd=12: NO_LOCK -> SHARED (fallback)
[1773167265.593015672] LOCK pid=86479 fd=12: SHARED -> SHARED
DBimpl - LOCK REQUEST: 0x3b879400 2
[1773167265.593037911] LOCK pid=86479 fd=12: SHARED -> RESERVED
DBimpl - LOCK REQUEST: 0x3b879400 1
[1773167265.593122187] LOCK pid=86478 fd=10: NO_LOCK -> SHARED (fallback)
[1773167265.593125125] LOCK pid=86478 fd=10: SHARED -> SHARED
DBimpl - LOCK REQUEST: 0x3b879400 2
DBimpl - UNLOCK REQUEST: 0x3b879400 0
[1773167265.593146261] UNLOCK pid=86478 fd=10: SHARED -> NO_LOCK
DBimpl - LOCK REQUEST: 0x3b879400 1
[1773167265.593418677] LOCK pid=86476 fd=6: NO_LOCK -> SHARED (fallback)
[1773167265.593420761] LOCK pid=86476 fd=6: SHARED -> SHARED
DBimpl - UNLOCK REQUEST: 0x3b879400 0
[1773167265.593715020] UNLOCK pid=86476 fd=6: SHARED -> NO_LOCK
DBimpl - LOCK REQUEST: 0x3b879400 1
[1773167265.594213603] LOCK pid=86478 fd=10: NO_LOCK -> SHARED (fallback)
[1773167265.594215633] LOCK pid=86478 fd=10: SHARED -> SHARED
DBimpl - LOCK REQUEST: 0x3b879400 2
DBimpl - UNLOCK REQUEST: 0x3b879400 0
[1773167265.594230950] UNLOCK pid=86478 fd=10: SHARED -> NO_LOCK
DBimpl - LOCK REQUEST: 0x3b879400 1
[1773167265.594625951] LOCK pid=86476 fd=6: NO_LOCK -> SHARED (fallback)
[1773167265.594627507] LOCK pid=86476 fd=6: SHARED -> SHARED
DBimpl - LOCK REQUEST: 0x3b879400 4
[1773167265.594791508] LOCK pid=86479 fd=12: RESERVED -> PENDING
DBimpl - UNLOCK REQUEST: 0x3b879400 0
[1773167265.594831240] UNLOCK pid=86476 fd=6: SHARED -> NO_LOCK
DBimpl - LOCK REQUEST: 0x3b879400 4
[1773167265.595855849] LOCK pid=86479 fd=12: PENDING -> EXCLUSIVE
DBimpl - LOCK REQUEST: 0x3b879400 1
DBimpl - LOCK REQUEST: 0x3b879400 1
DBimpl - LOCK REQUEST: 0x3b879400 1
DBimpl - UNLOCK REQUEST: 0x3b879400 1
[1773167265.598013329] UNLOCK pid=86479 fd=12: EXCLUSIVE -> SHARED
DBimpl - UNLOCK REQUEST: 0x3b879400 0
[1773167265.598020017] UNLOCK pid=86479 fd=12: SHARED -> NO_LOCK
DBimpl - LOCK REQUEST: 0x3b879400 1
[1773167265.598762789] LOCK pid=86479 fd=12: NO_LOCK -> SHARED (fallback)
[1773167265.598764818] LOCK pid=86479 fd=12: SHARED -> SHARED
DBimpl - LOCK REQUEST: 0x3b879400 2
[1773167265.598779367] LOCK pid=86479 fd=12: SHARED -> RESERVED
DBimpl - LOCK REQUEST: 0x3b879400 1
[1773167265.599572098] LOCK pid=86476 fd=6: NO_LOCK -> SHARED (fallback)
[1773167265.599574718] LOCK pid=86476 fd=6: SHARED -> SHARED
DBimpl - UNLOCK REQUEST: 0x3b879400 0
[1773167265.599778295] UNLOCK pid=86476 fd=6: SHARED -> NO_LOCK
DBimpl - LOCK REQUEST: 0x3b879400 1
[1773167265.600351073] LOCK pid=86476 fd=6: NO_LOCK -> SHARED (fallback)
[1773167265.600352418] LOCK pid=86476 fd=6: SHARED -> SHARED
DBimpl - UNLOCK REQUEST: 0x3b879400 0
[1773167265.600499234] UNLOCK pid=86476 fd=6: SHARED -> NO_LOCK
DBimpl - LOCK REQUEST: 0x3b879400 4
[1773167265.600683140] LOCK pid=86479 fd=12: RESERVED -> PENDING
[1773167265.600685853] LOCK pid=86479 fd=12: PENDING -> EXCLUSIVE
DBimpl - UNLOCK REQUEST: 0x3b879400 1
[1773167265.600691575] UNLOCK pid=86479 fd=12: EXCLUSIVE -> SHARED
DBimpl - UNLOCK REQUEST: 0x3b879400 0
[1773167265.600696823] UNLOCK pid=86479 fd=12: SHARED -> NO_LOCK
DBimpl - LOCK REQUEST: 0x3b879400 1
[1773167265.601391041] LOCK pid=86478 fd=10: NO_LOCK -> SHARED (fallback)
[1773167265.601392324] LOCK pid=86478 fd=10: SHARED -> SHARED
DBimpl - LOCK REQUEST: 0x3b879400 2
[1773167265.601401905] LOCK pid=86478 fd=10: SHARED -> RESERVED
DBimpl - LOCK REQUEST: 0x3b879400 4
[1773167265.601806832] LOCK pid=86478 fd=10: RESERVED -> PENDING
[1773167265.601808786] LOCK pid=86478 fd=10: PENDING -> EXCLUSIVE
DBimpl - UNLOCK REQUEST: 0x3b879400 1
[1773167265.603494516] UNLOCK pid=86478 fd=10: EXCLUSIVE -> SHARED
DBimpl - UNLOCK REQUEST: 0x3b879400 0
[1773167265.603499669] UNLOCK pid=86478 fd=10: SHARED -> NO_LOCK
DBimpl - LOCK REQUEST: 0x3b879400 1
[1773167265.603645641] LOCK pid=86479 fd=12: NO_LOCK -> SHARED (fallback)
[1773167265.603647565] LOCK pid=86479 fd=12: SHARED -> SHARED
DBimpl - LOCK REQUEST: 0x3b879400 2
[1773167265.603659619] LOCK pid=86479 fd=12: SHARED -> RESERVED
DBimpl - LOCK REQUEST: 0x3b879400 1
[1773167265.603737812] LOCK pid=86478 fd=10: NO_LOCK -> SHARED (fallback)
[1773167265.603739072] LOCK pid=86478 fd=10: SHARED -> SHARED
DBimpl - LOCK REQUEST: 0x3b879400 2
DBimpl - UNLOCK REQUEST: 0x3b879400 0
[1773167265.603748664] UNLOCK pid=86478 fd=10: SHARED -> NO_LOCK
DBimpl - LOCK REQUEST: 0x3b879400 1
[1773167265.603937442] LOCK pid=86476 fd=6: NO_LOCK -> SHARED (fallback)
[1773167265.603938579] LOCK pid=86476 fd=6: SHARED -> SHARED
DBimpl - UNLOCK REQUEST: 0x3b879400 0
[1773167265.604094138] UNLOCK pid=86476 fd=6: SHARED -> NO_LOCK
DBimpl - LOCK REQUEST: 0x3b879400 1
[1773167265.604606310] LOCK pid=86480 fd=14: NO_LOCK -> SHARED (fallback)
[1773167265.604607909] LOCK pid=86480 fd=14: SHARED -> SHARED
DBimpl - LOCK REQUEST: 0x3b879400 2
DBimpl - UNLOCK REQUEST: 0x3b879400 0
[1773167265.604620183] UNLOCK pid=86480 fd=14: SHARED -> NO_LOCK
DBimpl - LOCK REQUEST: 0x3b879400 1
[1773167265.604820926] LOCK pid=86478 fd=10: NO_LOCK -> SHARED (fallback)
[1773167265.604823703] LOCK pid=86478 fd=10: SHARED -> SHARED
DBimpl - LOCK REQUEST: 0x3b879400 2
DBimpl - UNLOCK REQUEST: 0x3b879400 0
[1773167265.604845802] UNLOCK pid=86478 fd=10: SHARED -> NO_LOCK
DBimpl - LOCK REQUEST: 0x3b879400 1
[1773167265.605100633] LOCK pid=86476 fd=6: NO_LOCK -> SHARED (fallback)
[1773167265.605101906] LOCK pid=86476 fd=6: SHARED -> SHARED
DBimpl - UNLOCK REQUEST: 0x3b879400 0
[1773167265.605250021] UNLOCK pid=86476 fd=6: SHARED -> NO_LOCK
DBimpl - LOCK REQUEST: 0x3b879400 4
[1773167265.606044154] LOCK pid=86479 fd=12: RESERVED -> PENDING
[1773167265.606047166] LOCK pid=86479 fd=12: PENDING -> EXCLUSIVE
DBimpl - UNLOCK REQUEST: 0x3b879400 1
[1773167265.606053519] UNLOCK pid=86479 fd=12: EXCLUSIVE -> SHARED
DBimpl - UNLOCK REQUEST: 0x3b879400 0
[1773167265.606059807] UNLOCK pid=86479 fd=12: SHARED -> NO_LOCK
DBimpl - LOCK REQUEST: 0x3b879400 1
[1773167265.606471432] LOCK pid=86477 fd=8: NO_LOCK -> SHARED (fallback)
[1773167265.606473629] LOCK pid=86477 fd=8: SHARED -> SHARED
DBimpl - UNLOCK REQUEST: 0x3b879400 0
[1773167265.606743793] UNLOCK pid=86477 fd=8: SHARED -> NO_LOCK
DBimpl - LOCK REQUEST: 0x3b879400 1
[1773167265.606925883] LOCK pid=86478 fd=10: NO_LOCK -> SHARED (fallback)
[1773167265.606928465] LOCK pid=86478 fd=10: SHARED -> SHARED
DBimpl - LOCK REQUEST: 0x3b879400 2
[1773167265.606945737] LOCK pid=86478 fd=10: SHARED -> RESERVED
DBimpl - LOCK REQUEST: 0x3b879400 1
[1773167265.607170430] LOCK pid=86476 fd=6: NO_LOCK -> SHARED (fallback)
[1773167265.607171825] LOCK pid=86476 fd=6: SHARED -> SHARED
DBimpl - UNLOCK REQUEST: 0x3b879400 0
[1773167265.607346879] UNLOCK pid=86476 fd=6: SHARED -> NO_LOCK
DBimpl - LOCK REQUEST: 0x3b879400 1
[1773167265.607680313] LOCK pid=86476 fd=6: NO_LOCK -> SHARED (fallback)
[1773167265.607681698] LOCK pid=86476 fd=6: SHARED -> SHARED
DBimpl - LOCK REQUEST: 0x3b879400 4
[1773167265.607732234] LOCK pid=86478 fd=10: RESERVED -> PENDING
DBimpl - UNLOCK REQUEST: 0x3b879400 0
[1773167265.607848329] UNLOCK pid=86476 fd=6: SHARED -> NO_LOCK
DBimpl - LOCK REQUEST: 0x3b879400 1
DBimpl - LOCK REQUEST: 0x3b879400 1
DBimpl - LOCK REQUEST: 0x3b879400 4
[1773167265.608806879] LOCK pid=86478 fd=10: PENDING -> EXCLUSIVE
DBimpl - LOCK REQUEST: 0x3b879400 1
DBimpl - LOCK REQUEST: 0x3b879400 1
DBimpl - UNLOCK REQUEST: 0x3b879400 1
[1773167265.611181442] UNLOCK pid=86478 fd=10: EXCLUSIVE -> SHARED
DBimpl - UNLOCK REQUEST: 0x3b879400 0
[1773167265.611191033] UNLOCK pid=86478 fd=10: SHARED -> NO_LOCK
DBimpl - LOCK REQUEST: 0x3b879400 1
[1773167265.611251365] LOCK pid=86476 fd=6: NO_LOCK -> SHARED (fallback)
[1773167265.611253272] LOCK pid=86476 fd=6: SHARED -> SHARED
DBimpl - UNLOCK REQUEST: 0x3b879400 0
[1773167265.611442798] UNLOCK pid=86476 fd=6: SHARED -> NO_LOCK
DBimpl - LOCK REQUEST: 0x3b879400 1
[1773167265.611540913] LOCK pid=86478 fd=10: NO_LOCK -> SHARED (fallback)
[1773167265.611543164] LOCK pid=86478 fd=10: SHARED -> SHARED
DBimpl - LOCK REQUEST: 0x3b879400 2
[1773167265.611560263] LOCK pid=86478 fd=10: SHARED -> RESERVED
DBimpl - LOCK REQUEST: 0x3b879400 1
[1773167265.611908731] LOCK pid=86476 fd=6: NO_LOCK -> SHARED (fallback)
[1773167265.611910075] LOCK pid=86476 fd=6: SHARED -> SHARED
DBimpl - LOCK REQUEST: 0x3b879400 1
[1773167265.611935669] LOCK pid=86479 fd=12: NO_LOCK -> SHARED (fallback)
[1773167265.611938273] LOCK pid=86479 fd=12: SHARED -> SHARED
DBimpl - LOCK REQUEST: 0x3b879400 2
DBimpl - UNLOCK REQUEST: 0x3b879400 0
[1773167265.611960299] UNLOCK pid=86479 fd=12: SHARED -> NO_LOCK
DBimpl - UNLOCK REQUEST: 0x3b879400 0
[1773167265.612054561] UNLOCK pid=86476 fd=6: SHARED -> NO_LOCK
DBimpl - LOCK REQUEST: 0x3b879400 4
[1773167265.612429536] LOCK pid=86478 fd=10: RESERVED -> PENDING
[1773167265.612432248] LOCK pid=86478 fd=10: PENDING -> EXCLUSIVE
DBimpl - UNLOCK REQUEST: 0x3b879400 1
[1773167265.614192844] UNLOCK pid=86478 fd=10: EXCLUSIVE -> SHARED
DBimpl - UNLOCK REQUEST: 0x3b879400 0
[1773167265.614200684] UNLOCK pid=86478 fd=10: SHARED -> NO_LOCK
DBimpl - LOCK REQUEST: 0x3b879400 1
[1773167265.614805539] LOCK pid=86476 fd=6: NO_LOCK -> SHARED (fallback)
[1773167265.614806988] LOCK pid=86476 fd=6: SHARED -> SHARED
DBimpl - UNLOCK REQUEST: 0x3b879400 0
[1773167265.614984731] UNLOCK pid=86476 fd=6: SHARED -> NO_LOCK
DBimpl - LOCK REQUEST: 0x3b879400 1
[1773167265.615443302] LOCK pid=86478 fd=10: NO_LOCK -> SHARED (fallback)
[1773167265.615446059] LOCK pid=86478 fd=10: SHARED -> SHARED
DBimpl - LOCK REQUEST: 0x3b879400 2
[1773167265.615461632] LOCK pid=86478 fd=10: SHARED -> RESERVED
DBimpl - LOCK REQUEST: 0x3b879400 1
[1773167265.615507242] LOCK pid=86477 fd=8: NO_LOCK -> SHARED (fallback)
[1773167265.615509186] LOCK pid=86477 fd=8: SHARED -> SHARED
DBimpl - UNLOCK REQUEST: 0x3b879400 0
[1773167265.615721336] UNLOCK pid=86477 fd=8: SHARED -> NO_LOCK
DBimpl - LOCK REQUEST: 0x3b879400 4
[1773167265.616262692] LOCK pid=86478 fd=10: RESERVED -> PENDING
[1773167265.616265701] LOCK pid=86478 fd=10: PENDING -> EXCLUSIVE
DBimpl - LOCK REQUEST: 0x3b879400 1
DBimpl - LOCK REQUEST: 0x3b879400 1
DBimpl - LOCK REQUEST: 0x3b879400 1
DBimpl - LOCK REQUEST: 0x3b879400 1
DBimpl - UNLOCK REQUEST: 0x3b879400 1
[1773167265.618504855] UNLOCK pid=86478 fd=10: EXCLUSIVE -> SHARED
DBimpl - UNLOCK REQUEST: 0x3b879400 0
[1773167265.618512271] UNLOCK pid=86478 fd=10: SHARED -> NO_LOCK
DBimpl - LOCK REQUEST: 0x3b879400 1
[1773167265.619552510] LOCK pid=86477 fd=8: NO_LOCK -> SHARED (fallback)
[1773167265.619554241] LOCK pid=86477 fd=8: SHARED -> SHARED
DBimpl - LOCK REQUEST: 0x3b879400 1
[1773167265.619692719] LOCK pid=86476 fd=6: NO_LOCK -> SHARED (fallback)
[1773167265.619695331] LOCK pid=86476 fd=6: SHARED -> SHARED
DBimpl - UNLOCK REQUEST: 0x3b879400 0
[1773167265.619770403] UNLOCK pid=86477 fd=8: SHARED -> NO_LOCK
DBimpl - LOCK REQUEST: 0x3b879400 1
[1773167265.620018884] LOCK pid=86477 fd=8: NO_LOCK -> SHARED (fallback)
[1773167265.620020027] LOCK pid=86477 fd=8: SHARED -> SHARED
DBimpl - UNLOCK REQUEST: 0x3b879400 0
[1773167265.620026781] UNLOCK pid=86476 fd=6: SHARED -> NO_LOCK
DBimpl - UNLOCK REQUEST: 0x3b879400 0
[1773167265.620180586] UNLOCK pid=86477 fd=8: SHARED -> NO_LOCK
DBimpl - LOCK REQUEST: 0x3b879400 1
[1773167265.620289970] LOCK pid=86478 fd=10: NO_LOCK -> SHARED (fallback)
[1773167265.620291990] LOCK pid=86478 fd=10: SHARED -> SHARED
DBimpl - LOCK REQUEST: 0x3b879400 2
[1773167265.620305290] LOCK pid=86478 fd=10: SHARED -> RESERVED
DBimpl - LOCK REQUEST: 0x3b879400 4
[1773167265.621019854] LOCK pid=86478 fd=10: RESERVED -> PENDING
[1773167265.621022697] LOCK pid=86478 fd=10: PENDING -> EXCLUSIVE
DBimpl - LOCK REQUEST: 0x3b879400 1
DBimpl - LOCK REQUEST: 0x3b879400 1
DBimpl - LOCK REQUEST: 0x3b879400 1
DBimpl - LOCK REQUEST: 0x3b879400 1
DBimpl - UNLOCK REQUEST: 0x3b879400 1
[1773167265.623249862] UNLOCK pid=86478 fd=10: EXCLUSIVE -> SHARED
DBimpl - UNLOCK REQUEST: 0x3b879400 0
[1773167265.623255033] UNLOCK pid=86478 fd=10: SHARED -> NO_LOCK
DBimpl - LOCK REQUEST: 0x3b879400 1
[1773167265.624048791] LOCK pid=86478 fd=10: NO_LOCK -> SHARED (fallback)
[1773167265.624050737] LOCK pid=86478 fd=10: SHARED -> SHARED
DBimpl - LOCK REQUEST: 0x3b879400 2
[1773167265.624063345] LOCK pid=86478 fd=10: SHARED -> RESERVED
DBimpl - LOCK REQUEST: 0x3b879400 1
[1773167265.624448535] LOCK pid=86476 fd=6: NO_LOCK -> SHARED (fallback)
[1773167265.624451603] LOCK pid=86476 fd=6: SHARED -> SHARED
DBimpl - LOCK REQUEST: 0x3b879400 4
[1773167265.624508391] LOCK pid=86478 fd=10: RESERVED -> PENDING
DBimpl - LOCK REQUEST: 0x3b879400 1
DBimpl - UNLOCK REQUEST: 0x3b879400 0
[1773167265.624784963] UNLOCK pid=86476 fd=6: SHARED -> NO_LOCK
DBimpl - LOCK REQUEST: 0x3b879400 1
DBimpl - LOCK REQUEST: 0x3b879400 4
[1773167265.625569464] LOCK pid=86478 fd=10: PENDING -> EXCLUSIVE
DBimpl - LOCK REQUEST: 0x3b879400 1
DBimpl - LOCK REQUEST: 0x3b879400 1
DBimpl - UNLOCK REQUEST: 0x3b879400 1
[1773167265.627220791] UNLOCK pid=86478 fd=10: EXCLUSIVE -> SHARED
DBimpl - UNLOCK REQUEST: 0x3b879400 0
[1773167265.627225705] UNLOCK pid=86478 fd=10: SHARED -> NO_LOCK
DBimpl - LOCK REQUEST: 0x3b879400 1
[1773167265.627549732] LOCK pid=86476 fd=6: NO_LOCK -> SHARED (fallback)
[1773167265.627552797] LOCK pid=86476 fd=6: SHARED -> SHARED
DBimpl - UNLOCK REQUEST: 0x3b879400 0
[1773167265.627908449] UNLOCK pid=86476 fd=6: SHARED -> NO_LOCK
DBimpl - LOCK REQUEST: 0x3b879400 1
[1773167265.630113138] LOCK pid=86478 fd=10: NO_LOCK -> SHARED (fallback)
[1773167265.630114662] LOCK pid=86478 fd=10: SHARED -> SHARED
DBimpl - LOCK REQUEST: 0x3b879400 2
[1773167265.630123001] LOCK pid=86478 fd=10: SHARED -> RESERVED
DBimpl - LOCK REQUEST: 0x3b879400 1
[1773167265.630137256] LOCK pid=86476 fd=6: NO_LOCK -> SHARED (fallback)
[1773167265.630147418] LOCK pid=86476 fd=6: SHARED -> SHARED
DBimpl - LOCK REQUEST: 0x3b879400 1
[1773167265.630310745] LOCK pid=86477 fd=8: NO_LOCK -> SHARED (fallback)
[1773167265.630312601] LOCK pid=86477 fd=8: SHARED -> SHARED
DBimpl - UNLOCK REQUEST: 0x3b879400 0
[1773167265.630420977] UNLOCK pid=86476 fd=6: SHARED -> NO_LOCK
DBimpl - UNLOCK REQUEST: 0x3b879400 0
[1773167265.630541323] UNLOCK pid=86477 fd=8: SHARED -> NO_LOCK
DBimpl - LOCK REQUEST: 0x3b879400 4
[1773167265.630634965] LOCK pid=86478 fd=10: RESERVED -> PENDING
[1773167265.630636983] LOCK pid=86478 fd=10: PENDING -> EXCLUSIVE
DBimpl - LOCK REQUEST: 0x3b879400 1
DBimpl - UNLOCK REQUEST: 0x3b879400 1
[1773167265.632319636] UNLOCK pid=86478 fd=10: EXCLUSIVE -> SHARED
DBimpl - UNLOCK REQUEST: 0x3b879400 0
[1773167265.632325332] UNLOCK pid=86478 fd=10: SHARED -> NO_LOCK
DBimpl - LOCK REQUEST: 0x3b879400 1
[1773167265.632545388] LOCK pid=86476 fd=6: NO_LOCK -> SHARED (fallback)
[1773167265.632547567] LOCK pid=86476 fd=6: SHARED -> SHARED
DBimpl - LOCK REQUEST: 0x3b879400 1
[1773167265.632800075] LOCK pid=86477 fd=8: NO_LOCK -> SHARED (fallback)
[1773167265.632801392] LOCK pid=86477 fd=8: SHARED -> SHARED
DBimpl - UNLOCK REQUEST: 0x3b879400 0
[1773167265.632964051] UNLOCK pid=86476 fd=6: SHARED -> NO_LOCK
DBimpl - UNLOCK REQUEST: 0x3b879400 0
[1773167265.633021035] UNLOCK pid=86477 fd=8: SHARED -> NO_LOCK
DBimpl - LOCK REQUEST: 0x3b879400 1
[1773167265.634684943] LOCK pid=86477 fd=8: NO_LOCK -> SHARED (fallback)
[1773167265.634686356] LOCK pid=86477 fd=8: SHARED -> SHARED
DBimpl - UNLOCK REQUEST: 0x3b879400 0
[1773167265.634847640] UNLOCK pid=86477 fd=8: SHARED -> NO_LOCK
DBimpl - LOCK REQUEST: 0x3b879400 1
[1773167265.634905128] LOCK pid=86476 fd=6: NO_LOCK -> SHARED (fallback)
[1773167265.634907705] LOCK pid=86476 fd=6: SHARED -> SHARED
DBimpl - UNLOCK REQUEST: 0x3b879400 0
[1773167265.635154179] UNLOCK pid=86476 fd=6: SHARED -> NO_LOCK
DBimpl - LOCK REQUEST: 0x3b879400 1
[1773167265.635749458] LOCK pid=86476 fd=6: NO_LOCK -> SHARED (fallback)
[1773167265.635751474] LOCK pid=86476 fd=6: SHARED -> SHARED
DBimpl - UNLOCK REQUEST: 0x3b879400 0
[1773167265.635999869] UNLOCK pid=86476 fd=6: SHARED -> NO_LOCK
DBimpl - LOCK REQUEST: 0x3b879400 1
[1773167265.637733251] LOCK pid=86476 fd=6: NO_LOCK -> SHARED (fallback)
[1773167265.637735364] LOCK pid=86476 fd=6: SHARED -> SHARED
DBimpl - UNLOCK REQUEST: 0x3b879400 0
[1773167265.637983031] UNLOCK pid=86476 fd=6: SHARED -> NO_LOCK
DBimpl - LOCK REQUEST: 0x3b879400 1
[1773167265.639492754] LOCK pid=86476 fd=6: NO_LOCK -> SHARED (fallback)
[1773167265.639494745] LOCK pid=86476 fd=6: SHARED -> SHARED
DBimpl - UNLOCK REQUEST: 0x3b879400 0
[1773167265.639767951] UNLOCK pid=86476 fd=6: SHARED -> NO_LOCK
DBimpl - LOCK REQUEST: 0x3b879400 1
[1773167265.640127202] LOCK pid=86477 fd=8: NO_LOCK -> SHARED (fallback)
[1773167265.640128991] LOCK pid=86477 fd=8: SHARED -> SHARED
DBimpl - UNLOCK REQUEST: 0x3b879400 0
[1773167265.640323292] UNLOCK pid=86477 fd=8: SHARED -> NO_LOCK
DBimpl - LOCK REQUEST: 0x3b879400 1
[1773167265.640396734] LOCK pid=86478 fd=10: NO_LOCK -> SHARED (fallback)
[1773167265.640398414] LOCK pid=86478 fd=10: SHARED -> SHARED
DBimpl - LOCK REQUEST: 0x3b879400 2
[1773167265.640407965] LOCK pid=86478 fd=10: SHARED -> RESERVED
DBimpl - LOCK REQUEST: 0x3b879400 4
[1773167265.640872239] LOCK pid=86478 fd=10: RESERVED -> PENDING
[1773167265.640874336] LOCK pid=86478 fd=10: PENDING -> EXCLUSIVE
DBimpl - LOCK REQUEST: 0x3b879400 1
DBimpl - LOCK REQUEST: 0x3b879400 1
DBimpl - LOCK REQUEST: 0x3b879400 1
DBimpl - UNLOCK REQUEST: 0x3b879400 1
[1773167265.642630450] UNLOCK pid=86478 fd=10: EXCLUSIVE -> SHARED
DBimpl - UNLOCK REQUEST: 0x3b879400 0
[1773167265.642634984] UNLOCK pid=86478 fd=10: SHARED -> NO_LOCK
DBimpl - LOCK REQUEST: 0x3b879400 1
[1773167265.643616101] LOCK pid=86477 fd=8: NO_LOCK -> SHARED (fallback)
[1773167265.643619214] LOCK pid=86477 fd=8: SHARED -> SHARED
DBimpl - LOCK REQUEST: 0x3b879400 1
[1773167265.643655514] LOCK pid=86478 fd=10: NO_LOCK -> SHARED (fallback)
[1773167265.643663459] LOCK pid=86478 fd=10: SHARED -> SHARED
DBimpl - LOCK REQUEST: 0x3b879400 2
[1773167265.643678480] LOCK pid=86478 fd=10: SHARED -> RESERVED
DBimpl - LOCK REQUEST: 0x3b879400 4
[1773167265.643848988] LOCK pid=86478 fd=10: RESERVED -> PENDING
DBimpl - UNLOCK REQUEST: 0x3b879400 0
[1773167265.643857462] UNLOCK pid=86477 fd=8: SHARED -> NO_LOCK
DBimpl - LOCK REQUEST: 0x3b879400 1
DBimpl - LOCK REQUEST: 0x3b879400 4
[1773167265.644911971] LOCK pid=86478 fd=10: PENDING -> EXCLUSIVE
DBimpl - LOCK REQUEST: 0x3b879400 1
DBimpl - LOCK REQUEST: 0x3b879400 1
DBimpl - UNLOCK REQUEST: 0x3b879400 1
[1773167265.646610710] UNLOCK pid=86478 fd=10: EXCLUSIVE -> SHARED
DBimpl - UNLOCK REQUEST: 0x3b879400 0
[1773167265.646616432] UNLOCK pid=86478 fd=10: SHARED -> NO_LOCK
DBimpl - LOCK REQUEST: 0x3b879400 1
[1773167265.648046550] LOCK pid=86477 fd=8: NO_LOCK -> SHARED (fallback)
[1773167265.648048457] LOCK pid=86477 fd=8: SHARED -> SHARED
DBimpl - UNLOCK REQUEST: 0x3b879400 0
[1773167265.648252235] UNLOCK pid=86477 fd=8: SHARED -> NO_LOCK
DBimpl - LOCK REQUEST: 0x3b879400 1
[1773167265.649059900] LOCK pid=86478 fd=10: NO_LOCK -> SHARED (fallback)
[1773167265.649061623] LOCK pid=86478 fd=10: SHARED -> SHARED
DBimpl - LOCK REQUEST: 0x3b879400 2
[1773167265.649072878] LOCK pid=86478 fd=10: SHARED -> RESERVED
DBimpl - LOCK REQUEST: 0x3b879400 1
[1773167265.649207043] LOCK pid=86476 fd=6: NO_LOCK -> SHARED (fallback)
[1773167265.649208412] LOCK pid=86476 fd=6: SHARED -> SHARED
DBimpl - UNLOCK REQUEST: 0x3b879400 0
[1773167265.649380224] UNLOCK pid=86476 fd=6: SHARED -> NO_LOCK
DBimpl - LOCK REQUEST: 0x3b879400 4
[1773167265.649583917] LOCK pid=86478 fd=10: RESERVED -> PENDING
[1773167265.649585933] LOCK pid=86478 fd=10: PENDING -> EXCLUSIVE
DBimpl - LOCK REQUEST: 0x3b879400 1
DBimpl - UNLOCK REQUEST: 0x3b879400 1
[1773167265.651890314] UNLOCK pid=86478 fd=10: EXCLUSIVE -> SHARED
DBimpl - UNLOCK REQUEST: 0x3b879400 0
[1773167265.651898053] UNLOCK pid=86478 fd=10: SHARED -> NO_LOCK
DBimpl - LOCK REQUEST: 0x3b879400 1
[1773167265.652362385] LOCK pid=86478 fd=10: NO_LOCK -> SHARED (fallback)
[1773167265.652363768] LOCK pid=86478 fd=10: SHARED -> SHARED
DBimpl - LOCK REQUEST: 0x3b879400 2
[1773167265.652372865] LOCK pid=86478 fd=10: SHARED -> RESERVED
DBimpl - LOCK REQUEST: 0x3b879400 4
[1773167265.652494514] LOCK pid=86478 fd=10: RESERVED -> PENDING
[1773167265.652496166] LOCK pid=86478 fd=10: PENDING -> EXCLUSIVE
DBimpl - LOCK REQUEST: 0x3b879400 1
DBimpl - LOCK REQUEST: 0x3b879400 1
DBimpl - UNLOCK REQUEST: 0x3b879400 1
[1773167265.654683571] UNLOCK pid=86478 fd=10: EXCLUSIVE -> SHARED
DBimpl - UNLOCK REQUEST: 0x3b879400 0
[1773167265.654687426] UNLOCK pid=86478 fd=10: SHARED -> NO_LOCK
DBimpl - LOCK REQUEST: 0x3b879400 1
[1773167265.655547436] LOCK pid=86478 fd=10: NO_LOCK -> SHARED (fallback)
[1773167265.655548705] LOCK pid=86478 fd=10: SHARED -> SHARED
DBimpl - LOCK REQUEST: 0x3b879400 2
[1773167265.655557215] LOCK pid=86478 fd=10: SHARED -> RESERVED
DBimpl - LOCK REQUEST: 0x3b879400 4
[1773167265.655658710] LOCK pid=86478 fd=10: RESERVED -> PENDING
[1773167265.655660343] LOCK pid=86478 fd=10: PENDING -> EXCLUSIVE
DBimpl - LOCK REQUEST: 0x3b879400 1
DBimpl - UNLOCK REQUEST: 0x3b879400 1
[1773167265.657884929] UNLOCK pid=86478 fd=10: EXCLUSIVE -> SHARED
DBimpl - UNLOCK REQUEST: 0x3b879400 0
[1773167265.657891443] UNLOCK pid=86478 fd=10: SHARED -> NO_LOCK
DBimpl - LOCK REQUEST: 0x3b879400 1
[1773167265.658202534] LOCK pid=86476 fd=6: NO_LOCK -> SHARED (fallback)
[1773167265.658205632] LOCK pid=86476 fd=6: SHARED -> SHARED
DBimpl - LOCK REQUEST: 0x3b879400 1
[1773167265.658361703] LOCK pid=86478 fd=10: NO_LOCK -> SHARED (fallback)
[1773167265.658363314] LOCK pid=86478 fd=10: SHARED -> SHARED
DBimpl - LOCK REQUEST: 0x3b879400 2
[1773167265.658373298] LOCK pid=86478 fd=10: SHARED -> RESERVED
DBimpl - UNLOCK REQUEST: 0x3b879400 0
[1773167265.658387692] UNLOCK pid=86476 fd=6: SHARED -> NO_LOCK
DBimpl - LOCK REQUEST: 0x3b879400 4
[1773167265.658981568] LOCK pid=86478 fd=10: RESERVED -> PENDING
[1773167265.658984754] LOCK pid=86478 fd=10: PENDING -> EXCLUSIVE
DBimpl - LOCK REQUEST: 0x3b879400 1
DBimpl - LOCK REQUEST: 0x3b879400 1
DBimpl - LOCK REQUEST: 0x3b879400 1
DBimpl - LOCK REQUEST: 0x3b879400 1
DBimpl - UNLOCK REQUEST: 0x3b879400 1
[1773167265.663811988] UNLOCK pid=86478 fd=10: EXCLUSIVE -> SHARED
DBimpl - LOCK REQUEST: 0x3b879400 1
DBimpl - UNLOCK REQUEST: 0x3b879400 0
[1773167265.663826601] UNLOCK pid=86478 fd=10: SHARED -> NO_LOCK
[1773167265.663828688] LOCK pid=86476 fd=6: NO_LOCK -> SHARED (fallback)
[1773167265.663831808] LOCK pid=86476 fd=6: SHARED -> SHARED
DBimpl - UNLOCK REQUEST: 0x3b879400 0
[1773167265.664057131] UNLOCK pid=86476 fd=6: SHARED -> NO_LOCK
DBimpl - LOCK REQUEST: 0x3b879400 1
[1773167265.664308420] LOCK pid=86478 fd=10: NO_LOCK -> SHARED (fallback)
[1773167265.664310251] LOCK pid=86478 fd=10: SHARED -> SHARED
DBimpl - LOCK REQUEST: 0x3b879400 2
[1773167265.664318913] LOCK pid=86478 fd=10: SHARED -> RESERVED
DBimpl - LOCK REQUEST: 0x3b879400 4
[1773167265.664880191] LOCK pid=86478 fd=10: RESERVED -> PENDING
[1773167265.664882294] LOCK pid=86478 fd=10: PENDING -> EXCLUSIVE
DBimpl - LOCK REQUEST: 0x3b879400 1
DBimpl - UNLOCK REQUEST: 0x3b879400 1
[1773167265.667928552] UNLOCK pid=86478 fd=10: EXCLUSIVE -> SHARED
DBimpl - UNLOCK REQUEST: 0x3b879400 0
[1773167265.667933680] UNLOCK pid=86478 fd=10: SHARED -> NO_LOCK
DBimpl - LOCK REQUEST: 0x3b879400 1
[1773167265.668658447] LOCK pid=86476 fd=6: NO_LOCK -> SHARED (fallback)
[1773167265.668660808] LOCK pid=86476 fd=6: SHARED -> SHARED
DBimpl - UNLOCK REQUEST: 0x3b879400 0
[1773167265.668826602] UNLOCK pid=86476 fd=6: SHARED -> NO_LOCK
DBimpl - LOCK REQUEST: 0x3b879400 1
[1773167265.672609329] LOCK pid=86478 fd=10: NO_LOCK -> SHARED (fallback)
[1773167265.672610770] LOCK pid=86478 fd=10: SHARED -> SHARED
DBimpl - LOCK REQUEST: 0x3b879400 2
[1773167265.672623522] LOCK pid=86478 fd=10: SHARED -> RESERVED
DBimpl - LOCK REQUEST: 0x3b879400 4
[1773167265.673172703] LOCK pid=86478 fd=10: RESERVED -> PENDING
[1773167265.673175013] LOCK pid=86478 fd=10: PENDING -> EXCLUSIVE
DBimpl - LOCK REQUEST: 0x3b879400 1
DBimpl - LOCK REQUEST: 0x3b879400 1
DBimpl - LOCK REQUEST: 0x3b879400 1
DBimpl - LOCK REQUEST: 0x3b879400 1
DBimpl - LOCK REQUEST: 0x3b879400 1
DBimpl - UNLOCK REQUEST: 0x3b879400 1
[1773167265.677142208] UNLOCK pid=86478 fd=10: EXCLUSIVE -> SHARED
DBimpl - UNLOCK REQUEST: 0x3b879400 0
[1773167265.677147470] UNLOCK pid=86478 fd=10: SHARED -> NO_LOCK
DBimpl - LOCK REQUEST: 0x3b879400 1
[1773167265.677758691] LOCK pid=86478 fd=10: NO_LOCK -> SHARED (fallback)
[1773167265.677760254] LOCK pid=86478 fd=10: SHARED -> SHARED
DBimpl - LOCK REQUEST: 0x3b879400 2
[1773167265.677771540] LOCK pid=86478 fd=10: SHARED -> RESERVED
DBimpl - LOCK REQUEST: 0x3b879400 4
[1773167265.678236244] LOCK pid=86478 fd=10: RESERVED -> PENDING
[1773167265.678238288] LOCK pid=86478 fd=10: PENDING -> EXCLUSIVE
DBimpl - UNLOCK REQUEST: 0x3b879400 1
[1773167265.680022644] UNLOCK pid=86478 fd=10: EXCLUSIVE -> SHARED
DBimpl - UNLOCK REQUEST: 0x3b879400 0
[1773167265.680027843] UNLOCK pid=86478 fd=10: SHARED -> NO_LOCK
DBimpl - LOCK REQUEST: 0x3b879400 1
[1773167265.680159913] LOCK pid=86478 fd=10: NO_LOCK -> SHARED (fallback)
[1773167265.680161437] LOCK pid=86478 fd=10: SHARED -> SHARED
DBimpl - LOCK REQUEST: 0x3b879400 2
[1773167265.680170291] LOCK pid=86478 fd=10: SHARED -> RESERVED
DBimpl - LOCK REQUEST: 0x3b879400 4
[1773167265.680298017] LOCK pid=86478 fd=10: RESERVED -> PENDING
[1773167265.680300257] LOCK pid=86478 fd=10: PENDING -> EXCLUSIVE
DBimpl - LOCK REQUEST: 0x3b879400 1
DBimpl - UNLOCK REQUEST: 0x3b879400 1
[1773167265.682069771] UNLOCK pid=86478 fd=10: EXCLUSIVE -> SHARED
DBimpl - UNLOCK REQUEST: 0x3b879400 0
[1773167265.682074221] UNLOCK pid=86478 fd=10: SHARED -> NO_LOCK
DBimpl - LOCK REQUEST: 0x3b879400 1
[1773167265.682529142] LOCK pid=86478 fd=10: NO_LOCK -> SHARED (fallback)
[1773167265.682531178] LOCK pid=86478 fd=10: SHARED -> SHARED
DBimpl - LOCK REQUEST: 0x3b879400 2
[1773167265.682543603] LOCK pid=86478 fd=10: SHARED -> RESERVED
DBimpl - LOCK REQUEST: 0x3b879400 4
[1773167265.683146198] LOCK pid=86478 fd=10: RESERVED -> PENDING
[1773167265.683150231] LOCK pid=86478 fd=10: PENDING -> EXCLUSIVE
DBimpl - UNLOCK REQUEST: 0x3b879400 1
[1773167265.684869084] UNLOCK pid=86478 fd=10: EXCLUSIVE -> SHARED
DBimpl - UNLOCK REQUEST: 0x3b879400 0
[1773167265.684873205] UNLOCK pid=86478 fd=10: SHARED -> NO_LOCK
DBimpl - LOCK REQUEST: 0x3b879400 1
[1773167265.687373144] LOCK pid=86479 fd=12: NO_LOCK -> SHARED (fallback)
[1773167265.687375901] LOCK pid=86479 fd=12: SHARED -> SHARED
DBimpl - LOCK REQUEST: 0x3b879400 2
[1773167265.687394498] LOCK pid=86479 fd=12: SHARED -> RESERVED
DBimpl - LOCK REQUEST: 0x3b879400 1
[1773167265.687497297] LOCK pid=86478 fd=10: NO_LOCK -> SHARED (fallback)
[1773167265.687498657] LOCK pid=86478 fd=10: SHARED -> SHARED
DBimpl - LOCK REQUEST: 0x3b879400 2
DBimpl - UNLOCK REQUEST: 0x3b879400 0
[1773167265.687508730] UNLOCK pid=86478 fd=10: SHARED -> NO_LOCK
DBimpl - LOCK REQUEST: 0x3b879400 1
[1773167265.688604408] LOCK pid=86478 fd=10: NO_LOCK -> SHARED (fallback)
[1773167265.688605626] LOCK pid=86478 fd=10: SHARED -> SHARED
DBimpl - LOCK REQUEST: 0x3b879400 2
DBimpl - UNLOCK REQUEST: 0x3b879400 0
[1773167265.688616938] UNLOCK pid=86478 fd=10: SHARED -> NO_LOCK
DBimpl - LOCK REQUEST: 0x3b879400 1
[1773167265.688879979] LOCK pid=86477 fd=8: NO_LOCK -> SHARED (fallback)
[1773167265.688882128] LOCK pid=86477 fd=8: SHARED -> SHARED
DBimpl - UNLOCK REQUEST: 0x3b879400 0
[1773167265.689098654] UNLOCK pid=86477 fd=8: SHARED -> NO_LOCK
DBimpl - LOCK REQUEST: 0x3b879400 1
[1773167265.689180223] LOCK pid=86477 fd=8: NO_LOCK -> SHARED (fallback)
[1773167265.689181397] LOCK pid=86477 fd=8: SHARED -> SHARED
DBimpl - UNLOCK REQUEST: 0x3b879400 0
[1773167265.689346197] UNLOCK pid=86477 fd=8: SHARED -> NO_LOCK
DBimpl - LOCK REQUEST: 0x3b879400 1
[1773167265.690595626] LOCK pid=86477 fd=8: NO_LOCK -> SHARED (fallback)
[1773167265.690597172] LOCK pid=86477 fd=8: SHARED -> SHARED
DBimpl - LOCK REQUEST: 0x3b879400 1
[1773167265.690676355] LOCK pid=86478 fd=10: NO_LOCK -> SHARED (fallback)
[1773167265.690677538] LOCK pid=86478 fd=10: SHARED -> SHARED
DBimpl - LOCK REQUEST: 0x3b879400 2
DBimpl - UNLOCK REQUEST: 0x3b879400 0
[1773167265.690686301] UNLOCK pid=86478 fd=10: SHARED -> NO_LOCK
DBimpl - UNLOCK REQUEST: 0x3b879400 0
[1773167265.690753299] UNLOCK pid=86477 fd=8: SHARED -> NO_LOCK
DBimpl - LOCK REQUEST: 0x3b879400 1
[1773167265.691124598] LOCK pid=86477 fd=8: NO_LOCK -> SHARED (fallback)
[1773167265.691125757] LOCK pid=86477 fd=8: SHARED -> SHARED
DBimpl - UNLOCK REQUEST: 0x3b879400 0
[1773167265.691271597] UNLOCK pid=86477 fd=8: SHARED -> NO_LOCK
DBimpl - LOCK REQUEST: 0x3b879400 1
[1773167265.691987511] LOCK pid=86476 fd=6: NO_LOCK -> SHARED (fallback)
[1773167265.691989245] LOCK pid=86476 fd=6: SHARED -> SHARED
DBimpl - UNLOCK REQUEST: 0x3b879400 0
[1773167265.692161775] UNLOCK pid=86476 fd=6: SHARED -> NO_LOCK
DBimpl - LOCK REQUEST: 0x3b879400 1
[1773167265.692866594] LOCK pid=86477 fd=8: NO_LOCK -> SHARED (fallback)
[1773167265.692868196] LOCK pid=86477 fd=8: SHARED -> SHARED
DBimpl - UNLOCK REQUEST: 0x3b879400 0
[1773167265.693017071] UNLOCK pid=86477 fd=8: SHARED -> NO_LOCK
DBimpl - LOCK REQUEST: 0x3b879400 4
[1773167265.693506344] LOCK pid=86479 fd=12: RESERVED -> PENDING
[1773167265.693509882] LOCK pid=86479 fd=12: PENDING -> EXCLUSIVE
DBimpl - LOCK REQUEST: 0x3b879400 1
DBimpl - LOCK REQUEST: 0x3b879400 1
DBimpl - LOCK REQUEST: 0x3b879400 1
DBimpl - LOCK REQUEST: 0x3b879400 1
DBimpl - UNLOCK REQUEST: 0x3b879400 1
[1773167265.695785902] UNLOCK pid=86479 fd=12: EXCLUSIVE -> SHARED
DBimpl - UNLOCK REQUEST: 0x3b879400 0
[1773167265.695792412] UNLOCK pid=86479 fd=12: SHARED -> NO_LOCK
DBimpl - LOCK REQUEST: 0x3b879400 1
[1773167265.695879854] LOCK pid=86477 fd=8: NO_LOCK -> SHARED (fallback)
[1773167265.695881169] LOCK pid=86477 fd=8: SHARED -> SHARED
DBimpl - UNLOCK REQUEST: 0x3b879400 0
[1773167265.696053426] UNLOCK pid=86477 fd=8: SHARED -> NO_LOCK
DBimpl - LOCK REQUEST: 0x3b879400 1
[1773167265.696156887] LOCK pid=86479 fd=12: NO_LOCK -> SHARED (fallback)
[1773167265.696158729] LOCK pid=86479 fd=12: SHARED -> SHARED
DBimpl - LOCK REQUEST: 0x3b879400 2
[1773167265.696173857] LOCK pid=86479 fd=12: SHARED -> RESERVED
DBimpl - LOCK REQUEST: 0x3b879400 1
[1773167265.696799351] LOCK pid=86476 fd=6: NO_LOCK -> SHARED (fallback)
[1773167265.696800728] LOCK pid=86476 fd=6: SHARED -> SHARED
DBimpl - UNLOCK REQUEST: 0x3b879400 0
[1773167265.696957852] UNLOCK pid=86476 fd=6: SHARED -> NO_LOCK
DBimpl - LOCK REQUEST: 0x3b879400 1
[1773167265.697118656] LOCK pid=86477 fd=8: NO_LOCK -> SHARED (fallback)
[1773167265.697119900] LOCK pid=86477 fd=8: SHARED -> SHARED
DBimpl - UNLOCK REQUEST: 0x3b879400 0
[1773167265.697281832] UNLOCK pid=86477 fd=8: SHARED -> NO_LOCK
DBimpl - LOCK REQUEST: 0x3b879400 1
[1773167265.698291283] LOCK pid=86477 fd=8: NO_LOCK -> SHARED (fallback)
[1773167265.698292483] LOCK pid=86477 fd=8: SHARED -> SHARED
DBimpl - UNLOCK REQUEST: 0x3b879400 0
[1773167265.698459689] UNLOCK pid=86477 fd=8: SHARED -> NO_LOCK
DBimpl - LOCK REQUEST: 0x3b879400 1
[1773167265.698953904] LOCK pid=86476 fd=6: NO_LOCK -> SHARED (fallback)
[1773167265.698955233] LOCK pid=86476 fd=6: SHARED -> SHARED
DBimpl - UNLOCK REQUEST: 0x3b879400 0
[1773167265.699105958] UNLOCK pid=86476 fd=6: SHARED -> NO_LOCK
DBimpl - LOCK REQUEST: 0x3b879400 1
[1773167265.699224743] LOCK pid=86476 fd=6: NO_LOCK -> SHARED (fallback)
[1773167265.699225828] LOCK pid=86476 fd=6: SHARED -> SHARED
DBimpl - UNLOCK REQUEST: 0x3b879400 0
[1773167265.699370543] UNLOCK pid=86476 fd=6: SHARED -> NO_LOCK
DBimpl - LOCK REQUEST: 0x3b879400 1
[1773167265.699920243] LOCK pid=86480 fd=14: NO_LOCK -> SHARED (fallback)
[1773167265.699921788] LOCK pid=86480 fd=14: SHARED -> SHARED
DBimpl - LOCK REQUEST: 0x3b879400 2
DBimpl - UNLOCK REQUEST: 0x3b879400 0
[1773167265.699933481] UNLOCK pid=86480 fd=14: SHARED -> NO_LOCK
DBimpl - LOCK REQUEST: 0x3b879400 1
[1773167265.701485426] LOCK pid=86477 fd=8: NO_LOCK -> SHARED (fallback)
[1773167265.701486908] LOCK pid=86477 fd=8: SHARED -> SHARED
DBimpl - UNLOCK REQUEST: 0x3b879400 0
[1773167265.701679695] UNLOCK pid=86477 fd=8: SHARED -> NO_LOCK
DBimpl - LOCK REQUEST: 0x3b879400 1
[1773167265.704375145] LOCK pid=86477 fd=8: NO_LOCK -> SHARED (fallback)
[1773167265.704377585] LOCK pid=86477 fd=8: SHARED -> SHARED
DBimpl - LOCK REQUEST: 0x3b879400 4
[1773167265.704511779] LOCK pid=86479 fd=12: RESERVED -> PENDING
DBimpl - UNLOCK REQUEST: 0x3b879400 0
[1773167265.704581649] UNLOCK pid=86477 fd=8: SHARED -> NO_LOCK
DBimpl - LOCK REQUEST: 0x3b879400 1
DBimpl - LOCK REQUEST: 0x3b879400 4
[1773167265.705605910] LOCK pid=86479 fd=12: PENDING -> EXCLUSIVE
DBimpl - UNLOCK REQUEST: 0x3b879400 1
[1773167265.705611062] UNLOCK pid=86479 fd=12: EXCLUSIVE -> SHARED
DBimpl - UNLOCK REQUEST: 0x3b879400 0
[1773167265.705615753] UNLOCK pid=86479 fd=12: SHARED -> NO_LOCK
DBimpl - LOCK REQUEST: 0x3b879400 1
[1773167265.705729173] LOCK pid=86476 fd=6: NO_LOCK -> SHARED (fallback)
[1773167265.705730868] LOCK pid=86476 fd=6: SHARED -> SHARED
DBimpl - LOCK REQUEST: 0x3b879400 1
[1773167265.705803084] LOCK pid=86478 fd=10: NO_LOCK -> SHARED (fallback)
[1773167265.705804772] LOCK pid=86478 fd=10: SHARED -> SHARED
DBimpl - LOCK REQUEST: 0x3b879400 2
[1773167265.705815269] LOCK pid=86478 fd=10: SHARED -> RESERVED
DBimpl - UNLOCK REQUEST: 0x3b879400 0
[1773167265.705903703] UNLOCK pid=86476 fd=6: SHARED -> NO_LOCK
DBimpl - LOCK REQUEST: 0x3b879400 1
[1773167265.706216939] LOCK pid=86479 fd=12: NO_LOCK -> SHARED (fallback)
[1773167265.706218950] LOCK pid=86479 fd=12: SHARED -> SHARED
DBimpl - LOCK REQUEST: 0x3b879400 2
DBimpl - UNLOCK REQUEST: 0x3b879400 0
[1773167265.706236335] UNLOCK pid=86479 fd=12: SHARED -> NO_LOCK
DBimpl - LOCK REQUEST: 0x3b879400 4
[1773167265.706364432] LOCK pid=86478 fd=10: RESERVED -> PENDING
[1773167265.706367130] LOCK pid=86478 fd=10: PENDING -> EXCLUSIVE
DBimpl - LOCK REQUEST: 0x3b879400 1
DBimpl - LOCK REQUEST: 0x3b879400 1
DBimpl - LOCK REQUEST: 0x3b879400 1
DBimpl - LOCK REQUEST: 0x3b879400 1
DBimpl - UNLOCK REQUEST: 0x3b879400 1
[1773167265.708298952] UNLOCK pid=86478 fd=10: EXCLUSIVE -> SHARED
DBimpl - UNLOCK REQUEST: 0x3b879400 0
[1773167265.708303275] UNLOCK pid=86478 fd=10: SHARED -> NO_LOCK
DBimpl - LOCK REQUEST: 0x3b879400 1
[1773167265.709105116] LOCK pid=86477 fd=8: NO_LOCK -> SHARED (fallback)
[1773167265.709106818] LOCK pid=86477 fd=8: SHARED -> SHARED
DBimpl - UNLOCK REQUEST: 0x3b879400 0
[1773167265.709311950] UNLOCK pid=86477 fd=8: SHARED -> NO_LOCK
DBimpl - LOCK REQUEST: 0x3b879400 1
[1773167265.709354516] LOCK pid=86479 fd=12: NO_LOCK -> SHARED (fallback)
[1773167265.709355766] LOCK pid=86479 fd=12: SHARED -> SHARED
DBimpl - LOCK REQUEST: 0x3b879400 2
[1773167265.709366305] LOCK pid=86479 fd=12: SHARED -> RESERVED
DBimpl - LOCK REQUEST: 0x3b879400 1
[1773167265.710332809] LOCK pid=86476 fd=6: NO_LOCK -> SHARED (fallback)
[1773167265.710334740] LOCK pid=86476 fd=6: SHARED -> SHARED
DBimpl - UNLOCK REQUEST: 0x3b879400 0
[1773167265.710509700] UNLOCK pid=86476 fd=6: SHARED -> NO_LOCK
DBimpl - LOCK REQUEST: 0x3b879400 4
[1773167265.711101612] LOCK pid=86479 fd=12: RESERVED -> PENDING
[1773167265.711103502] LOCK pid=86479 fd=12: PENDING -> EXCLUSIVE
DBimpl - LOCK REQUEST: 0x3b879400 1
DBimpl - LOCK REQUEST: 0x3b879400 1
DBimpl - LOCK REQUEST: 0x3b879400 1
DBimpl - LOCK REQUEST: 0x3b879400 1
DBimpl - UNLOCK REQUEST: 0x3b879400 1
[1773167265.713409747] UNLOCK pid=86479 fd=12: EXCLUSIVE -> SHARED
DBimpl - UNLOCK REQUEST: 0x3b879400 0
[1773167265.713413766] UNLOCK pid=86479 fd=12: SHARED -> NO_LOCK
DBimpl - LOCK REQUEST: 0x3b879400 1
[1773167265.713778134] LOCK pid=86479 fd=12: NO_LOCK -> SHARED (fallback)
[1773167265.713779393] LOCK pid=86479 fd=12: SHARED -> SHARED
DBimpl - LOCK REQUEST: 0x3b879400 2
[1773167265.713787603] LOCK pid=86479 fd=12: SHARED -> RESERVED
DBimpl - LOCK REQUEST: 0x3b879400 1
[1773167265.714494536] LOCK pid=86478 fd=10: NO_LOCK -> SHARED (fallback)
[1773167265.714496371] LOCK pid=86478 fd=10: SHARED -> SHARED
DBimpl - LOCK REQUEST: 0x3b879400 2
DBimpl - UNLOCK REQUEST: 0x3b879400 0
[1773167265.714509775] UNLOCK pid=86478 fd=10: SHARED -> NO_LOCK
DBimpl - LOCK REQUEST: 0x3b879400 1
[1773167265.714533925] LOCK pid=86477 fd=8: NO_LOCK -> SHARED (fallback)
[1773167265.714536883] LOCK pid=86477 fd=8: SHARED -> SHARED
DBimpl - UNLOCK REQUEST: 0x3b879400 0
[1773167265.714751687] UNLOCK pid=86477 fd=8: SHARED -> NO_LOCK
DBimpl - LOCK REQUEST: 0x3b879400 1
[1773167265.715035745] LOCK pid=86476 fd=6: NO_LOCK -> SHARED (fallback)
[1773167265.715049182] LOCK pid=86476 fd=6: SHARED -> SHARED
DBimpl - UNLOCK REQUEST: 0x3b879400 0
[1773167265.715219378] UNLOCK pid=86476 fd=6: SHARED -> NO_LOCK
DBimpl - LOCK REQUEST: 0x3b879400 4
[1773167265.715438227] LOCK pid=86479 fd=12: RESERVED -> PENDING
[1773167265.715440155] LOCK pid=86479 fd=12: PENDING -> EXCLUSIVE
DBimpl - UNLOCK REQUEST: 0x3b879400 1
[1773167265.715443757] UNLOCK pid=86479 fd=12: EXCLUSIVE -> SHARED
DBimpl - UNLOCK REQUEST: 0x3b879400 0
[1773167265.715446875] UNLOCK pid=86479 fd=12: SHARED -> NO_LOCK
DBimpl - LOCK REQUEST: 0x3b879400 1
[1773167265.715588957] LOCK pid=86478 fd=10: NO_LOCK -> SHARED (fallback)
[1773167265.715590390] LOCK pid=86478 fd=10: SHARED -> SHARED
DBimpl - LOCK REQUEST: 0x3b879400 2
[1773167265.715596574] LOCK pid=86478 fd=10: SHARED -> RESERVED
DBimpl - LOCK REQUEST: 0x3b879400 4
[1773167265.715720387] LOCK pid=86478 fd=10: RESERVED -> PENDING
[1773167265.715722177] LOCK pid=86478 fd=10: PENDING -> EXCLUSIVE
DBimpl - LOCK REQUEST: 0x3b879400 1
DBimpl - LOCK REQUEST: 0x3b879400 1
DBimpl - UNLOCK REQUEST: 0x3b879400 1
[1773167265.717984427] UNLOCK pid=86478 fd=10: EXCLUSIVE -> SHARED
DBimpl - UNLOCK REQUEST: 0x3b879400 0
[1773167265.717988096] UNLOCK pid=86478 fd=10: SHARED -> NO_LOCK
DBimpl - LOCK REQUEST: 0x3b879400 1
[1773167265.718822608] LOCK pid=86478 fd=10: NO_LOCK -> SHARED (fallback)
[1773167265.718823922] LOCK pid=86478 fd=10: SHARED -> SHARED
DBimpl - LOCK REQUEST: 0x3b879400 2
[1773167265.718831819] LOCK pid=86478 fd=10: SHARED -> RESERVED
DBimpl - LOCK REQUEST: 0x3b879400 4
[1773167265.718926376] LOCK pid=86478 fd=10: RESERVED -> PENDING
[1773167265.718928201] LOCK pid=86478 fd=10: PENDING -> EXCLUSIVE
DBimpl - LOCK REQUEST: 0x3b879400 1
DBimpl - LOCK REQUEST: 0x3b879400 1
DBimpl - LOCK REQUEST: 0x3b879400 1
DBimpl - LOCK REQUEST: 0x3b879400 1
DBimpl - LOCK REQUEST: 0x3b879400 1
DBimpl - UNLOCK REQUEST: 0x3b879400 1
[1773167265.720962321] UNLOCK pid=86478 fd=10: EXCLUSIVE -> SHARED
DBimpl - UNLOCK REQUEST: 0x3b879400 0
[1773167265.720966042] UNLOCK pid=86478 fd=10: SHARED -> NO_LOCK
DBimpl - LOCK REQUEST: 0x3b879400 1
[1773167265.721352877] LOCK pid=86478 fd=10: NO_LOCK -> SHARED (fallback)
[1773167265.721354062] LOCK pid=86478 fd=10: SHARED -> SHARED
DBimpl - LOCK REQUEST: 0x3b879400 2
[1773167265.721362252] LOCK pid=86478 fd=10: SHARED -> RESERVED
DBimpl - LOCK REQUEST: 0x3b879400 4
[1773167265.721436315] LOCK pid=86478 fd=10: RESERVED -> PENDING
[1773167265.721437939] LOCK pid=86478 fd=10: PENDING -> EXCLUSIVE
DBimpl - LOCK REQUEST: 0x3b879400 1
DBimpl - LOCK REQUEST: 0x3b879400 1
DBimpl - UNLOCK REQUEST: 0x3b879400 1
[1773167265.723096010] UNLOCK pid=86478 fd=10: EXCLUSIVE -> SHARED
DBimpl - UNLOCK REQUEST: 0x3b879400 0
[1773167265.723099759] UNLOCK pid=86478 fd=10: SHARED -> NO_LOCK
DBimpl - LOCK REQUEST: 0x3b879400 1
[1773167265.724304448] LOCK pid=86477 fd=8: NO_LOCK -> SHARED (fallback)
[1773167265.724306120] LOCK pid=86477 fd=8: SHARED -> SHARED
DBimpl - UNLOCK REQUEST: 0x3b879400 0
[1773167265.724493467] UNLOCK pid=86477 fd=8: SHARED -> NO_LOCK
DBimpl - LOCK REQUEST: 0x3b879400 1
[1773167265.725893445] LOCK pid=86477 fd=8: NO_LOCK -> SHARED (fallback)
[1773167265.725894644] LOCK pid=86477 fd=8: SHARED -> SHARED
DBimpl - UNLOCK REQUEST: 0x3b879400 0
[1773167265.726058446] UNLOCK pid=86477 fd=8: SHARED -> NO_LOCK
DBimpl - LOCK REQUEST: 0x3b879400 1
[1773167265.727280514] LOCK pid=86477 fd=8: NO_LOCK -> SHARED (fallback)
[1773167265.727281774] LOCK pid=86477 fd=8: SHARED -> SHARED
DBimpl - UNLOCK REQUEST: 0x3b879400 0
[1773167265.727442571] UNLOCK pid=86477 fd=8: SHARED -> NO_LOCK
DBimpl - LOCK REQUEST: 0x3b879400 1
[1773167265.727790817] LOCK pid=86479 fd=12: NO_LOCK -> SHARED (fallback)
[1773167265.727792359] LOCK pid=86479 fd=12: SHARED -> SHARED
DBimpl - LOCK REQUEST: 0x3b879400 2
[1773167265.727802467] LOCK pid=86479 fd=12: SHARED -> RESERVED
DBimpl - LOCK REQUEST: 0x3b879400 1
[1773167265.727848435] LOCK pid=86476 fd=6: NO_LOCK -> SHARED (fallback)
[1773167265.727849708] LOCK pid=86476 fd=6: SHARED -> SHARED
DBimpl - UNLOCK REQUEST: 0x3b879400 0
[1773167265.728003429] UNLOCK pid=86476 fd=6: SHARED -> NO_LOCK
DBimpl - LOCK REQUEST: 0x3b879400 1
[1773167265.728801123] LOCK pid=86478 fd=10: NO_LOCK -> SHARED (fallback)
[1773167265.728802397] LOCK pid=86478 fd=10: SHARED -> SHARED
DBimpl - LOCK REQUEST: 0x3b879400 2
DBimpl - UNLOCK REQUEST: 0x3b879400 0
[1773167265.728812408] UNLOCK pid=86478 fd=10: SHARED -> NO_LOCK
DBimpl - LOCK REQUEST: 0x3b879400 1
[1773167265.729006273] LOCK pid=86476 fd=6: NO_LOCK -> SHARED (fallback)
[1773167265.729007546] LOCK pid=86476 fd=6: SHARED -> SHARED
DBimpl - UNLOCK REQUEST: 0x3b879400 0
[1773167265.729159665] UNLOCK pid=86476 fd=6: SHARED -> NO_LOCK
DBimpl - LOCK REQUEST: 0x3b879400 1
[1773167265.729423854] LOCK pid=86476 fd=6: NO_LOCK -> SHARED (fallback)
[1773167265.729425193] LOCK pid=86476 fd=6: SHARED -> SHARED
DBimpl - UNLOCK REQUEST: 0x3b879400 0
[1773167265.729569200] UNLOCK pid=86476 fd=6: SHARED -> NO_LOCK
DBimpl - LOCK REQUEST: 0x3b879400 1
[1773167265.729763625] LOCK pid=86476 fd=6: NO_LOCK -> SHARED (fallback)
[1773167265.729765247] LOCK pid=86476 fd=6: SHARED -> SHARED
DBimpl - LOCK REQUEST: 0x3b879400 1
[1773167265.729785167] LOCK pid=86477 fd=8: NO_LOCK -> SHARED (fallback)
[1773167265.729788592] LOCK pid=86477 fd=8: SHARED -> SHARED
DBimpl - LOCK REQUEST: 0x3b879400 1
[1773167265.729870296] LOCK pid=86478 fd=10: NO_LOCK -> SHARED (fallback)
[1773167265.729871431] LOCK pid=86478 fd=10: SHARED -> SHARED
DBimpl - LOCK REQUEST: 0x3b879400 2
DBimpl - UNLOCK REQUEST: 0x3b879400 0
[1773167265.729878626] UNLOCK pid=86478 fd=10: SHARED -> NO_LOCK
DBimpl - UNLOCK REQUEST: 0x3b879400 0
[1773167265.730056115] UNLOCK pid=86476 fd=6: SHARED -> NO_LOCK
DBimpl - UNLOCK REQUEST: 0x3b879400 0
[1773167265.730101728] UNLOCK pid=86477 fd=8: SHARED -> NO_LOCK
DBimpl - LOCK REQUEST: 0x3b879400 1
[1773167265.731717741] LOCK pid=86476 fd=6: NO_LOCK -> SHARED (fallback)
[1773167265.731719777] LOCK pid=86476 fd=6: SHARED -> SHARED
DBimpl - UNLOCK REQUEST: 0x3b879400 0
[1773167265.731881245] UNLOCK pid=86476 fd=6: SHARED -> NO_LOCK
DBimpl - LOCK REQUEST: 0x3b879400 1
[1773167265.731942338] LOCK pid=86478 fd=10: NO_LOCK -> SHARED (fallback)
[1773167265.731943854] LOCK pid=86478 fd=10: SHARED -> SHARED
DBimpl - LOCK REQUEST: 0x3b879400 2
DBimpl - UNLOCK REQUEST: 0x3b879400 0
[1773167265.731954554] UNLOCK pid=86478 fd=10: SHARED -> NO_LOCK
DBimpl - LOCK REQUEST: 0x3b879400 1
[1773167265.732102555] LOCK pid=86476 fd=6: NO_LOCK -> SHARED (fallback)
[1773167265.732103637] LOCK pid=86476 fd=6: SHARED -> SHARED
DBimpl - UNLOCK REQUEST: 0x3b879400 0
[1773167265.732245341] UNLOCK pid=86476 fd=6: SHARED -> NO_LOCK
DBimpl - LOCK REQUEST: 0x3b879400 1
[1773167265.732266814] LOCK pid=86477 fd=8: NO_LOCK -> SHARED (fallback)
[1773167265.732269294] LOCK pid=86477 fd=8: SHARED -> SHARED
DBimpl - UNLOCK REQUEST: 0x3b879400 0
[1773167265.732447988] UNLOCK pid=86477 fd=8: SHARED -> NO_LOCK
DBimpl - LOCK REQUEST: 0x3b879400 1
[1773167265.732957589] LOCK pid=86477 fd=8: NO_LOCK -> SHARED (fallback)
[1773167265.732958756] LOCK pid=86477 fd=8: SHARED -> SHARED
DBimpl - UNLOCK REQUEST: 0x3b879400 0
[1773167265.733119730] UNLOCK pid=86477 fd=8: SHARED -> NO_LOCK
DBimpl - LOCK REQUEST: 0x3b879400 1
[1773167265.737042796] LOCK pid=86478 fd=10: NO_LOCK -> SHARED (fallback)
[1773167265.737044086] LOCK pid=86478 fd=10: SHARED -> SHARED
DBimpl - LOCK REQUEST: 0x3b879400 2
DBimpl - UNLOCK REQUEST: 0x3b879400 0
[1773167265.737052403] UNLOCK pid=86478 fd=10: SHARED -> NO_LOCK
DBimpl - LOCK REQUEST: 0x3b879400 4
[1773167265.737087612] LOCK pid=86479 fd=12: RESERVED -> PENDING
[1773167265.737091958] LOCK pid=86479 fd=12: PENDING -> EXCLUSIVE
DBimpl - UNLOCK REQUEST: 0x3b879400 1
[1773167265.737098899] UNLOCK pid=86479 fd=12: EXCLUSIVE -> SHARED
DBimpl - UNLOCK REQUEST: 0x3b879400 0
[1773167265.737105295] UNLOCK pid=86479 fd=12: SHARED -> NO_LOCK
DBimpl - LOCK REQUEST: 0x3b879400 1
[1773167265.737863989] LOCK pid=86476 fd=6: NO_LOCK -> SHARED (fallback)
[1773167265.737865367] LOCK pid=86476 fd=6: SHARED -> SHARED
DBimpl - UNLOCK REQUEST: 0x3b879400 0
[1773167265.738020382] UNLOCK pid=86476 fd=6: SHARED -> NO_LOCK
DBimpl - LOCK REQUEST: 0x3b879400 1
[1773167265.738854391] LOCK pid=86477 fd=8: NO_LOCK -> SHARED (fallback)
[1773167265.738855812] LOCK pid=86477 fd=8: SHARED -> SHARED
DBimpl - UNLOCK REQUEST: 0x3b879400 0
[1773167265.739037751] UNLOCK pid=86477 fd=8: SHARED -> NO_LOCK
DBimpl - LOCK REQUEST: 0x3b879400 1
[1773167265.739584201] LOCK pid=86477 fd=8: NO_LOCK -> SHARED (fallback)
[1773167265.739586632] LOCK pid=86477 fd=8: SHARED -> SHARED
DBimpl - LOCK REQUEST: 0x3b879400 1
[1773167265.739753081] LOCK pid=86476 fd=6: NO_LOCK -> SHARED (fallback)
[1773167265.739755024] LOCK pid=86476 fd=6: SHARED -> SHARED
DBimpl - UNLOCK REQUEST: 0x3b879400 0
DBimpl - UNLOCK REQUEST: 0x3b879400 0
[1773167265.739944880] UNLOCK pid=86476 fd=6: SHARED -> NO_LOCK
[1773167265.739950168] UNLOCK pid=86477 fd=8: SHARED -> NO_LOCK
DBimpl - LOCK REQUEST: 0x3b879400 1
[1773167265.740317157] LOCK pid=86477 fd=8: NO_LOCK -> SHARED (fallback)
[1773167265.740319883] LOCK pid=86477 fd=8: SHARED -> SHARED
DBimpl - UNLOCK REQUEST: 0x3b879400 0
[1773167265.740656109] UNLOCK pid=86477 fd=8: SHARED -> NO_LOCK
DBimpl - LOCK REQUEST: 0x3b879400 1
[1773167265.742464011] LOCK pid=86479 fd=12: NO_LOCK -> SHARED (fallback)
[1773167265.742467196] LOCK pid=86479 fd=12: SHARED -> SHARED
DBimpl - LOCK REQUEST: 0x3b879400 2
[1773167265.742482814] LOCK pid=86479 fd=12: SHARED -> RESERVED
DBimpl - LOCK REQUEST: 0x3b879400 1
[1773167265.742754646] LOCK pid=86477 fd=8: NO_LOCK -> SHARED (fallback)
[1773167265.742755997] LOCK pid=86477 fd=8: SHARED -> SHARED
DBimpl - UNLOCK REQUEST: 0x3b879400 0
[1773167265.742923131] UNLOCK pid=86477 fd=8: SHARED -> NO_LOCK
DBimpl - LOCK REQUEST: 0x3b879400 1
[1773167265.744461018] LOCK pid=86477 fd=8: NO_LOCK -> SHARED (fallback)
[1773167265.744468510] LOCK pid=86477 fd=8: SHARED -> SHARED
DBimpl - UNLOCK REQUEST: 0x3b879400 0
[1773167265.744632414] UNLOCK pid=86477 fd=8: SHARED -> NO_LOCK
DBimpl - LOCK REQUEST: 0x3b879400 1
[1773167265.745033622] LOCK pid=86476 fd=6: NO_LOCK -> SHARED (fallback)
[1773167265.745035040] LOCK pid=86476 fd=6: SHARED -> SHARED
DBimpl - UNLOCK REQUEST: 0x3b879400 0
[1773167265.745180930] UNLOCK pid=86476 fd=6: SHARED -> NO_LOCK
DBimpl - LOCK REQUEST: 0x3b879400 1
[1773167265.745489941] LOCK pid=86476 fd=6: NO_LOCK -> SHARED (fallback)
[1773167265.745490957] LOCK pid=86476 fd=6: SHARED -> SHARED
DBimpl - UNLOCK REQUEST: 0x3b879400 0
[1773167265.745629555] UNLOCK pid=86476 fd=6: SHARED -> NO_LOCK
DBimpl - LOCK REQUEST: 0x3b879400 1
[1773167265.746768084] LOCK pid=86477 fd=8: NO_LOCK -> SHARED (fallback)
[1773167265.746769782] LOCK pid=86477 fd=8: SHARED -> SHARED
DBimpl - UNLOCK REQUEST: 0x3b879400 0
[1773167265.746933570] UNLOCK pid=86477 fd=8: SHARED -> NO_LOCK
DBimpl - LOCK REQUEST: 0x3b879400 1
[1773167265.747116444] LOCK pid=86478 fd=10: NO_LOCK -> SHARED (fallback)
[1773167265.747117945] LOCK pid=86478 fd=10: SHARED -> SHARED
DBimpl - LOCK REQUEST: 0x3b879400 2
DBimpl - UNLOCK REQUEST: 0x3b879400 0
[1773167265.747130120] UNLOCK pid=86478 fd=10: SHARED -> NO_LOCK
DBimpl - LOCK REQUEST: 0x3b879400 1
[1773167265.749869497] LOCK pid=86477 fd=8: NO_LOCK -> SHARED (fallback)
[1773167265.749871730] LOCK pid=86477 fd=8: SHARED -> SHARED
DBimpl - LOCK REQUEST: 0x3b879400 1
[1773167265.750004311] LOCK pid=86480 fd=14: NO_LOCK -> SHARED (fallback)
[1773167265.750005924] LOCK pid=86480 fd=14: SHARED -> SHARED
DBimpl - LOCK REQUEST: 0x3b879400 2
DBimpl - UNLOCK REQUEST: 0x3b879400 0
[1773167265.750027302] UNLOCK pid=86480 fd=14: SHARED -> NO_LOCK
DBimpl - UNLOCK REQUEST: 0x3b879400 0
[1773167265.750069469] UNLOCK pid=86477 fd=8: SHARED -> NO_LOCK
DBimpl - LOCK REQUEST: 0x3b879400 1
[1773167265.750414425] LOCK pid=86477 fd=8: NO_LOCK -> SHARED (fallback)
[1773167265.750415629] LOCK pid=86477 fd=8: SHARED -> SHARED
DBimpl - UNLOCK REQUEST: 0x3b879400 0
[1773167265.750589431] UNLOCK pid=86477 fd=8: SHARED -> NO_LOCK
DBimpl - LOCK REQUEST: 0x3b879400 1
[1773167265.750855271] LOCK pid=86476 fd=6: NO_LOCK -> SHARED (fallback)
[1773167265.750856562] LOCK pid=86476 fd=6: SHARED -> SHARED
DBimpl - UNLOCK REQUEST: 0x3b879400 0
[1773167265.751008862] UNLOCK pid=86476 fd=6: SHARED -> NO_LOCK
DBimpl - LOCK REQUEST: 0x3b879400 4
[1773167265.752962654] LOCK pid=86479 fd=12: RESERVED -> PENDING
[1773167265.752965222] LOCK pid=86479 fd=12: PENDING -> EXCLUSIVE
DBimpl - UNLOCK REQUEST: 0x3b879400 1
[1773167265.752969954] UNLOCK pid=86479 fd=12: EXCLUSIVE -> SHARED
DBimpl - UNLOCK REQUEST: 0x3b879400 0
[1773167265.752973842] UNLOCK pid=86479 fd=12: SHARED -> NO_LOCK
DBimpl - LOCK REQUEST: 0x3b879400 1
[1773167265.753483085] LOCK pid=86476 fd=6: NO_LOCK -> SHARED (fallback)
[1773167265.753484546] LOCK pid=86476 fd=6: SHARED -> SHARED
DBimpl - LOCK REQUEST: 0x3b879400 1
[1773167265.753529577] LOCK pid=86479 fd=12: NO_LOCK -> SHARED (fallback)
[1773167265.753531542] LOCK pid=86479 fd=12: SHARED -> SHARED
DBimpl - LOCK REQUEST: 0x3b879400 2
[1773167265.753543228] LOCK pid=86479 fd=12: SHARED -> RESERVED
DBimpl - LOCK REQUEST: 0x3b879400 1
[1773167265.753651045] LOCK pid=86477 fd=8: NO_LOCK -> SHARED (fallback)
[1773167265.753653965] LOCK pid=86477 fd=8: SHARED -> SHARED
DBimpl - UNLOCK REQUEST: 0x3b879400 0
[1773167265.753764485] UNLOCK pid=86476 fd=6: SHARED -> NO_LOCK
DBimpl - UNLOCK REQUEST: 0x3b879400 0
[1773167265.754011232] UNLOCK pid=86477 fd=8: SHARED -> NO_LOCK
DBimpl - LOCK REQUEST: 0x3b879400 1
[1773167265.754715488] LOCK pid=86477 fd=8: NO_LOCK -> SHARED (fallback)
[1773167265.754718257] LOCK pid=86477 fd=8: SHARED -> SHARED
DBimpl - LOCK REQUEST: 0x3b879400 4
[1773167265.754800140] LOCK pid=86479 fd=12: RESERVED -> PENDING
DBimpl - UNLOCK REQUEST: 0x3b879400 0
[1773167265.755033067] UNLOCK pid=86477 fd=8: SHARED -> NO_LOCK
DBimpl - LOCK REQUEST: 0x3b879400 4
[1773167265.755859695] LOCK pid=86479 fd=12: PENDING -> EXCLUSIVE
DBimpl - UNLOCK REQUEST: 0x3b879400 1
[1773167265.755870360] UNLOCK pid=86479 fd=12: EXCLUSIVE -> SHARED
DBimpl - UNLOCK REQUEST: 0x3b879400 0
[1773167265.755873728] UNLOCK pid=86479 fd=12: SHARED -> NO_LOCK
DBimpl - LOCK REQUEST: 0x3b879400 1
[1773167265.756301276] LOCK pid=86479 fd=12: NO_LOCK -> SHARED (fallback)
[1773167265.756302452] LOCK pid=86479 fd=12: SHARED -> SHARED
DBimpl - LOCK REQUEST: 0x3b879400 2
[1773167265.756310385] LOCK pid=86479 fd=12: SHARED -> RESERVED
DBimpl - LOCK REQUEST: 0x3b879400 1
[1773167265.756554908] LOCK pid=86477 fd=8: NO_LOCK -> SHARED (fallback)
[1773167265.756558895] LOCK pid=86477 fd=8: SHARED -> SHARED
DBimpl - UNLOCK REQUEST: 0x3b879400 0
[1773167265.756923422] UNLOCK pid=86477 fd=8: SHARED -> NO_LOCK
DBimpl - LOCK REQUEST: 0x3b879400 1
[1773167265.758522707] LOCK pid=86477 fd=8: NO_LOCK -> SHARED (fallback)
[1773167265.758524986] LOCK pid=86477 fd=8: SHARED -> SHARED
DBimpl - UNLOCK REQUEST: 0x3b879400 0
[1773167265.758873692] UNLOCK pid=86477 fd=8: SHARED -> NO_LOCK
DBimpl - LOCK REQUEST: 0x3b879400 1
[1773167265.759032300] LOCK pid=86477 fd=8: NO_LOCK -> SHARED (fallback)
[1773167265.759033893] LOCK pid=86477 fd=8: SHARED -> SHARED
DBimpl - UNLOCK REQUEST: 0x3b879400 0
[1773167265.759227824] UNLOCK pid=86477 fd=8: SHARED -> NO_LOCK
DBimpl - LOCK REQUEST: 0x3b879400 1
[1773167265.760134885] LOCK pid=86477 fd=8: NO_LOCK -> SHARED (fallback)
[1773167265.760136238] LOCK pid=86477 fd=8: SHARED -> SHARED
DBimpl - UNLOCK REQUEST: 0x3b879400 0
[1773167265.760318710] UNLOCK pid=86477 fd=8: SHARED -> NO_LOCK
DBimpl - LOCK REQUEST: 0x3b879400 1
[1773167265.760592385] LOCK pid=86477 fd=8: NO_LOCK -> SHARED (fallback)
[1773167265.760593587] LOCK pid=86477 fd=8: SHARED -> SHARED
DBimpl - UNLOCK REQUEST: 0x3b879400 0
[1773167265.760765867] UNLOCK pid=86477 fd=8: SHARED -> NO_LOCK
DBimpl - LOCK REQUEST: 0x3b879400 4
[1773167265.760857974] LOCK pid=86479 fd=12: RESERVED -> PENDING
[1773167265.760859895] LOCK pid=86479 fd=12: PENDING -> EXCLUSIVE
DBimpl - UNLOCK REQUEST: 0x3b879400 1
[1773167265.760863538] UNLOCK pid=86479 fd=12: EXCLUSIVE -> SHARED
DBimpl - UNLOCK REQUEST: 0x3b879400 0
[1773167265.760866785] UNLOCK pid=86479 fd=12: SHARED -> NO_LOCK
DBimpl - LOCK REQUEST: 0x3b879400 1
[1773167265.761604031] LOCK pid=86477 fd=8: NO_LOCK -> SHARED (fallback)
[1773167265.761605447] LOCK pid=86477 fd=8: SHARED -> SHARED
DBimpl - UNLOCK REQUEST: 0x3b879400 0
[1773167265.761791356] UNLOCK pid=86477 fd=8: SHARED -> NO_LOCK
DBimpl - LOCK REQUEST: 0x3b879400 1
[1773167265.761925855] LOCK pid=86477 fd=8: NO_LOCK -> SHARED (fallback)
[1773167265.761927100] LOCK pid=86477 fd=8: SHARED -> SHARED
DBimpl - UNLOCK REQUEST: 0x3b879400 0
[1773167265.762101150] UNLOCK pid=86477 fd=8: SHARED -> NO_LOCK
DBimpl - LOCK REQUEST: 0x3b879400 1
[1773167265.762200831] LOCK pid=86478 fd=10: NO_LOCK -> SHARED (fallback)
[1773167265.762202329] LOCK pid=86478 fd=10: SHARED -> SHARED
DBimpl - LOCK REQUEST: 0x3b879400 2
[1773167265.762212188] LOCK pid=86478 fd=10: SHARED -> RESERVED
DBimpl - LOCK REQUEST: 0x3b879400 1
[1773167265.762660549] LOCK pid=86476 fd=6: NO_LOCK -> SHARED (fallback)
[1773167265.762663519] LOCK pid=86476 fd=6: SHARED -> SHARED
DBimpl - LOCK REQUEST: 0x3b879400 4
[1773167265.762777259] LOCK pid=86478 fd=10: RESERVED -> PENDING
DBimpl - UNLOCK REQUEST: 0x3b879400 0
[1773167265.762885740] UNLOCK pid=86476 fd=6: SHARED -> NO_LOCK
DBimpl - LOCK REQUEST: 0x3b879400 1
DBimpl - LOCK REQUEST: 0x3b879400 4
[1773167265.763837288] LOCK pid=86478 fd=10: PENDING -> EXCLUSIVE
DBimpl - LOCK REQUEST: 0x3b879400 1
DBimpl - LOCK REQUEST: 0x3b879400 1
DBimpl - LOCK REQUEST: 0x3b879400 1
DBimpl - LOCK REQUEST: 0x3b879400 1
DBimpl - UNLOCK REQUEST: 0x3b879400 1
[1773167265.766253995] UNLOCK pid=86478 fd=10: EXCLUSIVE -> SHARED
DBimpl - UNLOCK REQUEST: 0x3b879400 0
[1773167265.766259835] UNLOCK pid=86478 fd=10: SHARED -> NO_LOCK
DBimpl - LOCK REQUEST: 0x3b879400 1
[1773167265.766681072] LOCK pid=86479 fd=12: NO_LOCK -> SHARED (fallback)
[1773167265.766683286] LOCK pid=86479 fd=12: SHARED -> SHARED
DBimpl - LOCK REQUEST: 0x3b879400 2
[1773167265.766702749] LOCK pid=86479 fd=12: SHARED -> RESERVED
DBimpl - LOCK REQUEST: 0x3b879400 1
[1773167265.766822570] LOCK pid=86477 fd=8: NO_LOCK -> SHARED (fallback)
[1773167265.766824084] LOCK pid=86477 fd=8: SHARED -> SHARED
DBimpl - UNLOCK REQUEST: 0x3b879400 0
[1773167265.767064461] UNLOCK pid=86477 fd=8: SHARED -> NO_LOCK
DBimpl - LOCK REQUEST: 0x3b879400 1
[1773167265.767748401] LOCK pid=86476 fd=6: NO_LOCK -> SHARED (fallback)
[1773167265.767751413] LOCK pid=86476 fd=6: SHARED -> SHARED
DBimpl - LOCK REQUEST: 0x3b879400 1
[1773167265.767944988] LOCK pid=86477 fd=8: NO_LOCK -> SHARED (fallback)
[1773167265.767946407] LOCK pid=86477 fd=8: SHARED -> SHARED
DBimpl - UNLOCK REQUEST: 0x3b879400 0
[1773167265.768075781] UNLOCK pid=86476 fd=6: SHARED -> NO_LOCK
DBimpl - UNLOCK REQUEST: 0x3b879400 0
[1773167265.768181777] UNLOCK pid=86477 fd=8: SHARED -> NO_LOCK
DBimpl - LOCK REQUEST: 0x3b879400 1
[1773167265.768370537] LOCK pid=86478 fd=10: NO_LOCK -> SHARED (fallback)
[1773167265.768372063] LOCK pid=86478 fd=10: SHARED -> SHARED
DBimpl - LOCK REQUEST: 0x3b879400 2
DBimpl - UNLOCK REQUEST: 0x3b879400 0
[1773167265.768385023] UNLOCK pid=86478 fd=10: SHARED -> NO_LOCK
DBimpl - LOCK REQUEST: 0x3b879400 1
[1773167265.769466697] LOCK pid=86478 fd=10: NO_LOCK -> SHARED (fallback)
[1773167265.769468035] LOCK pid=86478 fd=10: SHARED -> SHARED
DBimpl - LOCK REQUEST: 0x3b879400 2
DBimpl - UNLOCK REQUEST: 0x3b879400 0
[1773167265.769478864] UNLOCK pid=86478 fd=10: SHARED -> NO_LOCK
DBimpl - LOCK REQUEST: 0x3b879400 1
[1773167265.770068737] LOCK pid=86476 fd=6: NO_LOCK -> SHARED (fallback)
[1773167265.770071440] LOCK pid=86476 fd=6: SHARED -> SHARED
DBimpl - UNLOCK REQUEST: 0x3b879400 0
[1773167265.770378709] UNLOCK pid=86476 fd=6: SHARED -> NO_LOCK
DBimpl - LOCK REQUEST: 0x3b879400 1
[1773167265.770894503] LOCK pid=86477 fd=8: NO_LOCK -> SHARED (fallback)
[1773167265.770896194] LOCK pid=86477 fd=8: SHARED -> SHARED
DBimpl - UNLOCK REQUEST: 0x3b879400 0
[1773167265.771103820] UNLOCK pid=86477 fd=8: SHARED -> NO_LOCK
DBimpl - LOCK REQUEST: 0x3b879400 1
[1773167265.771203378] LOCK pid=86477 fd=8: NO_LOCK -> SHARED (fallback)
[1773167265.771204604] LOCK pid=86477 fd=8: SHARED -> SHARED
DBimpl - UNLOCK REQUEST: 0x3b879400 0
[1773167265.771388892] UNLOCK pid=86477 fd=8: SHARED -> NO_LOCK
DBimpl - LOCK REQUEST: 0x3b879400 1
[1773167265.771542169] LOCK pid=86478 fd=10: NO_LOCK -> SHARED (fallback)
[1773167265.771544039] LOCK pid=86478 fd=10: SHARED -> SHARED
DBimpl - LOCK REQUEST: 0x3b879400 2
DBimpl - UNLOCK REQUEST: 0x3b879400 0
[1773167265.771557963] UNLOCK pid=86478 fd=10: SHARED -> NO_LOCK
DBimpl - LOCK REQUEST: 0x3b879400 1
[1773167265.772003638] LOCK pid=86477 fd=8: NO_LOCK -> SHARED (fallback)
[1773167265.772005210] LOCK pid=86477 fd=8: SHARED -> SHARED
DBimpl - UNLOCK REQUEST: 0x3b879400 0
[1773167265.772191623] UNLOCK pid=86477 fd=8: SHARED -> NO_LOCK
DBimpl - LOCK REQUEST: 0x3b879400 1
[1773167265.774184218] LOCK pid=86476 fd=6: NO_LOCK -> SHARED (fallback)
[1773167265.774188860] LOCK pid=86476 fd=6: SHARED -> SHARED
DBimpl - UNLOCK REQUEST: 0x3b879400 0
[1773167265.774520135] UNLOCK pid=86476 fd=6: SHARED -> NO_LOCK
DBimpl - LOCK REQUEST: 0x3b879400 1
[1773167265.775976394] LOCK pid=86476 fd=6: NO_LOCK -> SHARED (fallback)
[1773167265.775978498] LOCK pid=86476 fd=6: SHARED -> SHARED
DBimpl - UNLOCK REQUEST: 0x3b879400 0
[1773167265.776263845] UNLOCK pid=86476 fd=6: SHARED -> NO_LOCK
DBimpl - LOCK REQUEST: 0x3b879400 1
[1773167265.776651825] LOCK pid=86478 fd=10: NO_LOCK -> SHARED (fallback)
[1773167265.776654914] LOCK pid=86478 fd=10: SHARED -> SHARED
DBimpl - LOCK REQUEST: 0x3b879400 2
DBimpl - UNLOCK REQUEST: 0x3b879400 0
[1773167265.776675581] UNLOCK pid=86478 fd=10: SHARED -> NO_LOCK
DBimpl - LOCK REQUEST: 0x3b879400 4
[1773167265.776916960] LOCK pid=86479 fd=12: RESERVED -> PENDING
[1773167265.776919024] LOCK pid=86479 fd=12: PENDING -> EXCLUSIVE
DBimpl - UNLOCK REQUEST: 0x3b879400 1
[1773167265.776924987] UNLOCK pid=86479 fd=12: EXCLUSIVE -> SHARED
DBimpl - UNLOCK REQUEST: 0x3b879400 0
[1773167265.776944813] UNLOCK pid=86479 fd=12: SHARED -> NO_LOCK
DBimpl - LOCK REQUEST: 0x3b879400 1
[1773167265.777804122] LOCK pid=86479 fd=12: NO_LOCK -> SHARED (fallback)
[1773167265.777805444] LOCK pid=86479 fd=12: SHARED -> SHARED
DBimpl - LOCK REQUEST: 0x3b879400 2
[1773167265.777814284] LOCK pid=86479 fd=12: SHARED -> RESERVED
DBimpl - LOCK REQUEST: 0x3b879400 1
[1773167265.779918893] LOCK pid=86476 fd=6: NO_LOCK -> SHARED (fallback)
[1773167265.779921550] LOCK pid=86476 fd=6: SHARED -> SHARED
DBimpl - UNLOCK REQUEST: 0x3b879400 0
[1773167265.780249724] UNLOCK pid=86476 fd=6: SHARED -> NO_LOCK
DBimpl - LOCK REQUEST: 0x3b879400 1
[1773167265.780490835] LOCK pid=86476 fd=6: NO_LOCK -> SHARED (fallback)
[1773167265.780492869] LOCK pid=86476 fd=6: SHARED -> SHARED
DBimpl - UNLOCK REQUEST: 0x3b879400 0
[1773167265.780816241] UNLOCK pid=86476 fd=6: SHARED -> NO_LOCK
DBimpl - LOCK REQUEST: 0x3b879400 1
[1773167265.783161421] LOCK pid=86476 fd=6: NO_LOCK -> SHARED (fallback)
[1773167265.783164557] LOCK pid=86476 fd=6: SHARED -> SHARED
DBimpl - UNLOCK REQUEST: 0x3b879400 0
[1773167265.783374977] UNLOCK pid=86476 fd=6: SHARED -> NO_LOCK
DBimpl - LOCK REQUEST: 0x3b879400 1
[1773167265.783452015] LOCK pid=86477 fd=8: NO_LOCK -> SHARED (fallback)
[1773167265.783453574] LOCK pid=86477 fd=8: SHARED -> SHARED
DBimpl - UNLOCK REQUEST: 0x3b879400 0
[1773167265.783696573] UNLOCK pid=86477 fd=8: SHARED -> NO_LOCK
DBimpl - LOCK REQUEST: 0x3b879400 1
[1773167265.784326659] LOCK pid=86477 fd=8: NO_LOCK -> SHARED (fallback)
[1773167265.784327939] LOCK pid=86477 fd=8: SHARED -> SHARED
DBimpl - UNLOCK REQUEST: 0x3b879400 0
[1773167265.784522086] UNLOCK pid=86477 fd=8: SHARED -> NO_LOCK
DBimpl - LOCK REQUEST: 0x3b879400 1
[1773167265.784825700] LOCK pid=86477 fd=8: NO_LOCK -> SHARED (fallback)
[1773167265.784827183] LOCK pid=86477 fd=8: SHARED -> SHARED
DBimpl - UNLOCK REQUEST: 0x3b879400 0
[1773167265.785030509] UNLOCK pid=86477 fd=8: SHARED -> NO_LOCK
DBimpl - LOCK REQUEST: 0x3b879400 1
[1773167265.785676831] LOCK pid=86477 fd=8: NO_LOCK -> SHARED (fallback)
[1773167265.785677927] LOCK pid=86477 fd=8: SHARED -> SHARED
DBimpl - UNLOCK REQUEST: 0x3b879400 0
[1773167265.785861572] UNLOCK pid=86477 fd=8: SHARED -> NO_LOCK
DBimpl - LOCK REQUEST: 0x3b879400 1
[1773167265.785960598] LOCK pid=86477 fd=8: NO_LOCK -> SHARED (fallback)
[1773167265.785961793] LOCK pid=86477 fd=8: SHARED -> SHARED
DBimpl - UNLOCK REQUEST: 0x3b879400 0
[1773167265.786130604] UNLOCK pid=86477 fd=8: SHARED -> NO_LOCK
DBimpl - LOCK REQUEST: 0x3b879400 1
[1773167265.786764104] LOCK pid=86478 fd=10: NO_LOCK -> SHARED (fallback)
[1773167265.786765624] LOCK pid=86478 fd=10: SHARED -> SHARED
DBimpl - LOCK REQUEST: 0x3b879400 2
DBimpl - UNLOCK REQUEST: 0x3b879400 0
[1773167265.786776233] UNLOCK pid=86478 fd=10: SHARED -> NO_LOCK
DBimpl - LOCK REQUEST: 0x3b879400 4
[1773167265.787189019] LOCK pid=86479 fd=12: RESERVED -> PENDING
[1773167265.787191330] LOCK pid=86479 fd=12: PENDING -> EXCLUSIVE
DBimpl - UNLOCK REQUEST: 0x3b879400 1
[1773167265.787195381] UNLOCK pid=86479 fd=12: EXCLUSIVE -> SHARED
DBimpl - UNLOCK REQUEST: 0x3b879400 0
[1773167265.787198991] UNLOCK pid=86479 fd=12: SHARED -> NO_LOCK
DBimpl - LOCK REQUEST: 0x3b879400 1
[1773167265.789019360] LOCK pid=86476 fd=6: NO_LOCK -> SHARED (fallback)
[1773167265.789020849] LOCK pid=86476 fd=6: SHARED -> SHARED
DBimpl - LOCK REQUEST: 0x3b879400 1
[1773167265.789077065] LOCK pid=86479 fd=12: NO_LOCK -> SHARED (fallback)
[1773167265.789078791] LOCK pid=86479 fd=12: SHARED -> SHARED
DBimpl - LOCK REQUEST: 0x3b879400 2
[1773167265.789090283] LOCK pid=86479 fd=12: SHARED -> RESERVED
DBimpl - UNLOCK REQUEST: 0x3b879400 0
[1773167265.789181491] UNLOCK pid=86476 fd=6: SHARED -> NO_LOCK
DBimpl - LOCK REQUEST: 0x3b879400 1
[1773167265.789996043] LOCK pid=86476 fd=6: NO_LOCK -> SHARED (fallback)
[1773167265.789997256] LOCK pid=86476 fd=6: SHARED -> SHARED
DBimpl - UNLOCK REQUEST: 0x3b879400 0
[1773167265.790161427] UNLOCK pid=86476 fd=6: SHARED -> NO_LOCK
DBimpl - LOCK REQUEST: 0x3b879400 1
[1773167265.790761567] LOCK pid=86477 fd=8: NO_LOCK -> SHARED (fallback)
[1773167265.790769411] LOCK pid=86477 fd=8: SHARED -> SHARED
DBimpl - UNLOCK REQUEST: 0x3b879400 0
[1773167265.790953982] UNLOCK pid=86477 fd=8: SHARED -> NO_LOCK
DBimpl - LOCK REQUEST: 0x3b879400 1
[1773167265.791580747] LOCK pid=86477 fd=8: NO_LOCK -> SHARED (fallback)
[1773167265.791581846] LOCK pid=86477 fd=8: SHARED -> SHARED
DBimpl - LOCK REQUEST: 0x3b879400 1
[1773167265.791761661] LOCK pid=86476 fd=6: NO_LOCK -> SHARED (fallback)
[1773167265.791763749] LOCK pid=86476 fd=6: SHARED -> SHARED
DBimpl - UNLOCK REQUEST: 0x3b879400 0
[1773167265.791784615] UNLOCK pid=86477 fd=8: SHARED -> NO_LOCK
DBimpl - UNLOCK REQUEST: 0x3b879400 0
[1773167265.791955762] UNLOCK pid=86476 fd=6: SHARED -> NO_LOCK
DBimpl - LOCK REQUEST: 0x3b879400 1
[1773167265.792337579] LOCK pid=86476 fd=6: NO_LOCK -> SHARED (fallback)
[1773167265.792339005] LOCK pid=86476 fd=6: SHARED -> SHARED
DBimpl - UNLOCK REQUEST: 0x3b879400 0
[1773167265.792495403] UNLOCK pid=86476 fd=6: SHARED -> NO_LOCK
DBimpl - LOCK REQUEST: 0x3b879400 1
[1773167265.792920459] LOCK pid=86477 fd=8: NO_LOCK -> SHARED (fallback)
[1773167265.792921683] LOCK pid=86477 fd=8: SHARED -> SHARED
DBimpl - UNLOCK REQUEST: 0x3b879400 0
[1773167265.793102901] UNLOCK pid=86477 fd=8: SHARED -> NO_LOCK
DBimpl - LOCK REQUEST: 0x3b879400 4
[1773167265.793269789] LOCK pid=86479 fd=12: RESERVED -> PENDING
[1773167265.793271950] LOCK pid=86479 fd=12: PENDING -> EXCLUSIVE
DBimpl - UNLOCK REQUEST: 0x3b879400 1
[1773167265.793276050] UNLOCK pid=86479 fd=12: EXCLUSIVE -> SHARED
DBimpl - UNLOCK REQUEST: 0x3b879400 0
[1773167265.793282303] UNLOCK pid=86479 fd=12: SHARED -> NO_LOCK
DBimpl - LOCK REQUEST: 0x3b879400 1
DBimpl - LOCK REQUEST: 0x3b879400 1
[1773167265.794431552] LOCK pid=86479 fd=12: NO_LOCK -> SHARED (fallback)
[1773167265.794436408] LOCK pid=86479 fd=12: SHARED -> SHARED
[1773167265.794438770] LOCK pid=86476 fd=6: NO_LOCK -> SHARED (fallback)
DBimpl - LOCK REQUEST: 0x3b879400 1
[1773167265.794440931] LOCK pid=86476 fd=6: SHARED -> SHARED
[1773167265.794446523] LOCK pid=86477 fd=8: NO_LOCK -> SHARED (fallback)
DBimpl - LOCK REQUEST: 0x3b879400 2
[1773167265.794448680] LOCK pid=86477 fd=8: SHARED -> SHARED
[1773167265.794450873] LOCK pid=86479 fd=12: SHARED -> RESERVED
DBimpl - UNLOCK REQUEST: 0x3b879400 0
[1773167265.794695048] UNLOCK pid=86477 fd=8: SHARED -> NO_LOCK
DBimpl - UNLOCK REQUEST: 0x3b879400 0
[1773167265.794790070] UNLOCK pid=86476 fd=6: SHARED -> NO_LOCK
DBimpl - LOCK REQUEST: 0x3b879400 1
[1773167265.794857443] LOCK pid=86477 fd=8: NO_LOCK -> SHARED (fallback)
[1773167265.794858754] LOCK pid=86477 fd=8: SHARED -> SHARED
DBimpl - UNLOCK REQUEST: 0x3b879400 0
[1773167265.795082977] UNLOCK pid=86477 fd=8: SHARED -> NO_LOCK
DBimpl - LOCK REQUEST: 0x3b879400 1
[1773167265.796108106] LOCK pid=86476 fd=6: NO_LOCK -> SHARED (fallback)
[1773167265.796110224] LOCK pid=86476 fd=6: SHARED -> SHARED
DBimpl - UNLOCK REQUEST: 0x3b879400 0
[1773167265.796403003] UNLOCK pid=86476 fd=6: SHARED -> NO_LOCK
DBimpl - LOCK REQUEST: 0x3b879400 1
[1773167265.796430578] LOCK pid=86477 fd=8: NO_LOCK -> SHARED (fallback)
[1773167265.796431901] LOCK pid=86477 fd=8: SHARED -> SHARED
DBimpl - UNLOCK REQUEST: 0x3b879400 0
[1773167265.796603823] UNLOCK pid=86477 fd=8: SHARED -> NO_LOCK
DBimpl - LOCK REQUEST: 0x3b879400 1
[1773167265.796915983] LOCK pid=86476 fd=6: NO_LOCK -> SHARED (fallback)
[1773167265.796917938] LOCK pid=86476 fd=6: SHARED -> SHARED
DBimpl - UNLOCK REQUEST: 0x3b879400 0
[1773167265.797203473] UNLOCK pid=86476 fd=6: SHARED -> NO_LOCK
DBimpl - LOCK REQUEST: 0x3b879400 4
[1773167265.797315689] LOCK pid=86479 fd=12: RESERVED -> PENDING
[1773167265.797317476] LOCK pid=86479 fd=12: PENDING -> EXCLUSIVE
DBimpl - UNLOCK REQUEST: 0x3b879400 1
[1773167265.797321012] UNLOCK pid=86479 fd=12: EXCLUSIVE -> SHARED
DBimpl - UNLOCK REQUEST: 0x3b879400 0
[1773167265.797324086] UNLOCK pid=86479 fd=12: SHARED -> NO_LOCK
DBimpl - LOCK REQUEST: 0x3b879400 1
[1773167265.797703402] LOCK pid=86476 fd=6: NO_LOCK -> SHARED (fallback)
[1773167265.797704584] LOCK pid=86476 fd=6: SHARED -> SHARED
DBimpl - UNLOCK REQUEST: 0x3b879400 0
[1773167265.797855397] UNLOCK pid=86476 fd=6: SHARED -> NO_LOCK
DBimpl - LOCK REQUEST: 0x3b879400 1
[1773167265.798353540] LOCK pid=86479 fd=12: NO_LOCK -> SHARED (fallback)
[1773167265.798354803] LOCK pid=86479 fd=12: SHARED -> SHARED
DBimpl - LOCK REQUEST: 0x3b879400 2
[1773167265.798361583] LOCK pid=86479 fd=12: SHARED -> RESERVED
DBimpl - LOCK REQUEST: 0x3b879400 1
[1773167265.800093876] LOCK pid=86480 fd=14: NO_LOCK -> SHARED (fallback)
[1773167265.800095384] LOCK pid=86480 fd=14: SHARED -> SHARED
DBimpl - LOCK REQUEST: 0x3b879400 2
DBimpl - UNLOCK REQUEST: 0x3b879400 0
[1773167265.800106934] UNLOCK pid=86480 fd=14: SHARED -> NO_LOCK
DBimpl - LOCK REQUEST: 0x3b879400 1
[1773167265.800243819] LOCK pid=86476 fd=6: NO_LOCK -> SHARED (fallback)
[1773167265.800245844] LOCK pid=86476 fd=6: SHARED -> SHARED
DBimpl - UNLOCK REQUEST: 0x3b879400 0
[1773167265.800537541] UNLOCK pid=86476 fd=6: SHARED -> NO_LOCK
DBimpl - LOCK REQUEST: 0x3b879400 1
[1773167265.800966894] LOCK pid=86477 fd=8: NO_LOCK -> SHARED (fallback)
[1773167265.800968041] LOCK pid=86477 fd=8: SHARED -> SHARED
DBimpl - UNLOCK REQUEST: 0x3b879400 0
[1773167265.801135741] UNLOCK pid=86477 fd=8: SHARED -> NO_LOCK
DBimpl - LOCK REQUEST: 0x3b879400 1
[1773167265.801846115] LOCK pid=86478 fd=10: NO_LOCK -> SHARED (fallback)
[1773167265.801848084] LOCK pid=86478 fd=10: SHARED -> SHARED
DBimpl - LOCK REQUEST: 0x3b879400 2
DBimpl - UNLOCK REQUEST: 0x3b879400 0
[1773167265.801860837] UNLOCK pid=86478 fd=10: SHARED -> NO_LOCK
DBimpl - LOCK REQUEST: 0x3b879400 1
[1773167265.802096645] LOCK pid=86476 fd=6: NO_LOCK -> SHARED (fallback)
[1773167265.802098764] LOCK pid=86476 fd=6: SHARED -> SHARED
DBimpl - UNLOCK REQUEST: 0x3b879400 0
[1773167265.802387093] UNLOCK pid=86476 fd=6: SHARED -> NO_LOCK
DBimpl - LOCK REQUEST: 0x3b879400 1
[1773167265.802742308] LOCK pid=86476 fd=6: NO_LOCK -> SHARED (fallback)
[1773167265.802744318] LOCK pid=86476 fd=6: SHARED -> SHARED
DBimpl - UNLOCK REQUEST: 0x3b879400 0
[1773167265.803029203] UNLOCK pid=86476 fd=6: SHARED -> NO_LOCK
DBimpl - LOCK REQUEST: 0x3b879400 1
[1773167265.803534663] LOCK pid=86476 fd=6: NO_LOCK -> SHARED (fallback)
[1773167265.803536693] LOCK pid=86476 fd=6: SHARED -> SHARED
DBimpl - UNLOCK REQUEST: 0x3b879400 0
[1773167265.803836470] UNLOCK pid=86476 fd=6: SHARED -> NO_LOCK
DBimpl - LOCK REQUEST: 0x3b879400 1
[1773167265.803960747] LOCK pid=86476 fd=6: NO_LOCK -> SHARED (fallback)
[1773167265.803962525] LOCK pid=86476 fd=6: SHARED -> SHARED
DBimpl - UNLOCK REQUEST: 0x3b879400 0
[1773167265.804248008] UNLOCK pid=86476 fd=6: SHARED -> NO_LOCK
DBimpl - LOCK REQUEST: 0x3b879400 1
[1773167265.805887389] LOCK pid=86477 fd=8: NO_LOCK -> SHARED (fallback)
[1773167265.805888818] LOCK pid=86477 fd=8: SHARED -> SHARED
DBimpl - UNLOCK REQUEST: 0x3b879400 0
[1773167265.806082764] UNLOCK pid=86477 fd=8: SHARED -> NO_LOCK
DBimpl - LOCK REQUEST: 0x3b879400 1
[1773167265.806627002] LOCK pid=86476 fd=6: NO_LOCK -> SHARED (fallback)
[1773167265.806629229] LOCK pid=86476 fd=6: SHARED -> SHARED
DBimpl - UNLOCK REQUEST: 0x3b879400 0
[1773167265.806920262] UNLOCK pid=86476 fd=6: SHARED -> NO_LOCK
DBimpl - LOCK REQUEST: 0x3b879400 1
[1773167265.807126529] LOCK pid=86477 fd=8: NO_LOCK -> SHARED (fallback)
[1773167265.807127878] LOCK pid=86477 fd=8: SHARED -> SHARED
DBimpl - UNLOCK REQUEST: 0x3b879400 0
[1773167265.807306458] UNLOCK pid=86477 fd=8: SHARED -> NO_LOCK
DBimpl - LOCK REQUEST: 0x3b879400 1
[1773167265.807321081] LOCK pid=86476 fd=6: NO_LOCK -> SHARED (fallback)
[1773167265.807323083] LOCK pid=86476 fd=6: SHARED -> SHARED
DBimpl - UNLOCK REQUEST: 0x3b879400 0
[1773167265.807605925] UNLOCK pid=86476 fd=6: SHARED -> NO_LOCK
DBimpl - LOCK REQUEST: 0x3b879400 4
[1773167265.808267960] LOCK pid=86479 fd=12: RESERVED -> PENDING
[1773167265.808269865] LOCK pid=86479 fd=12: PENDING -> EXCLUSIVE
DBimpl - UNLOCK REQUEST: 0x3b879400 1
[1773167265.808273424] UNLOCK pid=86479 fd=12: EXCLUSIVE -> SHARED
DBimpl - UNLOCK REQUEST: 0x3b879400 0
[1773167265.808276617] UNLOCK pid=86479 fd=12: SHARED -> NO_LOCK
DBimpl - LOCK REQUEST: 0x3b879400 1
[1773167265.808389324] LOCK pid=86477 fd=8: NO_LOCK -> SHARED (fallback)
[1773167265.808390743] LOCK pid=86477 fd=8: SHARED -> SHARED
DBimpl - LOCK REQUEST: 0x3b879400 1
[1773167265.808456968] LOCK pid=86476 fd=6: NO_LOCK -> SHARED (fallback)
[1773167265.808458127] LOCK pid=86476 fd=6: SHARED -> SHARED
DBimpl - UNLOCK REQUEST: 0x3b879400 0
[1773167265.808564235] UNLOCK pid=86477 fd=8: SHARED -> NO_LOCK
DBimpl - UNLOCK REQUEST: 0x3b879400 0
[1773167265.808634641] UNLOCK pid=86476 fd=6: SHARED -> NO_LOCK
DBimpl - LOCK REQUEST: 0x3b879400 1
[1773167265.809434031] LOCK pid=86479 fd=12: NO_LOCK -> SHARED (fallback)
[1773167265.809435450] LOCK pid=86479 fd=12: SHARED -> SHARED
DBimpl - LOCK REQUEST: 0x3b879400 2
[1773167265.809442181] LOCK pid=86479 fd=12: SHARED -> RESERVED
DBimpl - LOCK REQUEST: 0x3b879400 1
[1773167265.812571895] LOCK pid=86477 fd=8: NO_LOCK -> SHARED (fallback)
[1773167265.812573791] LOCK pid=86477 fd=8: SHARED -> SHARED
DBimpl - UNLOCK REQUEST: 0x3b879400 0
[1773167265.812784651] UNLOCK pid=86477 fd=8: SHARED -> NO_LOCK
DBimpl - LOCK REQUEST: 0x3b879400 4
[1773167265.813400335] LOCK pid=86479 fd=12: RESERVED -> PENDING
[1773167265.813402081] LOCK pid=86479 fd=12: PENDING -> EXCLUSIVE
DBimpl - UNLOCK REQUEST: 0x3b879400 1
[1773167265.813405660] UNLOCK pid=86479 fd=12: EXCLUSIVE -> SHARED
DBimpl - UNLOCK REQUEST: 0x3b879400 0
[1773167265.813408875] UNLOCK pid=86479 fd=12: SHARED -> NO_LOCK
DBimpl - LOCK REQUEST: 0x3b879400 1
[1773167265.814270126] LOCK pid=86476 fd=6: NO_LOCK -> SHARED (fallback)
[1773167265.814272277] LOCK pid=86476 fd=6: SHARED -> SHARED
DBimpl - LOCK REQUEST: 0x3b879400 1
[1773167265.814282728] LOCK pid=86479 fd=12: NO_LOCK -> SHARED (fallback)
[1773167265.814284545] LOCK pid=86479 fd=12: SHARED -> SHARED
DBimpl - LOCK REQUEST: 0x3b879400 2
[1773167265.814294951] LOCK pid=86479 fd=12: SHARED -> RESERVED
DBimpl - UNLOCK REQUEST: 0x3b879400 0
[1773167265.814565775] UNLOCK pid=86476 fd=6: SHARED -> NO_LOCK
DBimpl - LOCK REQUEST: 0x3b879400 1
[1773167265.817240386] LOCK pid=86476 fd=6: NO_LOCK -> SHARED (fallback)
[1773167265.817242538] LOCK pid=86476 fd=6: SHARED -> SHARED
DBimpl - UNLOCK REQUEST: 0x3b879400 0
[1773167265.817542877] UNLOCK pid=86476 fd=6: SHARED -> NO_LOCK
DBimpl - LOCK REQUEST: 0x3b879400 1
[1773167265.818113744] LOCK pid=86477 fd=8: NO_LOCK -> SHARED (fallback)
[1773167265.818116631] LOCK pid=86477 fd=8: SHARED -> SHARED
DBimpl - UNLOCK REQUEST: 0x3b879400 0
[1773167265.818341034] UNLOCK pid=86477 fd=8: SHARED -> NO_LOCK
DBimpl - LOCK REQUEST: 0x3b879400 1
[1773167265.819572056] LOCK pid=86477 fd=8: NO_LOCK -> SHARED (fallback)
[1773167265.819573236] LOCK pid=86477 fd=8: SHARED -> SHARED
DBimpl - UNLOCK REQUEST: 0x3b879400 0
[1773167265.819747648] UNLOCK pid=86477 fd=8: SHARED -> NO_LOCK
DBimpl - LOCK REQUEST: 0x3b879400 1
[1773167265.819983980] LOCK pid=86477 fd=8: NO_LOCK -> SHARED (fallback)
[1773167265.819985081] LOCK pid=86477 fd=8: SHARED -> SHARED
DBimpl - UNLOCK REQUEST: 0x3b879400 0
[1773167265.820152448] UNLOCK pid=86477 fd=8: SHARED -> NO_LOCK
DBimpl - LOCK REQUEST: 0x3b879400 4
[1773167265.820260518] LOCK pid=86479 fd=12: RESERVED -> PENDING
[1773167265.820262171] LOCK pid=86479 fd=12: PENDING -> EXCLUSIVE
DBimpl - UNLOCK REQUEST: 0x3b879400 1
[1773167265.820265360] UNLOCK pid=86479 fd=12: EXCLUSIVE -> SHARED
DBimpl - UNLOCK REQUEST: 0x3b879400 0
[1773167265.820268215] UNLOCK pid=86479 fd=12: SHARED -> NO_LOCK
DBimpl - LOCK REQUEST: 0x3b879400 1
[1773167265.820672400] LOCK pid=86476 fd=6: NO_LOCK -> SHARED (fallback)
[1773167265.820673574] LOCK pid=86476 fd=6: SHARED -> SHARED
DBimpl - UNLOCK REQUEST: 0x3b879400 0
[1773167265.820819260] UNLOCK pid=86476 fd=6: SHARED -> NO_LOCK
DBimpl - LOCK REQUEST: 0x3b879400 1
[1773167265.821161232] LOCK pid=86477 fd=8: NO_LOCK -> SHARED (fallback)
[1773167265.821162310] LOCK pid=86477 fd=8: SHARED -> SHARED
DBimpl - UNLOCK REQUEST: 0x3b879400 0
[1773167265.821310588] UNLOCK pid=86477 fd=8: SHARED -> NO_LOCK
DBimpl - LOCK REQUEST: 0x3b879400 1
[1773167265.821925501] LOCK pid=86478 fd=10: NO_LOCK -> SHARED (fallback)
[1773167265.821930883] LOCK pid=86478 fd=10: SHARED -> SHARED
DBimpl - LOCK REQUEST: 0x3b879400 2
[1773167265.821939331] LOCK pid=86478 fd=10: SHARED -> RESERVED
DBimpl - LOCK REQUEST: 0x3b879400 1
[1773167265.822310652] LOCK pid=86476 fd=6: NO_LOCK -> SHARED (fallback)
[1773167265.822312625] LOCK pid=86476 fd=6: SHARED -> SHARED
DBimpl - UNLOCK REQUEST: 0x3b879400 0
[1773167265.822491606] UNLOCK pid=86476 fd=6: SHARED -> NO_LOCK
DBimpl - LOCK REQUEST: 0x3b879400 4
[1773167265.822529026] LOCK pid=86478 fd=10: RESERVED -> PENDING
[1773167265.822531892] LOCK pid=86478 fd=10: PENDING -> EXCLUSIVE
DBimpl - UNLOCK REQUEST: 0x3b879400 1
[1773167265.824830486] UNLOCK pid=86478 fd=10: EXCLUSIVE -> SHARED
DBimpl - UNLOCK REQUEST: 0x3b879400 0
[1773167265.824836635] UNLOCK pid=86478 fd=10: SHARED -> NO_LOCK
DBimpl - LOCK REQUEST: 0x3b879400 1
[1773167265.825302565] LOCK pid=86478 fd=10: NO_LOCK -> SHARED (fallback)
[1773167265.825304002] LOCK pid=86478 fd=10: SHARED -> SHARED
DBimpl - LOCK REQUEST: 0x3b879400 2
[1773167265.825319023] LOCK pid=86478 fd=10: SHARED -> RESERVED
DBimpl - LOCK REQUEST: 0x3b879400 1
[1773167265.825445595] LOCK pid=86479 fd=12: NO_LOCK -> SHARED (fallback)
[1773167265.825447615] LOCK pid=86479 fd=12: SHARED -> SHARED
DBimpl - LOCK REQUEST: 0x3b879400 2
DBimpl - UNLOCK REQUEST: 0x3b879400 0
[1773167265.825466815] UNLOCK pid=86479 fd=12: SHARED -> NO_LOCK
DBimpl - LOCK REQUEST: 0x3b879400 4
[1773167265.825895605] LOCK pid=86478 fd=10: RESERVED -> PENDING
[1773167265.825897671] LOCK pid=86478 fd=10: PENDING -> EXCLUSIVE
DBimpl - LOCK REQUEST: 0x3b879400 1
DBimpl - LOCK REQUEST: 0x3b879400 1
DBimpl - LOCK REQUEST: 0x3b879400 1
DBimpl - UNLOCK REQUEST: 0x3b879400 1
[1773167265.827551225] UNLOCK pid=86478 fd=10: EXCLUSIVE -> SHARED
DBimpl - UNLOCK REQUEST: 0x3b879400 0
[1773167265.827557390] UNLOCK pid=86478 fd=10: SHARED -> NO_LOCK
DBimpl - LOCK REQUEST: 0x3b879400 1
[1773167265.827674007] LOCK pid=86477 fd=8: NO_LOCK -> SHARED (fallback)
DBimpl - LOCK REQUEST: 0x3b879400 1
[1773167265.827677456] LOCK pid=86477 fd=8: SHARED -> SHARED
[1773167265.827680001] LOCK pid=86478 fd=10: NO_LOCK -> SHARED (fallback)
[1773167265.827681354] LOCK pid=86478 fd=10: SHARED -> SHARED
DBimpl - LOCK REQUEST: 0x3b879400 2
[1773167265.827691335] LOCK pid=86478 fd=10: SHARED -> RESERVED
DBimpl - LOCK REQUEST: 0x3b879400 1
[1773167265.828061928] LOCK pid=86476 fd=6: NO_LOCK -> SHARED (fallback)
[1773167265.828064534] LOCK pid=86476 fd=6: SHARED -> SHARED
DBimpl - UNLOCK REQUEST: 0x3b879400 0
[1773167265.828093854] UNLOCK pid=86477 fd=8: SHARED -> NO_LOCK
DBimpl - LOCK REQUEST: 0x3b879400 4
[1773167265.828261347] LOCK pid=86478 fd=10: RESERVED -> PENDING
DBimpl - UNLOCK REQUEST: 0x3b879400 0
[1773167265.828353807] UNLOCK pid=86476 fd=6: SHARED -> NO_LOCK
DBimpl - LOCK REQUEST: 0x3b879400 1
DBimpl - LOCK REQUEST: 0x3b879400 1
DBimpl - LOCK REQUEST: 0x3b879400 4
[1773167265.829323910] LOCK pid=86478 fd=10: PENDING -> EXCLUSIVE
DBimpl - LOCK REQUEST: 0x3b879400 1
DBimpl - LOCK REQUEST: 0x3b879400 1
DBimpl - LOCK REQUEST: 0x3b879400 1
DBimpl - UNLOCK REQUEST: 0x3b879400 1
[1773167265.831636915] UNLOCK pid=86478 fd=10: EXCLUSIVE -> SHARED
DBimpl - UNLOCK REQUEST: 0x3b879400 0
[1773167265.831642378] UNLOCK pid=86478 fd=10: SHARED -> NO_LOCK
DBimpl - LOCK REQUEST: 0x3b879400 1
[1773167265.831737549] LOCK pid=86476 fd=6: NO_LOCK -> SHARED (fallback)
[1773167265.831740651] LOCK pid=86476 fd=6: SHARED -> SHARED
DBimpl - UNLOCK REQUEST: 0x3b879400 0
[1773167265.831943934] UNLOCK pid=86476 fd=6: SHARED -> NO_LOCK
DBimpl - LOCK REQUEST: 0x3b879400 1
[1773167265.832122456] LOCK pid=86478 fd=10: NO_LOCK -> SHARED (fallback)
[1773167265.832123762] LOCK pid=86478 fd=10: SHARED -> SHARED
DBimpl - LOCK REQUEST: 0x3b879400 2
[1773167265.832131920] LOCK pid=86478 fd=10: SHARED -> RESERVED
DBimpl - LOCK REQUEST: 0x3b879400 1
[1773167265.832580030] LOCK pid=86477 fd=8: NO_LOCK -> SHARED (fallback)
[1773167265.832582057] LOCK pid=86477 fd=8: SHARED -> SHARED
DBimpl - LOCK REQUEST: 0x3b879400 4
[1773167265.832707797] LOCK pid=86478 fd=10: RESERVED -> PENDING
DBimpl - UNLOCK REQUEST: 0x3b879400 0
[1773167265.832819091] UNLOCK pid=86477 fd=8: SHARED -> NO_LOCK
DBimpl - LOCK REQUEST: 0x3b879400 1
DBimpl - LOCK REQUEST: 0x3b879400 1
DBimpl - LOCK REQUEST: 0x3b879400 4
[1773167265.833760045] LOCK pid=86478 fd=10: PENDING -> EXCLUSIVE
DBimpl - LOCK REQUEST: 0x3b879400 1
DBimpl - LOCK REQUEST: 0x3b879400 1
DBimpl - UNLOCK REQUEST: 0x3b879400 1
[1773167265.835344775] UNLOCK pid=86478 fd=10: EXCLUSIVE -> SHARED
DBimpl - UNLOCK REQUEST: 0x3b879400 0
[1773167265.835348809] UNLOCK pid=86478 fd=10: SHARED -> NO_LOCK
DBimpl - LOCK REQUEST: 0x3b879400 1
[1773167265.835740233] LOCK pid=86477 fd=8: NO_LOCK -> SHARED (fallback)
[1773167265.835741856] LOCK pid=86477 fd=8: SHARED -> SHARED
DBimpl - UNLOCK REQUEST: 0x3b879400 0
[1773167265.835974720] UNLOCK pid=86477 fd=8: SHARED -> NO_LOCK
DBimpl - LOCK REQUEST: 0x3b879400 1
[1773167265.836193806] LOCK pid=86478 fd=10: NO_LOCK -> SHARED (fallback)
[1773167265.836195131] LOCK pid=86478 fd=10: SHARED -> SHARED
DBimpl - LOCK REQUEST: 0x3b879400 2
[1773167265.836202537] LOCK pid=86478 fd=10: SHARED -> RESERVED
DBimpl - LOCK REQUEST: 0x3b879400 1
[1773167265.836419928] LOCK pid=86476 fd=6: NO_LOCK -> SHARED (fallback)
[1773167265.836421708] LOCK pid=86476 fd=6: SHARED -> SHARED
DBimpl - UNLOCK REQUEST: 0x3b879400 0
[1773167265.836604205] UNLOCK pid=86476 fd=6: SHARED -> NO_LOCK
DBimpl - LOCK REQUEST: 0x3b879400 1
[1773167265.836646280] LOCK pid=86477 fd=8: NO_LOCK -> SHARED (fallback)
[1773167265.836647705] LOCK pid=86477 fd=8: SHARED -> SHARED
DBimpl - LOCK REQUEST: 0x3b879400 4
[1773167265.836745093] LOCK pid=86478 fd=10: RESERVED -> PENDING
DBimpl - UNLOCK REQUEST: 0x3b879400 0
[1773167265.836899135] UNLOCK pid=86477 fd=8: SHARED -> NO_LOCK
DBimpl - LOCK REQUEST: 0x3b879400 4
[1773167265.837805702] LOCK pid=86478 fd=10: PENDING -> EXCLUSIVE
DBimpl - LOCK REQUEST: 0x3b879400 1
DBimpl - LOCK REQUEST: 0x3b879400 1
DBimpl - UNLOCK REQUEST: 0x3b879400 1
[1773167265.839440706] UNLOCK pid=86478 fd=10: EXCLUSIVE -> SHARED
DBimpl - UNLOCK REQUEST: 0x3b879400 0
[1773167265.839445240] UNLOCK pid=86478 fd=10: SHARED -> NO_LOCK
DBimpl - LOCK REQUEST: 0x3b879400 1
[1773167265.839943146] LOCK pid=86477 fd=8: NO_LOCK -> SHARED (fallback)
[1773167265.839944797] LOCK pid=86477 fd=8: SHARED -> SHARED
DBimpl - UNLOCK REQUEST: 0x3b879400 0
[1773167265.840128997] UNLOCK pid=86477 fd=8: SHARED -> NO_LOCK
DBimpl - LOCK REQUEST: 0x3b879400 1
[1773167265.840232590] LOCK pid=86476 fd=6: NO_LOCK -> SHARED (fallback)
[1773167265.840234712] LOCK pid=86476 fd=6: SHARED -> SHARED
DBimpl - UNLOCK REQUEST: 0x3b879400 0
[1773167265.840421733] UNLOCK pid=86476 fd=6: SHARED -> NO_LOCK
DBimpl - LOCK REQUEST: 0x3b879400 1
[1773167265.840465476] LOCK pid=86478 fd=10: NO_LOCK -> SHARED (fallback)
[1773167265.840466975] LOCK pid=86478 fd=10: SHARED -> SHARED
DBimpl - LOCK REQUEST: 0x3b879400 2
[1773167265.840475765] LOCK pid=86478 fd=10: SHARED -> RESERVED
DBimpl - LOCK REQUEST: 0x3b879400 1
[1773167265.840798542] LOCK pid=86476 fd=6: NO_LOCK -> SHARED (fallback)
[1773167265.840800477] LOCK pid=86476 fd=6: SHARED -> SHARED
DBimpl - UNLOCK REQUEST: 0x3b879400 0
[1773167265.840993206] UNLOCK pid=86476 fd=6: SHARED -> NO_LOCK
DBimpl - LOCK REQUEST: 0x3b879400 4
[1773167265.841182899] LOCK pid=86478 fd=10: RESERVED -> PENDING
[1773167265.841184845] LOCK pid=86478 fd=10: PENDING -> EXCLUSIVE
DBimpl - LOCK REQUEST: 0x3b879400 1
DBimpl - UNLOCK REQUEST: 0x3b879400 1
[1773167265.842819458] UNLOCK pid=86478 fd=10: EXCLUSIVE -> SHARED
DBimpl - UNLOCK REQUEST: 0x3b879400 0
[1773167265.842823121] UNLOCK pid=86478 fd=10: SHARED -> NO_LOCK
DBimpl - LOCK REQUEST: 0x3b879400 1
[1773167265.843582019] LOCK pid=86476 fd=6: NO_LOCK -> SHARED (fallback)
[1773167265.843588429] LOCK pid=86476 fd=6: SHARED -> SHARED
DBimpl - LOCK REQUEST: 0x3b879400 1
[1773167265.843737749] LOCK pid=86479 fd=12: NO_LOCK -> SHARED (fallback)
[1773167265.843739970] LOCK pid=86479 fd=12: SHARED -> SHARED
DBimpl - LOCK REQUEST: 0x3b879400 2
[1773167265.843752133] LOCK pid=86479 fd=12: SHARED -> RESERVED
DBimpl - UNLOCK REQUEST: 0x3b879400 0
[1773167265.843815820] UNLOCK pid=86476 fd=6: SHARED -> NO_LOCK
DBimpl - LOCK REQUEST: 0x3b879400 1
[1773167265.843968957] LOCK pid=86476 fd=6: NO_LOCK -> SHARED (fallback)
[1773167265.843970885] LOCK pid=86476 fd=6: SHARED -> SHARED
DBimpl - UNLOCK REQUEST: 0x3b879400 0
[1773167265.844144196] UNLOCK pid=86476 fd=6: SHARED -> NO_LOCK
DBimpl - LOCK REQUEST: 0x3b879400 1
[1773167265.845144268] LOCK pid=86478 fd=10: NO_LOCK -> SHARED (fallback)
[1773167265.845145787] LOCK pid=86478 fd=10: SHARED -> SHARED
DBimpl - LOCK REQUEST: 0x3b879400 2
DBimpl - UNLOCK REQUEST: 0x3b879400 0
[1773167265.845157521] UNLOCK pid=86478 fd=10: SHARED -> NO_LOCK
DBimpl - LOCK REQUEST: 0x3b879400 1
[1773167265.845305661] LOCK pid=86476 fd=6: NO_LOCK -> SHARED (fallback)
[1773167265.845307464] LOCK pid=86476 fd=6: SHARED -> SHARED
DBimpl - UNLOCK REQUEST: 0x3b879400 0
[1773167265.845500146] UNLOCK pid=86476 fd=6: SHARED -> NO_LOCK
DBimpl - LOCK REQUEST: 0x3b879400 1
[1773167265.845586359] LOCK pid=86477 fd=8: NO_LOCK -> SHARED (fallback)
[1773167265.845587853] LOCK pid=86477 fd=8: SHARED -> SHARED
DBimpl - UNLOCK REQUEST: 0x3b879400 0
[1773167265.845772216] UNLOCK pid=86477 fd=8: SHARED -> NO_LOCK
DBimpl - LOCK REQUEST: 0x3b879400 1
[1773167265.845862178] LOCK pid=86477 fd=8: NO_LOCK -> SHARED (fallback)
[1773167265.845863435] LOCK pid=86477 fd=8: SHARED -> SHARED
DBimpl - UNLOCK REQUEST: 0x3b879400 0
[1773167265.846024867] UNLOCK pid=86477 fd=8: SHARED -> NO_LOCK
DBimpl - LOCK REQUEST: 0x3b879400 1
[1773167265.846240884] LOCK pid=86478 fd=10: NO_LOCK -> SHARED (fallback)
[1773167265.846242259] LOCK pid=86478 fd=10: SHARED -> SHARED
DBimpl - LOCK REQUEST: 0x3b879400 2
DBimpl - UNLOCK REQUEST: 0x3b879400 0
[1773167265.846253302] UNLOCK pid=86478 fd=10: SHARED -> NO_LOCK
DBimpl - LOCK REQUEST: 0x3b879400 1
[1773167265.846554828] LOCK pid=86477 fd=8: NO_LOCK -> SHARED (fallback)
[1773167265.846556030] LOCK pid=86477 fd=8: SHARED -> SHARED
DBimpl - UNLOCK REQUEST: 0x3b879400 0
[1773167265.846709967] UNLOCK pid=86477 fd=8: SHARED -> NO_LOCK
DBimpl - LOCK REQUEST: 0x3b879400 1
[1773167265.846810853] LOCK pid=86477 fd=8: NO_LOCK -> SHARED (fallback)
[1773167265.846811985] LOCK pid=86477 fd=8: SHARED -> SHARED
DBimpl - UNLOCK REQUEST: 0x3b879400 0
[1773167265.846963499] UNLOCK pid=86477 fd=8: SHARED -> NO_LOCK
DBimpl - LOCK REQUEST: 0x3b879400 1
[1773167265.847068142] LOCK pid=86476 fd=6: NO_LOCK -> SHARED (fallback)
[1773167265.847069890] LOCK pid=86476 fd=6: SHARED -> SHARED
DBimpl - UNLOCK REQUEST: 0x3b879400 0
[1773167265.847243488] UNLOCK pid=86476 fd=6: SHARED -> NO_LOCK
DBimpl - LOCK REQUEST: 0x3b879400 4
[1773167265.847899836] LOCK pid=86479 fd=12: RESERVED -> PENDING
[1773167265.847901986] LOCK pid=86479 fd=12: PENDING -> EXCLUSIVE
DBimpl - LOCK REQUEST: 0x3b879400 1
DBimpl - LOCK REQUEST: 0x3b879400 1
DBimpl - LOCK REQUEST: 0x3b879400 1
DBimpl - LOCK REQUEST: 0x3b879400 1
DBimpl - UNLOCK REQUEST: 0x3b879400 1
[1773167265.850621946] UNLOCK pid=86479 fd=12: EXCLUSIVE -> SHARED
DBimpl - UNLOCK REQUEST: 0x3b879400 0
[1773167265.850626408] UNLOCK pid=86479 fd=12: SHARED -> NO_LOCK
DBimpl - LOCK REQUEST: 0x3b879400 1
[1773167265.850855049] LOCK pid=86479 fd=12: NO_LOCK -> SHARED (fallback)
[1773167265.850856514] LOCK pid=86479 fd=12: SHARED -> SHARED
DBimpl - LOCK REQUEST: 0x3b879400 2
[1773167265.850864808] LOCK pid=86479 fd=12: SHARED -> RESERVED
DBimpl - LOCK REQUEST: 0x3b879400 1
[1773167265.850999636] LOCK pid=86477 fd=8: NO_LOCK -> SHARED (fallback)
[1773167265.851001141] LOCK pid=86477 fd=8: SHARED -> SHARED
DBimpl - UNLOCK REQUEST: 0x3b879400 0
[1773167265.851178322] UNLOCK pid=86477 fd=8: SHARED -> NO_LOCK
DBimpl - LOCK REQUEST: 0x3b879400 1
[1773167265.851343507] LOCK pid=86476 fd=6: NO_LOCK -> SHARED (fallback)
[1773167265.851345257] LOCK pid=86476 fd=6: SHARED -> SHARED
DBimpl - UNLOCK REQUEST: 0x3b879400 0
[1773167265.851531787] UNLOCK pid=86476 fd=6: SHARED -> NO_LOCK
DBimpl - LOCK REQUEST: 0x3b879400 1
[1773167265.853396731] LOCK pid=86478 fd=10: NO_LOCK -> SHARED (fallback)
[1773167265.853398181] LOCK pid=86478 fd=10: SHARED -> SHARED
DBimpl - LOCK REQUEST: 0x3b879400 2
DBimpl - UNLOCK REQUEST: 0x3b879400 0
[1773167265.853412243] UNLOCK pid=86478 fd=10: SHARED -> NO_LOCK
DBimpl - LOCK REQUEST: 0x3b879400 1
[1773167265.855308105] LOCK pid=86477 fd=8: NO_LOCK -> SHARED (fallback)
[1773167265.855309451] LOCK pid=86477 fd=8: SHARED -> SHARED
DBimpl - UNLOCK REQUEST: 0x3b879400 0
[1773167265.855476729] UNLOCK pid=86477 fd=8: SHARED -> NO_LOCK
DBimpl - LOCK REQUEST: 0x3b879400 1
[1773167265.856230184] LOCK pid=86476 fd=6: NO_LOCK -> SHARED (fallback)
[1773167265.856231597] LOCK pid=86476 fd=6: SHARED -> SHARED
DBimpl - UNLOCK REQUEST: 0x3b879400 0
[1773167265.856416604] UNLOCK pid=86476 fd=6: SHARED -> NO_LOCK
DBimpl - LOCK REQUEST: 0x3b879400 1
[1773167265.856937343] LOCK pid=86477 fd=8: NO_LOCK -> SHARED (fallback)
[1773167265.856938659] LOCK pid=86477 fd=8: SHARED -> SHARED
DBimpl - LOCK REQUEST: 0x3b879400 4
[1773167265.856962451] LOCK pid=86479 fd=12: RESERVED -> PENDING
DBimpl - LOCK REQUEST: 0x3b879400 1
DBimpl - UNLOCK REQUEST: 0x3b879400 0
[1773167265.857122710] UNLOCK pid=86477 fd=8: SHARED -> NO_LOCK
DBimpl - LOCK REQUEST: 0x3b879400 4
[1773167265.858021539] LOCK pid=86479 fd=12: PENDING -> EXCLUSIVE
DBimpl - UNLOCK REQUEST: 0x3b879400 1
[1773167265.858025697] UNLOCK pid=86479 fd=12: EXCLUSIVE -> SHARED
DBimpl - UNLOCK REQUEST: 0x3b879400 0
[1773167265.858055572] UNLOCK pid=86479 fd=12: SHARED -> NO_LOCK
DBimpl - LOCK REQUEST: 0x3b879400 1
[1773167265.858150690] LOCK pid=86476 fd=6: NO_LOCK -> SHARED (fallback)
[1773167265.858152037] LOCK pid=86476 fd=6: SHARED -> SHARED
DBimpl - UNLOCK REQUEST: 0x3b879400 0
[1773167265.858300005] UNLOCK pid=86476 fd=6: SHARED -> NO_LOCK
DBimpl - LOCK REQUEST: 0x3b879400 1
[1773167265.858598814] LOCK pid=86479 fd=12: NO_LOCK -> SHARED (fallback)
[1773167265.858600191] LOCK pid=86479 fd=12: SHARED -> SHARED
DBimpl - LOCK REQUEST: 0x3b879400 2
[1773167265.858609548] LOCK pid=86479 fd=12: SHARED -> RESERVED
DBimpl - LOCK REQUEST: 0x3b879400 1
[1773167265.859675925] LOCK pid=86476 fd=6: NO_LOCK -> SHARED (fallback)
[1773167265.859691127] LOCK pid=86476 fd=6: SHARED -> SHARED
DBimpl - UNLOCK REQUEST: 0x3b879400 0
[1773167265.859874987] UNLOCK pid=86476 fd=6: SHARED -> NO_LOCK
DBimpl - LOCK REQUEST: 0x3b879400 1
[1773167265.860556980] LOCK pid=86476 fd=6: NO_LOCK -> SHARED (fallback)
[1773167265.860558221] LOCK pid=86476 fd=6: SHARED -> SHARED
DBimpl - UNLOCK REQUEST: 0x3b879400 0
[1773167265.860699370] UNLOCK pid=86476 fd=6: SHARED -> NO_LOCK
DBimpl - LOCK REQUEST: 0x3b879400 1
[1773167265.862027961] LOCK pid=86477 fd=8: NO_LOCK -> SHARED (fallback)
[1773167265.862029429] LOCK pid=86477 fd=8: SHARED -> SHARED
DBimpl - UNLOCK REQUEST: 0x3b879400 0
[1773167265.862194737] UNLOCK pid=86477 fd=8: SHARED -> NO_LOCK
DBimpl - LOCK REQUEST: 0x3b879400 1
[1773167265.863231559] LOCK pid=86476 fd=6: NO_LOCK -> SHARED (fallback)
[1773167265.863233298] LOCK pid=86476 fd=6: SHARED -> SHARED
DBimpl - UNLOCK REQUEST: 0x3b879400 0
[1773167265.863387493] UNLOCK pid=86476 fd=6: SHARED -> NO_LOCK
DBimpl - LOCK REQUEST: 0x3b879400 1
[1773167265.863444331] LOCK pid=86477 fd=8: NO_LOCK -> SHARED (fallback)
[1773167265.863445708] LOCK pid=86477 fd=8: SHARED -> SHARED
DBimpl - LOCK REQUEST: 0x3b879400 1
[1773167265.863478125] LOCK pid=86478 fd=10: NO_LOCK -> SHARED (fallback)
[1773167265.863480117] LOCK pid=86478 fd=10: SHARED -> SHARED
DBimpl - LOCK REQUEST: 0x3b879400 2
DBimpl - UNLOCK REQUEST: 0x3b879400 0
[1773167265.863493361] UNLOCK pid=86478 fd=10: SHARED -> NO_LOCK
DBimpl - UNLOCK REQUEST: 0x3b879400 0
[1773167265.863617425] UNLOCK pid=86477 fd=8: SHARED -> NO_LOCK
DBimpl - LOCK REQUEST: 0x3b879400 4
[1773167265.864714533] LOCK pid=86479 fd=12: RESERVED -> PENDING
[1773167265.864716879] LOCK pid=86479 fd=12: PENDING -> EXCLUSIVE
DBimpl - UNLOCK REQUEST: 0x3b879400 1
[1773167265.864720925] UNLOCK pid=86479 fd=12: EXCLUSIVE -> SHARED
DBimpl - UNLOCK REQUEST: 0x3b879400 0
[1773167265.864727837] UNLOCK pid=86479 fd=12: SHARED -> NO_LOCK
DBimpl - LOCK REQUEST: 0x3b879400 1
[1773167265.864777243] LOCK pid=86476 fd=6: NO_LOCK -> SHARED (fallback)
[1773167265.864782631] LOCK pid=86476 fd=6: SHARED -> SHARED
DBimpl - UNLOCK REQUEST: 0x3b879400 0
[1773167265.864927469] UNLOCK pid=86476 fd=6: SHARED -> NO_LOCK
DBimpl - LOCK REQUEST: 0x3b879400 1
[1773167265.865024719] LOCK pid=86476 fd=6: NO_LOCK -> SHARED (fallback)
[1773167265.865025964] LOCK pid=86476 fd=6: SHARED -> SHARED
DBimpl - UNLOCK REQUEST: 0x3b879400 0
[1773167265.865162955] UNLOCK pid=86476 fd=6: SHARED -> NO_LOCK
DBimpl - LOCK REQUEST: 0x3b879400 1
[1773167265.865944338] LOCK pid=86477 fd=8: NO_LOCK -> SHARED (fallback)
[1773167265.865945820] LOCK pid=86477 fd=8: SHARED -> SHARED
DBimpl - LOCK REQUEST: 0x3b879400 1
[1773167265.866043640] LOCK pid=86476 fd=6: NO_LOCK -> SHARED (fallback)
[1773167265.866045517] LOCK pid=86476 fd=6: SHARED -> SHARED
DBimpl - LOCK REQUEST: 0x3b879400 1
[1773167265.866064748] LOCK pid=86479 fd=12: NO_LOCK -> SHARED (fallback)
[1773167265.866067171] LOCK pid=86479 fd=12: SHARED -> SHARED
DBimpl - LOCK REQUEST: 0x3b879400 2
[1773167265.866076531] LOCK pid=86479 fd=12: SHARED -> RESERVED
DBimpl - UNLOCK REQUEST: 0x3b879400 0
[1773167265.866197221] UNLOCK pid=86477 fd=8: SHARED -> NO_LOCK
DBimpl - UNLOCK REQUEST: 0x3b879400 0
[1773167265.866272736] UNLOCK pid=86476 fd=6: SHARED -> NO_LOCK
DBimpl - LOCK REQUEST: 0x3b879400 1
[1773167265.866779414] LOCK pid=86477 fd=8: NO_LOCK -> SHARED (fallback)
[1773167265.866780783] LOCK pid=86477 fd=8: SHARED -> SHARED
DBimpl - UNLOCK REQUEST: 0x3b879400 0
[1773167265.866940987] UNLOCK pid=86477 fd=8: SHARED -> NO_LOCK
DBimpl - LOCK REQUEST: 0x3b879400 1
[1773167265.867708624] LOCK pid=86477 fd=8: NO_LOCK -> SHARED (fallback)
[1773167265.867709879] LOCK pid=86477 fd=8: SHARED -> SHARED
DBimpl - LOCK REQUEST: 0x3b879400 4
[1773167265.867783400] LOCK pid=86479 fd=12: RESERVED -> PENDING
DBimpl - UNLOCK REQUEST: 0x3b879400 0
[1773167265.867876850] UNLOCK pid=86477 fd=8: SHARED -> NO_LOCK
DBimpl - LOCK REQUEST: 0x3b879400 4
[1773167265.868842820] LOCK pid=86479 fd=12: PENDING -> EXCLUSIVE
DBimpl - UNLOCK REQUEST: 0x3b879400 1
[1773167265.868846642] UNLOCK pid=86479 fd=12: EXCLUSIVE -> SHARED
DBimpl - UNLOCK REQUEST: 0x3b879400 0
[1773167265.868849923] UNLOCK pid=86479 fd=12: SHARED -> NO_LOCK
DBimpl - LOCK REQUEST: 0x3b879400 1
[1773167265.869108496] LOCK pid=86477 fd=8: NO_LOCK -> SHARED (fallback)
[1773167265.869109940] LOCK pid=86477 fd=8: SHARED -> SHARED
DBimpl - UNLOCK REQUEST: 0x3b879400 0
[1773167265.869267894] UNLOCK pid=86477 fd=8: SHARED -> NO_LOCK
DBimpl - LOCK REQUEST: 0x3b879400 1
[1773167265.870317907] LOCK pid=86479 fd=12: NO_LOCK -> SHARED (fallback)
[1773167265.870319147] LOCK pid=86479 fd=12: SHARED -> SHARED
DBimpl - LOCK REQUEST: 0x3b879400 2
[1773167265.870326556] LOCK pid=86479 fd=12: SHARED -> RESERVED
DBimpl - LOCK REQUEST: 0x3b879400 1
[1773167265.871017892] LOCK pid=86477 fd=8: NO_LOCK -> SHARED (fallback)
[1773167265.871020824] LOCK pid=86477 fd=8: SHARED -> SHARED
DBimpl - LOCK REQUEST: 0x3b879400 1
[1773167265.871100987] LOCK pid=86476 fd=6: NO_LOCK -> SHARED (fallback)
[1773167265.871102990] LOCK pid=86476 fd=6: SHARED -> SHARED
DBimpl - UNLOCK REQUEST: 0x3b879400 0
[1773167265.871330388] UNLOCK pid=86477 fd=8: SHARED -> NO_LOCK
DBimpl - UNLOCK REQUEST: 0x3b879400 0
[1773167265.871372929] UNLOCK pid=86476 fd=6: SHARED -> NO_LOCK
DBimpl - LOCK REQUEST: 0x3b879400 1
[1773167265.871596037] LOCK pid=86477 fd=8: NO_LOCK -> SHARED (fallback)
[1773167265.871597149] LOCK pid=86477 fd=8: SHARED -> SHARED
DBimpl - UNLOCK REQUEST: 0x3b879400 0
[1773167265.871766873] UNLOCK pid=86477 fd=8: SHARED -> NO_LOCK
DBimpl - LOCK REQUEST: 0x3b879400 1
[1773167265.872889504] LOCK pid=86477 fd=8: NO_LOCK -> SHARED (fallback)
[1773167265.872891745] LOCK pid=86477 fd=8: SHARED -> SHARED
DBimpl - UNLOCK REQUEST: 0x3b879400 0
[1773167265.873093084] UNLOCK pid=86477 fd=8: SHARED -> NO_LOCK
DBimpl - LOCK REQUEST: 0x3b879400 1
[1773167265.875434530] LOCK pid=86477 fd=8: NO_LOCK -> SHARED (fallback)
[1773167265.875437111] LOCK pid=86477 fd=8: SHARED -> SHARED
DBimpl - UNLOCK REQUEST: 0x3b879400 0
[1773167265.875667594] UNLOCK pid=86477 fd=8: SHARED -> NO_LOCK
DBimpl - LOCK REQUEST: 0x3b879400 4
[1773167265.877024536] LOCK pid=86479 fd=12: RESERVED -> PENDING
[1773167265.877026615] LOCK pid=86479 fd=12: PENDING -> EXCLUSIVE
DBimpl - UNLOCK REQUEST: 0x3b879400 1
[1773167265.877031012] UNLOCK pid=86479 fd=12: EXCLUSIVE -> SHARED
DBimpl - UNLOCK REQUEST: 0x3b879400 0
[1773167265.877034363] UNLOCK pid=86479 fd=12: SHARED -> NO_LOCK
DBimpl - LOCK REQUEST: 0x3b879400 1
[1773167265.877215003] LOCK pid=86477 fd=8: NO_LOCK -> SHARED (fallback)
[1773167265.877217363] LOCK pid=86477 fd=8: SHARED -> SHARED
DBimpl - LOCK REQUEST: 0x3b879400 1
[1773167265.877407588] LOCK pid=86476 fd=6: NO_LOCK -> SHARED (fallback)
[1773167265.877409845] LOCK pid=86476 fd=6: SHARED -> SHARED
DBimpl - UNLOCK REQUEST: 0x3b879400 0
[1773167265.877476336] UNLOCK pid=86477 fd=8: SHARED -> NO_LOCK
DBimpl - UNLOCK REQUEST: 0x3b879400 0
[1773167265.877604145] UNLOCK pid=86476 fd=6: SHARED -> NO_LOCK
DBimpl - LOCK REQUEST: 0x3b879400 1
[1773167265.878086897] LOCK pid=86477 fd=8: NO_LOCK -> SHARED (fallback)
[1773167265.878088245] LOCK pid=86477 fd=8: SHARED -> SHARED
DBimpl - UNLOCK REQUEST: 0x3b879400 0
[1773167265.878255418] UNLOCK pid=86477 fd=8: SHARED -> NO_LOCK
DBimpl - LOCK REQUEST: 0x3b879400 1
[1773167265.878599729] LOCK pid=86478 fd=10: NO_LOCK -> SHARED (fallback)
[1773167265.878601993] LOCK pid=86478 fd=10: SHARED -> SHARED
DBimpl - LOCK REQUEST: 0x3b879400 2
[1773167265.878613455] LOCK pid=86478 fd=10: SHARED -> RESERVED
DBimpl - LOCK REQUEST: 0x3b879400 1
[1773167265.878708375] LOCK pid=86476 fd=6: NO_LOCK -> SHARED (fallback)
[1773167265.878709706] LOCK pid=86476 fd=6: SHARED -> SHARED
DBimpl - LOCK REQUEST: 0x3b879400 1
[1773167265.878746336] LOCK pid=86479 fd=12: NO_LOCK -> SHARED (fallback)
[1773167265.878749425] LOCK pid=86479 fd=12: SHARED -> SHARED
DBimpl - LOCK REQUEST: 0x3b879400 2
DBimpl - UNLOCK REQUEST: 0x3b879400 0
[1773167265.878773357] UNLOCK pid=86479 fd=12: SHARED -> NO_LOCK
DBimpl - UNLOCK REQUEST: 0x3b879400 0
[1773167265.878865225] UNLOCK pid=86476 fd=6: SHARED -> NO_LOCK
DBimpl - LOCK REQUEST: 0x3b879400 1
DBimpl - LOCK REQUEST: 0x3b879400 4
[1773167265.879433985] LOCK pid=86477 fd=8: NO_LOCK -> SHARED (fallback)
[1773167265.879435660] LOCK pid=86477 fd=8: SHARED -> SHARED
[1773167265.879435506] LOCK pid=86478 fd=10: RESERVED -> PENDING
DBimpl - UNLOCK REQUEST: 0x3b879400 0
[1773167265.879631297] UNLOCK pid=86477 fd=8: SHARED -> NO_LOCK
DBimpl - LOCK REQUEST: 0x3b879400 1
DBimpl - LOCK REQUEST: 0x3b879400 4
[1773167265.880533189] LOCK pid=86478 fd=10: PENDING -> EXCLUSIVE
DBimpl - LOCK REQUEST: 0x3b879400 1
DBimpl - LOCK REQUEST: 0x3b879400 1
DBimpl - LOCK REQUEST: 0x3b879400 1
DBimpl - LOCK REQUEST: 0x3b879400 1
DBimpl - UNLOCK REQUEST: 0x3b879400 1
[1773167265.885497342] UNLOCK pid=86478 fd=10: EXCLUSIVE -> SHARED
DBimpl - UNLOCK REQUEST: 0x3b879400 0
[1773167265.885502801] UNLOCK pid=86478 fd=10: SHARED -> NO_LOCK
DBimpl - LOCK REQUEST: 0x3b879400 1
[1773167265.885987815] LOCK pid=86478 fd=10: NO_LOCK -> SHARED (fallback)
[1773167265.885989525] LOCK pid=86478 fd=10: SHARED -> SHARED
DBimpl - LOCK REQUEST: 0x3b879400 2
[1773167265.886000676] LOCK pid=86478 fd=10: SHARED -> RESERVED
DBimpl - LOCK REQUEST: 0x3b879400 1
[1773167265.886127495] LOCK pid=86476 fd=6: NO_LOCK -> SHARED (fallback)
[1773167265.886129367] LOCK pid=86476 fd=6: SHARED -> SHARED
DBimpl - UNLOCK REQUEST: 0x3b879400 0
[1773167265.886296741] UNLOCK pid=86476 fd=6: SHARED -> NO_LOCK
DBimpl - LOCK REQUEST: 0x3b879400 4
[1773167265.886547203] LOCK pid=86478 fd=10: RESERVED -> PENDING
[1773167265.886549145] LOCK pid=86478 fd=10: PENDING -> EXCLUSIVE
DBimpl - LOCK REQUEST: 0x3b879400 1
DBimpl - LOCK REQUEST: 0x3b879400 1
DBimpl - LOCK REQUEST: 0x3b879400 1
DBimpl - UNLOCK REQUEST: 0x3b879400 1
[1773167265.888822438] UNLOCK pid=86478 fd=10: EXCLUSIVE -> SHARED
DBimpl - UNLOCK REQUEST: 0x3b879400 0
[1773167265.888826433] UNLOCK pid=86478 fd=10: SHARED -> NO_LOCK
DBimpl - LOCK REQUEST: 0x3b879400 1
[1773167265.888916244] LOCK pid=86477 fd=8: NO_LOCK -> SHARED (fallback)
[1773167265.888921452] LOCK pid=86477 fd=8: SHARED -> SHARED
DBimpl - UNLOCK REQUEST: 0x3b879400 0
[1773167265.889111143] UNLOCK pid=86477 fd=8: SHARED -> NO_LOCK
DBimpl - LOCK REQUEST: 0x3b879400 1
[1773167265.889771834] LOCK pid=86476 fd=6: NO_LOCK -> SHARED (fallback)
[1773167265.889773598] LOCK pid=86476 fd=6: SHARED -> SHARED
DBimpl - UNLOCK REQUEST: 0x3b879400 0
[1773167265.889939760] UNLOCK pid=86476 fd=6: SHARED -> NO_LOCK
DBimpl - LOCK REQUEST: 0x3b879400 1
[1773167265.891399593] LOCK pid=86476 fd=6: NO_LOCK -> SHARED (fallback)
[1773167265.891400751] LOCK pid=86476 fd=6: SHARED -> SHARED
DBimpl - UNLOCK REQUEST: 0x3b879400 0
[1773167265.891537419] UNLOCK pid=86476 fd=6: SHARED -> NO_LOCK
DBimpl - LOCK REQUEST: 0x3b879400 1
[1773167265.891666833] LOCK pid=86476 fd=6: NO_LOCK -> SHARED (fallback)
[1773167265.891667881] LOCK pid=86476 fd=6: SHARED -> SHARED
DBimpl - LOCK REQUEST: 0x3b879400 1
[1773167265.891732568] LOCK pid=86478 fd=10: NO_LOCK -> SHARED (fallback)
[1773167265.891734062] LOCK pid=86478 fd=10: SHARED -> SHARED
DBimpl - LOCK REQUEST: 0x3b879400 2
[1773167265.891742569] LOCK pid=86478 fd=10: SHARED -> RESERVED
DBimpl - UNLOCK REQUEST: 0x3b879400 0
[1773167265.891807707] UNLOCK pid=86476 fd=6: SHARED -> NO_LOCK
DBimpl - LOCK REQUEST: 0x3b879400 4
[1773167265.891831393] LOCK pid=86478 fd=10: RESERVED -> PENDING
[1773167265.891833068] LOCK pid=86478 fd=10: PENDING -> EXCLUSIVE
DBimpl - LOCK REQUEST: 0x3b879400 1
DBimpl - UNLOCK REQUEST: 0x3b879400 1
[1773167265.893435692] UNLOCK pid=86478 fd=10: EXCLUSIVE -> SHARED
DBimpl - UNLOCK REQUEST: 0x3b879400 0
[1773167265.893439274] UNLOCK pid=86478 fd=10: SHARED -> NO_LOCK
DBimpl - LOCK REQUEST: 0x3b879400 1
[1773167265.894289812] LOCK pid=86477 fd=8: NO_LOCK -> SHARED (fallback)
[1773167265.894291459] LOCK pid=86477 fd=8: SHARED -> SHARED
DBimpl - UNLOCK REQUEST: 0x3b879400 0
[1773167265.894473276] UNLOCK pid=86477 fd=8: SHARED -> NO_LOCK
DBimpl - LOCK REQUEST: 0x3b879400 1
[1773167265.896335747] LOCK pid=86476 fd=6: NO_LOCK -> SHARED (fallback)
[1773167265.896337230] LOCK pid=86476 fd=6: SHARED -> SHARED
DBimpl - LOCK REQUEST: 0x3b879400 1
[1773167265.896343705] LOCK pid=86478 fd=10: NO_LOCK -> SHARED (fallback)
[1773167265.896345189] LOCK pid=86478 fd=10: SHARED -> SHARED
DBimpl - LOCK REQUEST: 0x3b879400 2
[1773167265.896353150] LOCK pid=86478 fd=10: SHARED -> RESERVED
DBimpl - LOCK REQUEST: 0x3b879400 4
[1773167265.896438002] LOCK pid=86478 fd=10: RESERVED -> PENDING
DBimpl - UNLOCK REQUEST: 0x3b879400 0
[1773167265.896480617] UNLOCK pid=86476 fd=6: SHARED -> NO_LOCK
DBimpl - LOCK REQUEST: 0x3b879400 1
DBimpl - LOCK REQUEST: 0x3b879400 4
[1773167265.897529611] LOCK pid=86478 fd=10: PENDING -> EXCLUSIVE
DBimpl - LOCK REQUEST: 0x3b879400 1
DBimpl - LOCK REQUEST: 0x3b879400 1
DBimpl - LOCK REQUEST: 0x3b879400 1
DBimpl - LOCK REQUEST: 0x3b879400 1
DBimpl - UNLOCK REQUEST: 0x3b879400 1
[1773167265.899650025] UNLOCK pid=86478 fd=10: EXCLUSIVE -> SHARED
DBimpl - UNLOCK REQUEST: 0x3b879400 0
[1773167265.899653334] UNLOCK pid=86478 fd=10: SHARED -> NO_LOCK
DBimpl - LOCK REQUEST: 0x3b879400 1
[1773167265.900208719] LOCK pid=86480 fd=14: NO_LOCK -> SHARED (fallback)
[1773167265.900210521] LOCK pid=86480 fd=14: SHARED -> SHARED
DBimpl - LOCK REQUEST: 0x3b879400 2
[1773167265.900222567] LOCK pid=86480 fd=14: SHARED -> RESERVED
DBimpl - LOCK REQUEST: 0x3b879400 4
[1773167265.900373434] LOCK pid=86480 fd=14: RESERVED -> PENDING
[1773167265.900375271] LOCK pid=86480 fd=14: PENDING -> EXCLUSIVE
DBimpl - LOCK REQUEST: 0x3b879400 1
DBimpl - LOCK REQUEST: 0x3b879400 1
DBimpl - UNLOCK REQUEST: 0x3b879400 1
[1773167265.902504279] UNLOCK pid=86480 fd=14: EXCLUSIVE -> SHARED
DBimpl - UNLOCK REQUEST: 0x3b879400 0
[1773167265.902509104] UNLOCK pid=86480 fd=14: SHARED -> NO_LOCK
DBimpl - LOCK REQUEST: 0x3b879400 1
[1773167265.903346310] LOCK pid=86478 fd=10: NO_LOCK -> SHARED (fallback)
[1773167265.903347958] LOCK pid=86478 fd=10: SHARED -> SHARED
DBimpl - LOCK REQUEST: 0x3b879400 2
[1773167265.903360106] LOCK pid=86478 fd=10: SHARED -> RESERVED
DBimpl - LOCK REQUEST: 0x3b879400 4
[1773167265.903908937] LOCK pid=86478 fd=10: RESERVED -> PENDING
[1773167265.903910715] LOCK pid=86478 fd=10: PENDING -> EXCLUSIVE
DBimpl - LOCK REQUEST: 0x3b879400 1
DBimpl - UNLOCK REQUEST: 0x3b879400 1
[1773167265.905556344] UNLOCK pid=86478 fd=10: EXCLUSIVE -> SHARED
DBimpl - UNLOCK REQUEST: 0x3b879400 0
[1773167265.905559986] UNLOCK pid=86478 fd=10: SHARED -> NO_LOCK
DBimpl - LOCK REQUEST: 0x3b879400 1
[1773167265.905906019] LOCK pid=86477 fd=8: NO_LOCK -> SHARED (fallback)
[1773167265.905907819] LOCK pid=86477 fd=8: SHARED -> SHARED
DBimpl - UNLOCK REQUEST: 0x3b879400 0
[1773167265.906082989] UNLOCK pid=86477 fd=8: SHARED -> NO_LOCK
DBimpl - LOCK REQUEST: 0x3b879400 1
[1773167265.906166120] LOCK pid=86480 fd=14: NO_LOCK -> SHARED (fallback)
[1773167265.906168581] LOCK pid=86480 fd=14: SHARED -> SHARED
DBimpl - LOCK REQUEST: 0x3b879400 2
[1773167265.906184579] LOCK pid=86480 fd=14: SHARED -> RESERVED
DBimpl - LOCK REQUEST: 0x3b879400 1
[1773167265.906346026] LOCK pid=86476 fd=6: NO_LOCK -> SHARED (fallback)
[1773167265.906347645] LOCK pid=86476 fd=6: SHARED -> SHARED
DBimpl - LOCK REQUEST: 0x3b879400 4
[1773167265.906385408] LOCK pid=86480 fd=14: RESERVED -> PENDING
DBimpl - UNLOCK REQUEST: 0x3b879400 0
[1773167265.906486244] UNLOCK pid=86476 fd=6: SHARED -> NO_LOCK
DBimpl - LOCK REQUEST: 0x3b879400 4
[1773167265.907497390] LOCK pid=86480 fd=14: PENDING -> EXCLUSIVE
DBimpl - LOCK REQUEST: 0x3b879400 1
DBimpl - LOCK REQUEST: 0x3b879400 1
DBimpl - UNLOCK REQUEST: 0x3b879400 1
[1773167265.909275395] UNLOCK pid=86480 fd=14: EXCLUSIVE -> SHARED
DBimpl - UNLOCK REQUEST: 0x3b879400 0
[1773167265.909281501] UNLOCK pid=86480 fd=14: SHARED -> NO_LOCK
DBimpl - LOCK REQUEST: 0x3b879400 1
[1773167265.909426230] LOCK pid=86476 fd=6: NO_LOCK -> SHARED (fallback)
[1773167265.909427409] LOCK pid=86476 fd=6: SHARED -> SHARED
DBimpl - UNLOCK REQUEST: 0x3b879400 0
[1773167265.909527897] UNLOCK pid=86476 fd=6: SHARED -> NO_LOCK
DBimpl - LOCK REQUEST: 0x3b879400 1
[1773167265.909890540] LOCK pid=86476 fd=6: NO_LOCK -> SHARED (fallback)
[1773167265.909891736] LOCK pid=86476 fd=6: SHARED -> SHARED
DBimpl - UNLOCK REQUEST: 0x3b879400 0
[1773167265.909984626] UNLOCK pid=86476 fd=6: SHARED -> NO_LOCK
DBimpl - LOCK REQUEST: 0x3b879400 1
[1773167265.910141096] LOCK pid=86478 fd=10: NO_LOCK -> SHARED (fallback)
[1773167265.910142604] LOCK pid=86478 fd=10: SHARED -> SHARED
DBimpl - LOCK REQUEST: 0x3b879400 2
[1773167265.910152457] LOCK pid=86478 fd=10: SHARED -> RESERVED
DBimpl - LOCK REQUEST: 0x3b879400 4
[1773167265.910694969] LOCK pid=86478 fd=10: RESERVED -> PENDING
[1773167265.910696695] LOCK pid=86478 fd=10: PENDING -> EXCLUSIVE
DBimpl - LOCK REQUEST: 0x3b879400 1
DBimpl - LOCK REQUEST: 0x3b879400 1
DBimpl - LOCK REQUEST: 0x3b879400 1
DBimpl - LOCK REQUEST: 0x3b879400 1
DBimpl - LOCK REQUEST: 0x3b879400 1
DBimpl - UNLOCK REQUEST: 0x3b879400 1
[1773167265.912801777] UNLOCK pid=86478 fd=10: EXCLUSIVE -> SHARED
DBimpl - UNLOCK REQUEST: 0x3b879400 0
[1773167265.912805330] UNLOCK pid=86478 fd=10: SHARED -> NO_LOCK
DBimpl - LOCK REQUEST: 0x3b879400 1
[1773167265.913565751] LOCK pid=86478 fd=10: NO_LOCK -> SHARED (fallback)
[1773167265.913567007] LOCK pid=86478 fd=10: SHARED -> SHARED
DBimpl - LOCK REQUEST: 0x3b879400 2
[1773167265.913575469] LOCK pid=86478 fd=10: SHARED -> RESERVED
DBimpl - LOCK REQUEST: 0x3b879400 4
[1773167265.913688013] LOCK pid=86478 fd=10: RESERVED -> PENDING
[1773167265.913689631] LOCK pid=86478 fd=10: PENDING -> EXCLUSIVE
DBimpl - LOCK REQUEST: 0x3b879400 1
DBimpl - LOCK REQUEST: 0x3b879400 1
DBimpl - UNLOCK REQUEST: 0x3b879400 1
[1773167265.915894333] UNLOCK pid=86478 fd=10: EXCLUSIVE -> SHARED
DBimpl - UNLOCK REQUEST: 0x3b879400 0
[1773167265.915897706] UNLOCK pid=86478 fd=10: SHARED -> NO_LOCK
DBimpl - LOCK REQUEST: 0x3b879400 1
[1773167265.916525108] LOCK pid=86480 fd=14: NO_LOCK -> SHARED (fallback)
[1773167265.916527042] LOCK pid=86480 fd=14: SHARED -> SHARED
DBimpl - LOCK REQUEST: 0x3b879400 2
[1773167265.916545444] LOCK pid=86480 fd=14: SHARED -> RESERVED
DBimpl - LOCK REQUEST: 0x3b879400 4
[1773167265.916678066] LOCK pid=86480 fd=14: RESERVED -> PENDING
[1773167265.916683673] LOCK pid=86480 fd=14: PENDING -> EXCLUSIVE
DBimpl - UNLOCK REQUEST: 0x3b879400 1
[1773167265.918418669] UNLOCK pid=86480 fd=14: EXCLUSIVE -> SHARED
DBimpl - UNLOCK REQUEST: 0x3b879400 0
[1773167265.918422769] UNLOCK pid=86480 fd=14: SHARED -> NO_LOCK
DBimpl - LOCK REQUEST: 0x3b879400 1
[1773167265.919144790] LOCK pid=86477 fd=8: NO_LOCK -> SHARED (fallback)
[1773167265.919146393] LOCK pid=86477 fd=8: SHARED -> SHARED
DBimpl - UNLOCK REQUEST: 0x3b879400 0
[1773167265.919297319] UNLOCK pid=86477 fd=8: SHARED -> NO_LOCK
DBimpl - LOCK REQUEST: 0x3b879400 1
[1773167265.919386853] LOCK pid=86476 fd=6: NO_LOCK -> SHARED (fallback)
[1773167265.919388220] LOCK pid=86476 fd=6: SHARED -> SHARED
DBimpl - UNLOCK REQUEST: 0x3b879400 0
[1773167265.919497171] UNLOCK pid=86476 fd=6: SHARED -> NO_LOCK
DBimpl - LOCK REQUEST: 0x3b879400 1
[1773167265.919835336] LOCK pid=86480 fd=14: NO_LOCK -> SHARED (fallback)
[1773167265.919836714] LOCK pid=86480 fd=14: SHARED -> SHARED
DBimpl - LOCK REQUEST: 0x3b879400 2
[1773167265.919845586] LOCK pid=86480 fd=14: SHARED -> RESERVED
DBimpl - LOCK REQUEST: 0x3b879400 4
[1773167265.919936830] LOCK pid=86480 fd=14: RESERVED -> PENDING
[1773167265.919938671] LOCK pid=86480 fd=14: PENDING -> EXCLUSIVE
DBimpl - LOCK REQUEST: 0x3b879400 1
DBimpl - LOCK REQUEST: 0x3b879400 1
DBimpl - LOCK REQUEST: 0x3b879400 1
DBimpl - LOCK REQUEST: 0x3b879400 1
DBimpl - UNLOCK REQUEST: 0x3b879400 1
[1773167265.922019450] UNLOCK pid=86480 fd=14: EXCLUSIVE -> SHARED
DBimpl - UNLOCK REQUEST: 0x3b879400 0
[1773167265.922023941] UNLOCK pid=86480 fd=14: SHARED -> NO_LOCK
DBimpl - LOCK REQUEST: 0x3b879400 1
[1773167265.923040340] LOCK pid=86478 fd=10: NO_LOCK -> SHARED (fallback)
[1773167265.923042260] LOCK pid=86478 fd=10: SHARED -> SHARED
DBimpl - LOCK REQUEST: 0x3b879400 2
[1773167265.923053944] LOCK pid=86478 fd=10: SHARED -> RESERVED
DBimpl - LOCK REQUEST: 0x3b879400 4
[1773167265.923165277] LOCK pid=86478 fd=10: RESERVED -> PENDING
[1773167265.923167005] LOCK pid=86478 fd=10: PENDING -> EXCLUSIVE
DBimpl - LOCK REQUEST: 0x3b879400 1
DBimpl - LOCK REQUEST: 0x3b879400 1
DBimpl - LOCK REQUEST: 0x3b879400 1
DBimpl - LOCK REQUEST: 0x3b879400 1
DBimpl - UNLOCK REQUEST: 0x3b879400 1
[1773167265.925282050] UNLOCK pid=86478 fd=10: EXCLUSIVE -> SHARED
DBimpl - UNLOCK REQUEST: 0x3b879400 0
[1773167265.925287227] UNLOCK pid=86478 fd=10: SHARED -> NO_LOCK
DBimpl - LOCK REQUEST: 0x3b879400 1
[1773167265.926528774] LOCK pid=86480 fd=14: NO_LOCK -> SHARED (fallback)
[1773167265.926530545] LOCK pid=86480 fd=14: SHARED -> SHARED
DBimpl - LOCK REQUEST: 0x3b879400 2
[1773167265.926542884] LOCK pid=86480 fd=14: SHARED -> RESERVED
DBimpl - LOCK REQUEST: 0x3b879400 4
[1773167265.926661465] LOCK pid=86480 fd=14: RESERVED -> PENDING
[1773167265.926663344] LOCK pid=86480 fd=14: PENDING -> EXCLUSIVE
DBimpl - UNLOCK REQUEST: 0x3b879400 1
[1773167265.928341359] UNLOCK pid=86480 fd=14: EXCLUSIVE -> SHARED
DBimpl - UNLOCK REQUEST: 0x3b879400 0
[1773167265.928345162] UNLOCK pid=86480 fd=14: SHARED -> NO_LOCK
DBimpl - LOCK REQUEST: 0x3b879400 1
[1773167265.928504356] LOCK pid=86477 fd=8: NO_LOCK -> SHARED (fallback)
[1773167265.928505780] LOCK pid=86477 fd=8: SHARED -> SHARED
DBimpl - UNLOCK REQUEST: 0x3b879400 0
[1773167265.928638887] UNLOCK pid=86477 fd=8: SHARED -> NO_LOCK
DBimpl - LOCK REQUEST: 0x3b879400 1
[1773167265.928712253] LOCK pid=86476 fd=6: NO_LOCK -> SHARED (fallback)
[1773167265.928714319] LOCK pid=86476 fd=6: SHARED -> SHARED
DBimpl - LOCK REQUEST: 0x3b879400 1
[1773167265.928735988] LOCK pid=86477 fd=8: NO_LOCK -> SHARED (fallback)
[1773167265.928737987] LOCK pid=86477 fd=8: SHARED -> SHARED
DBimpl - UNLOCK REQUEST: 0x3b879400 0
[1773167265.928826849] UNLOCK pid=86476 fd=6: SHARED -> NO_LOCK
DBimpl - UNLOCK REQUEST: 0x3b879400 0
[1773167265.928843140] UNLOCK pid=86477 fd=8: SHARED -> NO_LOCK
DBimpl - LOCK REQUEST: 0x3b879400 1
[1773167265.928957717] LOCK pid=86478 fd=10: NO_LOCK -> SHARED (fallback)
[1773167265.928960056] LOCK pid=86478 fd=10: SHARED -> SHARED
DBimpl - LOCK REQUEST: 0x3b879400 2
[1773167265.928979740] LOCK pid=86478 fd=10: SHARED -> RESERVED
DBimpl - LOCK REQUEST: 0x3b879400 1
[1773167265.929420373] LOCK pid=86476 fd=6: NO_LOCK -> SHARED (fallback)
[1773167265.929422034] LOCK pid=86476 fd=6: SHARED -> SHARED
DBimpl - UNLOCK REQUEST: 0x3b879400 0
[1773167265.929512578] UNLOCK pid=86476 fd=6: SHARED -> NO_LOCK
DBimpl - LOCK REQUEST: 0x3b879400 4
[1773167265.929568367] LOCK pid=86478 fd=10: RESERVED -> PENDING
[1773167265.929570716] LOCK pid=86478 fd=10: PENDING -> EXCLUSIVE
DBimpl - LOCK REQUEST: 0x3b879400 1
DBimpl - UNLOCK REQUEST: 0x3b879400 1
[1773167265.931215402] UNLOCK pid=86478 fd=10: EXCLUSIVE -> SHARED
DBimpl - UNLOCK REQUEST: 0x3b879400 0
[1773167265.931219171] UNLOCK pid=86478 fd=10: SHARED -> NO_LOCK
DBimpl - LOCK REQUEST: 0x3b879400 1
[1773167265.931700557] LOCK pid=86477 fd=8: NO_LOCK -> SHARED (fallback)
[1773167265.931701871] LOCK pid=86477 fd=8: SHARED -> SHARED
DBimpl - UNLOCK REQUEST: 0x3b879400 0
[1773167265.931836337] UNLOCK pid=86477 fd=8: SHARED -> NO_LOCK
DBimpl - LOCK REQUEST: 0x3b879400 1
[1773167265.932197362] LOCK pid=86479 fd=12: NO_LOCK -> SHARED (fallback)
[1773167265.932198773] LOCK pid=86479 fd=12: SHARED -> SHARED
DBimpl - LOCK REQUEST: 0x3b879400 2
[1773167265.932208708] LOCK pid=86479 fd=12: SHARED -> RESERVED
DBimpl - LOCK REQUEST: 0x3b879400 1
[1773167265.932657084] LOCK pid=86480 fd=14: NO_LOCK -> SHARED (fallback)
[1773167265.932658501] LOCK pid=86480 fd=14: SHARED -> SHARED
DBimpl - LOCK REQUEST: 0x3b879400 2
DBimpl - UNLOCK REQUEST: 0x3b879400 0
[1773167265.932671351] UNLOCK pid=86480 fd=14: SHARED -> NO_LOCK
DBimpl - LOCK REQUEST: 0x3b879400 1
[1773167265.933747129] LOCK pid=86478 fd=10: NO_LOCK -> SHARED (fallback)
[1773167265.933748434] LOCK pid=86478 fd=10: SHARED -> SHARED
DBimpl - LOCK REQUEST: 0x3b879400 2
DBimpl - UNLOCK REQUEST: 0x3b879400 0
[1773167265.933758171] UNLOCK pid=86478 fd=10: SHARED -> NO_LOCK
DBimpl - LOCK REQUEST: 0x3b879400 1
[1773167265.933788022] LOCK pid=86480 fd=14: NO_LOCK -> SHARED (fallback)
[1773167265.933790853] LOCK pid=86480 fd=14: SHARED -> SHARED
DBimpl - LOCK REQUEST: 0x3b879400 2
DBimpl - UNLOCK REQUEST: 0x3b879400 0
[1773167265.933809379] UNLOCK pid=86480 fd=14: SHARED -> NO_LOCK
DBimpl - LOCK REQUEST: 0x3b879400 1
[1773167265.934888524] LOCK pid=86478 fd=10: NO_LOCK -> SHARED (fallback)
[1773167265.934901267] LOCK pid=86478 fd=10: SHARED -> SHARED
DBimpl - LOCK REQUEST: 0x3b879400 2
DBimpl - UNLOCK REQUEST: 0x3b879400 0
[1773167265.934968761] UNLOCK pid=86478 fd=10: SHARED -> NO_LOCK
DBimpl - LOCK REQUEST: 0x3b879400 1
[1773167265.935875200] LOCK pid=86480 fd=14: NO_LOCK -> SHARED (fallback)
[1773167265.935877438] LOCK pid=86480 fd=14: SHARED -> SHARED
DBimpl - LOCK REQUEST: 0x3b879400 2
DBimpl - UNLOCK REQUEST: 0x3b879400 0
[1773167265.935894939] UNLOCK pid=86480 fd=14: SHARED -> NO_LOCK
DBimpl - LOCK REQUEST: 0x3b879400 1
[1773167265.936397263] LOCK pid=86476 fd=6: NO_LOCK -> SHARED (fallback)
[1773167265.936399036] LOCK pid=86476 fd=6: SHARED -> SHARED
DBimpl - UNLOCK REQUEST: 0x3b879400 0
[1773167265.936494637] UNLOCK pid=86476 fd=6: SHARED -> NO_LOCK
DBimpl - LOCK REQUEST: 0x3b879400 1
[1773167265.936923749] LOCK pid=86477 fd=8: NO_LOCK -> SHARED (fallback)
[1773167265.936925542] LOCK pid=86477 fd=8: SHARED -> SHARED
DBimpl - LOCK REQUEST: 0x3b879400 1
[1773167265.937025992] LOCK pid=86478 fd=10: NO_LOCK -> SHARED (fallback)
[1773167265.937027115] LOCK pid=86478 fd=10: SHARED -> SHARED
DBimpl - LOCK REQUEST: 0x3b879400 2
DBimpl - UNLOCK REQUEST: 0x3b879400 0
[1773167265.937035499] UNLOCK pid=86478 fd=10: SHARED -> NO_LOCK
DBimpl - UNLOCK REQUEST: 0x3b879400 0
[1773167265.937107955] UNLOCK pid=86477 fd=8: SHARED -> NO_LOCK
DBimpl - LOCK REQUEST: 0x3b879400 1
[1773167265.937507816] LOCK pid=86477 fd=8: NO_LOCK -> SHARED (fallback)
[1773167265.937509491] LOCK pid=86477 fd=8: SHARED -> SHARED
DBimpl - UNLOCK REQUEST: 0x3b879400 0
[1773167265.937643500] UNLOCK pid=86477 fd=8: SHARED -> NO_LOCK
DBimpl - LOCK REQUEST: 0x3b879400 1
[1773167265.940104563] LOCK pid=86476 fd=6: NO_LOCK -> SHARED (fallback)
[1773167265.940110225] LOCK pid=86476 fd=6: SHARED -> SHARED
DBimpl - UNLOCK REQUEST: 0x3b879400 0
[1773167265.940193444] UNLOCK pid=86476 fd=6: SHARED -> NO_LOCK
DBimpl - LOCK REQUEST: 0x3b879400 1
[1773167265.940638399] LOCK pid=86477 fd=8: NO_LOCK -> SHARED (fallback)
[1773167265.940640360] LOCK pid=86477 fd=8: SHARED -> SHARED
DBimpl - LOCK REQUEST: 0x3b879400 4
[1773167265.940731674] LOCK pid=86479 fd=12: RESERVED -> PENDING
DBimpl - UNLOCK REQUEST: 0x3b879400 0
[1773167265.940804995] UNLOCK pid=86477 fd=8: SHARED -> NO_LOCK
DBimpl - LOCK REQUEST: 0x3b879400 1
DBimpl - LOCK REQUEST: 0x3b879400 1
DBimpl - LOCK REQUEST: 0x3b879400 4
[1773167265.941791280] LOCK pid=86479 fd=12: PENDING -> EXCLUSIVE
DBimpl - LOCK REQUEST: 0x3b879400 1
DBimpl - LOCK REQUEST: 0x3b879400 1
DBimpl - UNLOCK REQUEST: 0x3b879400 1
[1773167265.943879206] UNLOCK pid=86479 fd=12: EXCLUSIVE -> SHARED
DBimpl - UNLOCK REQUEST: 0x3b879400 0
[1773167265.943883436] UNLOCK pid=86479 fd=12: SHARED -> NO_LOCK
DBimpl - LOCK REQUEST: 0x3b879400 1
[1773167265.944051054] LOCK pid=86479 fd=12: NO_LOCK -> SHARED (fallback)
[1773167265.944052246] LOCK pid=86479 fd=12: SHARED -> SHARED
DBimpl - LOCK REQUEST: 0x3b879400 2
[1773167265.944060114] LOCK pid=86479 fd=12: SHARED -> RESERVED
DBimpl - LOCK REQUEST: 0x3b879400 1
[1773167265.944211432] LOCK pid=86476 fd=6: NO_LOCK -> SHARED (fallback)
[1773167265.944212750] LOCK pid=86476 fd=6: SHARED -> SHARED
DBimpl - UNLOCK REQUEST: 0x3b879400 0
[1773167265.944365216] UNLOCK pid=86476 fd=6: SHARED -> NO_LOCK
DBimpl - LOCK REQUEST: 0x3b879400 1
[1773167265.944551051] LOCK pid=86477 fd=8: NO_LOCK -> SHARED (fallback)
[1773167265.944553042] LOCK pid=86477 fd=8: SHARED -> SHARED
DBimpl - UNLOCK REQUEST: 0x3b879400 0
[1773167265.944765509] UNLOCK pid=86477 fd=8: SHARED -> NO_LOCK
DBimpl - LOCK REQUEST: 0x3b879400 1
[1773167265.945074392] LOCK pid=86476 fd=6: NO_LOCK -> SHARED (fallback)
[1773167265.945075621] LOCK pid=86476 fd=6: SHARED -> SHARED
DBimpl - UNLOCK REQUEST: 0x3b879400 0
[1773167265.945217297] UNLOCK pid=86476 fd=6: SHARED -> NO_LOCK
DBimpl - LOCK REQUEST: 0x3b879400 4
[1773167265.946984629] LOCK pid=86479 fd=12: RESERVED -> PENDING
[1773167265.946986587] LOCK pid=86479 fd=12: PENDING -> EXCLUSIVE
DBimpl - UNLOCK REQUEST: 0x3b879400 1
[1773167265.946990367] UNLOCK pid=86479 fd=12: EXCLUSIVE -> SHARED
DBimpl - UNLOCK REQUEST: 0x3b879400 0
[1773167265.946993549] UNLOCK pid=86479 fd=12: SHARED -> NO_LOCK
DBimpl - LOCK REQUEST: 0x3b879400 1
[1773167265.947731953] LOCK pid=86476 fd=6: NO_LOCK -> SHARED (fallback)
[1773167265.947733871] LOCK pid=86476 fd=6: SHARED -> SHARED
DBimpl - UNLOCK REQUEST: 0x3b879400 0
[1773167265.947883656] UNLOCK pid=86476 fd=6: SHARED -> NO_LOCK
DBimpl - LOCK REQUEST: 0x3b879400 1
[1773167265.948769242] LOCK pid=86479 fd=12: NO_LOCK -> SHARED (fallback)
[1773167265.948770492] LOCK pid=86479 fd=12: SHARED -> SHARED
DBimpl - LOCK REQUEST: 0x3b879400 2
[1773167265.948778248] LOCK pid=86479 fd=12: SHARED -> RESERVED
DBimpl - LOCK REQUEST: 0x3b879400 1
[1773167265.948956565] LOCK pid=86477 fd=8: NO_LOCK -> SHARED (fallback)
[1773167265.948958686] LOCK pid=86477 fd=8: SHARED -> SHARED
DBimpl - UNLOCK REQUEST: 0x3b879400 0
[1773167265.949161466] UNLOCK pid=86477 fd=8: SHARED -> NO_LOCK
DBimpl - LOCK REQUEST: 0x3b879400 1
[1773167265.949204634] LOCK pid=86476 fd=6: NO_LOCK -> SHARED (fallback)
[1773167265.949205953] LOCK pid=86476 fd=6: SHARED -> SHARED
DBimpl - UNLOCK REQUEST: 0x3b879400 0
[1773167265.949345547] UNLOCK pid=86476 fd=6: SHARED -> NO_LOCK
DBimpl - LOCK REQUEST: 0x3b879400 1
[1773167265.949957860] LOCK pid=86476 fd=6: NO_LOCK -> SHARED (fallback)
[1773167265.949959065] LOCK pid=86476 fd=6: SHARED -> SHARED
DBimpl - UNLOCK REQUEST: 0x3b879400 0
[1773167265.950097968] UNLOCK pid=86476 fd=6: SHARED -> NO_LOCK
DBimpl - LOCK REQUEST: 0x3b879400 1
[1773167265.951015360] LOCK pid=86480 fd=14: NO_LOCK -> SHARED (fallback)
[1773167265.951017312] LOCK pid=86480 fd=14: SHARED -> SHARED
DBimpl - LOCK REQUEST: 0x3b879400 2
DBimpl - UNLOCK REQUEST: 0x3b879400 0
[1773167265.951032817] UNLOCK pid=86480 fd=14: SHARED -> NO_LOCK
DBimpl - LOCK REQUEST: 0x3b879400 1
[1773167265.951202460] LOCK pid=86477 fd=8: NO_LOCK -> SHARED (fallback)
[1773167265.951204369] LOCK pid=86477 fd=8: SHARED -> SHARED
DBimpl - LOCK REQUEST: 0x3b879400 1
[1773167265.951222826] LOCK pid=86476 fd=6: NO_LOCK -> SHARED (fallback)
[1773167265.951223955] LOCK pid=86476 fd=6: SHARED -> SHARED
DBimpl - UNLOCK REQUEST: 0x3b879400 0
[1773167265.951362622] UNLOCK pid=86476 fd=6: SHARED -> NO_LOCK
DBimpl - UNLOCK REQUEST: 0x3b879400 0
[1773167265.951443866] UNLOCK pid=86477 fd=8: SHARED -> NO_LOCK
DBimpl - LOCK REQUEST: 0x3b879400 1
[1773167265.951735001] LOCK pid=86476 fd=6: NO_LOCK -> SHARED (fallback)
[1773167265.951736064] LOCK pid=86476 fd=6: SHARED -> SHARED
DBimpl - UNLOCK REQUEST: 0x3b879400 0
[1773167265.951874672] UNLOCK pid=86476 fd=6: SHARED -> NO_LOCK
DBimpl - LOCK REQUEST: 0x3b879400 1
[1773167265.952198327] LOCK pid=86478 fd=10: NO_LOCK -> SHARED (fallback)
[1773167265.952199860] LOCK pid=86478 fd=10: SHARED -> SHARED
DBimpl - LOCK REQUEST: 0x3b879400 2
DBimpl - UNLOCK REQUEST: 0x3b879400 0
[1773167265.952215293] UNLOCK pid=86478 fd=10: SHARED -> NO_LOCK
DBimpl - LOCK REQUEST: 0x3b879400 1
[1773167265.952521901] LOCK pid=86476 fd=6: NO_LOCK -> SHARED (fallback)
[1773167265.952523002] LOCK pid=86476 fd=6: SHARED -> SHARED
DBimpl - UNLOCK REQUEST: 0x3b879400 0
[1773167265.952659946] UNLOCK pid=86476 fd=6: SHARED -> NO_LOCK
DBimpl - LOCK REQUEST: 0x3b879400 1
[1773167265.953045690] LOCK pid=86476 fd=6: NO_LOCK -> SHARED (fallback)
[1773167265.953046984] LOCK pid=86476 fd=6: SHARED -> SHARED
DBimpl - UNLOCK REQUEST: 0x3b879400 0
[1773167265.953188123] UNLOCK pid=86476 fd=6: SHARED -> NO_LOCK
DBimpl - LOCK REQUEST: 0x3b879400 1
[1773167265.956412240] LOCK pid=86477 fd=8: NO_LOCK -> SHARED (fallback)
[1773167265.956414389] LOCK pid=86477 fd=8: SHARED -> SHARED
DBimpl - LOCK REQUEST: 0x3b879400 1
[1773167265.956547682] LOCK pid=86476 fd=6: NO_LOCK -> SHARED (fallback)
[1773167265.956549586] LOCK pid=86476 fd=6: SHARED -> SHARED
DBimpl - UNLOCK REQUEST: 0x3b879400 0
[1773167265.956657378] UNLOCK pid=86477 fd=8: SHARED -> NO_LOCK
DBimpl - UNLOCK REQUEST: 0x3b879400 0
[1773167265.956706373] UNLOCK pid=86476 fd=6: SHARED -> NO_LOCK
DBimpl - LOCK REQUEST: 0x3b879400 1
[1773167265.956929426] LOCK pid=86477 fd=8: NO_LOCK -> SHARED (fallback)
[1773167265.956931127] LOCK pid=86477 fd=8: SHARED -> SHARED
DBimpl - UNLOCK REQUEST: 0x3b879400 0
[1773167265.957129891] UNLOCK pid=86477 fd=8: SHARED -> NO_LOCK
DBimpl - LOCK REQUEST: 0x3b879400 1
[1773167265.957518738] LOCK pid=86477 fd=8: NO_LOCK -> SHARED (fallback)
[1773167265.957520415] LOCK pid=86477 fd=8: SHARED -> SHARED
DBimpl - UNLOCK REQUEST: 0x3b879400 0
[1773167265.957717188] UNLOCK pid=86477 fd=8: SHARED -> NO_LOCK
DBimpl - LOCK REQUEST: 0x3b879400 1
[1773167265.957824420] LOCK pid=86476 fd=6: NO_LOCK -> SHARED (fallback)
[1773167265.957825633] LOCK pid=86476 fd=6: SHARED -> SHARED
DBimpl - LOCK REQUEST: 0x3b879400 1
[1773167265.957840927] LOCK pid=86477 fd=8: NO_LOCK -> SHARED (fallback)
[1773167265.957842878] LOCK pid=86477 fd=8: SHARED -> SHARED
DBimpl - UNLOCK REQUEST: 0x3b879400 0
[1773167265.957964810] UNLOCK pid=86476 fd=6: SHARED -> NO_LOCK
DBimpl - UNLOCK REQUEST: 0x3b879400 0
[1773167265.958059533] UNLOCK pid=86477 fd=8: SHARED -> NO_LOCK
DBimpl - LOCK REQUEST: 0x3b879400 4
[1773167265.958116309] LOCK pid=86479 fd=12: RESERVED -> PENDING
[1773167265.958118259] LOCK pid=86479 fd=12: PENDING -> EXCLUSIVE
DBimpl - UNLOCK REQUEST: 0x3b879400 1
[1773167265.958122255] UNLOCK pid=86479 fd=12: EXCLUSIVE -> SHARED
DBimpl - UNLOCK REQUEST: 0x3b879400 0
[1773167265.958125663] UNLOCK pid=86479 fd=12: SHARED -> NO_LOCK
DBimpl - LOCK REQUEST: 0x3b879400 1
[1773167265.959887911] LOCK pid=86476 fd=6: NO_LOCK -> SHARED (fallback)
[1773167265.959889228] LOCK pid=86476 fd=6: SHARED -> SHARED
DBimpl - LOCK REQUEST: 0x3b879400 1
[1773167265.960219730] LOCK pid=86477 fd=8: NO_LOCK -> SHARED (fallback)
[1773167265.960221362] LOCK pid=86477 fd=8: SHARED -> SHARED
DBimpl - UNLOCK REQUEST: 0x3b879400 0
[1773167265.960254844] UNLOCK pid=86476 fd=6: SHARED -> NO_LOCK
DBimpl - UNLOCK REQUEST: 0x3b879400 0
[1773167265.960499399] UNLOCK pid=86477 fd=8: SHARED -> NO_LOCK
DBimpl - LOCK REQUEST: 0x3b879400 1
[1773167265.960563337] LOCK pid=86476 fd=6: NO_LOCK -> SHARED (fallback)
[1773167265.960566069] LOCK pid=86476 fd=6: SHARED -> SHARED
DBimpl - UNLOCK REQUEST: 0x3b879400 0
[1773167265.960794058] UNLOCK pid=86476 fd=6: SHARED -> NO_LOCK
DBimpl - LOCK REQUEST: 0x3b879400 1
[1773167265.962396135] LOCK pid=86477 fd=8: NO_LOCK -> SHARED (fallback)
[1773167265.962397808] LOCK pid=86477 fd=8: SHARED -> SHARED
DBimpl - LOCK REQUEST: 0x3b879400 1
[1773167265.962525564] LOCK pid=86479 fd=12: NO_LOCK -> SHARED (fallback)
[1773167265.962528458] LOCK pid=86479 fd=12: SHARED -> SHARED
DBimpl - LOCK REQUEST: 0x3b879400 2
[1773167265.962545808] LOCK pid=86479 fd=12: SHARED -> RESERVED
DBimpl - LOCK REQUEST: 0x3b879400 1
[1773167265.962598571] LOCK pid=86476 fd=6: NO_LOCK -> SHARED (fallback)
[1773167265.962602766] LOCK pid=86476 fd=6: SHARED -> SHARED
DBimpl - UNLOCK REQUEST: 0x3b879400 0
[1773167265.962609770] UNLOCK pid=86477 fd=8: SHARED -> NO_LOCK
DBimpl - UNLOCK REQUEST: 0x3b879400 0
[1773167265.962833550] UNLOCK pid=86476 fd=6: SHARED -> NO_LOCK
DBimpl - LOCK REQUEST: 0x3b879400 4
[1773167265.962931833] LOCK pid=86479 fd=12: RESERVED -> PENDING
[1773167265.962933889] LOCK pid=86479 fd=12: PENDING -> EXCLUSIVE
DBimpl - UNLOCK REQUEST: 0x3b879400 1
[1773167265.962938100] UNLOCK pid=86479 fd=12: EXCLUSIVE -> SHARED
DBimpl - UNLOCK REQUEST: 0x3b879400 0
[1773167265.962941960] UNLOCK pid=86479 fd=12: SHARED -> NO_LOCK
DBimpl - LOCK REQUEST: 0x3b879400 1
[1773167265.964269328] LOCK pid=86476 fd=6: NO_LOCK -> SHARED (fallback)
[1773167265.964271326] LOCK pid=86476 fd=6: SHARED -> SHARED
DBimpl - UNLOCK REQUEST: 0x3b879400 0
[1773167265.964440664] UNLOCK pid=86476 fd=6: SHARED -> NO_LOCK
DBimpl - LOCK REQUEST: 0x3b879400 1
[1773167265.964804211] LOCK pid=86476 fd=6: NO_LOCK -> SHARED (fallback)
[1773167265.964805871] LOCK pid=86476 fd=6: SHARED -> SHARED
DBimpl - UNLOCK REQUEST: 0x3b879400 0
[1773167265.964962325] UNLOCK pid=86476 fd=6: SHARED -> NO_LOCK
DBimpl - LOCK REQUEST: 0x3b879400 1
[1773167265.965370404] LOCK pid=86477 fd=8: NO_LOCK -> SHARED (fallback)
[1773167265.965372773] LOCK pid=86477 fd=8: SHARED -> SHARED
DBimpl - UNLOCK REQUEST: 0x3b879400 0
[1773167265.965585785] UNLOCK pid=86477 fd=8: SHARED -> NO_LOCK
DBimpl - LOCK REQUEST: 0x3b879400 1
[1773167265.966041081] LOCK pid=86476 fd=6: NO_LOCK -> SHARED (fallback)
[1773167265.966042757] LOCK pid=86476 fd=6: SHARED -> SHARED
DBimpl - LOCK REQUEST: 0x3b879400 1
[1773167265.966103507] LOCK pid=86480 fd=14: NO_LOCK -> SHARED (fallback)
[1773167265.966105476] LOCK pid=86480 fd=14: SHARED -> SHARED
DBimpl - LOCK REQUEST: 0x3b879400 2
[1773167265.966117811] LOCK pid=86480 fd=14: SHARED -> RESERVED
DBimpl - LOCK REQUEST: 0x3b879400 1
[1773167265.966160174] LOCK pid=86479 fd=12: NO_LOCK -> SHARED (fallback)
[1773167265.966162595] LOCK pid=86479 fd=12: SHARED -> SHARED
DBimpl - LOCK REQUEST: 0x3b879400 2
DBimpl - UNLOCK REQUEST: 0x3b879400 0
[1773167265.966178587] UNLOCK pid=86479 fd=12: SHARED -> NO_LOCK
DBimpl - UNLOCK REQUEST: 0x3b879400 0
[1773167265.966190712] UNLOCK pid=86476 fd=6: SHARED -> NO_LOCK
DBimpl - LOCK REQUEST: 0x3b879400 4
[1773167265.966337300] LOCK pid=86480 fd=14: RESERVED -> PENDING
[1773167265.966340185] LOCK pid=86480 fd=14: PENDING -> EXCLUSIVE
DBimpl - LOCK REQUEST: 0x3b879400 1
DBimpl - LOCK REQUEST: 0x3b879400 1
DBimpl - LOCK REQUEST: 0x3b879400 1
DBimpl - UNLOCK REQUEST: 0x3b879400 1
[1773167265.968129688] UNLOCK pid=86480 fd=14: EXCLUSIVE -> SHARED
DBimpl - UNLOCK REQUEST: 0x3b879400 0
[1773167265.968136329] UNLOCK pid=86480 fd=14: SHARED -> NO_LOCK
DBimpl - LOCK REQUEST: 0x3b879400 1
[1773167265.968272548] LOCK pid=86477 fd=8: NO_LOCK -> SHARED (fallback)
[1773167265.968274405] LOCK pid=86477 fd=8: SHARED -> SHARED
DBimpl - UNLOCK REQUEST: 0x3b879400 0
[1773167265.968487873] UNLOCK pid=86477 fd=8: SHARED -> NO_LOCK
DBimpl - LOCK REQUEST: 0x3b879400 1
[1773167265.969107523] LOCK pid=86480 fd=14: NO_LOCK -> SHARED (fallback)
[1773167265.969109623] LOCK pid=86480 fd=14: SHARED -> SHARED
DBimpl - LOCK REQUEST: 0x3b879400 2
[1773167265.969120763] LOCK pid=86480 fd=14: SHARED -> RESERVED
DBimpl - LOCK REQUEST: 0x3b879400 4
[1773167265.969274503] LOCK pid=86480 fd=14: RESERVED -> PENDING
[1773167265.969277376] LOCK pid=86480 fd=14: PENDING -> EXCLUSIVE
DBimpl - LOCK REQUEST: 0x3b879400 1
DBimpl - LOCK REQUEST: 0x3b879400 1
DBimpl - LOCK REQUEST: 0x3b879400 1
DBimpl - UNLOCK REQUEST: 0x3b879400 1
[1773167265.971053997] UNLOCK pid=86480 fd=14: EXCLUSIVE -> SHARED
DBimpl - UNLOCK REQUEST: 0x3b879400 0
[1773167265.971059559] UNLOCK pid=86480 fd=14: SHARED -> NO_LOCK
DBimpl - LOCK REQUEST: 0x3b879400 1
[1773167265.972283904] LOCK pid=86477 fd=8: NO_LOCK -> SHARED (fallback)
[1773167265.972285934] LOCK pid=86477 fd=8: SHARED -> SHARED
DBimpl - UNLOCK REQUEST: 0x3b879400 0
[1773167265.972456217] UNLOCK pid=86477 fd=8: SHARED -> NO_LOCK
DBimpl - LOCK REQUEST: 0x3b879400 1
[1773167265.972690038] LOCK pid=86477 fd=8: NO_LOCK -> SHARED (fallback)
[1773167265.972691731] LOCK pid=86477 fd=8: SHARED -> SHARED
DBimpl - UNLOCK REQUEST: 0x3b879400 0
[1773167265.972852239] UNLOCK pid=86477 fd=8: SHARED -> NO_LOCK
DBimpl - LOCK REQUEST: 0x3b879400 1
[1773167265.973120930] LOCK pid=86476 fd=6: NO_LOCK -> SHARED (fallback)
[1773167265.973123009] LOCK pid=86476 fd=6: SHARED -> SHARED
DBimpl - UNLOCK REQUEST: 0x3b879400 0
[1773167265.973281670] UNLOCK pid=86476 fd=6: SHARED -> NO_LOCK
DBimpl - LOCK REQUEST: 0x3b879400 1
[1773167265.973652197] LOCK pid=86480 fd=14: NO_LOCK -> SHARED (fallback)
[1773167265.973678631] LOCK pid=86480 fd=14: SHARED -> SHARED
DBimpl - LOCK REQUEST: 0x3b879400 2
[1773167265.973765543] LOCK pid=86480 fd=14: SHARED -> RESERVED
DBimpl - LOCK REQUEST: 0x3b879400 1
[1773167265.973826649] LOCK pid=86477 fd=8: NO_LOCK -> SHARED (fallback)
[1773167265.973828507] LOCK pid=86477 fd=8: SHARED -> SHARED
DBimpl - LOCK REQUEST: 0x3b879400 4
[1773167265.973869845] LOCK pid=86480 fd=14: RESERVED -> PENDING
DBimpl - UNLOCK REQUEST: 0x3b879400 0
[1773167265.973996112] UNLOCK pid=86477 fd=8: SHARED -> NO_LOCK
DBimpl - LOCK REQUEST: 0x3b879400 1
DBimpl - LOCK REQUEST: 0x3b879400 4
[1773167265.974935793] LOCK pid=86480 fd=14: PENDING -> EXCLUSIVE
DBimpl - LOCK REQUEST: 0x3b879400 1
DBimpl - LOCK REQUEST: 0x3b879400 1
DBimpl - UNLOCK REQUEST: 0x3b879400 1
[1773167265.976702885] UNLOCK pid=86480 fd=14: EXCLUSIVE -> SHARED
DBimpl - UNLOCK REQUEST: 0x3b879400 0
[1773167265.976709298] UNLOCK pid=86480 fd=14: SHARED -> NO_LOCK
DBimpl - LOCK REQUEST: 0x3b879400 1
[1773167265.977465851] LOCK pid=86476 fd=6: NO_LOCK -> SHARED (fallback)
[1773167265.977467911] LOCK pid=86476 fd=6: SHARED -> SHARED
DBimpl - LOCK REQUEST: 0x3b879400 1
[1773167265.977514563] LOCK pid=86477 fd=8: NO_LOCK -> SHARED (fallback)
[1773167265.977516902] LOCK pid=86477 fd=8: SHARED -> SHARED
DBimpl - UNLOCK REQUEST: 0x3b879400 0
[1773167265.977567873] UNLOCK pid=86476 fd=6: SHARED -> NO_LOCK
DBimpl - UNLOCK REQUEST: 0x3b879400 0
[1773167265.977643966] UNLOCK pid=86477 fd=8: SHARED -> NO_LOCK
DBimpl - LOCK REQUEST: 0x3b879400 1
[1773167265.977735875] LOCK pid=86480 fd=14: NO_LOCK -> SHARED (fallback)
[1773167265.977737594] LOCK pid=86480 fd=14: SHARED -> SHARED
DBimpl - LOCK REQUEST: 0x3b879400 2
[1773167265.977748266] LOCK pid=86480 fd=14: SHARED -> RESERVED
DBimpl - LOCK REQUEST: 0x3b879400 4
DBimpl - LOCK REQUEST: 0x3b879400 1
[1773167265.977865356] LOCK pid=86480 fd=14: RESERVED -> PENDING
[1773167265.977868258] LOCK pid=86480 fd=14: PENDING -> EXCLUSIVE
DBimpl - LOCK REQUEST: 0x3b879400 1
DBimpl - LOCK REQUEST: 0x3b879400 1
DBimpl - LOCK REQUEST: 0x3b879400 1
DBimpl - LOCK REQUEST: 0x3b879400 1
DBimpl - LOCK REQUEST: 0x3b879400 1
DBimpl - UNLOCK REQUEST: 0x3b879400 1
[1773167265.982839460] UNLOCK pid=86480 fd=14: EXCLUSIVE -> SHARED
DBimpl - UNLOCK REQUEST: 0x3b879400 0
[1773167265.982845919] UNLOCK pid=86480 fd=14: SHARED -> NO_LOCK
DBimpl - LOCK REQUEST: 0x3b879400 1
[1773167265.984464001] LOCK pid=86479 fd=12: NO_LOCK -> SHARED (fallback)
[1773167265.984473042] LOCK pid=86479 fd=12: SHARED -> SHARED
DBimpl - LOCK REQUEST: 0x3b879400 2
[1773167265.984494434] LOCK pid=86479 fd=12: SHARED -> RESERVED
DBimpl - LOCK REQUEST: 0x3b879400 1
[1773167265.986165055] LOCK pid=86476 fd=6: NO_LOCK -> SHARED (fallback)
[1773167265.986166669] LOCK pid=86476 fd=6: SHARED -> SHARED
DBimpl - UNLOCK REQUEST: 0x3b879400 0
[1773167265.986292713] UNLOCK pid=86476 fd=6: SHARED -> NO_LOCK
DBimpl - LOCK REQUEST: 0x3b879400 1
[1773167265.986699185] LOCK pid=86477 fd=8: NO_LOCK -> SHARED (fallback)
[1773167265.986701319] LOCK pid=86477 fd=8: SHARED -> SHARED
DBimpl - UNLOCK REQUEST: 0x3b879400 0
[1773167265.986864525] UNLOCK pid=86477 fd=8: SHARED -> NO_LOCK
DBimpl - LOCK REQUEST: 0x3b879400 1
[1773167265.987069268] LOCK pid=86477 fd=8: NO_LOCK -> SHARED (fallback)
[1773167265.987071608] LOCK pid=86477 fd=8: SHARED -> SHARED
DBimpl - UNLOCK REQUEST: 0x3b879400 0
[1773167265.987287405] UNLOCK pid=86477 fd=8: SHARED -> NO_LOCK
DBimpl - LOCK REQUEST: 0x3b879400 1
[1773167265.987339587] LOCK pid=86476 fd=6: NO_LOCK -> SHARED (fallback)
[1773167265.987341501] LOCK pid=86476 fd=6: SHARED -> SHARED
DBimpl - LOCK REQUEST: 0x3b879400 1
[1773167265.987358299] LOCK pid=86478 fd=10: NO_LOCK -> SHARED (fallback)
[1773167265.987361281] LOCK pid=86478 fd=10: SHARED -> SHARED
DBimpl - LOCK REQUEST: 0x3b879400 2
DBimpl - UNLOCK REQUEST: 0x3b879400 0
[1773167265.987388734] UNLOCK pid=86478 fd=10: SHARED -> NO_LOCK
DBimpl - UNLOCK REQUEST: 0x3b879400 0
[1773167265.987451814] UNLOCK pid=86476 fd=6: SHARED -> NO_LOCK
DBimpl - LOCK REQUEST: 0x3b879400 1
[1773167265.987515903] LOCK pid=86477 fd=8: NO_LOCK -> SHARED (fallback)
[1773167265.987517504] LOCK pid=86477 fd=8: SHARED -> SHARED
DBimpl - UNLOCK REQUEST: 0x3b879400 0
[1773167265.987637080] UNLOCK pid=86477 fd=8: SHARED -> NO_LOCK
DBimpl - LOCK REQUEST: 0x3b879400 1
[1773167265.987933963] LOCK pid=86476 fd=6: NO_LOCK -> SHARED (fallback)
[1773167265.987935224] LOCK pid=86476 fd=6: SHARED -> SHARED
DBimpl - UNLOCK REQUEST: 0x3b879400 0
[1773167265.988017667] UNLOCK pid=86476 fd=6: SHARED -> NO_LOCK
DBimpl - LOCK REQUEST: 0x3b879400 1
[1773167265.988640211] LOCK pid=86480 fd=14: NO_LOCK -> SHARED (fallback)
[1773167265.988641583] LOCK pid=86480 fd=14: SHARED -> SHARED
DBimpl - LOCK REQUEST: 0x3b879400 2
DBimpl - UNLOCK REQUEST: 0x3b879400 0
[1773167265.988652143] UNLOCK pid=86480 fd=14: SHARED -> NO_LOCK
DBimpl - LOCK REQUEST: 0x3b879400 1
[1773167265.989425006] LOCK pid=86476 fd=6: NO_LOCK -> SHARED (fallback)
[1773167265.989426198] LOCK pid=86476 fd=6: SHARED -> SHARED
DBimpl - UNLOCK REQUEST: 0x3b879400 0
[1773167265.989521630] UNLOCK pid=86476 fd=6: SHARED -> NO_LOCK
DBimpl - LOCK REQUEST: 0x3b879400 1
[1773167265.989714535] LOCK pid=86480 fd=14: NO_LOCK -> SHARED (fallback)
[1773167265.989715674] LOCK pid=86480 fd=14: SHARED -> SHARED
DBimpl - LOCK REQUEST: 0x3b879400 2
DBimpl - UNLOCK REQUEST: 0x3b879400 0
[1773167265.989734029] UNLOCK pid=86480 fd=14: SHARED -> NO_LOCK
DBimpl - LOCK REQUEST: 0x3b879400 1
[1773167265.990127292] LOCK pid=86476 fd=6: NO_LOCK -> SHARED (fallback)
[1773167265.990128893] LOCK pid=86476 fd=6: SHARED -> SHARED
DBimpl - UNLOCK REQUEST: 0x3b879400 0
[1773167265.990219297] UNLOCK pid=86476 fd=6: SHARED -> NO_LOCK
DBimpl - LOCK REQUEST: 0x3b879400 1
[1773167265.990257603] LOCK pid=86477 fd=8: NO_LOCK -> SHARED (fallback)
[1773167265.990274957] LOCK pid=86477 fd=8: SHARED -> SHARED
DBimpl - UNLOCK REQUEST: 0x3b879400 0
[1773167265.990531757] UNLOCK pid=86477 fd=8: SHARED -> NO_LOCK
DBimpl - LOCK REQUEST: 0x3b879400 4
[1773167265.991118070] LOCK pid=86479 fd=12: RESERVED -> PENDING
[1773167265.991121544] LOCK pid=86479 fd=12: PENDING -> EXCLUSIVE
DBimpl - LOCK REQUEST: 0x3b879400 1
DBimpl - LOCK REQUEST: 0x3b879400 1
DBimpl - LOCK REQUEST: 0x3b879400 1
DBimpl - UNLOCK REQUEST: 0x3b879400 1
[1773167265.993844074] UNLOCK pid=86479 fd=12: EXCLUSIVE -> SHARED
DBimpl - UNLOCK REQUEST: 0x3b879400 0
[1773167265.993851627] UNLOCK pid=86479 fd=12: SHARED -> NO_LOCK
DBimpl - LOCK REQUEST: 0x3b879400 1
[1773167265.994440467] LOCK pid=86479 fd=12: NO_LOCK -> SHARED (fallback)
[1773167265.994446785] LOCK pid=86479 fd=12: SHARED -> SHARED
DBimpl - LOCK REQUEST: 0x3b879400 2
[1773167265.994460173] LOCK pid=86479 fd=12: SHARED -> RESERVED
DBimpl - LOCK REQUEST: 0x3b879400 1
[1773167265.994606768] LOCK pid=86476 fd=6: NO_LOCK -> SHARED (fallback)
[1773167265.994609490] LOCK pid=86476 fd=6: SHARED -> SHARED
DBimpl - LOCK REQUEST: 0x3b879400 1
[1773167265.994931584] LOCK pid=86477 fd=8: NO_LOCK -> SHARED (fallback)
[1773167265.994956385] LOCK pid=86477 fd=8: SHARED -> SHARED
DBimpl - UNLOCK REQUEST: 0x3b879400 0
[1773167265.995180175] UNLOCK pid=86476 fd=6: SHARED -> NO_LOCK
DBimpl - UNLOCK REQUEST: 0x3b879400 0
[1773167265.995300447] UNLOCK pid=86477 fd=8: SHARED -> NO_LOCK
DBimpl - LOCK REQUEST: 0x3b879400 1
[1773167265.996057535] LOCK pid=86476 fd=6: NO_LOCK -> SHARED (fallback)
[1773167265.996059481] LOCK pid=86476 fd=6: SHARED -> SHARED
DBimpl - UNLOCK REQUEST: 0x3b879400 0
[1773167265.996275057] UNLOCK pid=86476 fd=6: SHARED -> NO_LOCK
DBimpl - LOCK REQUEST: 0x3b879400 1
[1773167265.996292466] LOCK pid=86477 fd=8: NO_LOCK -> SHARED (fallback)
[1773167265.996294819] LOCK pid=86477 fd=8: SHARED -> SHARED
DBimpl - UNLOCK REQUEST: 0x3b879400 0
[1773167265.996530268] UNLOCK pid=86477 fd=8: SHARED -> NO_LOCK
DBimpl - LOCK REQUEST: 0x3b879400 1
[1773167265.996967040] LOCK pid=86480 fd=14: NO_LOCK -> SHARED (fallback)
[1773167265.996985659] LOCK pid=86480 fd=14: SHARED -> SHARED
DBimpl - LOCK REQUEST: 0x3b879400 2
DBimpl - UNLOCK REQUEST: 0x3b879400 0
[1773167265.997025747] UNLOCK pid=86480 fd=14: SHARED -> NO_LOCK
DBimpl - LOCK REQUEST: 0x3b879400 1
[1773167265.998788034] LOCK pid=86476 fd=6: NO_LOCK -> SHARED (fallback)
[1773167265.998789604] LOCK pid=86476 fd=6: SHARED -> SHARED
DBimpl - UNLOCK REQUEST: 0x3b879400 0
[1773167265.998945973] UNLOCK pid=86476 fd=6: SHARED -> NO_LOCK
DBimpl - LOCK REQUEST: 0x3b879400 1
[1773167266.001075330] LOCK pid=86477 fd=8: NO_LOCK -> SHARED (fallback)
[1773167266.001077464] LOCK pid=86477 fd=8: SHARED -> SHARED
DBimpl - UNLOCK REQUEST: 0x3b879400 0
[1773167266.001392235] UNLOCK pid=86477 fd=8: SHARED -> NO_LOCK
DBimpl - LOCK REQUEST: 0x3b879400 1
[1773167266.001593426] LOCK pid=86476 fd=6: NO_LOCK -> SHARED (fallback)
[1773167266.001595300] LOCK pid=86476 fd=6: SHARED -> SHARED
DBimpl - UNLOCK REQUEST: 0x3b879400 0
[1773167266.001788178] UNLOCK pid=86476 fd=6: SHARED -> NO_LOCK
DBimpl - LOCK REQUEST: 0x3b879400 1
[1773167266.003414367] LOCK pid=86477 fd=8: NO_LOCK -> SHARED (fallback)
[1773167266.003417282] LOCK pid=86477 fd=8: SHARED -> SHARED
DBimpl - LOCK REQUEST: 0x3b879400 1
[1773167266.003703799] LOCK pid=86476 fd=6: NO_LOCK -> SHARED (fallback)
[1773167266.003706011] LOCK pid=86476 fd=6: SHARED -> SHARED
DBimpl - UNLOCK REQUEST: 0x3b879400 0
[1773167266.003748618] UNLOCK pid=86477 fd=8: SHARED -> NO_LOCK
DBimpl - UNLOCK REQUEST: 0x3b879400 0
[1773167266.003891419] UNLOCK pid=86476 fd=6: SHARED -> NO_LOCK
DBimpl - LOCK REQUEST: 0x3b879400 1
[1773167266.005289845] LOCK pid=86477 fd=8: NO_LOCK -> SHARED (fallback)
[1773167266.005292101] LOCK pid=86477 fd=8: SHARED -> SHARED
DBimpl - UNLOCK REQUEST: 0x3b879400 0
[1773167266.005595535] UNLOCK pid=86477 fd=8: SHARED -> NO_LOCK
DBimpl - LOCK REQUEST: 0x3b879400 1
[1773167266.006691744] LOCK pid=86477 fd=8: NO_LOCK -> SHARED (fallback)
[1773167266.006693742] LOCK pid=86477 fd=8: SHARED -> SHARED
DBimpl - UNLOCK REQUEST: 0x3b879400 0
[1773167266.006924954] UNLOCK pid=86477 fd=8: SHARED -> NO_LOCK
DBimpl - LOCK REQUEST: 0x3b879400 1
[1773167266.007101597] LOCK pid=86480 fd=14: NO_LOCK -> SHARED (fallback)
[1773167266.007104070] LOCK pid=86480 fd=14: SHARED -> SHARED
DBimpl - LOCK REQUEST: 0x3b879400 2
DBimpl - UNLOCK REQUEST: 0x3b879400 0
[1773167266.007122347] UNLOCK pid=86480 fd=14: SHARED -> NO_LOCK
DBimpl - LOCK REQUEST: 0x3b879400 1
[1773167266.008711521] LOCK pid=86477 fd=8: NO_LOCK -> SHARED (fallback)
[1773167266.008714083] LOCK pid=86477 fd=8: SHARED -> SHARED
DBimpl - UNLOCK REQUEST: 0x3b879400 0
[1773167266.008923059] UNLOCK pid=86477 fd=8: SHARED -> NO_LOCK
DBimpl - LOCK REQUEST: 0x3b879400 1
[1773167266.012492395] LOCK pid=86478 fd=10: NO_LOCK -> SHARED (fallback)
[1773167266.012497425] LOCK pid=86478 fd=10: SHARED -> SHARED
DBimpl - LOCK REQUEST: 0x3b879400 2
DBimpl - UNLOCK REQUEST: 0x3b879400 0
[1773167266.012531044] UNLOCK pid=86478 fd=10: SHARED -> NO_LOCK
DBimpl - LOCK REQUEST: 0x3b879400 1
DBimpl - LOCK REQUEST: 0x3b879400 4
[1773167266.013355179] LOCK pid=86477 fd=8: NO_LOCK -> SHARED (fallback)
[1773167266.013361194] LOCK pid=86477 fd=8: SHARED -> SHARED
[1773167266.013363235] LOCK pid=86479 fd=12: RESERVED -> PENDING
DBimpl - UNLOCK REQUEST: 0x3b879400 0
[1773167266.013591956] UNLOCK pid=86477 fd=8: SHARED -> NO_LOCK
DBimpl - LOCK REQUEST: 0x3b879400 4
[1773167266.014443253] LOCK pid=86479 fd=12: PENDING -> EXCLUSIVE
DBimpl - UNLOCK REQUEST: 0x3b879400 1
[1773167266.014453769] UNLOCK pid=86479 fd=12: EXCLUSIVE -> SHARED
DBimpl - UNLOCK REQUEST: 0x3b879400 0
[1773167266.014462698] UNLOCK pid=86479 fd=12: SHARED -> NO_LOCK
DBimpl - LOCK REQUEST: 0x3b879400 1
[1773167266.014941871] LOCK pid=86479 fd=12: NO_LOCK -> SHARED (fallback)
[1773167266.014944496] LOCK pid=86479 fd=12: SHARED -> SHARED
DBimpl - LOCK REQUEST: 0x3b879400 2
[1773167266.014959961] LOCK pid=86479 fd=12: SHARED -> RESERVED
DBimpl - LOCK REQUEST: 0x3b879400 1
[1773167266.017769089] LOCK pid=86476 fd=6: NO_LOCK -> SHARED (fallback)
[1773167266.017771605] LOCK pid=86476 fd=6: SHARED -> SHARED
DBimpl - UNLOCK REQUEST: 0x3b879400 0
[1773167266.017949009] UNLOCK pid=86476 fd=6: SHARED -> NO_LOCK
DBimpl - LOCK REQUEST: 0x3b879400 1
[1773167266.018083002] LOCK pid=86476 fd=6: NO_LOCK -> SHARED (fallback)
[1773167266.018084194] LOCK pid=86476 fd=6: SHARED -> SHARED
DBimpl - UNLOCK REQUEST: 0x3b879400 0
[1773167266.018225102] UNLOCK pid=86476 fd=6: SHARED -> NO_LOCK
DBimpl - LOCK REQUEST: 0x3b879400 1
[1773167266.019813416] LOCK pid=86477 fd=8: NO_LOCK -> SHARED (fallback)
[1773167266.019815053] LOCK pid=86477 fd=8: SHARED -> SHARED
DBimpl - UNLOCK REQUEST: 0x3b879400 0
[1773167266.020022124] UNLOCK pid=86477 fd=8: SHARED -> NO_LOCK
DBimpl - LOCK REQUEST: 0x3b879400 1
[1773167266.022240726] LOCK pid=86480 fd=14: NO_LOCK -> SHARED (fallback)
[1773167266.022243324] LOCK pid=86480 fd=14: SHARED -> SHARED
DBimpl - LOCK REQUEST: 0x3b879400 2
DBimpl - UNLOCK REQUEST: 0x3b879400 0
[1773167266.022261298] UNLOCK pid=86480 fd=14: SHARED -> NO_LOCK
DBimpl - LOCK REQUEST: 0x3b879400 1
[1773167266.022561903] LOCK pid=86477 fd=8: NO_LOCK -> SHARED (fallback)
[1773167266.022564497] LOCK pid=86477 fd=8: SHARED -> SHARED
DBimpl - UNLOCK REQUEST: 0x3b879400 0
[1773167266.022884410] UNLOCK pid=86477 fd=8: SHARED -> NO_LOCK
DBimpl - LOCK REQUEST: 0x3b879400 1
[1773167266.024128271] LOCK pid=86476 fd=6: NO_LOCK -> SHARED (fallback)
[1773167266.024131241] LOCK pid=86476 fd=6: SHARED -> SHARED
DBimpl - UNLOCK REQUEST: 0x3b879400 0
[1773167266.024439053] UNLOCK pid=86476 fd=6: SHARED -> NO_LOCK
DBimpl - LOCK REQUEST: 0x3b879400 1
[1773167266.024504586] LOCK pid=86477 fd=8: NO_LOCK -> SHARED (fallback)
[1773167266.024506641] LOCK pid=86477 fd=8: SHARED -> SHARED
DBimpl - LOCK REQUEST: 0x3b879400 1
[1773167266.025017737] LOCK pid=86476 fd=6: NO_LOCK -> SHARED (fallback)
[1773167266.025020606] LOCK pid=86476 fd=6: SHARED -> SHARED
DBimpl - UNLOCK REQUEST: 0x3b879400 0
[1773167266.025312140] UNLOCK pid=86477 fd=8: SHARED -> NO_LOCK
DBimpl - UNLOCK REQUEST: 0x3b879400 0
[1773167266.025454445] UNLOCK pid=86476 fd=6: SHARED -> NO_LOCK
DBimpl - LOCK REQUEST: 0x3b879400 1
[1773167266.029061329] LOCK pid=86476 fd=6: NO_LOCK -> SHARED (fallback)
[1773167266.029065598] LOCK pid=86476 fd=6: SHARED -> SHARED
DBimpl - UNLOCK REQUEST: 0x3b879400 0
[1773167266.029326194] UNLOCK pid=86476 fd=6: SHARED -> NO_LOCK
DBimpl - LOCK REQUEST: 0x3b879400 1
[1773167266.029386598] LOCK pid=86477 fd=8: NO_LOCK -> SHARED (fallback)
[1773167266.029389465] LOCK pid=86477 fd=8: SHARED -> SHARED
DBimpl - LOCK REQUEST: 0x3b879400 1
[1773167266.029418941] LOCK pid=86476 fd=6: NO_LOCK -> SHARED (fallback)
[1773167266.029421398] LOCK pid=86476 fd=6: SHARED -> SHARED
DBimpl - UNLOCK REQUEST: 0x3b879400 0
[1773167266.029779915] UNLOCK pid=86476 fd=6: SHARED -> NO_LOCK
DBimpl - UNLOCK REQUEST: 0x3b879400 0
[1773167266.029796425] UNLOCK pid=86477 fd=8: SHARED -> NO_LOCK
DBimpl - LOCK REQUEST: 0x3b879400 1
[1773167266.029923521] LOCK pid=86476 fd=6: NO_LOCK -> SHARED (fallback)
[1773167266.029924929] LOCK pid=86476 fd=6: SHARED -> SHARED
DBimpl - UNLOCK REQUEST: 0x3b879400 0
[1773167266.030077112] UNLOCK pid=86476 fd=6: SHARED -> NO_LOCK
DBimpl - LOCK REQUEST: 0x3b879400 1
[1773167266.031656267] LOCK pid=86477 fd=8: NO_LOCK -> SHARED (fallback)
[1773167266.031657834] LOCK pid=86477 fd=8: SHARED -> SHARED
DBimpl - UNLOCK REQUEST: 0x3b879400 0
[1773167266.031858010] UNLOCK pid=86477 fd=8: SHARED -> NO_LOCK
DBimpl - LOCK REQUEST: 0x3b879400 1
[1773167266.033633769] LOCK pid=86477 fd=8: NO_LOCK -> SHARED (fallback)
[1773167266.033635799] LOCK pid=86477 fd=8: SHARED -> SHARED
DBimpl - UNLOCK REQUEST: 0x3b879400 0
[1773167266.033903767] UNLOCK pid=86477 fd=8: SHARED -> NO_LOCK
DBimpl - LOCK REQUEST: 0x3b879400 1
[1773167266.034176099] LOCK pid=86477 fd=8: NO_LOCK -> SHARED (fallback)
[1773167266.034177344] LOCK pid=86477 fd=8: SHARED -> SHARED
DBimpl - UNLOCK REQUEST: 0x3b879400 0
[1773167266.034361762] UNLOCK pid=86477 fd=8: SHARED -> NO_LOCK
DBimpl - LOCK REQUEST: 0x3b879400 1
[1773167266.034616979] LOCK pid=86477 fd=8: NO_LOCK -> SHARED (fallback)
[1773167266.034618470] LOCK pid=86477 fd=8: SHARED -> SHARED
DBimpl - UNLOCK REQUEST: 0x3b879400 0
[1773167266.034794332] UNLOCK pid=86477 fd=8: SHARED -> NO_LOCK
DBimpl - LOCK REQUEST: 0x3b879400 4
[1773167266.035297805] LOCK pid=86479 fd=12: RESERVED -> PENDING
[1773167266.035302638] LOCK pid=86479 fd=12: PENDING -> EXCLUSIVE
DBimpl - UNLOCK REQUEST: 0x3b879400 1
[1773167266.035311053] UNLOCK pid=86479 fd=12: EXCLUSIVE -> SHARED
DBimpl - UNLOCK REQUEST: 0x3b879400 0
[1773167266.035320344] UNLOCK pid=86479 fd=12: SHARED -> NO_LOCK
DBimpl - LOCK REQUEST: 0x3b879400 1
[1773167266.035765335] LOCK pid=86477 fd=8: NO_LOCK -> SHARED (fallback)
[1773167266.035766623] LOCK pid=86477 fd=8: SHARED -> SHARED
DBimpl - UNLOCK REQUEST: 0x3b879400 0
[1773167266.035976497] UNLOCK pid=86477 fd=8: SHARED -> NO_LOCK
DBimpl - LOCK REQUEST: 0x3b879400 1
[1773167266.037642430] LOCK pid=86478 fd=10: NO_LOCK -> SHARED (fallback)
[1773167266.037645897] LOCK pid=86478 fd=10: SHARED -> SHARED
DBimpl - LOCK REQUEST: 0x3b879400 2
[1773167266.037659137] LOCK pid=86478 fd=10: SHARED -> RESERVED
DBimpl - LOCK REQUEST: 0x3b879400 4
[1773167266.038369246] LOCK pid=86478 fd=10: RESERVED -> PENDING
[1773167266.038371340] LOCK pid=86478 fd=10: PENDING -> EXCLUSIVE
DBimpl - UNLOCK REQUEST: 0x3b879400 1
[1773167266.040923200] UNLOCK pid=86478 fd=10: EXCLUSIVE -> SHARED
DBimpl - UNLOCK REQUEST: 0x3b879400 0
[1773167266.040929021] UNLOCK pid=86478 fd=10: SHARED -> NO_LOCK
DBimpl - LOCK REQUEST: 0x3b879400 1
[1773167266.041528493] LOCK pid=86479 fd=12: NO_LOCK -> SHARED (fallback)
[1773167266.041531859] LOCK pid=86479 fd=12: SHARED -> SHARED
DBimpl - LOCK REQUEST: 0x3b879400 2
[1773167266.041553665] LOCK pid=86479 fd=12: SHARED -> RESERVED
DBimpl - LOCK REQUEST: 0x3b879400 1
[1773167266.041583114] LOCK pid=86476 fd=6: NO_LOCK -> SHARED (fallback)
[1773167266.041585375] LOCK pid=86476 fd=6: SHARED -> SHARED
DBimpl - UNLOCK REQUEST: 0x3b879400 0
[1773167266.041783167] UNLOCK pid=86476 fd=6: SHARED -> NO_LOCK
DBimpl - LOCK REQUEST: 0x3b879400 1
[1773167266.042060072] LOCK pid=86477 fd=8: NO_LOCK -> SHARED (fallback)
[1773167266.042061703] LOCK pid=86477 fd=8: SHARED -> SHARED
DBimpl - UNLOCK REQUEST: 0x3b879400 0
[1773167266.042267136] UNLOCK pid=86477 fd=8: SHARED -> NO_LOCK
DBimpl - LOCK REQUEST: 0x3b879400 1
[1773167266.042329784] LOCK pid=86480 fd=14: NO_LOCK -> SHARED (fallback)
[1773167266.042331488] LOCK pid=86480 fd=14: SHARED -> SHARED
DBimpl - LOCK REQUEST: 0x3b879400 2
DBimpl - UNLOCK REQUEST: 0x3b879400 0
[1773167266.042343374] UNLOCK pid=86480 fd=14: SHARED -> NO_LOCK
DBimpl - LOCK REQUEST: 0x3b879400 1
[1773167266.043179274] LOCK pid=86476 fd=6: NO_LOCK -> SHARED (fallback)
[1773167266.043186095] LOCK pid=86476 fd=6: SHARED -> SHARED
DBimpl - LOCK REQUEST: 0x3b879400 1
[1773167266.043267003] LOCK pid=86478 fd=10: NO_LOCK -> SHARED (fallback)
[1773167266.043268599] LOCK pid=86478 fd=10: SHARED -> SHARED
DBimpl - LOCK REQUEST: 0x3b879400 2
DBimpl - UNLOCK REQUEST: 0x3b879400 0
[1773167266.043279558] UNLOCK pid=86478 fd=10: SHARED -> NO_LOCK
DBimpl - UNLOCK REQUEST: 0x3b879400 0
[1773167266.043349471] UNLOCK pid=86476 fd=6: SHARED -> NO_LOCK
DBimpl - LOCK REQUEST: 0x3b879400 1
[1773167266.043525842] LOCK pid=86476 fd=6: NO_LOCK -> SHARED (fallback)
[1773167266.043526985] LOCK pid=86476 fd=6: SHARED -> SHARED
DBimpl - UNLOCK REQUEST: 0x3b879400 0
[1773167266.043676887] UNLOCK pid=86476 fd=6: SHARED -> NO_LOCK
DBimpl - LOCK REQUEST: 0x3b879400 1
[1773167266.044359507] LOCK pid=86478 fd=10: NO_LOCK -> SHARED (fallback)
[1773167266.044360729] LOCK pid=86478 fd=10: SHARED -> SHARED
DBimpl - LOCK REQUEST: 0x3b879400 2
DBimpl - UNLOCK REQUEST: 0x3b879400 0
[1773167266.044368037] UNLOCK pid=86478 fd=10: SHARED -> NO_LOCK
DBimpl - LOCK REQUEST: 0x3b879400 1
[1773167266.046150747] LOCK pid=86476 fd=6: NO_LOCK -> SHARED (fallback)
[1773167266.046152003] LOCK pid=86476 fd=6: SHARED -> SHARED
DBimpl - UNLOCK REQUEST: 0x3b879400 0
[1773167266.046300326] UNLOCK pid=86476 fd=6: SHARED -> NO_LOCK
DBimpl - LOCK REQUEST: 0x3b879400 1
[1773167266.046455442] LOCK pid=86478 fd=10: NO_LOCK -> SHARED (fallback)
[1773167266.046456539] LOCK pid=86478 fd=10: SHARED -> SHARED
DBimpl - LOCK REQUEST: 0x3b879400 2
DBimpl - UNLOCK REQUEST: 0x3b879400 0
[1773167266.046467937] UNLOCK pid=86478 fd=10: SHARED -> NO_LOCK
DBimpl - LOCK REQUEST: 0x3b879400 1
[1773167266.046543584] LOCK pid=86476 fd=6: NO_LOCK -> SHARED (fallback)
[1773167266.046544887] LOCK pid=86476 fd=6: SHARED -> SHARED
DBimpl - UNLOCK REQUEST: 0x3b879400 0
[1773167266.046694126] UNLOCK pid=86476 fd=6: SHARED -> NO_LOCK
DBimpl - LOCK REQUEST: 0x3b879400 1
[1773167266.046746635] LOCK pid=86477 fd=8: NO_LOCK -> SHARED (fallback)
[1773167266.046748181] LOCK pid=86477 fd=8: SHARED -> SHARED
DBimpl - UNLOCK REQUEST: 0x3b879400 0
[1773167266.046952093] UNLOCK pid=86477 fd=8: SHARED -> NO_LOCK
DBimpl - LOCK REQUEST: 0x3b879400 1
[1773167266.047455980] LOCK pid=86477 fd=8: NO_LOCK -> SHARED (fallback)
[1773167266.047457419] LOCK pid=86477 fd=8: SHARED -> SHARED
DBimpl - UNLOCK REQUEST: 0x3b879400 0
[1773167266.047625050] UNLOCK pid=86477 fd=8: SHARED -> NO_LOCK
DBimpl - LOCK REQUEST: 0x3b879400 1
[1773167266.049303283] LOCK pid=86477 fd=8: NO_LOCK -> SHARED (fallback)
[1773167266.049305366] LOCK pid=86477 fd=8: SHARED -> SHARED
DBimpl - UNLOCK REQUEST: 0x3b879400 0
[1773167266.049503293] UNLOCK pid=86477 fd=8: SHARED -> NO_LOCK
DBimpl - LOCK REQUEST: 0x3b879400 1
[1773167266.051527670] LOCK pid=86476 fd=6: NO_LOCK -> SHARED (fallback)
DBimpl - LOCK REQUEST: 0x3b879400 1
[1773167266.051530365] LOCK pid=86476 fd=6: SHARED -> SHARED
[1773167266.051537997] LOCK pid=86478 fd=10: NO_LOCK -> SHARED (fallback)
[1773167266.051550870] LOCK pid=86478 fd=10: SHARED -> SHARED
DBimpl - LOCK REQUEST: 0x3b879400 2
DBimpl - UNLOCK REQUEST: 0x3b879400 0
[1773167266.051566794] UNLOCK pid=86478 fd=10: SHARED -> NO_LOCK
DBimpl - LOCK REQUEST: 0x3b879400 1
[1773167266.051752011] LOCK pid=86477 fd=8: NO_LOCK -> SHARED (fallback)
[1773167266.051753803] LOCK pid=86477 fd=8: SHARED -> SHARED
DBimpl - UNLOCK REQUEST: 0x3b879400 0
[1773167266.051876587] UNLOCK pid=86476 fd=6: SHARED -> NO_LOCK
DBimpl - UNLOCK REQUEST: 0x3b879400 0
[1773167266.051958594] UNLOCK pid=86477 fd=8: SHARED -> NO_LOCK
DBimpl - LOCK REQUEST: 0x3b879400 1
[1773167266.052307058] LOCK pid=86476 fd=6: NO_LOCK -> SHARED (fallback)
[1773167266.052309027] LOCK pid=86476 fd=6: SHARED -> SHARED
DBimpl - UNLOCK REQUEST: 0x3b879400 0
[1773167266.052622980] UNLOCK pid=86476 fd=6: SHARED -> NO_LOCK
DBimpl - LOCK REQUEST: 0x3b879400 4
[1773167266.053590050] LOCK pid=86479 fd=12: RESERVED -> PENDING
[1773167266.053592845] LOCK pid=86479 fd=12: PENDING -> EXCLUSIVE
DBimpl - UNLOCK REQUEST: 0x3b879400 1
[1773167266.053597806] UNLOCK pid=86479 fd=12: EXCLUSIVE -> SHARED
DBimpl - UNLOCK REQUEST: 0x3b879400 0
[1773167266.053615889] UNLOCK pid=86479 fd=12: SHARED -> NO_LOCK
DBimpl - LOCK REQUEST: 0x3b879400 1
[1773167266.053631207] LOCK pid=86477 fd=8: NO_LOCK -> SHARED (fallback)
[1773167266.053632754] LOCK pid=86477 fd=8: SHARED -> SHARED
DBimpl - UNLOCK REQUEST: 0x3b879400 0
[1773167266.053817967] UNLOCK pid=86477 fd=8: SHARED -> NO_LOCK
DBimpl - LOCK REQUEST: 0x3b879400 1
[1773167266.054625716] LOCK pid=86476 fd=6: NO_LOCK -> SHARED (fallback)
[1773167266.054628293] LOCK pid=86476 fd=6: SHARED -> SHARED
DBimpl - LOCK REQUEST: 0x3b879400 1
[1773167266.054647105] LOCK pid=86479 fd=12: NO_LOCK -> SHARED (fallback)
[1773167266.054648936] LOCK pid=86479 fd=12: SHARED -> SHARED
DBimpl - LOCK REQUEST: 0x3b879400 2
[1773167266.054659523] LOCK pid=86479 fd=12: SHARED -> RESERVED
DBimpl - UNLOCK REQUEST: 0x3b879400 0
[1773167266.054947249] UNLOCK pid=86476 fd=6: SHARED -> NO_LOCK
DBimpl - LOCK REQUEST: 0x3b879400 1
[1773167266.055707067] LOCK pid=86476 fd=6: NO_LOCK -> SHARED (fallback)
[1773167266.055709388] LOCK pid=86476 fd=6: SHARED -> SHARED
DBimpl - UNLOCK REQUEST: 0x3b879400 0
[1773167266.056013959] UNLOCK pid=86476 fd=6: SHARED -> NO_LOCK
DBimpl - LOCK REQUEST: 0x3b879400 1
[1773167266.056066686] LOCK pid=86477 fd=8: NO_LOCK -> SHARED (fallback)
[1773167266.056068432] LOCK pid=86477 fd=8: SHARED -> SHARED
DBimpl - UNLOCK REQUEST: 0x3b879400 0
[1773167266.056255537] UNLOCK pid=86477 fd=8: SHARED -> NO_LOCK
DBimpl - LOCK REQUEST: 0x3b879400 1
[1773167266.056566098] LOCK pid=86477 fd=8: NO_LOCK -> SHARED (fallback)
[1773167266.056567817] LOCK pid=86477 fd=8: SHARED -> SHARED
DBimpl - UNLOCK REQUEST: 0x3b879400 0
[1773167266.056770114] UNLOCK pid=86477 fd=8: SHARED -> NO_LOCK
DBimpl - LOCK REQUEST: 0x3b879400 1
[1773167266.057261168] LOCK pid=86477 fd=8: NO_LOCK -> SHARED (fallback)
[1773167266.057262309] LOCK pid=86477 fd=8: SHARED -> SHARED
DBimpl - UNLOCK REQUEST: 0x3b879400 0
[1773167266.057426150] UNLOCK pid=86477 fd=8: SHARED -> NO_LOCK
DBimpl - LOCK REQUEST: 0x3b879400 1
[1773167266.057688733] LOCK pid=86477 fd=8: NO_LOCK -> SHARED (fallback)
[1773167266.057689846] LOCK pid=86477 fd=8: SHARED -> SHARED
DBimpl - UNLOCK REQUEST: 0x3b879400 0
[1773167266.057855718] UNLOCK pid=86477 fd=8: SHARED -> NO_LOCK
DBimpl - LOCK REQUEST: 0x3b879400 1
[1773167266.058348937] LOCK pid=86476 fd=6: NO_LOCK -> SHARED (fallback)
[1773167266.058351651] LOCK pid=86476 fd=6: SHARED -> SHARED
DBimpl - UNLOCK REQUEST: 0x3b879400 0
[1773167266.058670908] UNLOCK pid=86476 fd=6: SHARED -> NO_LOCK
DBimpl - LOCK REQUEST: 0x3b879400 1
[1773167266.060227661] LOCK pid=86477 fd=8: NO_LOCK -> SHARED (fallback)
[1773167266.060228932] LOCK pid=86477 fd=8: SHARED -> SHARED
DBimpl - UNLOCK REQUEST: 0x3b879400 0
[1773167266.060404279] UNLOCK pid=86477 fd=8: SHARED -> NO_LOCK
DBimpl - LOCK REQUEST: 0x3b879400 1
[1773167266.060860553] LOCK pid=86477 fd=8: NO_LOCK -> SHARED (fallback)
[1773167266.060861694] LOCK pid=86477 fd=8: SHARED -> SHARED
DBimpl - UNLOCK REQUEST: 0x3b879400 0
[1773167266.061025882] UNLOCK pid=86477 fd=8: SHARED -> NO_LOCK
DBimpl - LOCK REQUEST: 0x3b879400 1
DBimpl - LOCK REQUEST: 0x3b879400 1
[1773167266.061656501] LOCK pid=86478 fd=10: NO_LOCK -> SHARED (fallback)
[1773167266.061658909] LOCK pid=86478 fd=10: SHARED -> SHARED
[1773167266.061659272] LOCK pid=86477 fd=8: NO_LOCK -> SHARED (fallback)
[1773167266.061661454] LOCK pid=86477 fd=8: SHARED -> SHARED
DBimpl - LOCK REQUEST: 0x3b879400 2
DBimpl - UNLOCK REQUEST: 0x3b879400 0
[1773167266.061673200] UNLOCK pid=86478 fd=10: SHARED -> NO_LOCK
DBimpl - UNLOCK REQUEST: 0x3b879400 0
[1773167266.061833859] UNLOCK pid=86477 fd=8: SHARED -> NO_LOCK
DBimpl - LOCK REQUEST: 0x3b879400 1
[1773167266.063273553] LOCK pid=86476 fd=6: NO_LOCK -> SHARED (fallback)
[1773167266.063276278] LOCK pid=86476 fd=6: SHARED -> SHARED
DBimpl - UNLOCK REQUEST: 0x3b879400 0
[1773167266.063594542] UNLOCK pid=86476 fd=6: SHARED -> NO_LOCK
DBimpl - LOCK REQUEST: 0x3b879400 1
[1773167266.063851795] LOCK pid=86476 fd=6: NO_LOCK -> SHARED (fallback)
[1773167266.063860134] LOCK pid=86476 fd=6: SHARED -> SHARED
DBimpl - UNLOCK REQUEST: 0x3b879400 0
[1773167266.064146905] UNLOCK pid=86476 fd=6: SHARED -> NO_LOCK
DBimpl - LOCK REQUEST: 0x3b879400 4
[1773167266.064243224] LOCK pid=86479 fd=12: RESERVED -> PENDING
[1773167266.064245069] LOCK pid=86479 fd=12: PENDING -> EXCLUSIVE
DBimpl - UNLOCK REQUEST: 0x3b879400 1
[1773167266.064249033] UNLOCK pid=86479 fd=12: EXCLUSIVE -> SHARED
DBimpl - UNLOCK REQUEST: 0x3b879400 0
[1773167266.064252488] UNLOCK pid=86479 fd=12: SHARED -> NO_LOCK
DBimpl - LOCK REQUEST: 0x3b879400 1
[1773167266.064681928] LOCK pid=86479 fd=12: NO_LOCK -> SHARED (fallback)
[1773167266.064683380] LOCK pid=86479 fd=12: SHARED -> SHARED
DBimpl - LOCK REQUEST: 0x3b879400 2
[1773167266.064692420] LOCK pid=86479 fd=12: SHARED -> RESERVED
DBimpl - LOCK REQUEST: 0x3b879400 1
[1773167266.067433927] LOCK pid=86480 fd=14: NO_LOCK -> SHARED (fallback)
[1773167266.067437235] LOCK pid=86480 fd=14: SHARED -> SHARED
DBimpl - LOCK REQUEST: 0x3b879400 2
DBimpl - UNLOCK REQUEST: 0x3b879400 0
[1773167266.067456756] UNLOCK pid=86480 fd=14: SHARED -> NO_LOCK
DBimpl - LOCK REQUEST: 0x3b879400 1
[1773167266.068080841] LOCK pid=86476 fd=6: NO_LOCK -> SHARED (fallback)
[1773167266.068083768] LOCK pid=86476 fd=6: SHARED -> SHARED
DBimpl - LOCK REQUEST: 0x3b879400 1
[1773167266.068264282] LOCK pid=86477 fd=8: NO_LOCK -> SHARED (fallback)
[1773167266.068265879] LOCK pid=86477 fd=8: SHARED -> SHARED
DBimpl - UNLOCK REQUEST: 0x3b879400 0
[1773167266.068412123] UNLOCK pid=86476 fd=6: SHARED -> NO_LOCK
DBimpl - UNLOCK REQUEST: 0x3b879400 0
[1773167266.068468066] UNLOCK pid=86477 fd=8: SHARED -> NO_LOCK
DBimpl - LOCK REQUEST: 0x3b879400 1
[1773167266.070545702] LOCK pid=86477 fd=8: NO_LOCK -> SHARED (fallback)
[1773167266.070548084] LOCK pid=86477 fd=8: SHARED -> SHARED
DBimpl - UNLOCK REQUEST: 0x3b879400 0
[1773167266.070876599] UNLOCK pid=86477 fd=8: SHARED -> NO_LOCK
DBimpl - LOCK REQUEST: 0x3b879400 1
[1773167266.071130431] LOCK pid=86476 fd=6: NO_LOCK -> SHARED (fallback)
[1773167266.071133001] LOCK pid=86476 fd=6: SHARED -> SHARED
DBimpl - UNLOCK REQUEST: 0x3b879400 0
[1773167266.071446495] UNLOCK pid=86476 fd=6: SHARED -> NO_LOCK
DBimpl - LOCK REQUEST: 0x3b879400 1
[1773167266.074540320] LOCK pid=86477 fd=8: NO_LOCK -> SHARED (fallback)
[1773167266.074542442] LOCK pid=86477 fd=8: SHARED -> SHARED
DBimpl - LOCK REQUEST: 0x3b879400 4
[1773167266.074674161] LOCK pid=86479 fd=12: RESERVED -> PENDING
DBimpl - UNLOCK REQUEST: 0x3b879400 0
[1773167266.074749744] UNLOCK pid=86477 fd=8: SHARED -> NO_LOCK
DBimpl - LOCK REQUEST: 0x3b879400 1
DBimpl - LOCK REQUEST: 0x3b879400 4
[1773167266.075772638] LOCK pid=86479 fd=12: PENDING -> EXCLUSIVE
DBimpl - UNLOCK REQUEST: 0x3b879400 1
[1773167266.075777048] UNLOCK pid=86479 fd=12: EXCLUSIVE -> SHARED
DBimpl - UNLOCK REQUEST: 0x3b879400 0
[1773167266.075780581] UNLOCK pid=86479 fd=12: SHARED -> NO_LOCK
DBimpl - LOCK REQUEST: 0x3b879400 1
[1773167266.075893842] LOCK pid=86477 fd=8: NO_LOCK -> SHARED (fallback)
[1773167266.075895291] LOCK pid=86477 fd=8: SHARED -> SHARED
DBimpl - UNLOCK REQUEST: 0x3b879400 0
[1773167266.076067423] UNLOCK pid=86477 fd=8: SHARED -> NO_LOCK
DBimpl - LOCK REQUEST: 0x3b879400 1
[1773167266.076789457] LOCK pid=86478 fd=10: NO_LOCK -> SHARED (fallback)
[1773167266.076791138] LOCK pid=86478 fd=10: SHARED -> SHARED
DBimpl - LOCK REQUEST: 0x3b879400 2
[1773167266.076799894] LOCK pid=86478 fd=10: SHARED -> RESERVED
DBimpl - LOCK REQUEST: 0x3b879400 1
[1773167266.076982159] LOCK pid=86477 fd=8: NO_LOCK -> SHARED (fallback)
[1773167266.076984498] LOCK pid=86477 fd=8: SHARED -> SHARED
DBimpl - LOCK REQUEST: 0x3b879400 1
[1773167266.077108837] LOCK pid=86479 fd=12: NO_LOCK -> SHARED (fallback)
[1773167266.077110202] LOCK pid=86479 fd=12: SHARED -> SHARED
DBimpl - LOCK REQUEST: 0x3b879400 2
DBimpl - UNLOCK REQUEST: 0x3b879400 0
[1773167266.077122524] UNLOCK pid=86479 fd=12: SHARED -> NO_LOCK
DBimpl - UNLOCK REQUEST: 0x3b879400 0
[1773167266.077318839] UNLOCK pid=86477 fd=8: SHARED -> NO_LOCK
DBimpl - LOCK REQUEST: 0x3b879400 4
[1773167266.077697750] LOCK pid=86478 fd=10: RESERVED -> PENDING
[1773167266.077701580] LOCK pid=86478 fd=10: PENDING -> EXCLUSIVE
DBimpl - LOCK REQUEST: 0x3b879400 1
DBimpl - LOCK REQUEST: 0x3b879400 1
DBimpl - LOCK REQUEST: 0x3b879400 1
DBimpl - UNLOCK REQUEST: 0x3b879400 1
[1773167266.080074282] UNLOCK pid=86478 fd=10: EXCLUSIVE -> SHARED
DBimpl - UNLOCK REQUEST: 0x3b879400 0
[1773167266.080081999] UNLOCK pid=86478 fd=10: SHARED -> NO_LOCK
DBimpl - LOCK REQUEST: 0x3b879400 1
[1773167266.080260221] LOCK pid=86479 fd=12: NO_LOCK -> SHARED (fallback)
[1773167266.080263314] LOCK pid=86479 fd=12: SHARED -> SHARED
DBimpl - LOCK REQUEST: 0x3b879400 2
[1773167266.080284585] LOCK pid=86479 fd=12: SHARED -> RESERVED
DBimpl - LOCK REQUEST: 0x3b879400 1
[1773167266.081596996] LOCK pid=86477 fd=8: NO_LOCK -> SHARED (fallback)
[1773167266.081599391] LOCK pid=86477 fd=8: SHARED -> SHARED
DBimpl - UNLOCK REQUEST: 0x3b879400 0
[1773167266.081856468] UNLOCK pid=86477 fd=8: SHARED -> NO_LOCK
DBimpl - LOCK REQUEST: 0x3b879400 1
[1773167266.082461717] LOCK pid=86476 fd=6: NO_LOCK -> SHARED (fallback)
[1773167266.082463547] LOCK pid=86476 fd=6: SHARED -> SHARED
DBimpl - LOCK REQUEST: 0x3b879400 1
[1773167266.082610694] LOCK pid=86478 fd=10: NO_LOCK -> SHARED (fallback)
[1773167266.082613064] LOCK pid=86478 fd=10: SHARED -> SHARED
DBimpl - LOCK REQUEST: 0x3b879400 2
DBimpl - UNLOCK REQUEST: 0x3b879400 0
[1773167266.082629936] UNLOCK pid=86478 fd=10: SHARED -> NO_LOCK
DBimpl - UNLOCK REQUEST: 0x3b879400 0
[1773167266.082679950] UNLOCK pid=86476 fd=6: SHARED -> NO_LOCK
DBimpl - LOCK REQUEST: 0x3b879400 4
[1773167266.083057013] LOCK pid=86479 fd=12: RESERVED -> PENDING
[1773167266.083060083] LOCK pid=86479 fd=12: PENDING -> EXCLUSIVE
DBimpl - UNLOCK REQUEST: 0x3b879400 1
[1773167266.083066775] UNLOCK pid=86479 fd=12: EXCLUSIVE -> SHARED
DBimpl - UNLOCK REQUEST: 0x3b879400 0
[1773167266.083071412] UNLOCK pid=86479 fd=12: SHARED -> NO_LOCK
DBimpl - LOCK REQUEST: 0x3b879400 1
[1773167266.083557863] LOCK pid=86477 fd=8: NO_LOCK -> SHARED (fallback)
[1773167266.083559266] LOCK pid=86477 fd=8: SHARED -> SHARED
DBimpl - LOCK REQUEST: 0x3b879400 1
[1773167266.083697242] LOCK pid=86478 fd=10: NO_LOCK -> SHARED (fallback)
[1773167266.083699579] LOCK pid=86478 fd=10: SHARED -> SHARED
DBimpl - LOCK REQUEST: 0x3b879400 1
DBimpl - LOCK REQUEST: 0x3b879400 2
[1773167266.083711343] LOCK pid=86479 fd=12: NO_LOCK -> SHARED (fallback)
[1773167266.083713482] LOCK pid=86479 fd=12: SHARED -> SHARED
[1773167266.083713683] LOCK pid=86478 fd=10: SHARED -> RESERVED
DBimpl - LOCK REQUEST: 0x3b879400 2
DBimpl - LOCK REQUEST: 0x3b879400 1
DBimpl - UNLOCK REQUEST: 0x3b879400 0
[1773167266.083733690] UNLOCK pid=86479 fd=12: SHARED -> NO_LOCK
[1773167266.083735095] LOCK pid=86476 fd=6: NO_LOCK -> SHARED (fallback)
[1773167266.083737955] LOCK pid=86476 fd=6: SHARED -> SHARED
DBimpl - UNLOCK REQUEST: 0x3b879400 0
[1773167266.083924341] UNLOCK pid=86477 fd=8: SHARED -> NO_LOCK
DBimpl - UNLOCK REQUEST: 0x3b879400 0
[1773167266.084132427] UNLOCK pid=86476 fd=6: SHARED -> NO_LOCK
DBimpl - LOCK REQUEST: 0x3b879400 4
[1773167266.084552704] LOCK pid=86478 fd=10: RESERVED -> PENDING
[1773167266.084555792] LOCK pid=86478 fd=10: PENDING -> EXCLUSIVE
DBimpl - LOCK REQUEST: 0x3b879400 1
DBimpl - LOCK REQUEST: 0x3b879400 1
DBimpl - LOCK REQUEST: 0x3b879400 1
DBimpl - LOCK REQUEST: 0x3b879400 1
DBimpl - UNLOCK REQUEST: 0x3b879400 1
[1773167266.087093661] UNLOCK pid=86478 fd=10: EXCLUSIVE -> SHARED
DBimpl - UNLOCK REQUEST: 0x3b879400 0
[1773167266.087098544] UNLOCK pid=86478 fd=10: SHARED -> NO_LOCK
DBimpl - LOCK REQUEST: 0x3b879400 1
[1773167266.087727265] LOCK pid=86477 fd=8: NO_LOCK -> SHARED (fallback)
[1773167266.087729313] LOCK pid=86477 fd=8: SHARED -> SHARED
DBimpl - UNLOCK REQUEST: 0x3b879400 0
[1773167266.087966243] UNLOCK pid=86477 fd=8: SHARED -> NO_LOCK
DBimpl - LOCK REQUEST: 0x3b879400 1
[1773167266.087993844] LOCK pid=86478 fd=10: NO_LOCK -> SHARED (fallback)
[1773167266.087995481] LOCK pid=86478 fd=10: SHARED -> SHARED
DBimpl - LOCK REQUEST: 0x3b879400 2
[1773167266.088004620] LOCK pid=86478 fd=10: SHARED -> RESERVED
DBimpl - LOCK REQUEST: 0x3b879400 1
[1773167266.088258613] LOCK pid=86476 fd=6: NO_LOCK -> SHARED (fallback)
[1773167266.088261426] LOCK pid=86476 fd=6: SHARED -> SHARED
DBimpl - LOCK REQUEST: 0x3b879400 1
[1773167266.088375998] LOCK pid=86477 fd=8: NO_LOCK -> SHARED (fallback)
[1773167266.088378209] LOCK pid=86477 fd=8: SHARED -> SHARED
DBimpl - UNLOCK REQUEST: 0x3b879400 0
[1773167266.088575777] UNLOCK pid=86476 fd=6: SHARED -> NO_LOCK
DBimpl - UNLOCK REQUEST: 0x3b879400 0
[1773167266.088716503] UNLOCK pid=86477 fd=8: SHARED -> NO_LOCK
DBimpl - LOCK REQUEST: 0x3b879400 4
[1773167266.088878902] LOCK pid=86478 fd=10: RESERVED -> PENDING
[1773167266.088880793] LOCK pid=86478 fd=10: PENDING -> EXCLUSIVE
DBimpl - LOCK REQUEST: 0x3b879400 1
DBimpl - LOCK REQUEST: 0x3b879400 1
DBimpl - UNLOCK REQUEST: 0x3b879400 1
[1773167266.091263832] UNLOCK pid=86478 fd=10: EXCLUSIVE -> SHARED
DBimpl - UNLOCK REQUEST: 0x3b879400 0
[1773167266.091272080] UNLOCK pid=86478 fd=10: SHARED -> NO_LOCK
DBimpl - LOCK REQUEST: 0x3b879400 1
[1773167266.091949250] LOCK pid=86479 fd=12: NO_LOCK -> SHARED (fallback)
[1773167266.091951449] LOCK pid=86479 fd=12: SHARED -> SHARED
DBimpl - LOCK REQUEST: 0x3b879400 2
[1773167266.091968395] LOCK pid=86479 fd=12: SHARED -> RESERVED
DBimpl - LOCK REQUEST: 0x3b879400 1
[1773167266.092178517] LOCK pid=86478 fd=10: NO_LOCK -> SHARED (fallback)
[1773167266.092181473] LOCK pid=86478 fd=10: SHARED -> SHARED
DBimpl - LOCK REQUEST: 0x3b879400 2
DBimpl - UNLOCK REQUEST: 0x3b879400 0
[1773167266.092203181] UNLOCK pid=86478 fd=10: SHARED -> NO_LOCK
DBimpl - LOCK REQUEST: 0x3b879400 1
[1773167266.092297922] LOCK pid=86476 fd=6: NO_LOCK -> SHARED (fallback)
[1773167266.092300125] LOCK pid=86476 fd=6: SHARED -> SHARED
DBimpl - LOCK REQUEST: 0x3b879400 1
[1773167266.092539446] LOCK pid=86480 fd=14: NO_LOCK -> SHARED (fallback)
[1773167266.092542680] LOCK pid=86480 fd=14: SHARED -> SHARED
DBimpl - LOCK REQUEST: 0x3b879400 2
DBimpl - UNLOCK REQUEST: 0x3b879400 0
[1773167266.092562762] UNLOCK pid=86480 fd=14: SHARED -> NO_LOCK
DBimpl - UNLOCK REQUEST: 0x3b879400 0
[1773167266.092676725] UNLOCK pid=86476 fd=6: SHARED -> NO_LOCK
DBimpl - LOCK REQUEST: 0x3b879400 1
[1773167266.093282684] LOCK pid=86478 fd=10: NO_LOCK -> SHARED (fallback)
[1773167266.093285771] LOCK pid=86478 fd=10: SHARED -> SHARED
DBimpl - LOCK REQUEST: 0x3b879400 2
DBimpl - UNLOCK REQUEST: 0x3b879400 0
[1773167266.093305964] UNLOCK pid=86478 fd=10: SHARED -> NO_LOCK
DBimpl - LOCK REQUEST: 0x3b879400 1
[1773167266.093680386] LOCK pid=86476 fd=6: NO_LOCK -> SHARED (fallback)
[1773167266.093683293] LOCK pid=86476 fd=6: SHARED -> SHARED
DBimpl - UNLOCK REQUEST: 0x3b879400 0
[1773167266.094014351] UNLOCK pid=86476 fd=6: SHARED -> NO_LOCK
DBimpl - LOCK REQUEST: 0x3b879400 4
[1773167266.095195482] LOCK pid=86479 fd=12: RESERVED -> PENDING
[1773167266.095199024] LOCK pid=86479 fd=12: PENDING -> EXCLUSIVE
DBimpl - UNLOCK REQUEST: 0x3b879400 1
[1773167266.095207273] UNLOCK pid=86479 fd=12: EXCLUSIVE -> SHARED
DBimpl - UNLOCK REQUEST: 0x3b879400 0
[1773167266.095214744] UNLOCK pid=86479 fd=12: SHARED -> NO_LOCK
DBimpl - LOCK REQUEST: 0x3b879400 1
[1773167266.095372468] LOCK pid=86478 fd=10: NO_LOCK -> SHARED (fallback)
[1773167266.095374916] LOCK pid=86478 fd=10: SHARED -> SHARED
DBimpl - LOCK REQUEST: 0x3b879400 2
[1773167266.095388119] LOCK pid=86478 fd=10: SHARED -> RESERVED
DBimpl - LOCK REQUEST: 0x3b879400 1
[1773167266.095631791] LOCK pid=86476 fd=6: NO_LOCK -> SHARED (fallback)
[1773167266.095634439] LOCK pid=86476 fd=6: SHARED -> SHARED
DBimpl - LOCK REQUEST: 0x3b879400 1
[1773167266.095772205] LOCK pid=86479 fd=12: NO_LOCK -> SHARED (fallback)
[1773167266.095774785] LOCK pid=86479 fd=12: SHARED -> SHARED
DBimpl - LOCK REQUEST: 0x3b879400 2
DBimpl - UNLOCK REQUEST: 0x3b879400 0
[1773167266.095796063] UNLOCK pid=86479 fd=12: SHARED -> NO_LOCK
DBimpl - UNLOCK REQUEST: 0x3b879400 0
[1773167266.095961773] UNLOCK pid=86476 fd=6: SHARED -> NO_LOCK
DBimpl - LOCK REQUEST: 0x3b879400 1
[1773167266.096192009] LOCK pid=86476 fd=6: NO_LOCK -> SHARED (fallback)
[1773167266.096200273] LOCK pid=86476 fd=6: SHARED -> SHARED
DBimpl - LOCK REQUEST: 0x3b879400 4
[1773167266.096347161] LOCK pid=86478 fd=10: RESERVED -> PENDING
DBimpl - UNLOCK REQUEST: 0x3b879400 0
[1773167266.096482871] UNLOCK pid=86476 fd=6: SHARED -> NO_LOCK
DBimpl - LOCK REQUEST: 0x3b879400 1
DBimpl - LOCK REQUEST: 0x3b879400 1
DBimpl - LOCK REQUEST: 0x3b879400 4
[1773167266.097435663] LOCK pid=86478 fd=10: PENDING -> EXCLUSIVE
DBimpl - LOCK REQUEST: 0x3b879400 1
DBimpl - LOCK REQUEST: 0x3b879400 1
DBimpl - LOCK REQUEST: 0x3b879400 1
DBimpl - LOCK REQUEST: 0x3b879400 1
DBimpl - UNLOCK REQUEST: 0x3b879400 1
[1773167266.099715658] UNLOCK pid=86478 fd=10: EXCLUSIVE -> SHARED
DBimpl - UNLOCK REQUEST: 0x3b879400 0
[1773167266.099721185] UNLOCK pid=86478 fd=10: SHARED -> NO_LOCK
DBimpl - LOCK REQUEST: 0x3b879400 1
[1773167266.099837779] LOCK pid=86476 fd=6: NO_LOCK -> SHARED (fallback)
[1773167266.099839413] LOCK pid=86476 fd=6: SHARED -> SHARED
DBimpl - UNLOCK REQUEST: 0x3b879400 0
[1773167266.100032580] UNLOCK pid=86476 fd=6: SHARED -> NO_LOCK
DBimpl - LOCK REQUEST: 0x3b879400 1
[1773167266.100414829] LOCK pid=86476 fd=6: NO_LOCK -> SHARED (fallback)
[1773167266.100416081] LOCK pid=86476 fd=6: SHARED -> SHARED
DBimpl - UNLOCK REQUEST: 0x3b879400 0
[1773167266.100560402] UNLOCK pid=86476 fd=6: SHARED -> NO_LOCK
DBimpl - LOCK REQUEST: 0x3b879400 1
[1773167266.100981550] LOCK pid=86477 fd=8: NO_LOCK -> SHARED (fallback)
[1773167266.100983471] LOCK pid=86477 fd=8: SHARED -> SHARED
DBimpl - UNLOCK REQUEST: 0x3b879400 0
[1773167266.101203631] UNLOCK pid=86477 fd=8: SHARED -> NO_LOCK
DBimpl - LOCK REQUEST: 0x3b879400 1
[1773167266.102488223] LOCK pid=86478 fd=10: NO_LOCK -> SHARED (fallback)
[1773167266.102490568] LOCK pid=86478 fd=10: SHARED -> SHARED
DBimpl - LOCK REQUEST: 0x3b879400 2
[1773167266.102498422] LOCK pid=86478 fd=10: SHARED -> RESERVED
DBimpl - LOCK REQUEST: 0x3b879400 4
[1773167266.103393122] LOCK pid=86478 fd=10: RESERVED -> PENDING
[1773167266.103395515] LOCK pid=86478 fd=10: PENDING -> EXCLUSIVE
DBimpl - LOCK REQUEST: 0x3b879400 1
DBimpl - LOCK REQUEST: 0x3b879400 1
DBimpl - LOCK REQUEST: 0x3b879400 1
DBimpl - LOCK REQUEST: 0x3b879400 1
DBimpl - LOCK REQUEST: 0x3b879400 1
DBimpl - UNLOCK REQUEST: 0x3b879400 1
[1773167266.105815536] UNLOCK pid=86478 fd=10: EXCLUSIVE -> SHARED
DBimpl - UNLOCK REQUEST: 0x3b879400 0
[1773167266.105823612] UNLOCK pid=86478 fd=10: SHARED -> NO_LOCK
DBimpl - LOCK REQUEST: 0x3b879400 1
[1773167266.107143377] LOCK pid=86476 fd=6: NO_LOCK -> SHARED (fallback)
[1773167266.107146033] LOCK pid=86476 fd=6: SHARED -> SHARED
DBimpl - LOCK REQUEST: 0x3b879400 1
DBimpl - UNLOCK REQUEST: 0x3b879400 0
[1773167266.107406399] UNLOCK pid=86476 fd=6: SHARED -> NO_LOCK
[1773167266.107407543] LOCK pid=86477 fd=8: NO_LOCK -> SHARED (fallback)
[1773167266.107410088] LOCK pid=86477 fd=8: SHARED -> SHARED
DBimpl - UNLOCK REQUEST: 0x3b879400 0
[1773167266.107650285] UNLOCK pid=86477 fd=8: SHARED -> NO_LOCK
DBimpl - LOCK REQUEST: 0x3b879400 1
[1773167266.108062142] LOCK pid=86478 fd=10: NO_LOCK -> SHARED (fallback)
[1773167266.108063524] LOCK pid=86478 fd=10: SHARED -> SHARED
DBimpl - LOCK REQUEST: 0x3b879400 2
[1773167266.108071735] LOCK pid=86478 fd=10: SHARED -> RESERVED
DBimpl - LOCK REQUEST: 0x3b879400 1
[1773167266.108124600] LOCK pid=86477 fd=8: NO_LOCK -> SHARED (fallback)
[1773167266.108127024] LOCK pid=86477 fd=8: SHARED -> SHARED
DBimpl - UNLOCK REQUEST: 0x3b879400 0
[1773167266.108473300] UNLOCK pid=86477 fd=8: SHARED -> NO_LOCK
DBimpl - LOCK REQUEST: 0x3b879400 1
[1773167266.108661899] LOCK pid=86476 fd=6: NO_LOCK -> SHARED (fallback)
[1773167266.108664313] LOCK pid=86476 fd=6: SHARED -> SHARED
DBimpl - LOCK REQUEST: 0x3b879400 1
[1773167266.108990952] LOCK pid=86477 fd=8: NO_LOCK -> SHARED (fallback)
DBimpl - UNLOCK REQUEST: 0x3b879400 0
[1773167266.108994226] LOCK pid=86477 fd=8: SHARED -> SHARED
[1773167266.108997834] UNLOCK pid=86476 fd=6: SHARED -> NO_LOCK
DBimpl - LOCK REQUEST: 0x3b879400 4
[1773167266.109168962] LOCK pid=86478 fd=10: RESERVED -> PENDING
DBimpl - UNLOCK REQUEST: 0x3b879400 0
[1773167266.109308816] UNLOCK pid=86477 fd=8: SHARED -> NO_LOCK
DBimpl - LOCK REQUEST: 0x3b879400 4
[1773167266.110258516] LOCK pid=86478 fd=10: PENDING -> EXCLUSIVE
DBimpl - LOCK REQUEST: 0x3b879400 1
DBimpl - UNLOCK REQUEST: 0x3b879400 1
[1773167266.112180083] UNLOCK pid=86478 fd=10: EXCLUSIVE -> SHARED
DBimpl - UNLOCK REQUEST: 0x3b879400 0
[1773167266.112186997] UNLOCK pid=86478 fd=10: SHARED -> NO_LOCK
DBimpl - LOCK REQUEST: 0x3b879400 1
[1773167266.112456523] LOCK pid=86476 fd=6: NO_LOCK -> SHARED (fallback)
[1773167266.112458392] LOCK pid=86476 fd=6: SHARED -> SHARED
DBimpl - UNLOCK REQUEST: 0x3b879400 0
[1773167266.112731566] UNLOCK pid=86476 fd=6: SHARED -> NO_LOCK
DBimpl - LOCK REQUEST: 0x3b879400 1
[1773167266.112930821] LOCK pid=86478 fd=10: NO_LOCK -> SHARED (fallback)
[1773167266.112977867] LOCK pid=86478 fd=10: SHARED -> SHARED
DBimpl - LOCK REQUEST: 0x3b879400 2
[1773167266.112989453] LOCK pid=86478 fd=10: SHARED -> RESERVED
DBimpl - LOCK REQUEST: 0x3b879400 1
[1773167266.113445881] LOCK pid=86477 fd=8: NO_LOCK -> SHARED (fallback)
[1773167266.113448344] LOCK pid=86477 fd=8: SHARED -> SHARED
DBimpl - UNLOCK REQUEST: 0x3b879400 0
[1773167266.113794803] UNLOCK pid=86477 fd=8: SHARED -> NO_LOCK
DBimpl - LOCK REQUEST: 0x3b879400 4
[1773167266.114274080] LOCK pid=86478 fd=10: RESERVED -> PENDING
[1773167266.114277002] LOCK pid=86478 fd=10: PENDING -> EXCLUSIVE
DBimpl - LOCK REQUEST: 0x3b879400 1
DBimpl - LOCK REQUEST: 0x3b879400 1
DBimpl - UNLOCK REQUEST: 0x3b879400 1
DBimpl - LOCK REQUEST: 0x3b879400 1
[1773167266.117473757] UNLOCK pid=86478 fd=10: EXCLUSIVE -> SHARED
DBimpl - UNLOCK REQUEST: 0x3b879400 0
[1773167266.117480753] UNLOCK pid=86478 fd=10: SHARED -> NO_LOCK
[1773167266.117479548] LOCK pid=86477 fd=8: NO_LOCK -> SHARED (fallback)
[1773167266.117483397] LOCK pid=86477 fd=8: SHARED -> SHARED
DBimpl - LOCK REQUEST: 0x3b879400 1
[1773167266.117632358] LOCK pid=86480 fd=14: NO_LOCK -> SHARED (fallback)
[1773167266.117634082] LOCK pid=86480 fd=14: SHARED -> SHARED
DBimpl - LOCK REQUEST: 0x3b879400 2
[1773167266.117646672] LOCK pid=86480 fd=14: SHARED -> RESERVED
DBimpl - UNLOCK REQUEST: 0x3b879400 0
DBimpl - LOCK REQUEST: 0x3b879400 4
[1773167266.117914007] UNLOCK pid=86477 fd=8: SHARED -> NO_LOCK
[1773167266.117914579] LOCK pid=86480 fd=14: RESERVED -> PENDING
[1773167266.117918033] LOCK pid=86480 fd=14: PENDING -> EXCLUSIVE
DBimpl - UNLOCK REQUEST: 0x3b879400 1
[1773167266.119573967] UNLOCK pid=86480 fd=14: EXCLUSIVE -> SHARED
DBimpl - UNLOCK REQUEST: 0x3b879400 0
[1773167266.119578848] UNLOCK pid=86480 fd=14: SHARED -> NO_LOCK
DBimpl - LOCK REQUEST: 0x3b879400 1
[1773167266.119750999] LOCK pid=86480 fd=14: NO_LOCK -> SHARED (fallback)
[1773167266.119752363] LOCK pid=86480 fd=14: SHARED -> SHARED
DBimpl - LOCK REQUEST: 0x3b879400 2
[1773167266.119819406] LOCK pid=86480 fd=14: SHARED -> RESERVED
DBimpl - LOCK REQUEST: 0x3b879400 1
[1773167266.119980693] LOCK pid=86477 fd=8: NO_LOCK -> SHARED (fallback)
[1773167266.119983713] LOCK pid=86477 fd=8: SHARED -> SHARED
DBimpl - LOCK REQUEST: 0x3b879400 4
[1773167266.120071004] LOCK pid=86480 fd=14: RESERVED -> PENDING
DBimpl - UNLOCK REQUEST: 0x3b879400 0
[1773167266.120321976] UNLOCK pid=86477 fd=8: SHARED -> NO_LOCK
DBimpl - LOCK REQUEST: 0x3b879400 1
DBimpl - LOCK REQUEST: 0x3b879400 1
DBimpl - LOCK REQUEST: 0x3b879400 4
[1773167266.121141776] LOCK pid=86480 fd=14: PENDING -> EXCLUSIVE
DBimpl - LOCK REQUEST: 0x3b879400 1
DBimpl - LOCK REQUEST: 0x3b879400 1
DBimpl - LOCK REQUEST: 0x3b879400 1
DBimpl - LOCK REQUEST: 0x3b879400 1
DBimpl - LOCK REQUEST: 0x3b879400 1
DBimpl - UNLOCK REQUEST: 0x3b879400 1
[1773167266.123735045] UNLOCK pid=86480 fd=14: EXCLUSIVE -> SHARED
DBimpl - UNLOCK REQUEST: 0x3b879400 0
[1773167266.123743444] UNLOCK pid=86480 fd=14: SHARED -> NO_LOCK
DBimpl - LOCK REQUEST: 0x3b879400 1
[1773167266.123921657] LOCK pid=86477 fd=8: NO_LOCK -> SHARED (fallback)
[1773167266.123924460] LOCK pid=86477 fd=8: SHARED -> SHARED
DBimpl - UNLOCK REQUEST: 0x3b879400 0
[1773167266.124228972] UNLOCK pid=86477 fd=8: SHARED -> NO_LOCK
DBimpl - LOCK REQUEST: 0x3b879400 1
[1773167266.124617058] LOCK pid=86478 fd=10: NO_LOCK -> SHARED (fallback)
[1773167266.124634078] LOCK pid=86478 fd=10: SHARED -> SHARED
DBimpl - LOCK REQUEST: 0x3b879400 2
[1773167266.124662174] LOCK pid=86478 fd=10: SHARED -> RESERVED
DBimpl - LOCK REQUEST: 0x3b879400 1
[1773167266.125120421] LOCK pid=86480 fd=14: NO_LOCK -> SHARED (fallback)
[1773167266.125123654] LOCK pid=86480 fd=14: SHARED -> SHARED
DBimpl - LOCK REQUEST: 0x3b879400 2
DBimpl - UNLOCK REQUEST: 0x3b879400 0
[1773167266.125146500] UNLOCK pid=86480 fd=14: SHARED -> NO_LOCK
DBimpl - LOCK REQUEST: 0x3b879400 4
[1773167266.125448348] LOCK pid=86478 fd=10: RESERVED -> PENDING
[1773167266.125450848] LOCK pid=86478 fd=10: PENDING -> EXCLUSIVE
DBimpl - LOCK REQUEST: 0x3b879400 1
DBimpl - LOCK REQUEST: 0x3b879400 1
DBimpl - LOCK REQUEST: 0x3b879400 1
DBimpl - UNLOCK REQUEST: 0x3b879400 1
[1773167266.127715307] UNLOCK pid=86478 fd=10: EXCLUSIVE -> SHARED
DBimpl - UNLOCK REQUEST: 0x3b879400 0
[1773167266.127732581] UNLOCK pid=86478 fd=10: SHARED -> NO_LOCK
DBimpl - LOCK REQUEST: 0x3b879400 1
[1773167266.128290229] LOCK pid=86480 fd=14: NO_LOCK -> SHARED (fallback)
[1773167266.128295222] LOCK pid=86480 fd=14: SHARED -> SHARED
DBimpl - LOCK REQUEST: 0x3b879400 2
[1773167266.128321837] LOCK pid=86480 fd=14: SHARED -> RESERVED
DBimpl - LOCK REQUEST: 0x3b879400 4
[1773167266.128537482] LOCK pid=86480 fd=14: RESERVED -> PENDING
[1773167266.128540817] LOCK pid=86480 fd=14: PENDING -> EXCLUSIVE
DBimpl - LOCK REQUEST: 0x3b879400 1
DBimpl - LOCK REQUEST: 0x3b879400 1
DBimpl - LOCK REQUEST: 0x3b879400 1
DBimpl - LOCK REQUEST: 0x3b879400 1
DBimpl - LOCK REQUEST: 0x3b879400 1
DBimpl - UNLOCK REQUEST: 0x3b879400 1
[1773167266.130843150] UNLOCK pid=86480 fd=14: EXCLUSIVE -> SHARED
DBimpl - UNLOCK REQUEST: 0x3b879400 0
[1773167266.130851533] UNLOCK pid=86480 fd=14: SHARED -> NO_LOCK
DBimpl - LOCK REQUEST: 0x3b879400 1
[1773167266.132112574] LOCK pid=86478 fd=10: NO_LOCK -> SHARED (fallback)
[1773167266.132115509] LOCK pid=86478 fd=10: SHARED -> SHARED
DBimpl - LOCK REQUEST: 0x3b879400 2
[1773167266.132145901] LOCK pid=86478 fd=10: SHARED -> RESERVED
DBimpl - LOCK REQUEST: 0x3b879400 4
[1773167266.132369384] LOCK pid=86478 fd=10: RESERVED -> PENDING
[1773167266.132372237] LOCK pid=86478 fd=10: PENDING -> EXCLUSIVE
DBimpl - LOCK REQUEST: 0x3b879400 1
DBimpl - LOCK REQUEST: 0x3b879400 1
DBimpl - UNLOCK REQUEST: 0x3b879400 1
[1773167266.134179315] UNLOCK pid=86478 fd=10: EXCLUSIVE -> SHARED
DBimpl - UNLOCK REQUEST: 0x3b879400 0
[1773167266.134185919] UNLOCK pid=86478 fd=10: SHARED -> NO_LOCK
DBimpl - LOCK REQUEST: 0x3b879400 1
[1773167266.134970332] LOCK pid=86480 fd=14: NO_LOCK -> SHARED (fallback)
[1773167266.134972822] LOCK pid=86480 fd=14: SHARED -> SHARED
DBimpl - LOCK REQUEST: 0x3b879400 2
[1773167266.135005368] LOCK pid=86480 fd=14: SHARED -> RESERVED
DBimpl - LOCK REQUEST: 0x3b879400 4
[1773167266.135191505] LOCK pid=86480 fd=14: RESERVED -> PENDING
[1773167266.135194448] LOCK pid=86480 fd=14: PENDING -> EXCLUSIVE
DBimpl - UNLOCK REQUEST: 0x3b879400 1
[1773167266.136959698] UNLOCK pid=86480 fd=14: EXCLUSIVE -> SHARED
DBimpl - UNLOCK REQUEST: 0x3b879400 0
[1773167266.136968469] UNLOCK pid=86480 fd=14: SHARED -> NO_LOCK
DBimpl - LOCK REQUEST: 0x3b879400 1
[1773167266.137031470] LOCK pid=86478 fd=10: NO_LOCK -> SHARED (fallback)
[1773167266.137034146] LOCK pid=86478 fd=10: SHARED -> SHARED
DBimpl - LOCK REQUEST: 0x3b879400 2
[1773167266.137051534] LOCK pid=86478 fd=10: SHARED -> RESERVED
DBimpl - LOCK REQUEST: 0x3b879400 4
[1773167266.137821835] LOCK pid=86478 fd=10: RESERVED -> PENDING
[1773167266.137824825] LOCK pid=86478 fd=10: PENDING -> EXCLUSIVE
DBimpl - LOCK REQUEST: 0x3b879400 1
DBimpl - LOCK REQUEST: 0x3b879400 1
DBimpl - LOCK REQUEST: 0x3b879400 1
DBimpl - UNLOCK REQUEST: 0x3b879400 1
[1773167266.140693815] UNLOCK pid=86478 fd=10: EXCLUSIVE -> SHARED
DBimpl - UNLOCK REQUEST: 0x3b879400 0
[1773167266.140699829] UNLOCK pid=86478 fd=10: SHARED -> NO_LOCK
DBimpl - LOCK REQUEST: 0x3b879400 1
[1773167266.141126189] LOCK pid=86480 fd=14: NO_LOCK -> SHARED (fallback)
[1773167266.141134653] LOCK pid=86480 fd=14: SHARED -> SHARED
DBimpl - LOCK REQUEST: 0x3b879400 2
[1773167266.141157937] LOCK pid=86480 fd=14: SHARED -> RESERVED
DBimpl - LOCK REQUEST: 0x3b879400 4
[1773167266.141366450] LOCK pid=86480 fd=14: RESERVED -> PENDING
[1773167266.141369135] LOCK pid=86480 fd=14: PENDING -> EXCLUSIVE
DBimpl - LOCK REQUEST: 0x3b879400 1
DBimpl - UNLOCK REQUEST: 0x3b879400 1
[1773167266.145731926] UNLOCK pid=86480 fd=14: EXCLUSIVE -> SHARED
DBimpl - UNLOCK REQUEST: 0x3b879400 0
[1773167266.145743315] UNLOCK pid=86480 fd=14: SHARED -> NO_LOCK
DBimpl - LOCK REQUEST: 0x3b879400 1
[1773167266.148545684] LOCK pid=86480 fd=14: NO_LOCK -> SHARED (fallback)
[1773167266.148549454] LOCK pid=86480 fd=14: SHARED -> SHARED
DBimpl - LOCK REQUEST: 0x3b879400 2
[1773167266.148571554] LOCK pid=86480 fd=14: SHARED -> RESERVED
DBimpl - LOCK REQUEST: 0x3b879400 4
[1773167266.148811200] LOCK pid=86480 fd=14: RESERVED -> PENDING
[1773167266.148814338] LOCK pid=86480 fd=14: PENDING -> EXCLUSIVE
DBimpl - LOCK REQUEST: 0x3b879400 1
DBimpl - UNLOCK REQUEST: 0x3b879400 1
[1773167266.151861911] UNLOCK pid=86480 fd=14: EXCLUSIVE -> SHARED
DBimpl - UNLOCK REQUEST: 0x3b879400 0
[1773167266.151871514] UNLOCK pid=86480 fd=14: SHARED -> NO_LOCK
DBimpl - LOCK REQUEST: 0x3b879400 1
[1773167266.153319846] LOCK pid=86478 fd=10: NO_LOCK -> SHARED (fallback)
[1773167266.153322739] LOCK pid=86478 fd=10: SHARED -> SHARED
DBimpl - LOCK REQUEST: 0x3b879400 2
[1773167266.153388295] LOCK pid=86478 fd=10: SHARED -> RESERVED
DBimpl - LOCK REQUEST: 0x3b879400 1
[1773167266.153899465] LOCK pid=86476 fd=6: NO_LOCK -> SHARED (fallback)
[1773167266.153901603] LOCK pid=86476 fd=6: SHARED -> SHARED
DBimpl - UNLOCK REQUEST: 0x3b879400 0
[1773167266.154064839] UNLOCK pid=86476 fd=6: SHARED -> NO_LOCK
DBimpl - LOCK REQUEST: 0x3b879400 4
[1773167266.154229556] LOCK pid=86478 fd=10: RESERVED -> PENDING
[1773167266.154232427] LOCK pid=86478 fd=10: PENDING -> EXCLUSIVE
DBimpl - UNLOCK REQUEST: 0x3b879400 1
[1773167266.156102180] UNLOCK pid=86478 fd=10: EXCLUSIVE -> SHARED
DBimpl - UNLOCK REQUEST: 0x3b879400 0
[1773167266.156107048] UNLOCK pid=86478 fd=10: SHARED -> NO_LOCK
DBimpl - LOCK REQUEST: 0x3b879400 1
[1773167266.156855634] LOCK pid=86480 fd=14: NO_LOCK -> SHARED (fallback)
[1773167266.156858292] LOCK pid=86480 fd=14: SHARED -> SHARED
DBimpl - LOCK REQUEST: 0x3b879400 2
[1773167266.156877702] LOCK pid=86480 fd=14: SHARED -> RESERVED
DBimpl - LOCK REQUEST: 0x3b879400 4
[1773167266.157063916] LOCK pid=86480 fd=14: RESERVED -> PENDING
[1773167266.157067554] LOCK pid=86480 fd=14: PENDING -> EXCLUSIVE
DBimpl - LOCK REQUEST: 0x3b879400 1
DBimpl - LOCK REQUEST: 0x3b879400 1
DBimpl - LOCK REQUEST: 0x3b879400 1
DBimpl - LOCK REQUEST: 0x3b879400 1
DBimpl - LOCK REQUEST: 0x3b879400 1
DBimpl - UNLOCK REQUEST: 0x3b879400 1
[1773167266.159327744] UNLOCK pid=86480 fd=14: EXCLUSIVE -> SHARED
DBimpl - UNLOCK REQUEST: 0x3b879400 0
[1773167266.159334021] UNLOCK pid=86480 fd=14: SHARED -> NO_LOCK
DBimpl - LOCK REQUEST: 0x3b879400 1
[1773167266.160250034] LOCK pid=86478 fd=10: NO_LOCK -> SHARED (fallback)
[1773167266.160252562] LOCK pid=86478 fd=10: SHARED -> SHARED
DBimpl - LOCK REQUEST: 0x3b879400 2
[1773167266.160268223] LOCK pid=86478 fd=10: SHARED -> RESERVED
DBimpl - LOCK REQUEST: 0x3b879400 4
[1773167266.160404632] LOCK pid=86478 fd=10: RESERVED -> PENDING
[1773167266.160406476] LOCK pid=86478 fd=10: PENDING -> EXCLUSIVE
DBimpl - LOCK REQUEST: 0x3b879400 1
DBimpl - UNLOCK REQUEST: 0x3b879400 1
[1773167266.162824101] UNLOCK pid=86478 fd=10: EXCLUSIVE -> SHARED
DBimpl - UNLOCK REQUEST: 0x3b879400 0
[1773167266.162830102] UNLOCK pid=86478 fd=10: SHARED -> NO_LOCK
DBimpl - LOCK REQUEST: 0x3b879400 1
[1773167266.163863109] LOCK pid=86478 fd=10: NO_LOCK -> SHARED (fallback)
[1773167266.163865182] LOCK pid=86478 fd=10: SHARED -> SHARED
DBimpl - LOCK REQUEST: 0x3b879400 2
[1773167266.163875726] LOCK pid=86478 fd=10: SHARED -> RESERVED
DBimpl - LOCK REQUEST: 0x3b879400 1
[1773167266.164565796] LOCK pid=86480 fd=14: NO_LOCK -> SHARED (fallback)
[1773167266.164571515] LOCK pid=86480 fd=14: SHARED -> SHARED
DBimpl - LOCK REQUEST: 0x3b879400 2
DBimpl - UNLOCK REQUEST: 0x3b879400 0
[1773167266.164591150] UNLOCK pid=86480 fd=14: SHARED -> NO_LOCK
DBimpl - LOCK REQUEST: 0x3b879400 4
[1773167266.164695697] LOCK pid=86478 fd=10: RESERVED -> PENDING
[1773167266.164697905] LOCK pid=86478 fd=10: PENDING -> EXCLUSIVE
DBimpl - LOCK REQUEST: 0x3b879400 1
DBimpl - LOCK REQUEST: 0x3b879400 1
DBimpl - UNLOCK REQUEST: 0x3b879400 1
[1773167266.166476503] UNLOCK pid=86478 fd=10: EXCLUSIVE -> SHARED
DBimpl - UNLOCK REQUEST: 0x3b879400 0
[1773167266.166481096] UNLOCK pid=86478 fd=10: SHARED -> NO_LOCK
DBimpl - LOCK REQUEST: 0x3b879400 1
[1773167266.166942679] LOCK pid=86478 fd=10: NO_LOCK -> SHARED (fallback)
[1773167266.166944023] LOCK pid=86478 fd=10: SHARED -> SHARED
DBimpl - LOCK REQUEST: 0x3b879400 2
[1773167266.166953686] LOCK pid=86478 fd=10: SHARED -> RESERVED
DBimpl - LOCK REQUEST: 0x3b879400 4
[1773167266.167622754] LOCK pid=86478 fd=10: RESERVED -> PENDING
[1773167266.167625201] LOCK pid=86478 fd=10: PENDING -> EXCLUSIVE
DBimpl - LOCK REQUEST: 0x3b879400 1
DBimpl - UNLOCK REQUEST: 0x3b879400 1
[1773167266.169335492] UNLOCK pid=86478 fd=10: EXCLUSIVE -> SHARED
DBimpl - UNLOCK REQUEST: 0x3b879400 0
[1773167266.169339706] UNLOCK pid=86478 fd=10: SHARED -> NO_LOCK
DBimpl - LOCK REQUEST: 0x3b879400 1
[1773167266.171318390] LOCK pid=86478 fd=10: NO_LOCK -> SHARED (fallback)
[1773167266.171319903] LOCK pid=86478 fd=10: SHARED -> SHARED
DBimpl - LOCK REQUEST: 0x3b879400 2
[1773167266.171329496] LOCK pid=86478 fd=10: SHARED -> RESERVED
DBimpl - LOCK REQUEST: 0x3b879400 4
[1773167266.172009728] LOCK pid=86478 fd=10: RESERVED -> PENDING
[1773167266.172011499] LOCK pid=86478 fd=10: PENDING -> EXCLUSIVE
DBimpl - LOCK REQUEST: 0x3b879400 1
DBimpl - UNLOCK REQUEST: 0x3b879400 1
[1773167266.173746491] UNLOCK pid=86478 fd=10: EXCLUSIVE -> SHARED
DBimpl - UNLOCK REQUEST: 0x3b879400 0
[1773167266.173750833] UNLOCK pid=86478 fd=10: SHARED -> NO_LOCK
DBimpl - LOCK REQUEST: 0x3b879400 1
[1773167266.174107262] LOCK pid=86478 fd=10: NO_LOCK -> SHARED (fallback)
[1773167266.174108450] LOCK pid=86478 fd=10: SHARED -> SHARED
DBimpl - LOCK REQUEST: 0x3b879400 2
[1773167266.174118484] LOCK pid=86478 fd=10: SHARED -> RESERVED
DBimpl - LOCK REQUEST: 0x3b879400 4
[1773167266.174208085] LOCK pid=86478 fd=10: RESERVED -> PENDING
[1773167266.174210108] LOCK pid=86478 fd=10: PENDING -> EXCLUSIVE
DBimpl - LOCK REQUEST: 0x3b879400 1
DBimpl - UNLOCK REQUEST: 0x3b879400 1
[1773167266.175777580] UNLOCK pid=86478 fd=10: EXCLUSIVE -> SHARED
DBimpl - UNLOCK REQUEST: 0x3b879400 0
[1773167266.175781209] UNLOCK pid=86478 fd=10: SHARED -> NO_LOCK
DBimpl - LOCK REQUEST: 0x3b879400 1
[1773167266.176001616] LOCK pid=86476 fd=6: NO_LOCK -> SHARED (fallback)
[1773167266.176004146] LOCK pid=86476 fd=6: SHARED -> SHARED
DBimpl - UNLOCK REQUEST: 0x3b879400 0
[1773167266.176150003] UNLOCK pid=86476 fd=6: SHARED -> NO_LOCK
DBimpl - LOCK REQUEST: 0x3b879400 1
[1773167266.177376054] LOCK pid=86476 fd=6: NO_LOCK -> SHARED (fallback)
[1773167266.177377839] LOCK pid=86476 fd=6: SHARED -> SHARED
DBimpl - UNLOCK REQUEST: 0x3b879400 0
[1773167266.177490599] UNLOCK pid=86476 fd=6: SHARED -> NO_LOCK
DBimpl - LOCK REQUEST: 0x3b879400 1
[1773167266.177688658] LOCK pid=86476 fd=6: NO_LOCK -> SHARED (fallback)
[1773167266.177690611] LOCK pid=86476 fd=6: SHARED -> SHARED
DBimpl - UNLOCK REQUEST: 0x3b879400 0
[1773167266.177805961] UNLOCK pid=86476 fd=6: SHARED -> NO_LOCK
DBimpl - LOCK REQUEST: 0x3b879400 1
[1773167266.179305862] LOCK pid=86477 fd=8: NO_LOCK -> SHARED (fallback)
[1773167266.179307725] LOCK pid=86477 fd=8: SHARED -> SHARED
DBimpl - LOCK REQUEST: 0x3b879400 1
[1773167266.179390253] LOCK pid=86478 fd=10: NO_LOCK -> SHARED (fallback)
[1773167266.179392487] LOCK pid=86478 fd=10: SHARED -> SHARED
DBimpl - LOCK REQUEST: 0x3b879400 2
[1773167266.179404231] LOCK pid=86478 fd=10: SHARED -> RESERVED
DBimpl - UNLOCK REQUEST: 0x3b879400 0
[1773167266.179552054] UNLOCK pid=86477 fd=8: SHARED -> NO_LOCK
DBimpl - LOCK REQUEST: 0x3b879400 4
[1773167266.180177269] LOCK pid=86478 fd=10: RESERVED -> PENDING
[1773167266.180179095] LOCK pid=86478 fd=10: PENDING -> EXCLUSIVE
DBimpl - LOCK REQUEST: 0x3b879400 1
DBimpl - UNLOCK REQUEST: 0x3b879400 1
[1773167266.181874976] UNLOCK pid=86478 fd=10: EXCLUSIVE -> SHARED
DBimpl - UNLOCK REQUEST: 0x3b879400 0
[1773167266.181878802] UNLOCK pid=86478 fd=10: SHARED -> NO_LOCK
DBimpl - LOCK REQUEST: 0x3b879400 1
[1773167266.182416187] LOCK pid=86476 fd=6: NO_LOCK -> SHARED (fallback)
[1773167266.182418796] LOCK pid=86476 fd=6: SHARED -> SHARED
DBimpl - UNLOCK REQUEST: 0x3b879400 0
[1773167266.182539690] UNLOCK pid=86476 fd=6: SHARED -> NO_LOCK
DBimpl - LOCK REQUEST: 0x3b879400 1
[1773167266.182801771] LOCK pid=86480 fd=14: NO_LOCK -> SHARED (fallback)
[1773167266.182803734] LOCK pid=86480 fd=14: SHARED -> SHARED
DBimpl - LOCK REQUEST: 0x3b879400 1
DBimpl - LOCK REQUEST: 0x3b879400 2
[1773167266.182817498] LOCK pid=86480 fd=14: SHARED -> RESERVED
[1773167266.182818450] LOCK pid=86477 fd=8: NO_LOCK -> SHARED (fallback)
[1773167266.182820657] LOCK pid=86477 fd=8: SHARED -> SHARED
DBimpl - LOCK REQUEST: 0x3b879400 1
[1773167266.182832223] LOCK pid=86478 fd=10: NO_LOCK -> SHARED (fallback)
[1773167266.182835091] LOCK pid=86478 fd=10: SHARED -> SHARED
DBimpl - LOCK REQUEST: 0x3b879400 2
DBimpl - UNLOCK REQUEST: 0x3b879400 0
[1773167266.182858802] UNLOCK pid=86478 fd=10: SHARED -> NO_LOCK
DBimpl - LOCK REQUEST: 0x3b879400 4
DBimpl - UNLOCK REQUEST: 0x3b879400 0
[1773167266.182977769] LOCK pid=86480 fd=14: RESERVED -> PENDING
[1773167266.182978628] UNLOCK pid=86477 fd=8: SHARED -> NO_LOCK
[1773167266.182979817] LOCK pid=86480 fd=14: PENDING -> EXCLUSIVE
DBimpl - LOCK REQUEST: 0x3b879400 1
DBimpl - UNLOCK REQUEST: 0x3b879400 1
[1773167266.184688250] UNLOCK pid=86480 fd=14: EXCLUSIVE -> SHARED
DBimpl - UNLOCK REQUEST: 0x3b879400 0
[1773167266.184692909] UNLOCK pid=86480 fd=14: SHARED -> NO_LOCK
DBimpl - LOCK REQUEST: 0x3b879400 1
[1773167266.184903157] LOCK pid=86476 fd=6: NO_LOCK -> SHARED (fallback)
[1773167266.184905391] LOCK pid=86476 fd=6: SHARED -> SHARED
DBimpl - LOCK REQUEST: 0x3b879400 1
[1773167266.184921753] LOCK pid=86477 fd=8: NO_LOCK -> SHARED (fallback)
[1773167266.184922971] LOCK pid=86477 fd=8: SHARED -> SHARED
DBimpl - UNLOCK REQUEST: 0x3b879400 0
DBimpl - UNLOCK REQUEST: 0x3b879400 0
[1773167266.185011885] UNLOCK pid=86476 fd=6: SHARED -> NO_LOCK
[1773167266.185013826] UNLOCK pid=86477 fd=8: SHARED -> NO_LOCK
DBimpl - LOCK REQUEST: 0x3b879400 1
[1773167266.185981940] LOCK pid=86478 fd=10: NO_LOCK -> SHARED (fallback)
[1773167266.185983640] LOCK pid=86478 fd=10: SHARED -> SHARED
DBimpl - LOCK REQUEST: 0x3b879400 2
[1773167266.185993302] LOCK pid=86478 fd=10: SHARED -> RESERVED
DBimpl - LOCK REQUEST: 0x3b879400 1
[1773167266.186241950] LOCK pid=86480 fd=14: NO_LOCK -> SHARED (fallback)
[1773167266.186243495] LOCK pid=86480 fd=14: SHARED -> SHARED
DBimpl - LOCK REQUEST: 0x3b879400 2
DBimpl - UNLOCK REQUEST: 0x3b879400 0
[1773167266.186263164] UNLOCK pid=86480 fd=14: SHARED -> NO_LOCK
DBimpl - LOCK REQUEST: 0x3b879400 1
[1773167266.186377224] LOCK pid=86476 fd=6: NO_LOCK -> SHARED (fallback)
[1773167266.186379126] LOCK pid=86476 fd=6: SHARED -> SHARED
DBimpl - UNLOCK REQUEST: 0x3b879400 0
[1773167266.186474809] UNLOCK pid=86476 fd=6: SHARED -> NO_LOCK
DBimpl - UNLOCK REQUEST: 0x3b879400 0
DBimpl - LOCK REQUEST: 0x3b879400 4
[1773167266.186753361] LOCK pid=86478 fd=10: RESERVED -> PENDING
[1773167266.186755364] LOCK pid=86478 fd=10: PENDING -> EXCLUSIVE
DBimpl - LOCK REQUEST: 0x3b879400 1
DBimpl - LOCK REQUEST: 0x3b879400 1
DBimpl - LOCK REQUEST: 0x3b879400 1
DBimpl - UNLOCK REQUEST: 0x3b879400 1
[1773167266.188934141] UNLOCK pid=86478 fd=10: EXCLUSIVE -> SHARED
DBimpl - UNLOCK REQUEST: 0x3b879400 0
[1773167266.188938021] UNLOCK pid=86478 fd=10: SHARED -> NO_LOCK
DBimpl - LOCK REQUEST: 0x3b879400 1
[1773167266.189419063] LOCK pid=86480 fd=14: NO_LOCK -> SHARED (fallback)
[1773167266.189420425] LOCK pid=86480 fd=14: SHARED -> SHARED
DBimpl - LOCK REQUEST: 0x3b879400 2
[1773167266.189433219] LOCK pid=86480 fd=14: SHARED -> RESERVED
DBimpl - LOCK REQUEST: 0x3b879400 4
[1773167266.189541508] LOCK pid=86480 fd=14: RESERVED -> PENDING
[1773167266.189543483] LOCK pid=86480 fd=14: PENDING -> EXCLUSIVE
DBimpl - LOCK REQUEST: 0x3b879400 1
DBimpl - LOCK REQUEST: 0x3b879400 1
DBimpl - UNLOCK REQUEST: 0x3b879400 1
[1773167266.191218507] UNLOCK pid=86480 fd=14: EXCLUSIVE -> SHARED
DBimpl - UNLOCK REQUEST: 0x3b879400 0
[1773167266.191223385] UNLOCK pid=86480 fd=14: SHARED -> NO_LOCK
DBimpl - LOCK REQUEST: 0x3b879400 1
[1773167266.191317450] LOCK pid=86478 fd=10: NO_LOCK -> SHARED (fallback)
[1773167266.191318869] LOCK pid=86478 fd=10: SHARED -> SHARED
DBimpl - LOCK REQUEST: 0x3b879400 2
[1773167266.191330377] LOCK pid=86478 fd=10: SHARED -> RESERVED
DBimpl - LOCK REQUEST: 0x3b879400 1
[1773167266.191739323] LOCK pid=86480 fd=14: NO_LOCK -> SHARED (fallback)
[1773167266.191741585] LOCK pid=86480 fd=14: SHARED -> SHARED
DBimpl - LOCK REQUEST: 0x3b879400 2
DBimpl - UNLOCK REQUEST: 0x3b879400 0
[1773167266.191754136] UNLOCK pid=86480 fd=14: SHARED -> NO_LOCK
DBimpl - LOCK REQUEST: 0x3b879400 4
[1773167266.192042569] LOCK pid=86478 fd=10: RESERVED -> PENDING
[1773167266.192044435] LOCK pid=86478 fd=10: PENDING -> EXCLUSIVE
DBimpl - LOCK REQUEST: 0x3b879400 1
DBimpl - UNLOCK REQUEST: 0x3b879400 1
[1773167266.193766299] UNLOCK pid=86478 fd=10: EXCLUSIVE -> SHARED
DBimpl - UNLOCK REQUEST: 0x3b879400 0
[1773167266.193770521] UNLOCK pid=86478 fd=10: SHARED -> NO_LOCK
DBimpl - LOCK REQUEST: 0x3b879400 1
[1773167266.194122048] LOCK pid=86478 fd=10: NO_LOCK -> SHARED (fallback)
[1773167266.194123573] LOCK pid=86478 fd=10: SHARED -> SHARED
DBimpl - LOCK REQUEST: 0x3b879400 2
[1773167266.194133089] LOCK pid=86478 fd=10: SHARED -> RESERVED
DBimpl - LOCK REQUEST: 0x3b879400 4
[1773167266.194240376] LOCK pid=86478 fd=10: RESERVED -> PENDING
[1773167266.194241991] LOCK pid=86478 fd=10: PENDING -> EXCLUSIVE
DBimpl - LOCK REQUEST: 0x3b879400 1
DBimpl - UNLOCK REQUEST: 0x3b879400 1
DBimpl - LOCK REQUEST: 0x3b879400 1
[1773167266.195852990] UNLOCK pid=86478 fd=10: EXCLUSIVE -> SHARED
DBimpl - UNLOCK REQUEST: 0x3b879400 0
[1773167266.195857529] LOCK pid=86477 fd=8: NO_LOCK -> SHARED (fallback)
[1773167266.195858384] UNLOCK pid=86478 fd=10: SHARED -> NO_LOCK
[1773167266.195859925] LOCK pid=86477 fd=8: SHARED -> SHARED
DBimpl - UNLOCK REQUEST: 0x3b879400 0
[1773167266.196006534] UNLOCK pid=86477 fd=8: SHARED -> NO_LOCK
DBimpl - LOCK REQUEST: 0x3b879400 1
[1773167266.196322912] LOCK pid=86478 fd=10: NO_LOCK -> SHARED (fallback)
[1773167266.196324219] LOCK pid=86478 fd=10: SHARED -> SHARED
DBimpl - LOCK REQUEST: 0x3b879400 2
[1773167266.196331700] LOCK pid=86478 fd=10: SHARED -> RESERVED
DBimpl - LOCK REQUEST: 0x3b879400 4
[1773167266.197023271] LOCK pid=86478 fd=10: RESERVED -> PENDING
[1773167266.197024929] LOCK pid=86478 fd=10: PENDING -> EXCLUSIVE
DBimpl - LOCK REQUEST: 0x3b879400 1
DBimpl - UNLOCK REQUEST: 0x3b879400 1
[1773167266.198877450] UNLOCK pid=86478 fd=10: EXCLUSIVE -> SHARED
DBimpl - UNLOCK REQUEST: 0x3b879400 0
[1773167266.198884179] UNLOCK pid=86478 fd=10: SHARED -> NO_LOCK
DBimpl - LOCK REQUEST: 0x3b879400 1
[1773167266.199782180] LOCK pid=86478 fd=10: NO_LOCK -> SHARED (fallback)
[1773167266.199784051] LOCK pid=86478 fd=10: SHARED -> SHARED
DBimpl - LOCK REQUEST: 0x3b879400 2
[1773167266.199797957] LOCK pid=86478 fd=10: SHARED -> RESERVED
DBimpl - LOCK REQUEST: 0x3b879400 1
[1773167266.199834256] LOCK pid=86477 fd=8: NO_LOCK -> SHARED (fallback)
[1773167266.199836236] LOCK pid=86477 fd=8: SHARED -> SHARED
DBimpl - LOCK REQUEST: 0x3b879400 1
[1773167266.199932144] LOCK pid=86480 fd=14: NO_LOCK -> SHARED (fallback)
[1773167266.199933876] LOCK pid=86480 fd=14: SHARED -> SHARED
DBimpl - LOCK REQUEST: 0x3b879400 2
DBimpl - UNLOCK REQUEST: 0x3b879400 0
DBimpl - UNLOCK REQUEST: 0x3b879400 0
[1773167266.199948929] UNLOCK pid=86480 fd=14: SHARED -> NO_LOCK
[1773167266.199951037] UNLOCK pid=86477 fd=8: SHARED -> NO_LOCK
DBimpl - LOCK REQUEST: 0x3b879400 4
[1773167266.199964798] LOCK pid=86478 fd=10: RESERVED -> PENDING
[1773167266.199968465] LOCK pid=86478 fd=10: PENDING -> EXCLUSIVE
DBimpl - LOCK REQUEST: 0x3b879400 1
DBimpl - UNLOCK REQUEST: 0x3b879400 1
[1773167266.201682672] UNLOCK pid=86478 fd=10: EXCLUSIVE -> SHARED
DBimpl - UNLOCK REQUEST: 0x3b879400 0
[1773167266.201689525] UNLOCK pid=86478 fd=10: SHARED -> NO_LOCK
DBimpl - LOCK REQUEST: 0x3b879400 1
[1773167266.202276932] LOCK pid=86478 fd=10: NO_LOCK -> SHARED (fallback)
[1773167266.202278980] LOCK pid=86478 fd=10: SHARED -> SHARED
DBimpl - LOCK REQUEST: 0x3b879400 2
[1773167266.202291998] LOCK pid=86478 fd=10: SHARED -> RESERVED
DBimpl - LOCK REQUEST: 0x3b879400 4
[1773167266.203147736] LOCK pid=86478 fd=10: RESERVED -> PENDING
[1773167266.203150830] LOCK pid=86478 fd=10: PENDING -> EXCLUSIVE
DBimpl - LOCK REQUEST: 0x3b879400 1
DBimpl - UNLOCK REQUEST: 0x3b879400 1
[1773167266.204859873] UNLOCK pid=86478 fd=10: EXCLUSIVE -> SHARED
DBimpl - UNLOCK REQUEST: 0x3b879400 0
[1773167266.204867151] UNLOCK pid=86478 fd=10: SHARED -> NO_LOCK
DBimpl - LOCK REQUEST: 0x3b879400 1
[1773167266.204928597] LOCK pid=86477 fd=8: NO_LOCK -> SHARED (fallback)
[1773167266.204930348] LOCK pid=86477 fd=8: SHARED -> SHARED
DBimpl - UNLOCK REQUEST: 0x3b879400 0
[1773167266.205037146] UNLOCK pid=86477 fd=8: SHARED -> NO_LOCK
DBimpl - UNLOCK REQUEST: 0x3b879400 0
DBimpl - LOCK REQUEST: 0x3b879400 1
[1773167266.206803783] LOCK pid=86478 fd=10: NO_LOCK -> SHARED (fallback)
[1773167266.206807387] LOCK pid=86478 fd=10: SHARED -> SHARED
DBimpl - LOCK REQUEST: 0x3b879400 2
[1773167266.206825097] LOCK pid=86478 fd=10: SHARED -> RESERVED
DBimpl - LOCK REQUEST: 0x3b879400 4
[1773167266.207748161] LOCK pid=86478 fd=10: RESERVED -> PENDING
[1773167266.207751339] LOCK pid=86478 fd=10: PENDING -> EXCLUSIVE
DBimpl - UNLOCK REQUEST: 0x3b879400 1
[1773167266.209587415] UNLOCK pid=86478 fd=10: EXCLUSIVE -> SHARED
DBimpl - UNLOCK REQUEST: 0x3b879400 0
[1773167266.209595305] UNLOCK pid=86478 fd=10: SHARED -> NO_LOCK
DBimpl - LOCK REQUEST: 0x3b879400 1
[1773167266.210054613] LOCK pid=86480 fd=14: NO_LOCK -> SHARED (fallback)
[1773167266.210059100] LOCK pid=86480 fd=14: SHARED -> SHARED
DBimpl - LOCK REQUEST: 0x3b879400 2
[1773167266.210076608] LOCK pid=86480 fd=14: SHARED -> RESERVED
DBimpl - LOCK REQUEST: 0x3b879400 4
[1773167266.210226053] LOCK pid=86480 fd=14: RESERVED -> PENDING
[1773167266.210228030] LOCK pid=86480 fd=14: PENDING -> EXCLUSIVE
DBimpl - LOCK REQUEST: 0x3b879400 1
DBimpl - LOCK REQUEST: 0x3b879400 1
DBimpl - UNLOCK REQUEST: 0x3b879400 1
[1773167266.213820916] UNLOCK pid=86480 fd=14: EXCLUSIVE -> SHARED
DBimpl - UNLOCK REQUEST: 0x3b879400 0
[1773167266.213830478] UNLOCK pid=86480 fd=14: SHARED -> NO_LOCK
DBimpl - LOCK REQUEST: 0x3b879400 1
[1773167266.213905721] LOCK pid=86478 fd=10: NO_LOCK -> SHARED (fallback)
[1773167266.213907941] LOCK pid=86478 fd=10: SHARED -> SHARED
DBimpl - LOCK REQUEST: 0x3b879400 2
[1773167266.213922521] LOCK pid=86478 fd=10: SHARED -> RESERVED
DBimpl - LOCK REQUEST: 0x3b879400 4
[1773167266.214721412] LOCK pid=86478 fd=10: RESERVED -> PENDING
[1773167266.214730003] LOCK pid=86478 fd=10: PENDING -> EXCLUSIVE
DBimpl - UNLOCK REQUEST: 0x3b879400 1
[1773167266.217887150] UNLOCK pid=86478 fd=10: EXCLUSIVE -> SHARED
DBimpl - UNLOCK REQUEST: 0x3b879400 0
[1773167266.217893068] UNLOCK pid=86478 fd=10: SHARED -> NO_LOCK
DBimpl - LOCK REQUEST: 0x3b879400 1
[1773167266.218143199] LOCK pid=86480 fd=14: NO_LOCK -> SHARED (fallback)
[1773167266.218144666] LOCK pid=86480 fd=14: SHARED -> SHARED
DBimpl - LOCK REQUEST: 0x3b879400 2
[1773167266.218154662] LOCK pid=86480 fd=14: SHARED -> RESERVED
DBimpl - LOCK REQUEST: 0x3b879400 4
[1773167266.218262546] LOCK pid=86480 fd=14: RESERVED -> PENDING
[1773167266.218264424] LOCK pid=86480 fd=14: PENDING -> EXCLUSIVE
DBimpl - LOCK REQUEST: 0x3b879400 1
DBimpl - LOCK REQUEST: 0x3b879400 1
DBimpl - UNLOCK REQUEST: 0x3b879400 1
[1773167266.220597661] UNLOCK pid=86480 fd=14: EXCLUSIVE -> SHARED
DBimpl - UNLOCK REQUEST: 0x3b879400 0
[1773167266.220603840] UNLOCK pid=86480 fd=14: SHARED -> NO_LOCK
DBimpl - LOCK REQUEST: 0x3b879400 1
[1773167266.221025493] LOCK pid=86480 fd=14: NO_LOCK -> SHARED (fallback)
[1773167266.221027602] LOCK pid=86480 fd=14: SHARED -> SHARED
DBimpl - LOCK REQUEST: 0x3b879400 2
[1773167266.221044096] LOCK pid=86480 fd=14: SHARED -> RESERVED
DBimpl - LOCK REQUEST: 0x3b879400 4
[1773167266.221153361] LOCK pid=86480 fd=14: RESERVED -> PENDING
[1773167266.221156208] LOCK pid=86480 fd=14: PENDING -> EXCLUSIVE
DBimpl - LOCK REQUEST: 0x3b879400 1
DBimpl - UNLOCK REQUEST: 0x3b879400 1
[1773167266.222817014] UNLOCK pid=86480 fd=14: EXCLUSIVE -> SHARED
DBimpl - UNLOCK REQUEST: 0x3b879400 0
[1773167266.222822912] UNLOCK pid=86480 fd=14: SHARED -> NO_LOCK
DBimpl - LOCK REQUEST: 0x3b879400 1
[1773167266.225154300] LOCK pid=86479 fd=12: NO_LOCK -> SHARED (fallback)
[1773167266.225156606] LOCK pid=86479 fd=12: SHARED -> SHARED
DBimpl - LOCK REQUEST: 0x3b879400 2
[1773167266.225175971] LOCK pid=86479 fd=12: SHARED -> RESERVED
DBimpl - LOCK REQUEST: 0x3b879400 1
[1773167266.225447727] LOCK pid=86480 fd=14: NO_LOCK -> SHARED (fallback)
[1773167266.225449737] LOCK pid=86480 fd=14: SHARED -> SHARED
DBimpl - LOCK REQUEST: 0x3b879400 2
DBimpl - UNLOCK REQUEST: 0x3b879400 0
[1773167266.225462389] UNLOCK pid=86480 fd=14: SHARED -> NO_LOCK
DBimpl - LOCK REQUEST: 0x3b879400 1
[1773167266.226540007] LOCK pid=86480 fd=14: NO_LOCK -> SHARED (fallback)
[1773167266.226541191] LOCK pid=86480 fd=14: SHARED -> SHARED
DBimpl - LOCK REQUEST: 0x3b879400 2
DBimpl - UNLOCK REQUEST: 0x3b879400 0
[1773167266.226550815] UNLOCK pid=86480 fd=14: SHARED -> NO_LOCK
DBimpl - LOCK REQUEST: 0x3b879400 1
[1773167266.226992615] LOCK pid=86478 fd=10: NO_LOCK -> SHARED (fallback)
[1773167266.226996266] LOCK pid=86478 fd=10: SHARED -> SHARED
DBimpl - LOCK REQUEST: 0x3b879400 2
DBimpl - UNLOCK REQUEST: 0x3b879400 0
[1773167266.227023676] UNLOCK pid=86478 fd=10: SHARED -> NO_LOCK
DBimpl - LOCK REQUEST: 0x3b879400 1
[1773167266.228629860] LOCK pid=86480 fd=14: NO_LOCK -> SHARED (fallback)
[1773167266.228630999] LOCK pid=86480 fd=14: SHARED -> SHARED
DBimpl - LOCK REQUEST: 0x3b879400 2
DBimpl - UNLOCK REQUEST: 0x3b879400 0
[1773167266.228640036] UNLOCK pid=86480 fd=14: SHARED -> NO_LOCK
DBimpl - LOCK REQUEST: 0x3b879400 4
[1773167266.232019327] LOCK pid=86479 fd=12: RESERVED -> PENDING
[1773167266.232022026] LOCK pid=86479 fd=12: PENDING -> EXCLUSIVE
DBimpl - LOCK REQUEST: 0x3b879400 1
DBimpl - UNLOCK REQUEST: 0x3b879400 1
[1773167266.233736696] UNLOCK pid=86479 fd=12: EXCLUSIVE -> SHARED
DBimpl - UNLOCK REQUEST: 0x3b879400 0
[1773167266.233741836] UNLOCK pid=86479 fd=12: SHARED -> NO_LOCK
DBimpl - LOCK REQUEST: 0x3b879400 1
[1773167266.234216762] LOCK pid=86479 fd=12: NO_LOCK -> SHARED (fallback)
[1773167266.234217993] LOCK pid=86479 fd=12: SHARED -> SHARED
DBimpl - LOCK REQUEST: 0x3b879400 2
[1773167266.234227730] LOCK pid=86479 fd=12: SHARED -> RESERVED
DBimpl - LOCK REQUEST: 0x3b879400 1
[1773167266.237114503] LOCK pid=86478 fd=10: NO_LOCK -> SHARED (fallback)
[1773167266.237116541] LOCK pid=86478 fd=10: SHARED -> SHARED
DBimpl - LOCK REQUEST: 0x3b879400 2
DBimpl - UNLOCK REQUEST: 0x3b879400 0
[1773167266.237129132] UNLOCK pid=86478 fd=10: SHARED -> NO_LOCK
DBimpl - LOCK REQUEST: 0x3b879400 1
[1773167266.243740690] LOCK pid=86480 fd=14: NO_LOCK -> SHARED (fallback)
[1773167266.243743021] LOCK pid=86480 fd=14: SHARED -> SHARED
DBimpl - LOCK REQUEST: 0x3b879400 2
DBimpl - UNLOCK REQUEST: 0x3b879400 0
[1773167266.243762942] UNLOCK pid=86480 fd=14: SHARED -> NO_LOCK
DBimpl - LOCK REQUEST: 0x3b879400 4
[1773167266.249422551] LOCK pid=86479 fd=12: RESERVED -> PENDING
[1773167266.249424323] LOCK pid=86479 fd=12: PENDING -> EXCLUSIVE
DBimpl - UNLOCK REQUEST: 0x3b879400 1
[1773167266.249428089] UNLOCK pid=86479 fd=12: EXCLUSIVE -> SHARED
DBimpl - UNLOCK REQUEST: 0x3b879400 0
[1773167266.249431393] UNLOCK pid=86479 fd=12: SHARED -> NO_LOCK
DBimpl - LOCK REQUEST: 0x3b879400 1
[1773167266.252222743] LOCK pid=86478 fd=10: NO_LOCK -> SHARED (fallback)
[1773167266.252224702] LOCK pid=86478 fd=10: SHARED -> SHARED
DBimpl - LOCK REQUEST: 0x3b879400 2
[1773167266.252234985] LOCK pid=86478 fd=10: SHARED -> RESERVED
DBimpl - LOCK REQUEST: 0x3b879400 4
[1773167266.253162180] LOCK pid=86478 fd=10: RESERVED -> PENDING
[1773167266.253166802] LOCK pid=86478 fd=10: PENDING -> EXCLUSIVE
DBimpl - UNLOCK REQUEST: 0x3b879400 1
[1773167266.255559570] UNLOCK pid=86478 fd=10: EXCLUSIVE -> SHARED
DBimpl - UNLOCK REQUEST: 0x3b879400 0
[1773167266.255564663] UNLOCK pid=86478 fd=10: SHARED -> NO_LOCK
DBimpl - LOCK REQUEST: 0x3b879400 1
[1773167266.258067228] LOCK pid=86478 fd=10: NO_LOCK -> SHARED (fallback)
[1773167266.258069163] LOCK pid=86478 fd=10: SHARED -> SHARED
DBimpl - LOCK REQUEST: 0x3b879400 2
[1773167266.258080739] LOCK pid=86478 fd=10: SHARED -> RESERVED
DBimpl - LOCK REQUEST: 0x3b879400 1
[1773167266.258831690] LOCK pid=86480 fd=14: NO_LOCK -> SHARED (fallback)
[1773167266.258833844] LOCK pid=86480 fd=14: SHARED -> SHARED
DBimpl - LOCK REQUEST: 0x3b879400 2
DBimpl - UNLOCK REQUEST: 0x3b879400 0
[1773167266.258852325] UNLOCK pid=86480 fd=14: SHARED -> NO_LOCK
DBimpl - LOCK REQUEST: 0x3b879400 4
[1773167266.258889540] LOCK pid=86478 fd=10: RESERVED -> PENDING
[1773167266.258892333] LOCK pid=86478 fd=10: PENDING -> EXCLUSIVE
DBimpl - LOCK REQUEST: 0x3b879400 1
DBimpl - LOCK REQUEST: 0x3b879400 1
DBimpl - UNLOCK REQUEST: 0x3b879400 1
[1773167266.261361789] UNLOCK pid=86478 fd=10: EXCLUSIVE -> SHARED
DBimpl - UNLOCK REQUEST: 0x3b879400 0
[1773167266.261365970] UNLOCK pid=86478 fd=10: SHARED -> NO_LOCK
DBimpl - LOCK REQUEST: 0x3b879400 1
[1773167266.262325546] LOCK pid=86478 fd=10: NO_LOCK -> SHARED (fallback)
[1773167266.262326848] LOCK pid=86478 fd=10: SHARED -> SHARED
DBimpl - LOCK REQUEST: 0x3b879400 2
[1773167266.262335458] LOCK pid=86478 fd=10: SHARED -> RESERVED
DBimpl - LOCK REQUEST: 0x3b879400 1
[1773167266.262405592] LOCK pid=86479 fd=12: NO_LOCK -> SHARED (fallback)
[1773167266.262407292] LOCK pid=86479 fd=12: SHARED -> SHARED
DBimpl - LOCK REQUEST: 0x3b879400 2
DBimpl - UNLOCK REQUEST: 0x3b879400 0
[1773167266.262425189] UNLOCK pid=86479 fd=12: SHARED -> NO_LOCK
DBimpl - LOCK REQUEST: 0x3b879400 4
[1773167266.263180178] LOCK pid=86478 fd=10: RESERVED -> PENDING
[1773167266.263182241] LOCK pid=86478 fd=10: PENDING -> EXCLUSIVE
DBimpl - UNLOCK REQUEST: 0x3b879400 1
[1773167266.264866362] UNLOCK pid=86478 fd=10: EXCLUSIVE -> SHARED
DBimpl - UNLOCK REQUEST: 0x3b879400 0
[1773167266.264870495] UNLOCK pid=86478 fd=10: SHARED -> NO_LOCK
DBimpl - LOCK REQUEST: 0x3b879400 1
[1773167266.267516562] LOCK pid=86479 fd=12: NO_LOCK -> SHARED (fallback)
[1773167266.267518364] LOCK pid=86479 fd=12: SHARED -> SHARED
DBimpl - LOCK REQUEST: 0x3b879400 2
[1773167266.267528165] LOCK pid=86479 fd=12: SHARED -> RESERVED
DBimpl - LOCK REQUEST: 0x3b879400 1
[1773167266.268109667] LOCK pid=86478 fd=10: NO_LOCK -> SHARED (fallback)
[1773167266.268110979] LOCK pid=86478 fd=10: SHARED -> SHARED
DBimpl - LOCK REQUEST: 0x3b879400 2
DBimpl - UNLOCK REQUEST: 0x3b879400 0
[1773167266.268123104] UNLOCK pid=86478 fd=10: SHARED -> NO_LOCK
DBimpl - LOCK REQUEST: 0x3b879400 1
[1773167266.269202273] LOCK pid=86478 fd=10: NO_LOCK -> SHARED (fallback)
[1773167266.269203380] LOCK pid=86478 fd=10: SHARED -> SHARED
DBimpl - LOCK REQUEST: 0x3b879400 2
DBimpl - UNLOCK REQUEST: 0x3b879400 0
[1773167266.269210268] UNLOCK pid=86478 fd=10: SHARED -> NO_LOCK
DBimpl - LOCK REQUEST: 0x3b879400 1
[1773167266.271290164] LOCK pid=86478 fd=10: NO_LOCK -> SHARED (fallback)
[1773167266.271291291] LOCK pid=86478 fd=10: SHARED -> SHARED
DBimpl - LOCK REQUEST: 0x3b879400 2
DBimpl - UNLOCK REQUEST: 0x3b879400 0
[1773167266.271298114] UNLOCK pid=86478 fd=10: SHARED -> NO_LOCK
DBimpl - LOCK REQUEST: 0x3b879400 4
[1773167266.273136849] LOCK pid=86479 fd=12: RESERVED -> PENDING
[1773167266.273139131] LOCK pid=86479 fd=12: PENDING -> EXCLUSIVE
DBimpl - UNLOCK REQUEST: 0x3b879400 1
[1773167266.273143193] UNLOCK pid=86479 fd=12: EXCLUSIVE -> SHARED
DBimpl - UNLOCK REQUEST: 0x3b879400 0
[1773167266.273146766] UNLOCK pid=86479 fd=12: SHARED -> NO_LOCK
DBimpl - LOCK REQUEST: 0x3b879400 1
[1773167266.276258034] LOCK pid=86479 fd=12: NO_LOCK -> SHARED (fallback)
[1773167266.276260475] LOCK pid=86479 fd=12: SHARED -> SHARED
DBimpl - LOCK REQUEST: 0x3b879400 2
[1773167266.276271746] LOCK pid=86479 fd=12: SHARED -> RESERVED
DBimpl - LOCK REQUEST: 0x3b879400 1
[1773167266.276359079] LOCK pid=86478 fd=10: NO_LOCK -> SHARED (fallback)
[1773167266.276360474] LOCK pid=86478 fd=10: SHARED -> SHARED
DBimpl - LOCK REQUEST: 0x3b879400 2
DBimpl - UNLOCK REQUEST: 0x3b879400 0
[1773167266.276377611] UNLOCK pid=86478 fd=10: SHARED -> NO_LOCK
DBimpl - LOCK REQUEST: 0x3b879400 1
[1773167266.278924327] LOCK pid=86480 fd=14: NO_LOCK -> SHARED (fallback)
[1773167266.278926971] LOCK pid=86480 fd=14: SHARED -> SHARED
DBimpl - LOCK REQUEST: 0x3b879400 2
DBimpl - UNLOCK REQUEST: 0x3b879400 0
[1773167266.278946377] UNLOCK pid=86480 fd=14: SHARED -> NO_LOCK
DBimpl - LOCK REQUEST: 0x3b879400 4
[1773167266.285903364] LOCK pid=86479 fd=12: RESERVED -> PENDING
[1773167266.285905055] LOCK pid=86479 fd=12: PENDING -> EXCLUSIVE
DBimpl - UNLOCK REQUEST: 0x3b879400 1
[1773167266.285908654] UNLOCK pid=86479 fd=12: EXCLUSIVE -> SHARED
DBimpl - UNLOCK REQUEST: 0x3b879400 0
[1773167266.285911822] UNLOCK pid=86479 fd=12: SHARED -> NO_LOCK
DBimpl - LOCK REQUEST: 0x3b879400 1
[1773167266.286550571] LOCK pid=86478 fd=10: NO_LOCK -> SHARED (fallback)
[1773167266.286570533] LOCK pid=86478 fd=10: SHARED -> SHARED
DBimpl - LOCK REQUEST: 0x3b879400 2
[1773167266.286607374] LOCK pid=86478 fd=10: SHARED -> RESERVED
DBimpl - LOCK REQUEST: 0x3b879400 4
[1773167266.287448373] LOCK pid=86478 fd=10: RESERVED -> PENDING
[1773167266.287450440] LOCK pid=86478 fd=10: PENDING -> EXCLUSIVE
DBimpl - LOCK REQUEST: 0x3b879400 1
DBimpl - LOCK REQUEST: 0x3b879400 1
DBimpl - UNLOCK REQUEST: 0x3b879400 1
[1773167266.290603031] UNLOCK pid=86478 fd=10: EXCLUSIVE -> SHARED
DBimpl - UNLOCK REQUEST: 0x3b879400 0
[1773167266.290609550] UNLOCK pid=86478 fd=10: SHARED -> NO_LOCK
DBimpl - LOCK REQUEST: 0x3b879400 1
[1773167266.291702056] LOCK pid=86478 fd=10: NO_LOCK -> SHARED (fallback)
[1773167266.291703543] LOCK pid=86478 fd=10: SHARED -> SHARED
DBimpl - LOCK REQUEST: 0x3b879400 2
[1773167266.291713627] LOCK pid=86478 fd=10: SHARED -> RESERVED
DBimpl - LOCK REQUEST: 0x3b879400 1
[1773167266.291768020] LOCK pid=86479 fd=12: NO_LOCK -> SHARED (fallback)
[1773167266.291770258] LOCK pid=86479 fd=12: SHARED -> SHARED
DBimpl - LOCK REQUEST: 0x3b879400 2
DBimpl - UNLOCK REQUEST: 0x3b879400 0
[1773167266.291789522] UNLOCK pid=86479 fd=12: SHARED -> NO_LOCK
DBimpl - LOCK REQUEST: 0x3b879400 4
[1773167266.292539177] LOCK pid=86478 fd=10: RESERVED -> PENDING
[1773167266.292541202] LOCK pid=86478 fd=10: PENDING -> EXCLUSIVE
DBimpl - UNLOCK REQUEST: 0x3b879400 1
[1773167266.294524701] UNLOCK pid=86478 fd=10: EXCLUSIVE -> SHARED
DBimpl - UNLOCK REQUEST: 0x3b879400 0
[1773167266.294528852] UNLOCK pid=86478 fd=10: SHARED -> NO_LOCK
DBimpl - LOCK REQUEST: 0x3b879400 1
[1773167266.296852530] LOCK pid=86479 fd=12: NO_LOCK -> SHARED (fallback)
[1773167266.296854084] LOCK pid=86479 fd=12: SHARED -> SHARED
DBimpl - LOCK REQUEST: 0x3b879400 2
[1773167266.296863650] LOCK pid=86479 fd=12: SHARED -> RESERVED
DBimpl - LOCK REQUEST: 0x3b879400 1
[1773167266.297283382] LOCK pid=86478 fd=10: NO_LOCK -> SHARED (fallback)
[1773167266.297284766] LOCK pid=86478 fd=10: SHARED -> SHARED
DBimpl - LOCK REQUEST: 0x3b879400 2
DBimpl - UNLOCK REQUEST: 0x3b879400 0
[1773167266.297298506] UNLOCK pid=86478 fd=10: SHARED -> NO_LOCK
DBimpl - LOCK REQUEST: 0x3b879400 1
[1773167266.298386685] LOCK pid=86478 fd=10: NO_LOCK -> SHARED (fallback)
[1773167266.298388155] LOCK pid=86478 fd=10: SHARED -> SHARED
DBimpl - LOCK REQUEST: 0x3b879400 2
DBimpl - UNLOCK REQUEST: 0x3b879400 0
[1773167266.298397695] UNLOCK pid=86478 fd=10: SHARED -> NO_LOCK
DBimpl - LOCK REQUEST: 0x3b879400 1
[1773167266.300477665] LOCK pid=86478 fd=10: NO_LOCK -> SHARED (fallback)
[1773167266.300478883] LOCK pid=86478 fd=10: SHARED -> SHARED
DBimpl - LOCK REQUEST: 0x3b879400 2
DBimpl - UNLOCK REQUEST: 0x3b879400 0
[1773167266.300486140] UNLOCK pid=86478 fd=10: SHARED -> NO_LOCK
DBimpl - LOCK REQUEST: 0x3b879400 1
[1773167266.304017960] LOCK pid=86480 fd=14: NO_LOCK -> SHARED (fallback)
[1773167266.304020585] LOCK pid=86480 fd=14: SHARED -> SHARED
DBimpl - LOCK REQUEST: 0x3b879400 2
DBimpl - UNLOCK REQUEST: 0x3b879400 0
[1773167266.304044126] UNLOCK pid=86480 fd=14: SHARED -> NO_LOCK
DBimpl - LOCK REQUEST: 0x3b879400 1
[1773167266.305584146] LOCK pid=86478 fd=10: NO_LOCK -> SHARED (fallback)
[1773167266.305586255] LOCK pid=86478 fd=10: SHARED -> SHARED
DBimpl - LOCK REQUEST: 0x3b879400 2
DBimpl - UNLOCK REQUEST: 0x3b879400 0
[1773167266.305599501] UNLOCK pid=86478 fd=10: SHARED -> NO_LOCK
DBimpl - LOCK REQUEST: 0x3b879400 4
[1773167266.310928810] LOCK pid=86479 fd=12: RESERVED -> PENDING
[1773167266.310930870] LOCK pid=86479 fd=12: PENDING -> EXCLUSIVE
DBimpl - UNLOCK REQUEST: 0x3b879400 1
[1773167266.310935021] UNLOCK pid=86479 fd=12: EXCLUSIVE -> SHARED
DBimpl - UNLOCK REQUEST: 0x3b879400 0
[1773167266.310938495] UNLOCK pid=86479 fd=12: SHARED -> NO_LOCK
DBimpl - LOCK REQUEST: 0x3b879400 1
[1773167266.311704320] LOCK pid=86479 fd=12: NO_LOCK -> SHARED (fallback)
[1773167266.311705590] LOCK pid=86479 fd=12: SHARED -> SHARED
DBimpl - LOCK REQUEST: 0x3b879400 2
[1773167266.311713697] LOCK pid=86479 fd=12: SHARED -> RESERVED
DBimpl - LOCK REQUEST: 0x3b879400 1
[1773167266.315837257] LOCK pid=86478 fd=10: NO_LOCK -> SHARED (fallback)
[1773167266.315841922] LOCK pid=86478 fd=10: SHARED -> SHARED
DBimpl - LOCK REQUEST: 0x3b879400 2
DBimpl - UNLOCK REQUEST: 0x3b879400 0
[1773167266.315870037] UNLOCK pid=86478 fd=10: SHARED -> NO_LOCK
DBimpl - LOCK REQUEST: 0x3b879400 4
[1773167266.318718532] LOCK pid=86479 fd=12: RESERVED -> PENDING
[1773167266.318720156] LOCK pid=86479 fd=12: PENDING -> EXCLUSIVE
DBimpl - UNLOCK REQUEST: 0x3b879400 1
[1773167266.318725206] UNLOCK pid=86479 fd=12: EXCLUSIVE -> SHARED
DBimpl - UNLOCK REQUEST: 0x3b879400 0
[1773167266.318728498] UNLOCK pid=86479 fd=12: SHARED -> NO_LOCK
DBimpl - LOCK REQUEST: 0x3b879400 1
[1773167266.321730976] LOCK pid=86479 fd=12: NO_LOCK -> SHARED (fallback)
[1773167266.321733777] LOCK pid=86479 fd=12: SHARED -> SHARED
DBimpl - LOCK REQUEST: 0x3b879400 2
[1773167266.321744594] LOCK pid=86479 fd=12: SHARED -> RESERVED
DBimpl - LOCK REQUEST: 0x3b879400 4
[1773167266.325050166] LOCK pid=86479 fd=12: RESERVED -> PENDING
[1773167266.325052269] LOCK pid=86479 fd=12: PENDING -> EXCLUSIVE
DBimpl - UNLOCK REQUEST: 0x3b879400 1
[1773167266.325057290] UNLOCK pid=86479 fd=12: EXCLUSIVE -> SHARED
DBimpl - UNLOCK REQUEST: 0x3b879400 0
[1773167266.325061029] UNLOCK pid=86479 fd=12: SHARED -> NO_LOCK
DBimpl - LOCK REQUEST: 0x3b879400 1
[1773167266.326880440] LOCK pid=86479 fd=12: NO_LOCK -> SHARED (fallback)
[1773167266.326884025] LOCK pid=86479 fd=12: SHARED -> SHARED
DBimpl - LOCK REQUEST: 0x3b879400 2
[1773167266.326920309] LOCK pid=86479 fd=12: SHARED -> RESERVED
DBimpl - LOCK REQUEST: 0x3b879400 1
[1773167266.329119906] LOCK pid=86480 fd=14: NO_LOCK -> SHARED (fallback)
[1773167266.329122448] LOCK pid=86480 fd=14: SHARED -> SHARED
DBimpl - LOCK REQUEST: 0x3b879400 2
DBimpl - UNLOCK REQUEST: 0x3b879400 0
[1773167266.329139334] UNLOCK pid=86480 fd=14: SHARED -> NO_LOCK
DBimpl - LOCK REQUEST: 0x3b879400 1
[1773167266.330958649] LOCK pid=86478 fd=10: NO_LOCK -> SHARED (fallback)
[1773167266.330963633] LOCK pid=86478 fd=10: SHARED -> SHARED
DBimpl - LOCK REQUEST: 0x3b879400 2
DBimpl - UNLOCK REQUEST: 0x3b879400 0
[1773167266.331011874] UNLOCK pid=86478 fd=10: SHARED -> NO_LOCK
DBimpl - LOCK REQUEST: 0x3b879400 4
[1773167266.343194178] LOCK pid=86479 fd=12: RESERVED -> PENDING
[1773167266.343196507] LOCK pid=86479 fd=12: PENDING -> EXCLUSIVE
DBimpl - UNLOCK REQUEST: 0x3b879400 1
[1773167266.343201875] UNLOCK pid=86479 fd=12: EXCLUSIVE -> SHARED
DBimpl - UNLOCK REQUEST: 0x3b879400 0
[1773167266.343205311] UNLOCK pid=86479 fd=12: SHARED -> NO_LOCK
DBimpl - LOCK REQUEST: 0x3b879400 1
[1773167266.345509546] LOCK pid=86479 fd=12: NO_LOCK -> SHARED (fallback)
[1773167266.345512050] LOCK pid=86479 fd=12: SHARED -> SHARED
DBimpl - LOCK REQUEST: 0x3b879400 2
[1773167266.345525013] LOCK pid=86479 fd=12: SHARED -> RESERVED
DBimpl - LOCK REQUEST: 0x3b879400 1
[1773167266.351110975] LOCK pid=86478 fd=10: NO_LOCK -> SHARED (fallback)
[1773167266.351121955] LOCK pid=86478 fd=10: SHARED -> SHARED
DBimpl - LOCK REQUEST: 0x3b879400 2
DBimpl - UNLOCK REQUEST: 0x3b879400 0
[1773167266.351140649] UNLOCK pid=86478 fd=10: SHARED -> NO_LOCK
DBimpl - LOCK REQUEST: 0x3b879400 1
[1773167266.354213375] LOCK pid=86480 fd=14: NO_LOCK -> SHARED (fallback)
[1773167266.354215815] LOCK pid=86480 fd=14: SHARED -> SHARED
DBimpl - LOCK REQUEST: 0x3b879400 2
DBimpl - UNLOCK REQUEST: 0x3b879400 0
[1773167266.354234126] UNLOCK pid=86480 fd=14: SHARED -> NO_LOCK
DBimpl - LOCK REQUEST: 0x3b879400 4
[1773167266.358824951] LOCK pid=86479 fd=12: RESERVED -> PENDING
[1773167266.358826915] LOCK pid=86479 fd=12: PENDING -> EXCLUSIVE
DBimpl - UNLOCK REQUEST: 0x3b879400 1
[1773167266.358831452] UNLOCK pid=86479 fd=12: EXCLUSIVE -> SHARED
DBimpl - UNLOCK REQUEST: 0x3b879400 0
[1773167266.358835142] UNLOCK pid=86479 fd=12: SHARED -> NO_LOCK
DBimpl - LOCK REQUEST: 0x3b879400 1
[1773167266.359445915] LOCK pid=86479 fd=12: NO_LOCK -> SHARED (fallback)
[1773167266.359447043] LOCK pid=86479 fd=12: SHARED -> SHARED
DBimpl - LOCK REQUEST: 0x3b879400 2
[1773167266.359454399] LOCK pid=86479 fd=12: SHARED -> RESERVED
DBimpl - LOCK REQUEST: 0x3b879400 4
[1773167266.369459848] LOCK pid=86479 fd=12: RESERVED -> PENDING
[1773167266.369462321] LOCK pid=86479 fd=12: PENDING -> EXCLUSIVE
DBimpl - UNLOCK REQUEST: 0x3b879400 1
[1773167266.369466660] UNLOCK pid=86479 fd=12: EXCLUSIVE -> SHARED
DBimpl - UNLOCK REQUEST: 0x3b879400 0
[1773167266.369470164] UNLOCK pid=86479 fd=12: SHARED -> NO_LOCK
DBimpl - LOCK REQUEST: 0x3b879400 1
[1773167266.370247942] LOCK pid=86479 fd=12: NO_LOCK -> SHARED (fallback)
[1773167266.370249186] LOCK pid=86479 fd=12: SHARED -> SHARED
DBimpl - LOCK REQUEST: 0x3b879400 2
[1773167266.370259828] LOCK pid=86479 fd=12: SHARED -> RESERVED
DBimpl - LOCK REQUEST: 0x3b879400 1
[1773167266.376248043] LOCK pid=86478 fd=10: NO_LOCK -> SHARED (fallback)
[1773167266.376250713] LOCK pid=86478 fd=10: SHARED -> SHARED
DBimpl - LOCK REQUEST: 0x3b879400 2
DBimpl - UNLOCK REQUEST: 0x3b879400 0
[1773167266.376267704] UNLOCK pid=86478 fd=10: SHARED -> NO_LOCK
DBimpl - LOCK REQUEST: 0x3b879400 4
[1773167266.379885594] LOCK pid=86479 fd=12: RESERVED -> PENDING
[1773167266.379887650] LOCK pid=86479 fd=12: PENDING -> EXCLUSIVE
DBimpl - UNLOCK REQUEST: 0x3b879400 1
[1773167266.379891541] UNLOCK pid=86479 fd=12: EXCLUSIVE -> SHARED
DBimpl - UNLOCK REQUEST: 0x3b879400 0
[1773167266.379894993] UNLOCK pid=86479 fd=12: SHARED -> NO_LOCK
DBimpl - LOCK REQUEST: 0x3b879400 1
[1773167266.380339851] LOCK pid=86479 fd=12: NO_LOCK -> SHARED (fallback)
[1773167266.380341055] LOCK pid=86479 fd=12: SHARED -> SHARED
DBimpl - LOCK REQUEST: 0x3b879400 2
[1773167266.380349255] LOCK pid=86479 fd=12: SHARED -> RESERVED
DBimpl - LOCK REQUEST: 0x3b879400 4
[1773167266.385297045] LOCK pid=86479 fd=12: RESERVED -> PENDING
[1773167266.385298996] LOCK pid=86479 fd=12: PENDING -> EXCLUSIVE
DBimpl - UNLOCK REQUEST: 0x3b879400 1
[1773167266.385302728] UNLOCK pid=86479 fd=12: EXCLUSIVE -> SHARED
DBimpl - UNLOCK REQUEST: 0x3b879400 0
[1773167266.385306037] UNLOCK pid=86479 fd=12: SHARED -> NO_LOCK
DBimpl - LOCK REQUEST: 0x3b879400 1
[1773167266.385483729] LOCK pid=86479 fd=12: NO_LOCK -> SHARED (fallback)
[1773167266.385484896] LOCK pid=86479 fd=12: SHARED -> SHARED
DBimpl - LOCK REQUEST: 0x3b879400 2
[1773167266.385492941] LOCK pid=86479 fd=12: SHARED -> RESERVED
DBimpl - LOCK REQUEST: 0x3b879400 4
[1773167266.393336060] LOCK pid=86479 fd=12: RESERVED -> PENDING
[1773167266.393338573] LOCK pid=86479 fd=12: PENDING -> EXCLUSIVE
DBimpl - UNLOCK REQUEST: 0x3b879400 1
[1773167266.393342949] UNLOCK pid=86479 fd=12: EXCLUSIVE -> SHARED
DBimpl - UNLOCK REQUEST: 0x3b879400 0
[1773167266.393347439] UNLOCK pid=86479 fd=12: SHARED -> NO_LOCK
DBimpl - LOCK REQUEST: 0x3b879400 1
[1773167266.394012410] LOCK pid=86479 fd=12: NO_LOCK -> SHARED (fallback)
[1773167266.394013634] LOCK pid=86479 fd=12: SHARED -> SHARED
DBimpl - LOCK REQUEST: 0x3b879400 2
[1773167266.394022229] LOCK pid=86479 fd=12: SHARED -> RESERVED
DBimpl - LOCK REQUEST: 0x3b879400 1
[1773167266.401389726] LOCK pid=86478 fd=10: NO_LOCK -> SHARED (fallback)
[1773167266.401392816] LOCK pid=86478 fd=10: SHARED -> SHARED
DBimpl - LOCK REQUEST: 0x3b879400 2
DBimpl - UNLOCK REQUEST: 0x3b879400 0
[1773167266.401426057] UNLOCK pid=86478 fd=10: SHARED -> NO_LOCK
DBimpl - LOCK REQUEST: 0x3b879400 1
[1773167266.404312343] LOCK pid=86480 fd=14: NO_LOCK -> SHARED (fallback)
[1773167266.404315138] LOCK pid=86480 fd=14: SHARED -> SHARED
DBimpl - LOCK REQUEST: 0x3b879400 2
DBimpl - UNLOCK REQUEST: 0x3b879400 0
[1773167266.404333113] UNLOCK pid=86480 fd=14: SHARED -> NO_LOCK
DBimpl - LOCK REQUEST: 0x3b879400 4
[1773167266.407434400] LOCK pid=86479 fd=12: RESERVED -> PENDING
[1773167266.407436278] LOCK pid=86479 fd=12: PENDING -> EXCLUSIVE
DBimpl - UNLOCK REQUEST: 0x3b879400 1
[1773167266.407440159] UNLOCK pid=86479 fd=12: EXCLUSIVE -> SHARED
DBimpl - UNLOCK REQUEST: 0x3b879400 0
[1773167266.407443426] UNLOCK pid=86479 fd=12: SHARED -> NO_LOCK
DBimpl - LOCK REQUEST: 0x3b879400 1
[1773167266.408374288] LOCK pid=86479 fd=12: NO_LOCK -> SHARED (fallback)
[1773167266.408375481] LOCK pid=86479 fd=12: SHARED -> SHARED
DBimpl - LOCK REQUEST: 0x3b879400 2
[1773167266.408383933] LOCK pid=86479 fd=12: SHARED -> RESERVED
DBimpl - LOCK REQUEST: 0x3b879400 4
[1773167266.425932338] LOCK pid=86479 fd=12: RESERVED -> PENDING
[1773167266.425936308] LOCK pid=86479 fd=12: PENDING -> EXCLUSIVE
DBimpl - UNLOCK REQUEST: 0x3b879400 1
[1773167266.425957225] UNLOCK pid=86479 fd=12: EXCLUSIVE -> SHARED
DBimpl - UNLOCK REQUEST: 0x3b879400 0
[1773167266.425963319] UNLOCK pid=86479 fd=12: SHARED -> NO_LOCK
DBimpl - LOCK REQUEST: 0x3b879400 1
[1773167266.426572809] LOCK pid=86478 fd=10: NO_LOCK -> SHARED (fallback)
[1773167266.426577525] LOCK pid=86478 fd=10: SHARED -> SHARED
DBimpl - LOCK REQUEST: 0x3b879400 2
[1773167266.426623452] LOCK pid=86478 fd=10: SHARED -> RESERVED
DBimpl - LOCK REQUEST: 0x3b879400 1
[1773167266.426767839] LOCK pid=86479 fd=12: NO_LOCK -> SHARED (fallback)
[1773167266.426769523] LOCK pid=86479 fd=12: SHARED -> SHARED
DBimpl - LOCK REQUEST: 0x3b879400 2
DBimpl - UNLOCK REQUEST: 0x3b879400 0
[1773167266.426788578] UNLOCK pid=86479 fd=12: SHARED -> NO_LOCK
DBimpl - LOCK REQUEST: 0x3b879400 4
[1773167266.427603448] LOCK pid=86478 fd=10: RESERVED -> PENDING
[1773167266.427605598] LOCK pid=86478 fd=10: PENDING -> EXCLUSIVE
DBimpl - LOCK REQUEST: 0x3b879400 1
DBimpl - LOCK REQUEST: 0x3b879400 1
DBimpl - UNLOCK REQUEST: 0x3b879400 1
[1773167266.434961187] UNLOCK pid=86478 fd=10: EXCLUSIVE -> SHARED
DBimpl - UNLOCK REQUEST: 0x3b879400 0
[1773167266.434972287] UNLOCK pid=86478 fd=10: SHARED -> NO_LOCK
DBimpl - LOCK REQUEST: 0x3b879400 1
[1773167266.434992798] LOCK pid=86479 fd=12: NO_LOCK -> SHARED (fallback)
[1773167266.434995469] LOCK pid=86479 fd=12: SHARED -> SHARED
DBimpl - LOCK REQUEST: 0x3b879400 2
[1773167266.435014084] LOCK pid=86479 fd=12: SHARED -> RESERVED
DBimpl - LOCK REQUEST: 0x3b879400 1
[1773167266.436855250] LOCK pid=86478 fd=10: NO_LOCK -> SHARED (fallback)
[1773167266.436858683] LOCK pid=86478 fd=10: SHARED -> SHARED
DBimpl - LOCK REQUEST: 0x3b879400 2
DBimpl - UNLOCK REQUEST: 0x3b879400 0
[1773167266.436883724] UNLOCK pid=86478 fd=10: SHARED -> NO_LOCK
DBimpl - LOCK REQUEST: 0x3b879400 1
[1773167266.437959727] LOCK pid=86478 fd=10: NO_LOCK -> SHARED (fallback)
[1773167266.437962391] LOCK pid=86478 fd=10: SHARED -> SHARED
DBimpl - LOCK REQUEST: 0x3b879400 2
DBimpl - UNLOCK REQUEST: 0x3b879400 0
[1773167266.437982268] UNLOCK pid=86478 fd=10: SHARED -> NO_LOCK
DBimpl - LOCK REQUEST: 0x3b879400 1
[1773167266.440058912] LOCK pid=86478 fd=10: NO_LOCK -> SHARED (fallback)
[1773167266.440061365] LOCK pid=86478 fd=10: SHARED -> SHARED
DBimpl - LOCK REQUEST: 0x3b879400 2
DBimpl - UNLOCK REQUEST: 0x3b879400 0
[1773167266.440078121] UNLOCK pid=86478 fd=10: SHARED -> NO_LOCK
DBimpl - LOCK REQUEST: 0x3b879400 1
[1773167266.445166937] LOCK pid=86478 fd=10: NO_LOCK -> SHARED (fallback)
[1773167266.445171076] LOCK pid=86478 fd=10: SHARED -> SHARED
DBimpl - LOCK REQUEST: 0x3b879400 2
DBimpl - UNLOCK REQUEST: 0x3b879400 0
[1773167266.445212845] UNLOCK pid=86478 fd=10: SHARED -> NO_LOCK
DBimpl - LOCK REQUEST: 0x3b879400 4
[1773167266.451501858] LOCK pid=86479 fd=12: RESERVED -> PENDING
[1773167266.451505966] LOCK pid=86479 fd=12: PENDING -> EXCLUSIVE
DBimpl - UNLOCK REQUEST: 0x3b879400 1
[1773167266.451511985] UNLOCK pid=86479 fd=12: EXCLUSIVE -> SHARED
DBimpl - UNLOCK REQUEST: 0x3b879400 0
[1773167266.451516936] UNLOCK pid=86479 fd=12: SHARED -> NO_LOCK
DBimpl - LOCK REQUEST: 0x3b879400 1
[1773167266.452323803] LOCK pid=86479 fd=12: NO_LOCK -> SHARED (fallback)
[1773167266.452325955] LOCK pid=86479 fd=12: SHARED -> SHARED
DBimpl - LOCK REQUEST: 0x3b879400 2
[1773167266.452357391] LOCK pid=86479 fd=12: SHARED -> RESERVED
DBimpl - LOCK REQUEST: 0x3b879400 1
[1773167266.454420209] LOCK pid=86480 fd=14: NO_LOCK -> SHARED (fallback)
[1773167266.454422966] LOCK pid=86480 fd=14: SHARED -> SHARED
DBimpl - LOCK REQUEST: 0x3b879400 2
DBimpl - UNLOCK REQUEST: 0x3b879400 0
[1773167266.454445843] UNLOCK pid=86480 fd=14: SHARED -> NO_LOCK
DBimpl - LOCK REQUEST: 0x3b879400 1
[1773167266.455311009] LOCK pid=86478 fd=10: NO_LOCK -> SHARED (fallback)
[1773167266.455314428] LOCK pid=86478 fd=10: SHARED -> SHARED
DBimpl - LOCK REQUEST: 0x3b879400 2
DBimpl - UNLOCK REQUEST: 0x3b879400 0
[1773167266.455336684] UNLOCK pid=86478 fd=10: SHARED -> NO_LOCK
DBimpl - LOCK REQUEST: 0x3b879400 4
[1773167266.462225475] LOCK pid=86479 fd=12: RESERVED -> PENDING
[1773167266.462229338] LOCK pid=86479 fd=12: PENDING -> EXCLUSIVE
DBimpl - UNLOCK REQUEST: 0x3b879400 1
[1773167266.462234948] UNLOCK pid=86479 fd=12: EXCLUSIVE -> SHARED
DBimpl - UNLOCK REQUEST: 0x3b879400 0
[1773167266.462240450] UNLOCK pid=86479 fd=12: SHARED -> NO_LOCK
DBimpl - LOCK REQUEST: 0x3b879400 1
[1773167266.464134922] LOCK pid=86479 fd=12: NO_LOCK -> SHARED (fallback)
[1773167266.464137773] LOCK pid=86479 fd=12: SHARED -> SHARED
DBimpl - LOCK REQUEST: 0x3b879400 2
[1773167266.464153639] LOCK pid=86479 fd=12: SHARED -> RESERVED
DBimpl - LOCK REQUEST: 0x3b879400 4
[1773167266.464896005] LOCK pid=86479 fd=12: RESERVED -> PENDING
[1773167266.464898977] LOCK pid=86479 fd=12: PENDING -> EXCLUSIVE
DBimpl - UNLOCK REQUEST: 0x3b879400 1
[1773167266.464920123] UNLOCK pid=86479 fd=12: EXCLUSIVE -> SHARED
DBimpl - UNLOCK REQUEST: 0x3b879400 0
[1773167266.464926008] UNLOCK pid=86479 fd=12: SHARED -> NO_LOCK
DBimpl - LOCK REQUEST: 0x3b879400 1
[1773167266.470432786] LOCK pid=86478 fd=10: NO_LOCK -> SHARED (fallback)
[1773167266.470436388] LOCK pid=86478 fd=10: SHARED -> SHARED
DBimpl - LOCK REQUEST: 0x3b879400 2
[1773167266.470460984] LOCK pid=86478 fd=10: SHARED -> RESERVED
DBimpl - LOCK REQUEST: 0x3b879400 4
[1773167266.472120484] LOCK pid=86478 fd=10: RESERVED -> PENDING
[1773167266.472123241] LOCK pid=86478 fd=10: PENDING -> EXCLUSIVE
DBimpl - UNLOCK REQUEST: 0x3b879400 1
[1773167266.474560575] UNLOCK pid=86478 fd=10: EXCLUSIVE -> SHARED
DBimpl - UNLOCK REQUEST: 0x3b879400 0
[1773167266.474568429] UNLOCK pid=86478 fd=10: SHARED -> NO_LOCK
DBimpl - LOCK REQUEST: 0x3b879400 1
[1773167266.474604561] LOCK pid=86479 fd=12: NO_LOCK -> SHARED (fallback)
[1773167266.474607640] LOCK pid=86479 fd=12: SHARED -> SHARED
DBimpl - LOCK REQUEST: 0x3b879400 2
[1773167266.474628844] LOCK pid=86479 fd=12: SHARED -> RESERVED
DBimpl - LOCK REQUEST: 0x3b879400 1
[1773167266.477763803] LOCK pid=86478 fd=10: NO_LOCK -> SHARED (fallback)
[1773167266.477766457] LOCK pid=86478 fd=10: SHARED -> SHARED
DBimpl - LOCK REQUEST: 0x3b879400 2
DBimpl - UNLOCK REQUEST: 0x3b879400 0
[1773167266.477785085] UNLOCK pid=86478 fd=10: SHARED -> NO_LOCK
DBimpl - LOCK REQUEST: 0x3b879400 1
[1773167266.478852917] LOCK pid=86478 fd=10: NO_LOCK -> SHARED (fallback)
[1773167266.478855128] LOCK pid=86478 fd=10: SHARED -> SHARED
DBimpl - LOCK REQUEST: 0x3b879400 2
DBimpl - UNLOCK REQUEST: 0x3b879400 0
[1773167266.478869914] UNLOCK pid=86478 fd=10: SHARED -> NO_LOCK
DBimpl - LOCK REQUEST: 0x3b879400 1
[1773167266.480939692] LOCK pid=86478 fd=10: NO_LOCK -> SHARED (fallback)
[1773167266.480942097] LOCK pid=86478 fd=10: SHARED -> SHARED
DBimpl - LOCK REQUEST: 0x3b879400 2
DBimpl - UNLOCK REQUEST: 0x3b879400 0
[1773167266.480964526] UNLOCK pid=86478 fd=10: SHARED -> NO_LOCK
DBimpl - LOCK REQUEST: 0x3b879400 1
[1773167266.486046757] LOCK pid=86478 fd=10: NO_LOCK -> SHARED (fallback)
[1773167266.486049840] LOCK pid=86478 fd=10: SHARED -> SHARED
DBimpl - LOCK REQUEST: 0x3b879400 2
DBimpl - UNLOCK REQUEST: 0x3b879400 0
[1773167266.486072645] UNLOCK pid=86478 fd=10: SHARED -> NO_LOCK
DBimpl - LOCK REQUEST: 0x3b879400 4
[1773167266.491453806] LOCK pid=86479 fd=12: RESERVED -> PENDING
[1773167266.491457299] LOCK pid=86479 fd=12: PENDING -> EXCLUSIVE
DBimpl - UNLOCK REQUEST: 0x3b879400 1
[1773167266.491464812] UNLOCK pid=86479 fd=12: EXCLUSIVE -> SHARED
DBimpl - UNLOCK REQUEST: 0x3b879400 0
[1773167266.491472221] UNLOCK pid=86479 fd=12: SHARED -> NO_LOCK
DBimpl - LOCK REQUEST: 0x3b879400 1
[1773167266.494273107] LOCK pid=86479 fd=12: NO_LOCK -> SHARED (fallback)
[1773167266.494275964] LOCK pid=86479 fd=12: SHARED -> SHARED
DBimpl - LOCK REQUEST: 0x3b879400 2
[1773167266.494296107] LOCK pid=86479 fd=12: SHARED -> RESERVED
DBimpl - LOCK REQUEST: 0x3b879400 1
[1773167266.496155027] LOCK pid=86478 fd=10: NO_LOCK -> SHARED (fallback)
[1773167266.496158015] LOCK pid=86478 fd=10: SHARED -> SHARED
DBimpl - LOCK REQUEST: 0x3b879400 2
DBimpl - UNLOCK REQUEST: 0x3b879400 0
[1773167266.496179181] UNLOCK pid=86478 fd=10: SHARED -> NO_LOCK
DBimpl - LOCK REQUEST: 0x3b879400 4
[1773167266.496394300] LOCK pid=86479 fd=12: RESERVED -> PENDING
[1773167266.496397227] LOCK pid=86479 fd=12: PENDING -> EXCLUSIVE
DBimpl - UNLOCK REQUEST: 0x3b879400 1
[1773167266.496404587] UNLOCK pid=86479 fd=12: EXCLUSIVE -> SHARED
DBimpl - UNLOCK REQUEST: 0x3b879400 0
[1773167266.496410518] UNLOCK pid=86479 fd=12: SHARED -> NO_LOCK
DBimpl - LOCK REQUEST: 0x3b879400 1
[1773167266.499345025] LOCK pid=86479 fd=12: NO_LOCK -> SHARED (fallback)
[1773167266.499349381] LOCK pid=86479 fd=12: SHARED -> SHARED
DBimpl - LOCK REQUEST: 0x3b879400 2
[1773167266.499372048] LOCK pid=86479 fd=12: SHARED -> RESERVED
DBimpl - LOCK REQUEST: 0x3b879400 4
[1773167266.504833622] LOCK pid=86479 fd=12: RESERVED -> PENDING
[1773167266.504837676] LOCK pid=86479 fd=12: PENDING -> EXCLUSIVE
DBimpl - UNLOCK REQUEST: 0x3b879400 1
[1773167266.504845171] UNLOCK pid=86479 fd=12: EXCLUSIVE -> SHARED
DBimpl - UNLOCK REQUEST: 0x3b879400 0
[1773167266.504852225] UNLOCK pid=86479 fd=12: SHARED -> NO_LOCK
DBimpl - LOCK REQUEST: 0x3b879400 1
[1773167266.510424759] LOCK pid=86479 fd=12: NO_LOCK -> SHARED (fallback)
[1773167266.510429964] LOCK pid=86479 fd=12: SHARED -> SHARED
DBimpl - LOCK REQUEST: 0x3b879400 2
[1773167266.510456069] LOCK pid=86479 fd=12: SHARED -> RESERVED
DBimpl - LOCK REQUEST: 0x3b879400 1
[1773167266.511267288] LOCK pid=86478 fd=10: NO_LOCK -> SHARED (fallback)
[1773167266.511270714] LOCK pid=86478 fd=10: SHARED -> SHARED
DBimpl - LOCK REQUEST: 0x3b879400 2
DBimpl - UNLOCK REQUEST: 0x3b879400 0
[1773167266.511296216] UNLOCK pid=86478 fd=10: SHARED -> NO_LOCK
DBimpl - LOCK REQUEST: 0x3b879400 4
[1773167266.520920374] LOCK pid=86479 fd=12: RESERVED -> PENDING
[1773167266.520923628] LOCK pid=86479 fd=12: PENDING -> EXCLUSIVE
DBimpl - UNLOCK REQUEST: 0x3b879400 1
[1773167266.520930765] UNLOCK pid=86479 fd=12: EXCLUSIVE -> SHARED
DBimpl - UNLOCK REQUEST: 0x3b879400 0
[1773167266.520937314] UNLOCK pid=86479 fd=12: SHARED -> NO_LOCK
DBimpl - LOCK REQUEST: 0x3b879400 1
[1773167266.523756953] LOCK pid=86479 fd=12: NO_LOCK -> SHARED (fallback)
[1773167266.523759345] LOCK pid=86479 fd=12: SHARED -> SHARED
DBimpl - LOCK REQUEST: 0x3b879400 2
[1773167266.523775625] LOCK pid=86479 fd=12: SHARED -> RESERVED
DBimpl - LOCK REQUEST: 0x3b879400 4
[1773167266.524968285] LOCK pid=86479 fd=12: RESERVED -> PENDING
[1773167266.524971065] LOCK pid=86479 fd=12: PENDING -> EXCLUSIVE
DBimpl - UNLOCK REQUEST: 0x3b879400 1
[1773167266.524977559] UNLOCK pid=86479 fd=12: EXCLUSIVE -> SHARED
DBimpl - UNLOCK REQUEST: 0x3b879400 0
[1773167266.524983293] UNLOCK pid=86479 fd=12: SHARED -> NO_LOCK
DBimpl - LOCK REQUEST: 0x3b879400 1
[1773167266.525195083] LOCK pid=86479 fd=12: NO_LOCK -> SHARED (fallback)
[1773167266.525205061] LOCK pid=86479 fd=12: SHARED -> SHARED
DBimpl - LOCK REQUEST: 0x3b879400 2
[1773167266.525216587] LOCK pid=86479 fd=12: SHARED -> RESERVED
DBimpl - LOCK REQUEST: 0x3b879400 4
[1773167266.526623452] LOCK pid=86479 fd=12: RESERVED -> PENDING
[1773167266.526625835] LOCK pid=86479 fd=12: PENDING -> EXCLUSIVE
DBimpl - UNLOCK REQUEST: 0x3b879400 1
[1773167266.526630196] UNLOCK pid=86479 fd=12: EXCLUSIVE -> SHARED
DBimpl - UNLOCK REQUEST: 0x3b879400 0
[1773167266.526634819] UNLOCK pid=86479 fd=12: SHARED -> NO_LOCK
DBimpl - LOCK REQUEST: 0x3b879400 1
[1773167266.529399537] LOCK pid=86479 fd=12: NO_LOCK -> SHARED (fallback)
[1773167266.529401442] LOCK pid=86479 fd=12: SHARED -> SHARED
DBimpl - LOCK REQUEST: 0x3b879400 2
[1773167266.529414755] LOCK pid=86479 fd=12: SHARED -> RESERVED
DBimpl - LOCK REQUEST: 0x3b879400 1
[1773167266.531382063] LOCK pid=86478 fd=10: NO_LOCK -> SHARED (fallback)
[1773167266.531385597] LOCK pid=86478 fd=10: SHARED -> SHARED
DBimpl - LOCK REQUEST: 0x3b879400 2
DBimpl - UNLOCK REQUEST: 0x3b879400 0
[1773167266.531406182] UNLOCK pid=86478 fd=10: SHARED -> NO_LOCK
DBimpl - LOCK REQUEST: 0x3b879400 4
[1773167266.538086215] LOCK pid=86479 fd=12: RESERVED -> PENDING
[1773167266.538088857] LOCK pid=86479 fd=12: PENDING -> EXCLUSIVE
DBimpl - UNLOCK REQUEST: 0x3b879400 1
[1773167266.538095621] UNLOCK pid=86479 fd=12: EXCLUSIVE -> SHARED
DBimpl - UNLOCK REQUEST: 0x3b879400 0
[1773167266.538101831] UNLOCK pid=86479 fd=12: SHARED -> NO_LOCK
DBimpl - LOCK REQUEST: 0x3b879400 1
[1773167266.539927318] LOCK pid=86479 fd=12: NO_LOCK -> SHARED (fallback)
[1773167266.539929765] LOCK pid=86479 fd=12: SHARED -> SHARED
DBimpl - LOCK REQUEST: 0x3b879400 2
[1773167266.539944355] LOCK pid=86479 fd=12: SHARED -> RESERVED
DBimpl - LOCK REQUEST: 0x3b879400 4
[1773167266.550446839] LOCK pid=86479 fd=12: RESERVED -> PENDING
[1773167266.550449796] LOCK pid=86479 fd=12: PENDING -> EXCLUSIVE
DBimpl - UNLOCK REQUEST: 0x3b879400 1
[1773167266.550455055] UNLOCK pid=86479 fd=12: EXCLUSIVE -> SHARED
DBimpl - UNLOCK REQUEST: 0x3b879400 0
[1773167266.550461042] UNLOCK pid=86479 fd=12: SHARED -> NO_LOCK
DBimpl - LOCK REQUEST: 0x3b879400 1
[1773167266.551465870] LOCK pid=86479 fd=12: NO_LOCK -> SHARED (fallback)
[1773167266.551468266] LOCK pid=86479 fd=12: SHARED -> SHARED
DBimpl - LOCK REQUEST: 0x3b879400 2
[1773167266.551480805] LOCK pid=86479 fd=12: SHARED -> RESERVED
DBimpl - LOCK REQUEST: 0x3b879400 1
[1773167266.554520582] LOCK pid=86480 fd=14: NO_LOCK -> SHARED (fallback)
[1773167266.554523153] LOCK pid=86480 fd=14: SHARED -> SHARED
DBimpl - LOCK REQUEST: 0x3b879400 2
DBimpl - UNLOCK REQUEST: 0x3b879400 0
[1773167266.554542667] UNLOCK pid=86480 fd=14: SHARED -> NO_LOCK
DBimpl - LOCK REQUEST: 0x3b879400 1
[1773167266.556492018] LOCK pid=86478 fd=10: NO_LOCK -> SHARED (fallback)
[1773167266.556495529] LOCK pid=86478 fd=10: SHARED -> SHARED
DBimpl - LOCK REQUEST: 0x3b879400 2
DBimpl - UNLOCK REQUEST: 0x3b879400 0
[1773167266.556531459] UNLOCK pid=86478 fd=10: SHARED -> NO_LOCK
DBimpl - LOCK REQUEST: 0x3b879400 4
[1773167266.558591021] LOCK pid=86479 fd=12: RESERVED -> PENDING
[1773167266.558592931] LOCK pid=86479 fd=12: PENDING -> EXCLUSIVE
DBimpl - UNLOCK REQUEST: 0x3b879400 1
[1773167266.558596766] UNLOCK pid=86479 fd=12: EXCLUSIVE -> SHARED
DBimpl - UNLOCK REQUEST: 0x3b879400 0
[1773167266.558599941] UNLOCK pid=86479 fd=12: SHARED -> NO_LOCK
DBimpl - LOCK REQUEST: 0x3b879400 1
[1773167266.559888723] LOCK pid=86479 fd=12: NO_LOCK -> SHARED (fallback)
[1773167266.559892339] LOCK pid=86479 fd=12: SHARED -> SHARED
DBimpl - LOCK REQUEST: 0x3b879400 2
[1773167266.559911285] LOCK pid=86479 fd=12: SHARED -> RESERVED
DBimpl - LOCK REQUEST: 0x3b879400 4
[1773167266.572277870] LOCK pid=86479 fd=12: RESERVED -> PENDING
[1773167266.572280544] LOCK pid=86479 fd=12: PENDING -> EXCLUSIVE
DBimpl - UNLOCK REQUEST: 0x3b879400 1
[1773167266.572285829] UNLOCK pid=86479 fd=12: EXCLUSIVE -> SHARED
DBimpl - UNLOCK REQUEST: 0x3b879400 0
[1773167266.572290220] UNLOCK pid=86479 fd=12: SHARED -> NO_LOCK
DBimpl - LOCK REQUEST: 0x3b879400 1
[1773167266.572777277] LOCK pid=86479 fd=12: NO_LOCK -> SHARED (fallback)
[1773167266.572778661] LOCK pid=86479 fd=12: SHARED -> SHARED
DBimpl - LOCK REQUEST: 0x3b879400 2
[1773167266.572791916] LOCK pid=86479 fd=12: SHARED -> RESERVED
DBimpl - LOCK REQUEST: 0x3b879400 1
[1773167266.581620653] LOCK pid=86478 fd=10: NO_LOCK -> SHARED (fallback)
[1773167266.581624262] LOCK pid=86478 fd=10: SHARED -> SHARED
DBimpl - LOCK REQUEST: 0x3b879400 2
DBimpl - UNLOCK REQUEST: 0x3b879400 0
[1773167266.581659443] UNLOCK pid=86478 fd=10: SHARED -> NO_LOCK
DBimpl - LOCK REQUEST: 0x3b879400 4
[1773167266.585667347] LOCK pid=86479 fd=12: RESERVED -> PENDING
[1773167266.585670425] LOCK pid=86479 fd=12: PENDING -> EXCLUSIVE
DBimpl - UNLOCK REQUEST: 0x3b879400 1
[1773167266.585674455] UNLOCK pid=86479 fd=12: EXCLUSIVE -> SHARED
DBimpl - UNLOCK REQUEST: 0x3b879400 0
[1773167266.585678021] UNLOCK pid=86479 fd=12: SHARED -> NO_LOCK
DBimpl - LOCK REQUEST: 0x3b879400 1
[1773167266.588058337] LOCK pid=86479 fd=12: NO_LOCK -> SHARED (fallback)
[1773167266.588061395] LOCK pid=86479 fd=12: SHARED -> SHARED
DBimpl - LOCK REQUEST: 0x3b879400 2
[1773167266.588077583] LOCK pid=86479 fd=12: SHARED -> RESERVED
DBimpl - LOCK REQUEST: 0x3b879400 4
[1773167266.591665757] LOCK pid=86479 fd=12: RESERVED -> PENDING
[1773167266.591667720] LOCK pid=86479 fd=12: PENDING -> EXCLUSIVE
DBimpl - UNLOCK REQUEST: 0x3b879400 1
[1773167266.591672029] UNLOCK pid=86479 fd=12: EXCLUSIVE -> SHARED
DBimpl - UNLOCK REQUEST: 0x3b879400 0
[1773167266.591675609] UNLOCK pid=86479 fd=12: SHARED -> NO_LOCK
DBimpl - LOCK REQUEST: 0x3b879400 1
[1773167266.596820442] LOCK pid=86479 fd=12: NO_LOCK -> SHARED (fallback)
[1773167266.596822708] LOCK pid=86479 fd=12: SHARED -> SHARED
DBimpl - LOCK REQUEST: 0x3b879400 2
[1773167266.596847432] LOCK pid=86479 fd=12: SHARED -> RESERVED
DBimpl - LOCK REQUEST: 0x3b879400 1
[1773167266.606748132] LOCK pid=86478 fd=10: NO_LOCK -> SHARED (fallback)
[1773167266.606765341] LOCK pid=86478 fd=10: SHARED -> SHARED
DBimpl - LOCK REQUEST: 0x3b879400 2
DBimpl - UNLOCK REQUEST: 0x3b879400 0
[1773167266.606787806] UNLOCK pid=86478 fd=10: SHARED -> NO_LOCK
DBimpl - LOCK REQUEST: 0x3b879400 4
[1773167266.612115351] LOCK pid=86479 fd=12: RESERVED -> PENDING
[1773167266.612117607] LOCK pid=86479 fd=12: PENDING -> EXCLUSIVE
DBimpl - UNLOCK REQUEST: 0x3b879400 1
[1773167266.612122218] UNLOCK pid=86479 fd=12: EXCLUSIVE -> SHARED
DBimpl - UNLOCK REQUEST: 0x3b879400 0
[1773167266.612126309] UNLOCK pid=86479 fd=12: SHARED -> NO_LOCK
DBimpl - LOCK REQUEST: 0x3b879400 1
[1773167266.622426322] LOCK pid=86479 fd=12: NO_LOCK -> SHARED (fallback)
[1773167266.622442293] LOCK pid=86479 fd=12: SHARED -> SHARED
DBimpl - LOCK REQUEST: 0x3b879400 2
[1773167266.622524666] LOCK pid=86479 fd=12: SHARED -> RESERVED
DBimpl - LOCK REQUEST: 0x3b879400 4
[1773167266.629667165] LOCK pid=86479 fd=12: RESERVED -> PENDING
[1773167266.629669085] LOCK pid=86479 fd=12: PENDING -> EXCLUSIVE
DBimpl - UNLOCK REQUEST: 0x3b879400 1
[1773167266.629673313] UNLOCK pid=86479 fd=12: EXCLUSIVE -> SHARED
DBimpl - UNLOCK REQUEST: 0x3b879400 0
[1773167266.629676844] UNLOCK pid=86479 fd=12: SHARED -> NO_LOCK
DBimpl - LOCK REQUEST: 0x3b879400 1
[1773167266.631549530] LOCK pid=86479 fd=12: NO_LOCK -> SHARED (fallback)
[1773167266.631551679] LOCK pid=86479 fd=12: SHARED -> SHARED
DBimpl - LOCK REQUEST: 0x3b879400 2
[1773167266.631563345] LOCK pid=86479 fd=12: SHARED -> RESERVED
DBimpl - LOCK REQUEST: 0x3b879400 4
[1773167266.637130969] LOCK pid=86479 fd=12: RESERVED -> PENDING
[1773167266.637133242] LOCK pid=86479 fd=12: PENDING -> EXCLUSIVE
DBimpl - UNLOCK REQUEST: 0x3b879400 1
[1773167266.637137514] UNLOCK pid=86479 fd=12: EXCLUSIVE -> SHARED
DBimpl - UNLOCK REQUEST: 0x3b879400 0
[1773167266.637141010] UNLOCK pid=86479 fd=12: SHARED -> NO_LOCK
DBimpl - LOCK REQUEST: 0x3b879400 1
[1773167266.638639895] LOCK pid=86479 fd=12: NO_LOCK -> SHARED (fallback)
[1773167266.638641758] LOCK pid=86479 fd=12: SHARED -> SHARED
DBimpl - LOCK REQUEST: 0x3b879400 2
[1773167266.638655872] LOCK pid=86479 fd=12: SHARED -> RESERVED
DBimpl - LOCK REQUEST: 0x3b879400 4
[1773167266.648021216] LOCK pid=86479 fd=12: RESERVED -> PENDING
[1773167266.648026121] LOCK pid=86479 fd=12: PENDING -> EXCLUSIVE
DBimpl - UNLOCK REQUEST: 0x3b879400 1
[1773167266.648034747] UNLOCK pid=86479 fd=12: EXCLUSIVE -> SHARED
DBimpl - UNLOCK REQUEST: 0x3b879400 0
[1773167266.648042340] UNLOCK pid=86479 fd=12: SHARED -> NO_LOCK
DBimpl - LOCK REQUEST: 0x3b879400 1
[1773167266.651020549] LOCK pid=86479 fd=12: NO_LOCK -> SHARED (fallback)
[1773167266.651027758] LOCK pid=86479 fd=12: SHARED -> SHARED
DBimpl - LOCK REQUEST: 0x3b879400 2
[1773167266.651057988] LOCK pid=86479 fd=12: SHARED -> RESERVED
DBimpl - LOCK REQUEST: 0x3b879400 1
[1773167266.654622230] LOCK pid=86480 fd=14: NO_LOCK -> SHARED (fallback)
[1773167266.654625073] LOCK pid=86480 fd=14: SHARED -> SHARED
DBimpl - LOCK REQUEST: 0x3b879400 2
DBimpl - UNLOCK REQUEST: 0x3b879400 0
[1773167266.654645690] UNLOCK pid=86480 fd=14: SHARED -> NO_LOCK
DBimpl - LOCK REQUEST: 0x3b879400 1
[1773167266.656866423] LOCK pid=86478 fd=10: NO_LOCK -> SHARED (fallback)
[1773167266.656874742] LOCK pid=86478 fd=10: SHARED -> SHARED
DBimpl - LOCK REQUEST: 0x3b879400 2
DBimpl - UNLOCK REQUEST: 0x3b879400 0
[1773167266.656926367] UNLOCK pid=86478 fd=10: SHARED -> NO_LOCK
DBimpl - LOCK REQUEST: 0x3b879400 4
[1773167266.660937549] LOCK pid=86479 fd=12: RESERVED -> PENDING
[1773167266.660939927] LOCK pid=86479 fd=12: PENDING -> EXCLUSIVE
DBimpl - UNLOCK REQUEST: 0x3b879400 1
[1773167266.660944742] UNLOCK pid=86479 fd=12: EXCLUSIVE -> SHARED
DBimpl - UNLOCK REQUEST: 0x3b879400 0
[1773167266.660949395] UNLOCK pid=86479 fd=12: SHARED -> NO_LOCK
DBimpl - LOCK REQUEST: 0x3b879400 1
[1773167266.661682496] LOCK pid=86479 fd=12: NO_LOCK -> SHARED (fallback)
[1773167266.661684200] LOCK pid=86479 fd=12: SHARED -> SHARED
DBimpl - LOCK REQUEST: 0x3b879400 2
[1773167266.661695409] LOCK pid=86479 fd=12: SHARED -> RESERVED
DBimpl - LOCK REQUEST: 0x3b879400 4
[1773167266.663807222] LOCK pid=86479 fd=12: RESERVED -> PENDING
[1773167266.663808925] LOCK pid=86479 fd=12: PENDING -> EXCLUSIVE
DBimpl - UNLOCK REQUEST: 0x3b879400 1
[1773167266.663812323] UNLOCK pid=86479 fd=12: EXCLUSIVE -> SHARED
DBimpl - UNLOCK REQUEST: 0x3b879400 0
[1773167266.663815405] UNLOCK pid=86479 fd=12: SHARED -> NO_LOCK
DBimpl - LOCK REQUEST: 0x3b879400 1
[1773167266.674506671] LOCK pid=86479 fd=12: NO_LOCK -> SHARED (fallback)
[1773167266.674510674] LOCK pid=86479 fd=12: SHARED -> SHARED
DBimpl - LOCK REQUEST: 0x3b879400 2
[1773167266.674537159] LOCK pid=86479 fd=12: SHARED -> RESERVED
DBimpl - LOCK REQUEST: 0x3b879400 4
[1773167266.680001555] LOCK pid=86479 fd=12: RESERVED -> PENDING
[1773167266.680003545] LOCK pid=86479 fd=12: PENDING -> EXCLUSIVE
DBimpl - UNLOCK REQUEST: 0x3b879400 1
[1773167266.680009093] UNLOCK pid=86479 fd=12: EXCLUSIVE -> SHARED
DBimpl - UNLOCK REQUEST: 0x3b879400 0
[1773167266.680012962] UNLOCK pid=86479 fd=12: SHARED -> NO_LOCK
DBimpl - LOCK REQUEST: 0x3b879400 1
[1773167266.680533526] LOCK pid=86479 fd=12: NO_LOCK -> SHARED (fallback)
[1773167266.680534674] LOCK pid=86479 fd=12: SHARED -> SHARED
DBimpl - LOCK REQUEST: 0x3b879400 2
[1773167266.680543833] LOCK pid=86479 fd=12: SHARED -> RESERVED
DBimpl - LOCK REQUEST: 0x3b879400 4
[1773167266.685974687] LOCK pid=86479 fd=12: RESERVED -> PENDING
[1773167266.685976306] LOCK pid=86479 fd=12: PENDING -> EXCLUSIVE
DBimpl - UNLOCK REQUEST: 0x3b879400 1
[1773167266.685979609] UNLOCK pid=86479 fd=12: EXCLUSIVE -> SHARED
DBimpl - UNLOCK REQUEST: 0x3b879400 0
[1773167266.685982545] UNLOCK pid=86479 fd=12: SHARED -> NO_LOCK
DBimpl - LOCK REQUEST: 0x3b879400 1
[1773167266.686466002] LOCK pid=86479 fd=12: NO_LOCK -> SHARED (fallback)
[1773167266.686467163] LOCK pid=86479 fd=12: SHARED -> SHARED
DBimpl - LOCK REQUEST: 0x3b879400 2
[1773167266.686474465] LOCK pid=86479 fd=12: SHARED -> RESERVED
DBimpl - LOCK REQUEST: 0x3b879400 4
[1773167266.688544848] LOCK pid=86479 fd=12: RESERVED -> PENDING
[1773167266.688546390] LOCK pid=86479 fd=12: PENDING -> EXCLUSIVE
DBimpl - UNLOCK REQUEST: 0x3b879400 1
[1773167266.688549407] UNLOCK pid=86479 fd=12: EXCLUSIVE -> SHARED
DBimpl - UNLOCK REQUEST: 0x3b879400 0
[1773167266.688562551] UNLOCK pid=86479 fd=12: SHARED -> NO_LOCK
DBimpl - LOCK REQUEST: 0x3b879400 1
[1773167266.689346695] LOCK pid=86479 fd=12: NO_LOCK -> SHARED (fallback)
[1773167266.689347775] LOCK pid=86479 fd=12: SHARED -> SHARED
DBimpl - LOCK REQUEST: 0x3b879400 2
[1773167266.689354094] LOCK pid=86479 fd=12: SHARED -> RESERVED
DBimpl - LOCK REQUEST: 0x3b879400 4
[1773167266.695231064] LOCK pid=86479 fd=12: RESERVED -> PENDING
[1773167266.695233885] LOCK pid=86479 fd=12: PENDING -> EXCLUSIVE
DBimpl - UNLOCK REQUEST: 0x3b879400 1
[1773167266.695237766] UNLOCK pid=86479 fd=12: EXCLUSIVE -> SHARED
DBimpl - UNLOCK REQUEST: 0x3b879400 0
[1773167266.695241400] UNLOCK pid=86479 fd=12: SHARED -> NO_LOCK
DBimpl - LOCK REQUEST: 0x3b879400 1
[1773167266.702558148] LOCK pid=86479 fd=12: NO_LOCK -> SHARED (fallback)
[1773167266.702560395] LOCK pid=86479 fd=12: SHARED -> SHARED
DBimpl - LOCK REQUEST: 0x3b879400 2
[1773167266.702574105] LOCK pid=86479 fd=12: SHARED -> RESERVED
DBimpl - LOCK REQUEST: 0x3b879400 4
[1773167266.706506442] LOCK pid=86479 fd=12: RESERVED -> PENDING
[1773167266.706508319] LOCK pid=86479 fd=12: PENDING -> EXCLUSIVE
DBimpl - UNLOCK REQUEST: 0x3b879400 1
[1773167266.706512615] UNLOCK pid=86479 fd=12: EXCLUSIVE -> SHARED
DBimpl - UNLOCK REQUEST: 0x3b879400 0
[1773167266.706516097] UNLOCK pid=86479 fd=12: SHARED -> NO_LOCK
DBimpl - LOCK REQUEST: 0x3b879400 1
[1773167266.707122661] LOCK pid=86478 fd=10: NO_LOCK -> SHARED (fallback)
[1773167266.707142256] LOCK pid=86478 fd=10: SHARED -> SHARED
DBimpl - LOCK REQUEST: 0x3b879400 2
[1773167266.707259313] LOCK pid=86478 fd=10: SHARED -> RESERVED
DBimpl - LOCK REQUEST: 0x3b879400 1
[1773167266.707695843] LOCK pid=86479 fd=12: NO_LOCK -> SHARED (fallback)
[1773167266.707697973] LOCK pid=86479 fd=12: SHARED -> SHARED
DBimpl - LOCK REQUEST: 0x3b879400 2
DBimpl - UNLOCK REQUEST: 0x3b879400 0
[1773167266.707715153] UNLOCK pid=86479 fd=12: SHARED -> NO_LOCK
DBimpl - LOCK REQUEST: 0x3b879400 4
[1773167266.708620374] LOCK pid=86478 fd=10: RESERVED -> PENDING
[1773167266.708624292] LOCK pid=86478 fd=10: PENDING -> EXCLUSIVE
DBimpl - LOCK REQUEST: 0x3b879400 1
DBimpl - LOCK REQUEST: 0x3b879400 1
DBimpl - LOCK REQUEST: 0x3b879400 1
DBimpl - UNLOCK REQUEST: 0x3b879400 1
[1773167266.717753817] UNLOCK pid=86478 fd=10: EXCLUSIVE -> SHARED
DBimpl - UNLOCK REQUEST: 0x3b879400 0
[1773167266.717762009] UNLOCK pid=86478 fd=10: SHARED -> NO_LOCK
DBimpl - LOCK REQUEST: 0x3b879400 1
[1773167266.718043400] LOCK pid=86478 fd=10: NO_LOCK -> SHARED (fallback)
[1773167266.718045471] LOCK pid=86478 fd=10: SHARED -> SHARED
DBimpl - LOCK REQUEST: 0x3b879400 2
[1773167266.718059904] LOCK pid=86478 fd=10: SHARED -> RESERVED
DBimpl - LOCK REQUEST: 0x3b879400 4
[1773167266.718920111] LOCK pid=86478 fd=10: RESERVED -> PENDING
[1773167266.718923097] LOCK pid=86478 fd=10: PENDING -> EXCLUSIVE
DBimpl - UNLOCK REQUEST: 0x3b879400 1
[1773167266.721281599] UNLOCK pid=86478 fd=10: EXCLUSIVE -> SHARED
DBimpl - UNLOCK REQUEST: 0x3b879400 0
[1773167266.721287942] UNLOCK pid=86478 fd=10: SHARED -> NO_LOCK
DBimpl - LOCK REQUEST: 0x3b879400 1
[1773167266.723735614] LOCK pid=86478 fd=10: NO_LOCK -> SHARED (fallback)
[1773167266.723737614] LOCK pid=86478 fd=10: SHARED -> SHARED
DBimpl - LOCK REQUEST: 0x3b879400 2
[1773167266.723749911] LOCK pid=86478 fd=10: SHARED -> RESERVED
DBimpl - LOCK REQUEST: 0x3b879400 4
[1773167266.724641695] LOCK pid=86478 fd=10: RESERVED -> PENDING
[1773167266.724645004] LOCK pid=86478 fd=10: PENDING -> EXCLUSIVE
DBimpl - LOCK REQUEST: 0x3b879400 1
DBimpl - UNLOCK REQUEST: 0x3b879400 1
[1773167266.726593219] UNLOCK pid=86478 fd=10: EXCLUSIVE -> SHARED
DBimpl - UNLOCK REQUEST: 0x3b879400 0
[1773167266.726600323] UNLOCK pid=86478 fd=10: SHARED -> NO_LOCK
DBimpl - LOCK REQUEST: 0x3b879400 1
[1773167266.736486006] LOCK pid=86478 fd=10: NO_LOCK -> SHARED (fallback)
[1773167266.736490265] LOCK pid=86478 fd=10: SHARED -> SHARED
DBimpl - LOCK REQUEST: 0x3b879400 2
[1773167266.736518390] LOCK pid=86478 fd=10: SHARED -> RESERVED
DBimpl - LOCK REQUEST: 0x3b879400 4
[1773167266.737532466] LOCK pid=86478 fd=10: RESERVED -> PENDING
[1773167266.737535790] LOCK pid=86478 fd=10: PENDING -> EXCLUSIVE
DBimpl - UNLOCK REQUEST: 0x3b879400 1
[1773167266.739741506] UNLOCK pid=86478 fd=10: EXCLUSIVE -> SHARED
DBimpl - UNLOCK REQUEST: 0x3b879400 0
[1773167266.739750154] UNLOCK pid=86478 fd=10: SHARED -> NO_LOCK
DBimpl - LOCK REQUEST: 0x3b879400 1
[1773167266.740131908] LOCK pid=86478 fd=10: NO_LOCK -> SHARED (fallback)
[1773167266.740134200] LOCK pid=86478 fd=10: SHARED -> SHARED
DBimpl - LOCK REQUEST: 0x3b879400 2
[1773167266.740149462] LOCK pid=86478 fd=10: SHARED -> RESERVED
DBimpl - LOCK REQUEST: 0x3b879400 1
[1773167266.741136492] LOCK pid=86479 fd=12: NO_LOCK -> SHARED (fallback)
[1773167266.741138798] LOCK pid=86479 fd=12: SHARED -> SHARED
DBimpl - LOCK REQUEST: 0x3b879400 2
DBimpl - UNLOCK REQUEST: 0x3b879400 0
[1773167266.741162497] UNLOCK pid=86479 fd=12: SHARED -> NO_LOCK
DBimpl - LOCK REQUEST: 0x3b879400 4
[1773167266.741193168] LOCK pid=86478 fd=10: RESERVED -> PENDING
[1773167266.741196323] LOCK pid=86478 fd=10: PENDING -> EXCLUSIVE
DBimpl - UNLOCK REQUEST: 0x3b879400 1
[1773167266.742962266] UNLOCK pid=86478 fd=10: EXCLUSIVE -> SHARED
DBimpl - UNLOCK REQUEST: 0x3b879400 0
[1773167266.742970502] UNLOCK pid=86478 fd=10: SHARED -> NO_LOCK
DBimpl - LOCK REQUEST: 0x3b879400 1
[1773167266.747836745] LOCK pid=86478 fd=10: NO_LOCK -> SHARED (fallback)
[1773167266.747839652] LOCK pid=86478 fd=10: SHARED -> SHARED
DBimpl - LOCK REQUEST: 0x3b879400 2
[1773167266.747864102] LOCK pid=86478 fd=10: SHARED -> RESERVED
DBimpl - LOCK REQUEST: 0x3b879400 4
[1773167266.749555853] LOCK pid=86478 fd=10: RESERVED -> PENDING
[1773167266.749559014] LOCK pid=86478 fd=10: PENDING -> EXCLUSIVE
DBimpl - UNLOCK REQUEST: 0x3b879400 1
[1773167266.751530082] UNLOCK pid=86478 fd=10: EXCLUSIVE -> SHARED
DBimpl - UNLOCK REQUEST: 0x3b879400 0
[1773167266.751536839] UNLOCK pid=86478 fd=10: SHARED -> NO_LOCK
DBimpl - LOCK REQUEST: 0x3b879400 1
[1773167266.752084698] LOCK pid=86478 fd=10: NO_LOCK -> SHARED (fallback)
[1773167266.752086881] LOCK pid=86478 fd=10: SHARED -> SHARED
DBimpl - LOCK REQUEST: 0x3b879400 2
[1773167266.752112895] LOCK pid=86478 fd=10: SHARED -> RESERVED
DBimpl - LOCK REQUEST: 0x3b879400 4
[1773167266.752291367] LOCK pid=86478 fd=10: RESERVED -> PENDING
[1773167266.752294112] LOCK pid=86478 fd=10: PENDING -> EXCLUSIVE
DBimpl - UNLOCK REQUEST: 0x3b879400 1
[1773167266.754002784] UNLOCK pid=86478 fd=10: EXCLUSIVE -> SHARED
DBimpl - UNLOCK REQUEST: 0x3b879400 0
[1773167266.754008732] UNLOCK pid=86478 fd=10: SHARED -> NO_LOCK
DBimpl - LOCK REQUEST: 0x3b879400 1
[1773167266.754747742] LOCK pid=86480 fd=14: NO_LOCK -> SHARED (fallback)
[1773167266.754749782] LOCK pid=86480 fd=14: SHARED -> SHARED
DBimpl - LOCK REQUEST: 0x3b879400 2
[1773167266.754762950] LOCK pid=86480 fd=14: SHARED -> RESERVED
DBimpl - LOCK REQUEST: 0x3b879400 1
[1773167266.754810939] LOCK pid=86478 fd=10: NO_LOCK -> SHARED (fallback)
[1773167266.754813198] LOCK pid=86478 fd=10: SHARED -> SHARED
DBimpl - LOCK REQUEST: 0x3b879400 2
DBimpl - UNLOCK REQUEST: 0x3b879400 0
[1773167266.754833225] UNLOCK pid=86478 fd=10: SHARED -> NO_LOCK
DBimpl - LOCK REQUEST: 0x3b879400 4
[1773167266.754946907] LOCK pid=86480 fd=14: RESERVED -> PENDING
[1773167266.754948860] LOCK pid=86480 fd=14: PENDING -> EXCLUSIVE
DBimpl - LOCK REQUEST: 0x3b879400 1
DBimpl - UNLOCK REQUEST: 0x3b879400 1
[1773167266.756666561] UNLOCK pid=86480 fd=14: EXCLUSIVE -> SHARED
DBimpl - UNLOCK REQUEST: 0x3b879400 0
[1773167266.756671130] UNLOCK pid=86480 fd=14: SHARED -> NO_LOCK
DBimpl - LOCK REQUEST: 0x3b879400 1
[1773167266.757969359] LOCK pid=86478 fd=10: NO_LOCK -> SHARED (fallback)
[1773167266.757971860] LOCK pid=86478 fd=10: SHARED -> SHARED
DBimpl - LOCK REQUEST: 0x3b879400 2
[1773167266.757988979] LOCK pid=86478 fd=10: SHARED -> RESERVED
DBimpl - LOCK REQUEST: 0x3b879400 1
[1773167266.759101253] LOCK pid=86480 fd=14: NO_LOCK -> SHARED (fallback)
[1773167266.759102956] LOCK pid=86480 fd=14: SHARED -> SHARED
DBimpl - LOCK REQUEST: 0x3b879400 2
DBimpl - UNLOCK REQUEST: 0x3b879400 0
[1773167266.759119852] UNLOCK pid=86480 fd=14: SHARED -> NO_LOCK
DBimpl - LOCK REQUEST: 0x3b879400 4
[1773167266.759712805] LOCK pid=86478 fd=10: RESERVED -> PENDING
[1773167266.759715972] LOCK pid=86478 fd=10: PENDING -> EXCLUSIVE
DBimpl - LOCK REQUEST: 0x3b879400 1
DBimpl - LOCK REQUEST: 0x3b879400 1
DBimpl - LOCK REQUEST: 0x3b879400 1
DBimpl - UNLOCK REQUEST: 0x3b879400 1
[1773167266.763404274] UNLOCK pid=86478 fd=10: EXCLUSIVE -> SHARED
DBimpl - UNLOCK REQUEST: 0x3b879400 0
[1773167266.763410977] UNLOCK pid=86478 fd=10: SHARED -> NO_LOCK
DBimpl - LOCK REQUEST: 0x3b879400 1
[1773167266.764094214] LOCK pid=86478 fd=10: NO_LOCK -> SHARED (fallback)
[1773167266.764096541] LOCK pid=86478 fd=10: SHARED -> SHARED
DBimpl - LOCK REQUEST: 0x3b879400 2
[1773167266.764110281] LOCK pid=86478 fd=10: SHARED -> RESERVED
DBimpl - LOCK REQUEST: 0x3b879400 4
[1773167266.765819553] LOCK pid=86478 fd=10: RESERVED -> PENDING
[1773167266.765822293] LOCK pid=86478 fd=10: PENDING -> EXCLUSIVE
DBimpl - LOCK REQUEST: 0x3b879400 1
DBimpl - UNLOCK REQUEST: 0x3b879400 1
[1773167266.768920459] UNLOCK pid=86478 fd=10: EXCLUSIVE -> SHARED
DBimpl - UNLOCK REQUEST: 0x3b879400 0
[1773167266.768928004] UNLOCK pid=86478 fd=10: SHARED -> NO_LOCK
DBimpl - LOCK REQUEST: 0x3b879400 1
[1773167266.775001371] LOCK pid=86478 fd=10: NO_LOCK -> SHARED (fallback)
[1773167266.775003895] LOCK pid=86478 fd=10: SHARED -> SHARED
DBimpl - LOCK REQUEST: 0x3b879400 2
[1773167266.775018499] LOCK pid=86478 fd=10: SHARED -> RESERVED
DBimpl - LOCK REQUEST: 0x3b879400 4
[1773167266.775183765] LOCK pid=86478 fd=10: RESERVED -> PENDING
[1773167266.775186459] LOCK pid=86478 fd=10: PENDING -> EXCLUSIVE
DBimpl - UNLOCK REQUEST: 0x3b879400 1
[1773167266.776906318] UNLOCK pid=86478 fd=10: EXCLUSIVE -> SHARED
DBimpl - UNLOCK REQUEST: 0x3b879400 0
[1773167266.776912435] UNLOCK pid=86478 fd=10: SHARED -> NO_LOCK
DBimpl - LOCK REQUEST: 0x3b879400 1
[1773167266.777416023] LOCK pid=86480 fd=14: NO_LOCK -> SHARED (fallback)
[1773167266.777417929] LOCK pid=86480 fd=14: SHARED -> SHARED
DBimpl - LOCK REQUEST: 0x3b879400 2
[1773167266.777431060] LOCK pid=86480 fd=14: SHARED -> RESERVED
DBimpl - LOCK REQUEST: 0x3b879400 4
[1773167266.777570513] LOCK pid=86480 fd=14: RESERVED -> PENDING
[1773167266.777572296] LOCK pid=86480 fd=14: PENDING -> EXCLUSIVE
DBimpl - LOCK REQUEST: 0x3b879400 1
DBimpl - UNLOCK REQUEST: 0x3b879400 1
[1773167266.779230876] UNLOCK pid=86480 fd=14: EXCLUSIVE -> SHARED
DBimpl - UNLOCK REQUEST: 0x3b879400 0
[1773167266.779235362] UNLOCK pid=86480 fd=14: SHARED -> NO_LOCK
DBimpl - LOCK REQUEST: 0x3b879400 1
[1773167266.779694798] LOCK pid=86478 fd=10: NO_LOCK -> SHARED (fallback)
[1773167266.779697430] LOCK pid=86478 fd=10: SHARED -> SHARED
DBimpl - LOCK REQUEST: 0x3b879400 2
[1773167266.779715526] LOCK pid=86478 fd=10: SHARED -> RESERVED
DBimpl - LOCK REQUEST: 0x3b879400 4
[1773167266.781304175] LOCK pid=86478 fd=10: RESERVED -> PENDING
[1773167266.781307100] LOCK pid=86478 fd=10: PENDING -> EXCLUSIVE
DBimpl - LOCK REQUEST: 0x3b879400 1
DBimpl - UNLOCK REQUEST: 0x3b879400 1
[1773167266.783016650] UNLOCK pid=86478 fd=10: EXCLUSIVE -> SHARED
DBimpl - UNLOCK REQUEST: 0x3b879400 0
[1773167266.783023565] UNLOCK pid=86478 fd=10: SHARED -> NO_LOCK
DBimpl - LOCK REQUEST: 0x3b879400 1
[1773167266.783220520] LOCK pid=86480 fd=14: NO_LOCK -> SHARED (fallback)
[1773167266.783221891] LOCK pid=86480 fd=14: SHARED -> SHARED
DBimpl - LOCK REQUEST: 0x3b879400 2
[1773167266.783235821] LOCK pid=86480 fd=14: SHARED -> RESERVED
DBimpl - LOCK REQUEST: 0x3b879400 4
[1773167266.783342525] LOCK pid=86480 fd=14: RESERVED -> PENDING
[1773167266.783344225] LOCK pid=86480 fd=14: PENDING -> EXCLUSIVE
DBimpl - LOCK REQUEST: 0x3b879400 1
DBimpl - LOCK REQUEST: 0x3b879400 1
DBimpl - UNLOCK REQUEST: 0x3b879400 1
[1773167266.785447204] UNLOCK pid=86480 fd=14: EXCLUSIVE -> SHARED
DBimpl - UNLOCK REQUEST: 0x3b879400 0
[1773167266.785451443] UNLOCK pid=86480 fd=14: SHARED -> NO_LOCK
DBimpl - LOCK REQUEST: 0x3b879400 1
[1773167266.786355422] LOCK pid=86479 fd=12: NO_LOCK -> SHARED (fallback)
[1773167266.786359981] LOCK pid=86479 fd=12: SHARED -> SHARED
DBimpl - LOCK REQUEST: 0x3b879400 2
[1773167266.786372212] LOCK pid=86479 fd=12: SHARED -> RESERVED
DBimpl - LOCK REQUEST: 0x3b879400 1
[1773167266.786742384] LOCK pid=86478 fd=10: NO_LOCK -> SHARED (fallback)
[1773167266.786744873] LOCK pid=86478 fd=10: SHARED -> SHARED
DBimpl - LOCK REQUEST: 0x3b879400 2
DBimpl - UNLOCK REQUEST: 0x3b879400 0
[1773167266.786762420] UNLOCK pid=86478 fd=10: SHARED -> NO_LOCK
DBimpl - LOCK REQUEST: 0x3b879400 1
[1773167266.788750110] LOCK pid=86480 fd=14: NO_LOCK -> SHARED (fallback)
[1773167266.788752216] LOCK pid=86480 fd=14: SHARED -> SHARED
DBimpl - LOCK REQUEST: 0x3b879400 2
DBimpl - UNLOCK REQUEST: 0x3b879400 0
[1773167266.788765260] UNLOCK pid=86480 fd=14: SHARED -> NO_LOCK
DBimpl - LOCK REQUEST: 0x3b879400 1
[1773167266.789826821] LOCK pid=86480 fd=14: NO_LOCK -> SHARED (fallback)
[1773167266.789828324] LOCK pid=86480 fd=14: SHARED -> SHARED
DBimpl - LOCK REQUEST: 0x3b879400 2
DBimpl - UNLOCK REQUEST: 0x3b879400 0
[1773167266.789839172] UNLOCK pid=86480 fd=14: SHARED -> NO_LOCK
DBimpl - LOCK REQUEST: 0x3b879400 1
[1773167266.791831716] LOCK pid=86478 fd=10: NO_LOCK -> SHARED (fallback)
[1773167266.791834158] LOCK pid=86478 fd=10: SHARED -> SHARED
DBimpl - LOCK REQUEST: 0x3b879400 2
DBimpl - UNLOCK REQUEST: 0x3b879400 0
[1773167266.791851286] UNLOCK pid=86478 fd=10: SHARED -> NO_LOCK
DBimpl - LOCK REQUEST: 0x3b879400 1
[1773167266.791899989] LOCK pid=86480 fd=14: NO_LOCK -> SHARED (fallback)
[1773167266.791901309] LOCK pid=86480 fd=14: SHARED -> SHARED
DBimpl - LOCK REQUEST: 0x3b879400 2
DBimpl - UNLOCK REQUEST: 0x3b879400 0
[1773167266.791915422] UNLOCK pid=86480 fd=14: SHARED -> NO_LOCK
DBimpl - LOCK REQUEST: 0x3b879400 1
[1773167266.796996151] LOCK pid=86480 fd=14: NO_LOCK -> SHARED (fallback)
[1773167266.796999024] LOCK pid=86480 fd=14: SHARED -> SHARED
DBimpl - LOCK REQUEST: 0x3b879400 2
DBimpl - UNLOCK REQUEST: 0x3b879400 0
[1773167266.797023425] UNLOCK pid=86480 fd=14: SHARED -> NO_LOCK
DBimpl - LOCK REQUEST: 0x3b879400 1
[1773167266.801940079] LOCK pid=86478 fd=10: NO_LOCK -> SHARED (fallback)
[1773167266.801944586] LOCK pid=86478 fd=10: SHARED -> SHARED
DBimpl - LOCK REQUEST: 0x3b879400 2
DBimpl - UNLOCK REQUEST: 0x3b879400 0
[1773167266.801975745] UNLOCK pid=86478 fd=10: SHARED -> NO_LOCK
DBimpl - LOCK REQUEST: 0x3b879400 4
[1773167266.805132287] LOCK pid=86479 fd=12: RESERVED -> PENDING
[1773167266.805135486] LOCK pid=86479 fd=12: PENDING -> EXCLUSIVE
DBimpl - LOCK REQUEST: 0x3b879400 1
DBimpl - UNLOCK REQUEST: 0x3b879400 1
[1773167266.808202815] UNLOCK pid=86479 fd=12: EXCLUSIVE -> SHARED
DBimpl - UNLOCK REQUEST: 0x3b879400 0
[1773167266.808210869] UNLOCK pid=86479 fd=12: SHARED -> NO_LOCK
DBimpl - LOCK REQUEST: 0x3b879400 1
[1773167266.808836651] LOCK pid=86479 fd=12: NO_LOCK -> SHARED (fallback)
[1773167266.808838813] LOCK pid=86479 fd=12: SHARED -> SHARED
DBimpl - LOCK REQUEST: 0x3b879400 2
[1773167266.808855971] LOCK pid=86479 fd=12: SHARED -> RESERVED
DBimpl - LOCK REQUEST: 0x3b879400 1
[1773167266.817150279] LOCK pid=86478 fd=10: NO_LOCK -> SHARED (fallback)
[1773167266.817153510] LOCK pid=86478 fd=10: SHARED -> SHARED
DBimpl - LOCK REQUEST: 0x3b879400 2
DBimpl - UNLOCK REQUEST: 0x3b879400 0
[1773167266.817180841] UNLOCK pid=86478 fd=10: SHARED -> NO_LOCK
DBimpl - LOCK REQUEST: 0x3b879400 1
[1773167266.822242920] LOCK pid=86480 fd=14: NO_LOCK -> SHARED (fallback)
[1773167266.822245551] LOCK pid=86480 fd=14: SHARED -> SHARED
DBimpl - LOCK REQUEST: 0x3b879400 2
DBimpl - UNLOCK REQUEST: 0x3b879400 0
[1773167266.822280353] UNLOCK pid=86480 fd=14: SHARED -> NO_LOCK
DBimpl - LOCK REQUEST: 0x3b879400 4
[1773167266.829797527] LOCK pid=86479 fd=12: RESERVED -> PENDING
[1773167266.829800536] LOCK pid=86479 fd=12: PENDING -> EXCLUSIVE
DBimpl - UNLOCK REQUEST: 0x3b879400 1
[1773167266.829806728] UNLOCK pid=86479 fd=12: EXCLUSIVE -> SHARED
DBimpl - UNLOCK REQUEST: 0x3b879400 0
[1773167266.829811311] UNLOCK pid=86479 fd=12: SHARED -> NO_LOCK
DBimpl - LOCK REQUEST: 0x3b879400 1
[1773167266.830852356] LOCK pid=86479 fd=12: NO_LOCK -> SHARED (fallback)
[1773167266.830860769] LOCK pid=86479 fd=12: SHARED -> SHARED
DBimpl - LOCK REQUEST: 0x3b879400 2
[1773167266.830872479] LOCK pid=86479 fd=12: SHARED -> RESERVED
DBimpl - LOCK REQUEST: 0x3b879400 4
[1773167266.831730741] LOCK pid=86479 fd=12: RESERVED -> PENDING
[1773167266.831732708] LOCK pid=86479 fd=12: PENDING -> EXCLUSIVE
DBimpl - UNLOCK REQUEST: 0x3b879400 1
[1773167266.831736440] UNLOCK pid=86479 fd=12: EXCLUSIVE -> SHARED
DBimpl - UNLOCK REQUEST: 0x3b879400 0
[1773167266.831739746] UNLOCK pid=86479 fd=12: SHARED -> NO_LOCK
DBimpl - LOCK REQUEST: 0x3b879400 1
[1773167266.832172148] LOCK pid=86479 fd=12: NO_LOCK -> SHARED (fallback)
[1773167266.832173283] LOCK pid=86479 fd=12: SHARED -> SHARED
DBimpl - LOCK REQUEST: 0x3b879400 2
[1773167266.832181055] LOCK pid=86479 fd=12: SHARED -> RESERVED
DBimpl - LOCK REQUEST: 0x3b879400 4
[1773167266.833208879] LOCK pid=86479 fd=12: RESERVED -> PENDING
[1773167266.833210563] LOCK pid=86479 fd=12: PENDING -> EXCLUSIVE
DBimpl - UNLOCK REQUEST: 0x3b879400 1
[1773167266.833213820] UNLOCK pid=86479 fd=12: EXCLUSIVE -> SHARED
DBimpl - UNLOCK REQUEST: 0x3b879400 0
[1773167266.833216724] UNLOCK pid=86479 fd=12: SHARED -> NO_LOCK
DBimpl - LOCK REQUEST: 0x3b879400 1
[1773167266.833492584] LOCK pid=86479 fd=12: NO_LOCK -> SHARED (fallback)
[1773167266.833493695] LOCK pid=86479 fd=12: SHARED -> SHARED
DBimpl - LOCK REQUEST: 0x3b879400 2
[1773167266.833500476] LOCK pid=86479 fd=12: SHARED -> RESERVED
DBimpl - LOCK REQUEST: 0x3b879400 1
[1773167266.837451884] LOCK pid=86478 fd=10: NO_LOCK -> SHARED (fallback)
[1773167266.837474956] LOCK pid=86478 fd=10: SHARED -> SHARED
DBimpl - LOCK REQUEST: 0x3b879400 2
DBimpl - UNLOCK REQUEST: 0x3b879400 0
[1773167266.837608969] UNLOCK pid=86478 fd=10: SHARED -> NO_LOCK
DBimpl - LOCK REQUEST: 0x3b879400 4
[1773167266.841154452] LOCK pid=86479 fd=12: RESERVED -> PENDING
[1773167266.841156538] LOCK pid=86479 fd=12: PENDING -> EXCLUSIVE
DBimpl - UNLOCK REQUEST: 0x3b879400 1
[1773167266.841160287] UNLOCK pid=86479 fd=12: EXCLUSIVE -> SHARED
DBimpl - UNLOCK REQUEST: 0x3b879400 0
[1773167266.841164032] UNLOCK pid=86479 fd=12: SHARED -> NO_LOCK
DBimpl - LOCK REQUEST: 0x3b879400 1
[1773167266.841513243] LOCK pid=86479 fd=12: NO_LOCK -> SHARED (fallback)
[1773167266.841514509] LOCK pid=86479 fd=12: SHARED -> SHARED
DBimpl - LOCK REQUEST: 0x3b879400 2
[1773167266.841554003] LOCK pid=86479 fd=12: SHARED -> RESERVED
DBimpl - LOCK REQUEST: 0x3b879400 1
[1773167266.842391092] LOCK pid=86480 fd=14: NO_LOCK -> SHARED (fallback)
[1773167266.842394365] LOCK pid=86480 fd=14: SHARED -> SHARED
DBimpl - LOCK REQUEST: 0x3b879400 2
DBimpl - UNLOCK REQUEST: 0x3b879400 0
[1773167266.842416948] UNLOCK pid=86480 fd=14: SHARED -> NO_LOCK
DBimpl - LOCK REQUEST: 0x3b879400 4
[1773167266.861377104] LOCK pid=86479 fd=12: RESERVED -> PENDING
[1773167266.861381396] LOCK pid=86479 fd=12: PENDING -> EXCLUSIVE
DBimpl - UNLOCK REQUEST: 0x3b879400 1
[1773167266.861388448] UNLOCK pid=86479 fd=12: EXCLUSIVE -> SHARED
DBimpl - UNLOCK REQUEST: 0x3b879400 0
[1773167266.861395235] UNLOCK pid=86479 fd=12: SHARED -> NO_LOCK
DBimpl - LOCK REQUEST: 0x3b879400 1
[1773167266.862716476] LOCK pid=86478 fd=10: NO_LOCK -> SHARED (fallback)
[1773167266.862719466] LOCK pid=86478 fd=10: SHARED -> SHARED
DBimpl - LOCK REQUEST: 0x3b879400 2
[1773167266.862745460] LOCK pid=86478 fd=10: SHARED -> RESERVED
DBimpl - LOCK REQUEST: 0x3b879400 4
[1773167266.862997685] LOCK pid=86478 fd=10: RESERVED -> PENDING
[1773167266.863000454] LOCK pid=86478 fd=10: PENDING -> EXCLUSIVE
DBimpl - UNLOCK REQUEST: 0x3b879400 1
[1773167266.865282791] UNLOCK pid=86478 fd=10: EXCLUSIVE -> SHARED
DBimpl - UNLOCK REQUEST: 0x3b879400 0
[1773167266.865290650] UNLOCK pid=86478 fd=10: SHARED -> NO_LOCK
DBimpl - LOCK REQUEST: 0x3b879400 1
[1773167266.866473251] LOCK pid=86478 fd=10: NO_LOCK -> SHARED (fallback)
[1773167266.866475749] LOCK pid=86478 fd=10: SHARED -> SHARED
DBimpl - LOCK REQUEST: 0x3b879400 2
[1773167266.866493358] LOCK pid=86478 fd=10: SHARED -> RESERVED
DBimpl - LOCK REQUEST: 0x3b879400 1
[1773167266.866524576] LOCK pid=86479 fd=12: NO_LOCK -> SHARED (fallback)
[1773167266.866529528] LOCK pid=86479 fd=12: SHARED -> SHARED
DBimpl - LOCK REQUEST: 0x3b879400 2
DBimpl - UNLOCK REQUEST: 0x3b879400 0
[1773167266.866548732] UNLOCK pid=86479 fd=12: SHARED -> NO_LOCK
DBimpl - LOCK REQUEST: 0x3b879400 1
[1773167266.867525967] LOCK pid=86480 fd=14: NO_LOCK -> SHARED (fallback)
[1773167266.867528376] LOCK pid=86480 fd=14: SHARED -> SHARED
DBimpl - LOCK REQUEST: 0x3b879400 2
DBimpl - UNLOCK REQUEST: 0x3b879400 0
[1773167266.867550223] UNLOCK pid=86480 fd=14: SHARED -> NO_LOCK
DBimpl - LOCK REQUEST: 0x3b879400 1
DBimpl - LOCK REQUEST: 0x3b879400 4
[1773167266.867634613] LOCK pid=86479 fd=12: NO_LOCK -> SHARED (fallback)
[1773167266.867635230] LOCK pid=86478 fd=10: RESERVED -> PENDING
[1773167266.867636456] LOCK pid=86479 fd=12: SHARED -> SHARED
DBimpl - LOCK REQUEST: 0x3b879400 2
DBimpl - UNLOCK REQUEST: 0x3b879400 0
[1773167266.867651038] UNLOCK pid=86479 fd=12: SHARED -> NO_LOCK
DBimpl - LOCK REQUEST: 0x3b879400 4
[1773167266.868716819] LOCK pid=86478 fd=10: PENDING -> EXCLUSIVE
DBimpl - LOCK REQUEST: 0x3b879400 1
DBimpl - UNLOCK REQUEST: 0x3b879400 1
[1773167266.870573159] UNLOCK pid=86478 fd=10: EXCLUSIVE -> SHARED
DBimpl - UNLOCK REQUEST: 0x3b879400 0
[1773167266.870581395] UNLOCK pid=86478 fd=10: SHARED -> NO_LOCK
DBimpl - LOCK REQUEST: 0x3b879400 1
[1773167266.871107079] LOCK pid=86478 fd=10: NO_LOCK -> SHARED (fallback)
[1773167266.871109131] LOCK pid=86478 fd=10: SHARED -> SHARED
DBimpl - LOCK REQUEST: 0x3b879400 2
[1773167266.871121868] LOCK pid=86478 fd=10: SHARED -> RESERVED
DBimpl - LOCK REQUEST: 0x3b879400 4
[1773167266.872119416] LOCK pid=86478 fd=10: RESERVED -> PENDING
[1773167266.872122436] LOCK pid=86478 fd=10: PENDING -> EXCLUSIVE
DBimpl - UNLOCK REQUEST: 0x3b879400 1
[1773167266.873831801] UNLOCK pid=86478 fd=10: EXCLUSIVE -> SHARED
DBimpl - UNLOCK REQUEST: 0x3b879400 0
[1773167266.873838172] UNLOCK pid=86478 fd=10: SHARED -> NO_LOCK
DBimpl - LOCK REQUEST: 0x3b879400 1
[1773167266.874063700] LOCK pid=86478 fd=10: NO_LOCK -> SHARED (fallback)
[1773167266.874065515] LOCK pid=86478 fd=10: SHARED -> SHARED
DBimpl - LOCK REQUEST: 0x3b879400 2
[1773167266.874076028] LOCK pid=86478 fd=10: SHARED -> RESERVED
DBimpl - LOCK REQUEST: 0x3b879400 1
[1773167266.874769847] LOCK pid=86479 fd=12: NO_LOCK -> SHARED (fallback)
[1773167266.874772725] LOCK pid=86479 fd=12: SHARED -> SHARED
DBimpl - LOCK REQUEST: 0x3b879400 2
DBimpl - UNLOCK REQUEST: 0x3b879400 0
[1773167266.874797566] UNLOCK pid=86479 fd=12: SHARED -> NO_LOCK
DBimpl - LOCK REQUEST: 0x3b879400 4
[1773167266.874985525] LOCK pid=86478 fd=10: RESERVED -> PENDING
[1773167266.874987669] LOCK pid=86478 fd=10: PENDING -> EXCLUSIVE
DBimpl - UNLOCK REQUEST: 0x3b879400 1
[1773167266.876832286] UNLOCK pid=86478 fd=10: EXCLUSIVE -> SHARED
DBimpl - UNLOCK REQUEST: 0x3b879400 0
[1773167266.876837217] UNLOCK pid=86478 fd=10: SHARED -> NO_LOCK
DBimpl - LOCK REQUEST: 0x3b879400 1
[1773167266.877091303] LOCK pid=86478 fd=10: NO_LOCK -> SHARED (fallback)
[1773167266.877092992] LOCK pid=86478 fd=10: SHARED -> SHARED
DBimpl - LOCK REQUEST: 0x3b879400 2
[1773167266.877103476] LOCK pid=86478 fd=10: SHARED -> RESERVED
DBimpl - LOCK REQUEST: 0x3b879400 4
[1773167266.877967361] LOCK pid=86478 fd=10: RESERVED -> PENDING
[1773167266.877969349] LOCK pid=86478 fd=10: PENDING -> EXCLUSIVE
DBimpl - UNLOCK REQUEST: 0x3b879400 1
[1773167266.879620981] UNLOCK pid=86478 fd=10: EXCLUSIVE -> SHARED
DBimpl - UNLOCK REQUEST: 0x3b879400 0
[1773167266.879626457] UNLOCK pid=86478 fd=10: SHARED -> NO_LOCK
DBimpl - LOCK REQUEST: 0x3b879400 1
[1773167266.881077813] LOCK pid=86478 fd=10: NO_LOCK -> SHARED (fallback)
[1773167266.881079393] LOCK pid=86478 fd=10: SHARED -> SHARED
DBimpl - LOCK REQUEST: 0x3b879400 2
[1773167266.881091316] LOCK pid=86478 fd=10: SHARED -> RESERVED
DBimpl - LOCK REQUEST: 0x3b879400 4
[1773167266.882134689] LOCK pid=86478 fd=10: RESERVED -> PENDING
[1773167266.882137049] LOCK pid=86478 fd=10: PENDING -> EXCLUSIVE
DBimpl - UNLOCK REQUEST: 0x3b879400 1
[1773167266.884541898] UNLOCK pid=86478 fd=10: EXCLUSIVE -> SHARED
DBimpl - UNLOCK REQUEST: 0x3b879400 0
[1773167266.884553104] UNLOCK pid=86478 fd=10: SHARED -> NO_LOCK
DBimpl - LOCK REQUEST: 0x3b879400 1
[1773167266.884882936] LOCK pid=86479 fd=12: NO_LOCK -> SHARED (fallback)
[1773167266.884886242] LOCK pid=86479 fd=12: SHARED -> SHARED
DBimpl - LOCK REQUEST: 0x3b879400 2
[1773167266.884912922] LOCK pid=86479 fd=12: SHARED -> RESERVED
DBimpl - LOCK REQUEST: 0x3b879400 1
[1773167266.888804692] LOCK pid=86478 fd=10: NO_LOCK -> SHARED (fallback)
[1773167266.888809369] LOCK pid=86478 fd=10: SHARED -> SHARED
DBimpl - LOCK REQUEST: 0x3b879400 2
DBimpl - UNLOCK REQUEST: 0x3b879400 0
[1773167266.888840017] UNLOCK pid=86478 fd=10: SHARED -> NO_LOCK
DBimpl - LOCK REQUEST: 0x3b879400 1
[1773167266.889922645] LOCK pid=86478 fd=10: NO_LOCK -> SHARED (fallback)
[1773167266.889925636] LOCK pid=86478 fd=10: SHARED -> SHARED
DBimpl - LOCK REQUEST: 0x3b879400 2
DBimpl - UNLOCK REQUEST: 0x3b879400 0
[1773167266.889945161] UNLOCK pid=86478 fd=10: SHARED -> NO_LOCK
DBimpl - LOCK REQUEST: 0x3b879400 1
[1773167266.892020414] LOCK pid=86478 fd=10: NO_LOCK -> SHARED (fallback)
[1773167266.892023225] LOCK pid=86478 fd=10: SHARED -> SHARED
DBimpl - LOCK REQUEST: 0x3b879400 2
DBimpl - UNLOCK REQUEST: 0x3b879400 0
[1773167266.892038294] UNLOCK pid=86478 fd=10: SHARED -> NO_LOCK
DBimpl - LOCK REQUEST: 0x3b879400 1
[1773167266.892632272] LOCK pid=86480 fd=14: NO_LOCK -> SHARED (fallback)
[1773167266.892635494] LOCK pid=86480 fd=14: SHARED -> SHARED
DBimpl - LOCK REQUEST: 0x3b879400 2
DBimpl - UNLOCK REQUEST: 0x3b879400 0
[1773167266.892657512] UNLOCK pid=86480 fd=14: SHARED -> NO_LOCK
DBimpl - LOCK REQUEST: 0x3b879400 1
[1773167266.897150064] LOCK pid=86478 fd=10: NO_LOCK -> SHARED (fallback)
[1773167266.897153333] LOCK pid=86478 fd=10: SHARED -> SHARED
DBimpl - LOCK REQUEST: 0x3b879400 2
DBimpl - UNLOCK REQUEST: 0x3b879400 0
[1773167266.897175747] UNLOCK pid=86478 fd=10: SHARED -> NO_LOCK
DBimpl - LOCK REQUEST: 0x3b879400 4
[1773167266.902847481] LOCK pid=86479 fd=12: RESERVED -> PENDING
[1773167266.902851388] LOCK pid=86479 fd=12: PENDING -> EXCLUSIVE
DBimpl - UNLOCK REQUEST: 0x3b879400 1
[1773167266.902857061] UNLOCK pid=86479 fd=12: EXCLUSIVE -> SHARED
DBimpl - UNLOCK REQUEST: 0x3b879400 0
[1773167266.902862686] UNLOCK pid=86479 fd=12: SHARED -> NO_LOCK
DBimpl - LOCK REQUEST: 0x3b879400 1
[1773167266.903259705] LOCK pid=86479 fd=12: NO_LOCK -> SHARED (fallback)
[1773167266.903261610] LOCK pid=86479 fd=12: SHARED -> SHARED
DBimpl - LOCK REQUEST: 0x3b879400 2
[1773167266.903279489] LOCK pid=86479 fd=12: SHARED -> RESERVED
DBimpl - LOCK REQUEST: 0x3b879400 1
[1773167266.907288274] LOCK pid=86478 fd=10: NO_LOCK -> SHARED (fallback)
[1773167266.907292599] LOCK pid=86478 fd=10: SHARED -> SHARED
DBimpl - LOCK REQUEST: 0x3b879400 2
DBimpl - UNLOCK REQUEST: 0x3b879400 0
[1773167266.907327718] UNLOCK pid=86478 fd=10: SHARED -> NO_LOCK
DBimpl - LOCK REQUEST: 0x3b879400 1
[1773167266.917766097] LOCK pid=86480 fd=14: NO_LOCK -> SHARED (fallback)
[1773167266.917771537] LOCK pid=86480 fd=14: SHARED -> SHARED
DBimpl - LOCK REQUEST: 0x3b879400 2
DBimpl - UNLOCK REQUEST: 0x3b879400 0
[1773167266.917807247] UNLOCK pid=86480 fd=14: SHARED -> NO_LOCK
DBimpl - LOCK REQUEST: 0x3b879400 4
[1773167266.920873408] LOCK pid=86479 fd=12: RESERVED -> PENDING
[1773167266.920877088] LOCK pid=86479 fd=12: PENDING -> EXCLUSIVE
DBimpl - UNLOCK REQUEST: 0x3b879400 1
[1773167266.920886781] UNLOCK pid=86479 fd=12: EXCLUSIVE -> SHARED
DBimpl - UNLOCK REQUEST: 0x3b879400 0
[1773167266.920891296] UNLOCK pid=86479 fd=12: SHARED -> NO_LOCK
DBimpl - LOCK REQUEST: 0x3b879400 1
[1773167266.922026762] LOCK pid=86479 fd=12: NO_LOCK -> SHARED (fallback)
[1773167266.922028351] LOCK pid=86479 fd=12: SHARED -> SHARED
DBimpl - LOCK REQUEST: 0x3b879400 2
[1773167266.922039599] LOCK pid=86479 fd=12: SHARED -> RESERVED
DBimpl - LOCK REQUEST: 0x3b879400 1
[1773167266.922425267] LOCK pid=86478 fd=10: NO_LOCK -> SHARED (fallback)
[1773167266.922427722] LOCK pid=86478 fd=10: SHARED -> SHARED
DBimpl - LOCK REQUEST: 0x3b879400 2
DBimpl - UNLOCK REQUEST: 0x3b879400 0
[1773167266.922451635] UNLOCK pid=86478 fd=10: SHARED -> NO_LOCK
DBimpl - LOCK REQUEST: 0x3b879400 4
[1773167266.935587604] LOCK pid=86479 fd=12: RESERVED -> PENDING
[1773167266.935590539] LOCK pid=86479 fd=12: PENDING -> EXCLUSIVE
DBimpl - UNLOCK REQUEST: 0x3b879400 1
[1773167266.935595936] UNLOCK pid=86479 fd=12: EXCLUSIVE -> SHARED
DBimpl - UNLOCK REQUEST: 0x3b879400 0
[1773167266.935600497] UNLOCK pid=86479 fd=12: SHARED -> NO_LOCK
DBimpl - LOCK REQUEST: 0x3b879400 1
[1773167266.935886346] LOCK pid=86479 fd=12: NO_LOCK -> SHARED (fallback)
[1773167266.935887536] LOCK pid=86479 fd=12: SHARED -> SHARED
DBimpl - LOCK REQUEST: 0x3b879400 2
[1773167266.935899396] LOCK pid=86479 fd=12: SHARED -> RESERVED
DBimpl - LOCK REQUEST: 0x3b879400 1
[1773167266.942582440] LOCK pid=86478 fd=10: NO_LOCK -> SHARED (fallback)
[1773167266.942584845] LOCK pid=86478 fd=10: SHARED -> SHARED
DBimpl - LOCK REQUEST: 0x3b879400 2
DBimpl - UNLOCK REQUEST: 0x3b879400 0
[1773167266.942600049] UNLOCK pid=86478 fd=10: SHARED -> NO_LOCK
DBimpl - LOCK REQUEST: 0x3b879400 4
[1773167266.944270607] LOCK pid=86479 fd=12: RESERVED -> PENDING
[1773167266.944272696] LOCK pid=86479 fd=12: PENDING -> EXCLUSIVE
DBimpl - UNLOCK REQUEST: 0x3b879400 1
[1773167266.944276201] UNLOCK pid=86479 fd=12: EXCLUSIVE -> SHARED
DBimpl - UNLOCK REQUEST: 0x3b879400 0
[1773167266.944279599] UNLOCK pid=86479 fd=12: SHARED -> NO_LOCK
DBimpl - LOCK REQUEST: 0x3b879400 1
[1773167266.945792455] LOCK pid=86479 fd=12: NO_LOCK -> SHARED (fallback)
[1773167266.945793801] LOCK pid=86479 fd=12: SHARED -> SHARED
DBimpl - LOCK REQUEST: 0x3b879400 2
[1773167266.945802643] LOCK pid=86479 fd=12: SHARED -> RESERVED
DBimpl - LOCK REQUEST: 0x3b879400 4
[1773167266.961892447] LOCK pid=86479 fd=12: RESERVED -> PENDING
[1773167266.961895671] LOCK pid=86479 fd=12: PENDING -> EXCLUSIVE
DBimpl - UNLOCK REQUEST: 0x3b879400 1
[1773167266.961901033] UNLOCK pid=86479 fd=12: EXCLUSIVE -> SHARED
DBimpl - UNLOCK REQUEST: 0x3b879400 0
[1773167266.961907601] UNLOCK pid=86479 fd=12: SHARED -> NO_LOCK
DBimpl - LOCK REQUEST: 0x3b879400 1
[1773167266.962005522] LOCK pid=86479 fd=12: NO_LOCK -> SHARED (fallback)
[1773167266.962006772] LOCK pid=86479 fd=12: SHARED -> SHARED
DBimpl - LOCK REQUEST: 0x3b879400 2
[1773167266.962026643] LOCK pid=86479 fd=12: SHARED -> RESERVED
DBimpl - LOCK REQUEST: 0x3b879400 1
[1773167266.967697751] LOCK pid=86478 fd=10: NO_LOCK -> SHARED (fallback)
[1773167266.967700618] LOCK pid=86478 fd=10: SHARED -> SHARED
DBimpl - LOCK REQUEST: 0x3b879400 2
DBimpl - UNLOCK REQUEST: 0x3b879400 0
[1773167266.967715324] UNLOCK pid=86478 fd=10: SHARED -> NO_LOCK
DBimpl - LOCK REQUEST: 0x3b879400 1
[1773167266.967930958] LOCK pid=86480 fd=14: NO_LOCK -> SHARED (fallback)
[1773167266.967933212] LOCK pid=86480 fd=14: SHARED -> SHARED
DBimpl - LOCK REQUEST: 0x3b879400 2
DBimpl - UNLOCK REQUEST: 0x3b879400 0
[1773167266.967947985] UNLOCK pid=86480 fd=14: SHARED -> NO_LOCK
DBimpl - LOCK REQUEST: 0x3b879400 4
[1773167266.974160180] LOCK pid=86479 fd=12: RESERVED -> PENDING
[1773167266.974162089] LOCK pid=86479 fd=12: PENDING -> EXCLUSIVE
DBimpl - UNLOCK REQUEST: 0x3b879400 1
[1773167266.974165477] UNLOCK pid=86479 fd=12: EXCLUSIVE -> SHARED
DBimpl - UNLOCK REQUEST: 0x3b879400 0
[1773167266.974168783] UNLOCK pid=86479 fd=12: SHARED -> NO_LOCK
DBimpl - LOCK REQUEST: 0x3b879400 1
[1773167266.975932834] LOCK pid=86479 fd=12: NO_LOCK -> SHARED (fallback)
[1773167266.975934704] LOCK pid=86479 fd=12: SHARED -> SHARED
DBimpl - LOCK REQUEST: 0x3b879400 2
[1773167266.975944300] LOCK pid=86479 fd=12: SHARED -> RESERVED
DBimpl - LOCK REQUEST: 0x3b879400 4
[1773167266.979303604] LOCK pid=86479 fd=12: RESERVED -> PENDING
[1773167266.979305793] LOCK pid=86479 fd=12: PENDING -> EXCLUSIVE
DBimpl - UNLOCK REQUEST: 0x3b879400 1
[1773167266.979309734] UNLOCK pid=86479 fd=12: EXCLUSIVE -> SHARED
DBimpl - UNLOCK REQUEST: 0x3b879400 0
[1773167266.979313014] UNLOCK pid=86479 fd=12: SHARED -> NO_LOCK
DBimpl - LOCK REQUEST: 0x3b879400 1
[1773167266.980477563] LOCK pid=86479 fd=12: NO_LOCK -> SHARED (fallback)
[1773167266.980488198] LOCK pid=86479 fd=12: SHARED -> SHARED
DBimpl - LOCK REQUEST: 0x3b879400 2
[1773167266.980498498] LOCK pid=86479 fd=12: SHARED -> RESERVED
DBimpl - LOCK REQUEST: 0x3b879400 1
[1773167266.992792026] LOCK pid=86478 fd=10: NO_LOCK -> SHARED (fallback)
[1773167266.992795527] LOCK pid=86478 fd=10: SHARED -> SHARED
DBimpl - LOCK REQUEST: 0x3b879400 2
DBimpl - UNLOCK REQUEST: 0x3b879400 0
[1773167266.992822342] UNLOCK pid=86478 fd=10: SHARED -> NO_LOCK
DBimpl - LOCK REQUEST: 0x3b879400 4
[1773167266.993626494] LOCK pid=86479 fd=12: RESERVED -> PENDING
[1773167266.993630764] LOCK pid=86479 fd=12: PENDING -> EXCLUSIVE
DBimpl - UNLOCK REQUEST: 0x3b879400 1
[1773167266.993637751] UNLOCK pid=86479 fd=12: EXCLUSIVE -> SHARED
DBimpl - UNLOCK REQUEST: 0x3b879400 0
[1773167266.993643965] UNLOCK pid=86479 fd=12: SHARED -> NO_LOCK
DBimpl - LOCK REQUEST: 0x3b879400 1
[1773167266.998248843] LOCK pid=86479 fd=12: NO_LOCK -> SHARED (fallback)
[1773167266.998251311] LOCK pid=86479 fd=12: SHARED -> SHARED
DBimpl - LOCK REQUEST: 0x3b879400 2
[1773167266.998266587] LOCK pid=86479 fd=12: SHARED -> RESERVED
DBimpl - LOCK REQUEST: 0x3b879400 4
[1773167267.002587783] LOCK pid=86479 fd=12: RESERVED -> PENDING
[1773167267.002625823] LOCK pid=86479 fd=12: PENDING -> EXCLUSIVE
DBimpl - UNLOCK REQUEST: 0x3b879400 1
[1773167267.002666275] UNLOCK pid=86479 fd=12: EXCLUSIVE -> SHARED
DBimpl - UNLOCK REQUEST: 0x3b879400 0
[1773167267.002672279] UNLOCK pid=86479 fd=12: SHARED -> NO_LOCK
DBimpl - LOCK REQUEST: 0x3b879400 1
[1773167267.004117268] LOCK pid=86479 fd=12: NO_LOCK -> SHARED (fallback)
[1773167267.004121356] LOCK pid=86479 fd=12: SHARED -> SHARED
DBimpl - LOCK REQUEST: 0x3b879400 2
[1773167267.004142568] LOCK pid=86479 fd=12: SHARED -> RESERVED
DBimpl - LOCK REQUEST: 0x3b879400 1
[1773167267.017906001] LOCK pid=86478 fd=10: NO_LOCK -> SHARED (fallback)
[1773167267.017910084] LOCK pid=86478 fd=10: SHARED -> SHARED
DBimpl - LOCK REQUEST: 0x3b879400 2
DBimpl - UNLOCK REQUEST: 0x3b879400 0
[1773167267.017948840] UNLOCK pid=86478 fd=10: SHARED -> NO_LOCK
DBimpl - LOCK REQUEST: 0x3b879400 1
[1773167267.018010988] LOCK pid=86480 fd=14: NO_LOCK -> SHARED (fallback)
[1773167267.018013334] LOCK pid=86480 fd=14: SHARED -> SHARED
DBimpl - LOCK REQUEST: 0x3b879400 2
DBimpl - UNLOCK REQUEST: 0x3b879400 0
[1773167267.018022053] UNLOCK pid=86480 fd=14: SHARED -> NO_LOCK
DBimpl - LOCK REQUEST: 0x3b879400 4
[1773167267.019063210] LOCK pid=86479 fd=12: RESERVED -> PENDING
[1773167267.019066595] LOCK pid=86479 fd=12: PENDING -> EXCLUSIVE
DBimpl - UNLOCK REQUEST: 0x3b879400 1
[1773167267.019072124] UNLOCK pid=86479 fd=12: EXCLUSIVE -> SHARED
DBimpl - UNLOCK REQUEST: 0x3b879400 0
[1773167267.019077512] UNLOCK pid=86479 fd=12: SHARED -> NO_LOCK
DBimpl - LOCK REQUEST: 0x3b879400 1
[1773167267.019545474] LOCK pid=86479 fd=12: NO_LOCK -> SHARED (fallback)
[1773167267.019547487] LOCK pid=86479 fd=12: SHARED -> SHARED
DBimpl - LOCK REQUEST: 0x3b879400 2
[1773167267.019559720] LOCK pid=86479 fd=12: SHARED -> RESERVED
DBimpl - LOCK REQUEST: 0x3b879400 4
[1773167267.021990352] LOCK pid=86479 fd=12: RESERVED -> PENDING
[1773167267.021992377] LOCK pid=86479 fd=12: PENDING -> EXCLUSIVE
DBimpl - UNLOCK REQUEST: 0x3b879400 1
[1773167267.021996414] UNLOCK pid=86479 fd=12: EXCLUSIVE -> SHARED
DBimpl - UNLOCK REQUEST: 0x3b879400 0
[1773167267.021999970] UNLOCK pid=86479 fd=12: SHARED -> NO_LOCK
DBimpl - LOCK REQUEST: 0x3b879400 1
[1773167267.022199086] LOCK pid=86479 fd=12: NO_LOCK -> SHARED (fallback)
[1773167267.022200398] LOCK pid=86479 fd=12: SHARED -> SHARED
DBimpl - LOCK REQUEST: 0x3b879400 2
[1773167267.022208038] LOCK pid=86479 fd=12: SHARED -> RESERVED
DBimpl - LOCK REQUEST: 0x3b879400 4
[1773167267.045395529] LOCK pid=86479 fd=12: RESERVED -> PENDING
[1773167267.045400986] LOCK pid=86479 fd=12: PENDING -> EXCLUSIVE
DBimpl - UNLOCK REQUEST: 0x3b879400 1
[1773167267.045409543] UNLOCK pid=86479 fd=12: EXCLUSIVE -> SHARED
DBimpl - UNLOCK REQUEST: 0x3b879400 0
[1773167267.045417054] UNLOCK pid=86479 fd=12: SHARED -> NO_LOCK
DBimpl - LOCK REQUEST: 0x3b879400 1
[1773167267.049837492] LOCK pid=86479 fd=12: NO_LOCK -> SHARED (fallback)
[1773167267.049842909] LOCK pid=86479 fd=12: SHARED -> SHARED
DBimpl - LOCK REQUEST: 0x3b879400 2
[1773167267.049870625] LOCK pid=86479 fd=12: SHARED -> RESERVED
DBimpl - LOCK REQUEST: 0x3b879400 4
[1773167267.055733561] LOCK pid=86479 fd=12: RESERVED -> PENDING
[1773167267.055736570] LOCK pid=86479 fd=12: PENDING -> EXCLUSIVE
DBimpl - UNLOCK REQUEST: 0x3b879400 1
[1773167267.055741753] UNLOCK pid=86479 fd=12: EXCLUSIVE -> SHARED
DBimpl - UNLOCK REQUEST: 0x3b879400 0
[1773167267.055748390] UNLOCK pid=86479 fd=12: SHARED -> NO_LOCK
DBimpl - LOCK REQUEST: 0x3b879400 1
[1773167267.056544285] LOCK pid=86479 fd=12: NO_LOCK -> SHARED (fallback)
[1773167267.056545666] LOCK pid=86479 fd=12: SHARED -> SHARED
DBimpl - LOCK REQUEST: 0x3b879400 2
[1773167267.056557510] LOCK pid=86479 fd=12: SHARED -> RESERVED
DBimpl - LOCK REQUEST: 0x3b879400 4
[1773167267.057505779] LOCK pid=86479 fd=12: RESERVED -> PENDING
[1773167267.057507588] LOCK pid=86479 fd=12: PENDING -> EXCLUSIVE
DBimpl - UNLOCK REQUEST: 0x3b879400 1
[1773167267.057511170] UNLOCK pid=86479 fd=12: EXCLUSIVE -> SHARED
DBimpl - UNLOCK REQUEST: 0x3b879400 0
[1773167267.057514411] UNLOCK pid=86479 fd=12: SHARED -> NO_LOCK
DBimpl - LOCK REQUEST: 0x3b879400 1
[1773167267.057849712] LOCK pid=86479 fd=12: NO_LOCK -> SHARED (fallback)
[1773167267.057851030] LOCK pid=86479 fd=12: SHARED -> SHARED
DBimpl - LOCK REQUEST: 0x3b879400 2
[1773167267.057859247] LOCK pid=86479 fd=12: SHARED -> RESERVED
DBimpl - LOCK REQUEST: 0x3b879400 1
[1773167267.068027506] LOCK pid=86478 fd=10: NO_LOCK -> SHARED (fallback)
[1773167267.068030235] LOCK pid=86478 fd=10: SHARED -> SHARED
DBimpl - LOCK REQUEST: 0x3b879400 2
DBimpl - UNLOCK REQUEST: 0x3b879400 0
[1773167267.068062426] UNLOCK pid=86478 fd=10: SHARED -> NO_LOCK
DBimpl - LOCK REQUEST: 0x3b879400 4
[1773167267.072808779] LOCK pid=86479 fd=12: RESERVED -> PENDING
[1773167267.072811252] LOCK pid=86479 fd=12: PENDING -> EXCLUSIVE
DBimpl - UNLOCK REQUEST: 0x3b879400 1
[1773167267.072815888] UNLOCK pid=86479 fd=12: EXCLUSIVE -> SHARED
DBimpl - UNLOCK REQUEST: 0x3b879400 0
[1773167267.072820210] UNLOCK pid=86479 fd=12: SHARED -> NO_LOCK
DBimpl - LOCK REQUEST: 0x3b879400 1
[1773167267.073489836] LOCK pid=86479 fd=12: NO_LOCK -> SHARED (fallback)
[1773167267.073491338] LOCK pid=86479 fd=12: SHARED -> SHARED
DBimpl - LOCK REQUEST: 0x3b879400 2
[1773167267.073503191] LOCK pid=86479 fd=12: SHARED -> RESERVED
DBimpl - LOCK REQUEST: 0x3b879400 4
[1773167267.079437518] LOCK pid=86479 fd=12: RESERVED -> PENDING
[1773167267.079440076] LOCK pid=86479 fd=12: PENDING -> EXCLUSIVE
DBimpl - UNLOCK REQUEST: 0x3b879400 1
[1773167267.079445429] UNLOCK pid=86479 fd=12: EXCLUSIVE -> SHARED
DBimpl - UNLOCK REQUEST: 0x3b879400 0
[1773167267.079450933] UNLOCK pid=86479 fd=12: SHARED -> NO_LOCK
DBimpl - LOCK REQUEST: 0x3b879400 1
[1773167267.080891371] LOCK pid=86479 fd=12: NO_LOCK -> SHARED (fallback)
[1773167267.080892955] LOCK pid=86479 fd=12: SHARED -> SHARED
DBimpl - LOCK REQUEST: 0x3b879400 2
[1773167267.080904625] LOCK pid=86479 fd=12: SHARED -> RESERVED
DBimpl - LOCK REQUEST: 0x3b879400 4
[1773167267.094400330] LOCK pid=86479 fd=12: RESERVED -> PENDING
[1773167267.094405443] LOCK pid=86479 fd=12: PENDING -> EXCLUSIVE
DBimpl - UNLOCK REQUEST: 0x3b879400 1
[1773167267.094414217] UNLOCK pid=86479 fd=12: EXCLUSIVE -> SHARED
DBimpl - UNLOCK REQUEST: 0x3b879400 0
[1773167267.094423946] UNLOCK pid=86479 fd=12: SHARED -> NO_LOCK
DBimpl - LOCK REQUEST: 0x3b879400 1
[1773167267.095220555] LOCK pid=86479 fd=12: NO_LOCK -> SHARED (fallback)
[1773167267.095222007] LOCK pid=86479 fd=12: SHARED -> SHARED
DBimpl - LOCK REQUEST: 0x3b879400 2
[1773167267.095239848] LOCK pid=86479 fd=12: SHARED -> RESERVED
DBimpl - LOCK REQUEST: 0x3b879400 4
[1773167267.102396439] LOCK pid=86479 fd=12: RESERVED -> PENDING
[1773167267.102399788] LOCK pid=86479 fd=12: PENDING -> EXCLUSIVE
DBimpl - UNLOCK REQUEST: 0x3b879400 1
[1773167267.102405385] UNLOCK pid=86479 fd=12: EXCLUSIVE -> SHARED
DBimpl - UNLOCK REQUEST: 0x3b879400 0
[1773167267.102417883] UNLOCK pid=86479 fd=12: SHARED -> NO_LOCK
DBimpl - LOCK REQUEST: 0x3b879400 1
[1773167267.105887833] LOCK pid=86479 fd=12: NO_LOCK -> SHARED (fallback)
[1773167267.105890710] LOCK pid=86479 fd=12: SHARED -> SHARED
DBimpl - LOCK REQUEST: 0x3b879400 2
[1773167267.105912887] LOCK pid=86479 fd=12: SHARED -> RESERVED
DBimpl - LOCK REQUEST: 0x3b879400 1
[1773167267.118129545] LOCK pid=86480 fd=14: NO_LOCK -> SHARED (fallback)
[1773167267.118133822] LOCK pid=86480 fd=14: SHARED -> SHARED
DBimpl - LOCK REQUEST: 0x3b879400 1
DBimpl - LOCK REQUEST: 0x3b879400 2
[1773167267.118156751] LOCK pid=86478 fd=10: NO_LOCK -> SHARED (fallback)
[1773167267.118159279] LOCK pid=86478 fd=10: SHARED -> SHARED
DBimpl - UNLOCK REQUEST: 0x3b879400 0
[1773167267.118165195] UNLOCK pid=86480 fd=14: SHARED -> NO_LOCK
DBimpl - LOCK REQUEST: 0x3b879400 2
DBimpl - UNLOCK REQUEST: 0x3b879400 0
[1773167267.118181869] UNLOCK pid=86478 fd=10: SHARED -> NO_LOCK
DBimpl - LOCK REQUEST: 0x3b879400 4
[1773167267.124392491] LOCK pid=86479 fd=12: RESERVED -> PENDING
[1773167267.124395466] LOCK pid=86479 fd=12: PENDING -> EXCLUSIVE
DBimpl - UNLOCK REQUEST: 0x3b879400 1
[1773167267.124402659] UNLOCK pid=86479 fd=12: EXCLUSIVE -> SHARED
DBimpl - UNLOCK REQUEST: 0x3b879400 0
[1773167267.124407620] UNLOCK pid=86479 fd=12: SHARED -> NO_LOCK
DBimpl - LOCK REQUEST: 0x3b879400 1
[1773167267.124752669] LOCK pid=86479 fd=12: NO_LOCK -> SHARED (fallback)
[1773167267.124754555] LOCK pid=86479 fd=12: SHARED -> SHARED
DBimpl - LOCK REQUEST: 0x3b879400 2
[1773167267.124768652] LOCK pid=86479 fd=12: SHARED -> RESERVED
DBimpl - LOCK REQUEST: 0x3b879400 4
[1773167267.139916069] LOCK pid=86479 fd=12: RESERVED -> PENDING
[1773167267.139921363] LOCK pid=86479 fd=12: PENDING -> EXCLUSIVE
DBimpl - UNLOCK REQUEST: 0x3b879400 1
[1773167267.139928428] UNLOCK pid=86479 fd=12: EXCLUSIVE -> SHARED
DBimpl - UNLOCK REQUEST: 0x3b879400 0
[1773167267.139934019] UNLOCK pid=86479 fd=12: SHARED -> NO_LOCK
DBimpl - LOCK REQUEST: 0x3b879400 1
[1773167267.140134175] LOCK pid=86479 fd=12: NO_LOCK -> SHARED (fallback)
[1773167267.140135596] LOCK pid=86479 fd=12: SHARED -> SHARED
DBimpl - LOCK REQUEST: 0x3b879400 2
[1773167267.140151175] LOCK pid=86479 fd=12: SHARED -> RESERVED
DBimpl - LOCK REQUEST: 0x3b879400 4
[1773167267.147590964] LOCK pid=86479 fd=12: RESERVED -> PENDING
[1773167267.147593634] LOCK pid=86479 fd=12: PENDING -> EXCLUSIVE
DBimpl - UNLOCK REQUEST: 0x3b879400 1
[1773167267.147598923] UNLOCK pid=86479 fd=12: EXCLUSIVE -> SHARED
DBimpl - UNLOCK REQUEST: 0x3b879400 0
[1773167267.147604105] UNLOCK pid=86479 fd=12: SHARED -> NO_LOCK
DBimpl - LOCK REQUEST: 0x3b879400 1
[1773167267.148177872] LOCK pid=86479 fd=12: NO_LOCK -> SHARED (fallback)
[1773167267.148179278] LOCK pid=86479 fd=12: SHARED -> SHARED
DBimpl - LOCK REQUEST: 0x3b879400 2
[1773167267.148193890] LOCK pid=86479 fd=12: SHARED -> RESERVED
DBimpl - LOCK REQUEST: 0x3b879400 4
[1773167267.164217367] LOCK pid=86479 fd=12: RESERVED -> PENDING
[1773167267.164220250] LOCK pid=86479 fd=12: PENDING -> EXCLUSIVE
DBimpl - UNLOCK REQUEST: 0x3b879400 1
[1773167267.164225495] UNLOCK pid=86479 fd=12: EXCLUSIVE -> SHARED
DBimpl - UNLOCK REQUEST: 0x3b879400 0
[1773167267.164230441] UNLOCK pid=86479 fd=12: SHARED -> NO_LOCK
DBimpl - LOCK REQUEST: 0x3b879400 1
[1773167267.166993624] LOCK pid=86479 fd=12: NO_LOCK -> SHARED (fallback)
[1773167267.166995540] LOCK pid=86479 fd=12: SHARED -> SHARED
DBimpl - LOCK REQUEST: 0x3b879400 2
[1773167267.167010126] LOCK pid=86479 fd=12: SHARED -> RESERVED
DBimpl - LOCK REQUEST: 0x3b879400 4
[1773167267.184689752] LOCK pid=86479 fd=12: RESERVED -> PENDING
[1773167267.184692898] LOCK pid=86479 fd=12: PENDING -> EXCLUSIVE
DBimpl - UNLOCK REQUEST: 0x3b879400 1
[1773167267.184698567] UNLOCK pid=86479 fd=12: EXCLUSIVE -> SHARED
DBimpl - UNLOCK REQUEST: 0x3b879400 0
[1773167267.184703871] UNLOCK pid=86479 fd=12: SHARED -> NO_LOCK
DBimpl - LOCK REQUEST: 0x3b879400 1
[1773167267.185553279] LOCK pid=86479 fd=12: NO_LOCK -> SHARED (fallback)
[1773167267.185555651] LOCK pid=86479 fd=12: SHARED -> SHARED
DBimpl - LOCK REQUEST: 0x3b879400 2
[1773167267.185578804] LOCK pid=86479 fd=12: SHARED -> RESERVED
DBimpl - LOCK REQUEST: 0x3b879400 4
[1773167267.200158663] LOCK pid=86479 fd=12: RESERVED -> PENDING
[1773167267.200161410] LOCK pid=86479 fd=12: PENDING -> EXCLUSIVE
DBimpl - UNLOCK REQUEST: 0x3b879400 1
[1773167267.200166912] UNLOCK pid=86479 fd=12: EXCLUSIVE -> SHARED
DBimpl - UNLOCK REQUEST: 0x3b879400 0
[1773167267.200171737] UNLOCK pid=86479 fd=12: SHARED -> NO_LOCK
DBimpl - LOCK REQUEST: 0x3b879400 1
[1773167267.204177034] LOCK pid=86479 fd=12: NO_LOCK -> SHARED (fallback)
[1773167267.204180110] LOCK pid=86479 fd=12: SHARED -> SHARED
DBimpl - LOCK REQUEST: 0x3b879400 2
[1773167267.204200748] LOCK pid=86479 fd=12: SHARED -> RESERVED
DBimpl - LOCK REQUEST: 0x3b879400 1
[1773167267.218248598] LOCK pid=86480 fd=14: NO_LOCK -> SHARED (fallback)
[1773167267.218252026] LOCK pid=86480 fd=14: SHARED -> SHARED
DBimpl - LOCK REQUEST: 0x3b879400 1
DBimpl - LOCK REQUEST: 0x3b879400 2
DBimpl - UNLOCK REQUEST: 0x3b879400 0
[1773167267.218276608] LOCK pid=86478 fd=10: NO_LOCK -> SHARED (fallback)
[1773167267.218280179] LOCK pid=86478 fd=10: SHARED -> SHARED
[1773167267.218280249] UNLOCK pid=86480 fd=14: SHARED -> NO_LOCK
DBimpl - LOCK REQUEST: 0x3b879400 2
DBimpl - UNLOCK REQUEST: 0x3b879400 0
[1773167267.218297644] UNLOCK pid=86478 fd=10: SHARED -> NO_LOCK
DBimpl - LOCK REQUEST: 0x3b879400 4
[1773167267.220349502] LOCK pid=86479 fd=12: RESERVED -> PENDING
[1773167267.220351365] LOCK pid=86479 fd=12: PENDING -> EXCLUSIVE
DBimpl - UNLOCK REQUEST: 0x3b879400 1
[1773167267.220355583] UNLOCK pid=86479 fd=12: EXCLUSIVE -> SHARED
DBimpl - UNLOCK REQUEST: 0x3b879400 0
[1773167267.220359255] UNLOCK pid=86479 fd=12: SHARED -> NO_LOCK
DBimpl - LOCK REQUEST: 0x3b879400 1
[1773167267.223121561] LOCK pid=86479 fd=12: NO_LOCK -> SHARED (fallback)
[1773167267.223123453] LOCK pid=86479 fd=12: SHARED -> SHARED
DBimpl - LOCK REQUEST: 0x3b879400 2
[1773167267.223134386] LOCK pid=86479 fd=12: SHARED -> RESERVED
DBimpl - LOCK REQUEST: 0x3b879400 4
[1773167267.238331832] LOCK pid=86479 fd=12: RESERVED -> PENDING
[1773167267.238334489] LOCK pid=86479 fd=12: PENDING -> EXCLUSIVE
DBimpl - UNLOCK REQUEST: 0x3b879400 1
[1773167267.238340661] UNLOCK pid=86479 fd=12: EXCLUSIVE -> SHARED
DBimpl - UNLOCK REQUEST: 0x3b879400 0
[1773167267.238346216] UNLOCK pid=86479 fd=12: SHARED -> NO_LOCK
DBimpl - LOCK REQUEST: 0x3b879400 1
[1773167267.244430008] LOCK pid=86479 fd=12: NO_LOCK -> SHARED (fallback)
[1773167267.244432988] LOCK pid=86479 fd=12: SHARED -> SHARED
DBimpl - LOCK REQUEST: 0x3b879400 2
[1773167267.244453339] LOCK pid=86479 fd=12: SHARED -> RESERVED
DBimpl - LOCK REQUEST: 0x3b879400 4
[1773167267.246280922] LOCK pid=86479 fd=12: RESERVED -> PENDING
[1773167267.246283145] LOCK pid=86479 fd=12: PENDING -> EXCLUSIVE
DBimpl - UNLOCK REQUEST: 0x3b879400 1
[1773167267.246287986] UNLOCK pid=86479 fd=12: EXCLUSIVE -> SHARED
DBimpl - UNLOCK REQUEST: 0x3b879400 0
[1773167267.246291910] UNLOCK pid=86479 fd=12: SHARED -> NO_LOCK
DBimpl - LOCK REQUEST: 0x3b879400 1
[1773167267.246895661] LOCK pid=86479 fd=12: NO_LOCK -> SHARED (fallback)
[1773167267.246896920] LOCK pid=86479 fd=12: SHARED -> SHARED
DBimpl - LOCK REQUEST: 0x3b879400 2
[1773167267.246905755] LOCK pid=86479 fd=12: SHARED -> RESERVED
DBimpl - LOCK REQUEST: 0x3b879400 4
[1773167267.262218068] LOCK pid=86479 fd=12: RESERVED -> PENDING
[1773167267.262219924] LOCK pid=86479 fd=12: PENDING -> EXCLUSIVE
DBimpl - UNLOCK REQUEST: 0x3b879400 1
[1773167267.262223381] UNLOCK pid=86479 fd=12: EXCLUSIVE -> SHARED
DBimpl - UNLOCK REQUEST: 0x3b879400 0
[1773167267.262227175] UNLOCK pid=86479 fd=12: SHARED -> NO_LOCK
DBimpl - LOCK REQUEST: 0x3b879400 1
[1773167267.273023009] LOCK pid=86479 fd=12: NO_LOCK -> SHARED (fallback)
[1773167267.273026960] LOCK pid=86479 fd=12: SHARED -> SHARED
DBimpl - LOCK REQUEST: 0x3b879400 2
[1773167267.273048824] LOCK pid=86479 fd=12: SHARED -> RESERVED
DBimpl - LOCK REQUEST: 0x3b879400 4
[1773167267.284047345] LOCK pid=86479 fd=12: RESERVED -> PENDING
[1773167267.284049472] LOCK pid=86479 fd=12: PENDING -> EXCLUSIVE
DBimpl - UNLOCK REQUEST: 0x3b879400 1
[1773167267.284062025] UNLOCK pid=86479 fd=12: EXCLUSIVE -> SHARED
DBimpl - UNLOCK REQUEST: 0x3b879400 0
[1773167267.284065676] UNLOCK pid=86479 fd=12: SHARED -> NO_LOCK
DBimpl - LOCK REQUEST: 0x3b879400 1
[1773167267.285120591] LOCK pid=86479 fd=12: NO_LOCK -> SHARED (fallback)
[1773167267.285121740] LOCK pid=86479 fd=12: SHARED -> SHARED
DBimpl - LOCK REQUEST: 0x3b879400 2
[1773167267.285129802] LOCK pid=86479 fd=12: SHARED -> RESERVED
DBimpl - LOCK REQUEST: 0x3b879400 4
[1773167267.292949251] LOCK pid=86479 fd=12: RESERVED -> PENDING
[1773167267.292951321] LOCK pid=86479 fd=12: PENDING -> EXCLUSIVE
DBimpl - UNLOCK REQUEST: 0x3b879400 1
[1773167267.292955473] UNLOCK pid=86479 fd=12: EXCLUSIVE -> SHARED
DBimpl - UNLOCK REQUEST: 0x3b879400 0
[1773167267.292959185] UNLOCK pid=86479 fd=12: SHARED -> NO_LOCK
DBimpl - LOCK REQUEST: 0x3b879400 1
[1773167267.293133560] LOCK pid=86479 fd=12: NO_LOCK -> SHARED (fallback)
[1773167267.293134815] LOCK pid=86479 fd=12: SHARED -> SHARED
DBimpl - LOCK REQUEST: 0x3b879400 2
[1773167267.293143399] LOCK pid=86479 fd=12: SHARED -> RESERVED
DBimpl - LOCK REQUEST: 0x3b879400 4
[1773167267.307069133] LOCK pid=86479 fd=12: RESERVED -> PENDING
[1773167267.307071901] LOCK pid=86479 fd=12: PENDING -> EXCLUSIVE
DBimpl - UNLOCK REQUEST: 0x3b879400 1
[1773167267.307077620] UNLOCK pid=86479 fd=12: EXCLUSIVE -> SHARED
DBimpl - UNLOCK REQUEST: 0x3b879400 0
[1773167267.307081787] UNLOCK pid=86479 fd=12: SHARED -> NO_LOCK
DBimpl - LOCK REQUEST: 0x3b879400 1
[1773167267.308548010] LOCK pid=86479 fd=12: NO_LOCK -> SHARED (fallback)
[1773167267.308549840] LOCK pid=86479 fd=12: SHARED -> SHARED
DBimpl - LOCK REQUEST: 0x3b879400 2
[1773167267.308562577] LOCK pid=86479 fd=12: SHARED -> RESERVED
DBimpl - LOCK REQUEST: 0x3b879400 1
[1773167267.318358503] LOCK pid=86480 fd=14: NO_LOCK -> SHARED (fallback)
[1773167267.318361214] LOCK pid=86480 fd=14: SHARED -> SHARED
DBimpl - LOCK REQUEST: 0x3b879400 2
DBimpl - UNLOCK REQUEST: 0x3b879400 0
[1773167267.318379577] UNLOCK pid=86480 fd=14: SHARED -> NO_LOCK
DBimpl - LOCK REQUEST: 0x3b879400 1
[1773167267.318396337] LOCK pid=86478 fd=10: NO_LOCK -> SHARED (fallback)
[1773167267.318398401] LOCK pid=86478 fd=10: SHARED -> SHARED
DBimpl - LOCK REQUEST: 0x3b879400 2
DBimpl - UNLOCK REQUEST: 0x3b879400 0
[1773167267.318418415] UNLOCK pid=86478 fd=10: SHARED -> NO_LOCK
DBimpl - LOCK REQUEST: 0x3b879400 4
[1773167267.323242801] LOCK pid=86479 fd=12: RESERVED -> PENDING
[1773167267.323244590] LOCK pid=86479 fd=12: PENDING -> EXCLUSIVE
DBimpl - UNLOCK REQUEST: 0x3b879400 1
[1773167267.323248093] UNLOCK pid=86479 fd=12: EXCLUSIVE -> SHARED
DBimpl - UNLOCK REQUEST: 0x3b879400 0
[1773167267.323251218] UNLOCK pid=86479 fd=12: SHARED -> NO_LOCK
DBimpl - LOCK REQUEST: 0x3b879400 1
[1773167267.326100275] LOCK pid=86479 fd=12: NO_LOCK -> SHARED (fallback)
[1773167267.326102366] LOCK pid=86479 fd=12: SHARED -> SHARED
DBimpl - LOCK REQUEST: 0x3b879400 2
[1773167267.326112903] LOCK pid=86479 fd=12: SHARED -> RESERVED
DBimpl - LOCK REQUEST: 0x3b879400 4
[1773167267.345158680] LOCK pid=86479 fd=12: RESERVED -> PENDING
[1773167267.345161651] LOCK pid=86479 fd=12: PENDING -> EXCLUSIVE
DBimpl - UNLOCK REQUEST: 0x3b879400 1
[1773167267.345167714] UNLOCK pid=86479 fd=12: EXCLUSIVE -> SHARED
DBimpl - UNLOCK REQUEST: 0x3b879400 0
[1773167267.345173009] UNLOCK pid=86479 fd=12: SHARED -> NO_LOCK
DBimpl - LOCK REQUEST: 0x3b879400 1
[1773167267.345977058] LOCK pid=86479 fd=12: NO_LOCK -> SHARED (fallback)
[1773167267.345978318] LOCK pid=86479 fd=12: SHARED -> SHARED
DBimpl - LOCK REQUEST: 0x3b879400 2
[1773167267.345993372] LOCK pid=86479 fd=12: SHARED -> RESERVED
DBimpl - LOCK REQUEST: 0x3b879400 4
[1773167267.357023961] LOCK pid=86479 fd=12: RESERVED -> PENDING
[1773167267.357025874] LOCK pid=86479 fd=12: PENDING -> EXCLUSIVE
DBimpl - UNLOCK REQUEST: 0x3b879400 1
[1773167267.357029517] UNLOCK pid=86479 fd=12: EXCLUSIVE -> SHARED
DBimpl - UNLOCK REQUEST: 0x3b879400 0
[1773167267.357032785] UNLOCK pid=86479 fd=12: SHARED -> NO_LOCK
DBimpl - LOCK REQUEST: 0x3b879400 1
[1773167267.360925416] LOCK pid=86479 fd=12: NO_LOCK -> SHARED (fallback)
[1773167267.360927919] LOCK pid=86479 fd=12: SHARED -> SHARED
DBimpl - LOCK REQUEST: 0x3b879400 2
[1773167267.360941773] LOCK pid=86479 fd=12: SHARED -> RESERVED
DBimpl - LOCK REQUEST: 0x3b879400 4
[1773167267.365926692] LOCK pid=86479 fd=12: RESERVED -> PENDING
[1773167267.365928911] LOCK pid=86479 fd=12: PENDING -> EXCLUSIVE
DBimpl - UNLOCK REQUEST: 0x3b879400 1
[1773167267.365933597] UNLOCK pid=86479 fd=12: EXCLUSIVE -> SHARED
DBimpl - UNLOCK REQUEST: 0x3b879400 0
[1773167267.365937574] UNLOCK pid=86479 fd=12: SHARED -> NO_LOCK
DBimpl - LOCK REQUEST: 0x3b879400 1
[1773167267.366693429] LOCK pid=86479 fd=12: NO_LOCK -> SHARED (fallback)
[1773167267.366694777] LOCK pid=86479 fd=12: SHARED -> SHARED
DBimpl - LOCK REQUEST: 0x3b879400 2
[1773167267.366703390] LOCK pid=86479 fd=12: SHARED -> RESERVED
DBimpl - LOCK REQUEST: 0x3b879400 4
[1773167267.369434901] LOCK pid=86479 fd=12: RESERVED -> PENDING
[1773167267.369436861] LOCK pid=86479 fd=12: PENDING -> EXCLUSIVE
DBimpl - UNLOCK REQUEST: 0x3b879400 1
[1773167267.369440508] UNLOCK pid=86479 fd=12: EXCLUSIVE -> SHARED
DBimpl - UNLOCK REQUEST: 0x3b879400 0
[1773167267.369443870] UNLOCK pid=86479 fd=12: SHARED -> NO_LOCK
DBimpl - LOCK REQUEST: 0x3b879400 1
[1773167267.373694336] LOCK pid=86479 fd=12: NO_LOCK -> SHARED (fallback)
[1773167267.373696975] LOCK pid=86479 fd=12: SHARED -> SHARED
DBimpl - LOCK REQUEST: 0x3b879400 2
[1773167267.373711130] LOCK pid=86479 fd=12: SHARED -> RESERVED
DBimpl - LOCK REQUEST: 0x3b879400 4
[1773167267.377791009] LOCK pid=86479 fd=12: RESERVED -> PENDING
[1773167267.377793431] LOCK pid=86479 fd=12: PENDING -> EXCLUSIVE
DBimpl - UNLOCK REQUEST: 0x3b879400 1
[1773167267.377797945] UNLOCK pid=86479 fd=12: EXCLUSIVE -> SHARED
DBimpl - UNLOCK REQUEST: 0x3b879400 0
[1773167267.377802074] UNLOCK pid=86479 fd=12: SHARED -> NO_LOCK
DBimpl - LOCK REQUEST: 0x3b879400 1
[1773167267.381901059] LOCK pid=86479 fd=12: NO_LOCK -> SHARED (fallback)
[1773167267.381903056] LOCK pid=86479 fd=12: SHARED -> SHARED
DBimpl - LOCK REQUEST: 0x3b879400 2
[1773167267.381914746] LOCK pid=86479 fd=12: SHARED -> RESERVED
DBimpl - LOCK REQUEST: 0x3b879400 4
[1773167267.400041833] LOCK pid=86479 fd=12: RESERVED -> PENDING
[1773167267.400044044] LOCK pid=86479 fd=12: PENDING -> EXCLUSIVE
DBimpl - UNLOCK REQUEST: 0x3b879400 1
[1773167267.400048659] UNLOCK pid=86479 fd=12: EXCLUSIVE -> SHARED
DBimpl - UNLOCK REQUEST: 0x3b879400 0
[1773167267.400052405] UNLOCK pid=86479 fd=12: SHARED -> NO_LOCK
DBimpl - LOCK REQUEST: 0x3b879400 1
[1773167267.402381862] LOCK pid=86479 fd=12: NO_LOCK -> SHARED (fallback)
[1773167267.402383967] LOCK pid=86479 fd=12: SHARED -> SHARED
DBimpl - LOCK REQUEST: 0x3b879400 2
[1773167267.402394879] LOCK pid=86479 fd=12: SHARED -> RESERVED
DBimpl - LOCK REQUEST: 0x3b879400 4
[1773167267.411318045] LOCK pid=86479 fd=12: RESERVED -> PENDING
[1773167267.411319997] LOCK pid=86479 fd=12: PENDING -> EXCLUSIVE
DBimpl - UNLOCK REQUEST: 0x3b879400 1
[1773167267.411324070] UNLOCK pid=86479 fd=12: EXCLUSIVE -> SHARED
DBimpl - UNLOCK REQUEST: 0x3b879400 0
[1773167267.411327667] UNLOCK pid=86479 fd=12: SHARED -> NO_LOCK
DBimpl - LOCK REQUEST: 0x3b879400 1
[1773167267.413349047] LOCK pid=86479 fd=12: NO_LOCK -> SHARED (fallback)
[1773167267.413351739] LOCK pid=86479 fd=12: SHARED -> SHARED
DBimpl - LOCK REQUEST: 0x3b879400 2
[1773167267.413365987] LOCK pid=86479 fd=12: SHARED -> RESERVED
DBimpl - LOCK REQUEST: 0x3b879400 1
[1773167267.418470308] LOCK pid=86480 fd=14: NO_LOCK -> SHARED (fallback)
[1773167267.418474199] LOCK pid=86480 fd=14: SHARED -> SHARED
DBimpl - LOCK REQUEST: 0x3b879400 2
DBimpl - UNLOCK REQUEST: 0x3b879400 0
[1773167267.418503713] UNLOCK pid=86480 fd=14: SHARED -> NO_LOCK
DBimpl - LOCK REQUEST: 0x3b879400 1
[1773167267.418519883] LOCK pid=86478 fd=10: NO_LOCK -> SHARED (fallback)
[1773167267.418522947] LOCK pid=86478 fd=10: SHARED -> SHARED
DBimpl - LOCK REQUEST: 0x3b879400 2
DBimpl - UNLOCK REQUEST: 0x3b879400 0
[1773167267.418548554] UNLOCK pid=86478 fd=10: SHARED -> NO_LOCK
DBimpl - LOCK REQUEST: 0x3b879400 4
[1773167267.419075286] LOCK pid=86479 fd=12: RESERVED -> PENDING
[1773167267.419077546] LOCK pid=86479 fd=12: PENDING -> EXCLUSIVE
DBimpl - UNLOCK REQUEST: 0x3b879400 1
[1773167267.419082476] UNLOCK pid=86479 fd=12: EXCLUSIVE -> SHARED
DBimpl - UNLOCK REQUEST: 0x3b879400 0
[1773167267.419087063] UNLOCK pid=86479 fd=12: SHARED -> NO_LOCK
DBimpl - LOCK REQUEST: 0x3b879400 1
[1773167267.420931993] LOCK pid=86479 fd=12: NO_LOCK -> SHARED (fallback)
[1773167267.420935014] LOCK pid=86479 fd=12: SHARED -> SHARED
DBimpl - LOCK REQUEST: 0x3b879400 2
[1773167267.420951382] LOCK pid=86479 fd=12: SHARED -> RESERVED
DBimpl - LOCK REQUEST: 0x3b879400 4
[1773167267.429638456] LOCK pid=86479 fd=12: RESERVED -> PENDING
[1773167267.429640982] LOCK pid=86479 fd=12: PENDING -> EXCLUSIVE
DBimpl - UNLOCK REQUEST: 0x3b879400 1
[1773167267.429647078] UNLOCK pid=86479 fd=12: EXCLUSIVE -> SHARED
DBimpl - UNLOCK REQUEST: 0x3b879400 0
[1773167267.429651387] UNLOCK pid=86479 fd=12: SHARED -> NO_LOCK
DBimpl - LOCK REQUEST: 0x3b879400 1
[1773167267.429811919] LOCK pid=86479 fd=12: NO_LOCK -> SHARED (fallback)
[1773167267.429813052] LOCK pid=86479 fd=12: SHARED -> SHARED
DBimpl - LOCK REQUEST: 0x3b879400 2
[1773167267.429822505] LOCK pid=86479 fd=12: SHARED -> RESERVED
DBimpl - LOCK REQUEST: 0x3b879400 4
[1773167267.438574168] LOCK pid=86479 fd=12: RESERVED -> PENDING
[1773167267.438576238] LOCK pid=86479 fd=12: PENDING -> EXCLUSIVE
DBimpl - UNLOCK REQUEST: 0x3b879400 1
[1773167267.438579858] UNLOCK pid=86479 fd=12: EXCLUSIVE -> SHARED
DBimpl - UNLOCK REQUEST: 0x3b879400 0
[1773167267.438583305] UNLOCK pid=86479 fd=12: SHARED -> NO_LOCK
DBimpl - LOCK REQUEST: 0x3b879400 1
[1773167267.440199868] LOCK pid=86479 fd=12: NO_LOCK -> SHARED (fallback)
[1773167267.440201808] LOCK pid=86479 fd=12: SHARED -> SHARED
DBimpl - LOCK REQUEST: 0x3b879400 2
[1773167267.440213061] LOCK pid=86479 fd=12: SHARED -> RESERVED
DBimpl - LOCK REQUEST: 0x3b879400 4
[1773167267.445116915] LOCK pid=86479 fd=12: RESERVED -> PENDING
[1773167267.445118872] LOCK pid=86479 fd=12: PENDING -> EXCLUSIVE
DBimpl - UNLOCK REQUEST: 0x3b879400 1
[1773167267.445122792] UNLOCK pid=86479 fd=12: EXCLUSIVE -> SHARED
DBimpl - UNLOCK REQUEST: 0x3b879400 0
[1773167267.445127880] UNLOCK pid=86479 fd=12: SHARED -> NO_LOCK
DBimpl - LOCK REQUEST: 0x3b879400 1
[1773167267.446092915] LOCK pid=86479 fd=12: NO_LOCK -> SHARED (fallback)
[1773167267.446094201] LOCK pid=86479 fd=12: SHARED -> SHARED
DBimpl - LOCK REQUEST: 0x3b879400 2
[1773167267.446105314] LOCK pid=86479 fd=12: SHARED -> RESERVED
DBimpl - LOCK REQUEST: 0x3b879400 4
[1773167267.448268957] LOCK pid=86479 fd=12: RESERVED -> PENDING
[1773167267.448270489] LOCK pid=86479 fd=12: PENDING -> EXCLUSIVE
DBimpl - UNLOCK REQUEST: 0x3b879400 1
[1773167267.448273583] UNLOCK pid=86479 fd=12: EXCLUSIVE -> SHARED
DBimpl - UNLOCK REQUEST: 0x3b879400 0
[1773167267.448276393] UNLOCK pid=86479 fd=12: SHARED -> NO_LOCK
DBimpl - LOCK REQUEST: 0x3b879400 1
[1773167267.449552380] LOCK pid=86479 fd=12: NO_LOCK -> SHARED (fallback)
[1773167267.449553442] LOCK pid=86479 fd=12: SHARED -> SHARED
DBimpl - LOCK REQUEST: 0x3b879400 2
[1773167267.449561193] LOCK pid=86479 fd=12: SHARED -> RESERVED
DBimpl - LOCK REQUEST: 0x3b879400 4
[1773167267.463464260] LOCK pid=86479 fd=12: RESERVED -> PENDING
[1773167267.463467903] LOCK pid=86479 fd=12: PENDING -> EXCLUSIVE
DBimpl - UNLOCK REQUEST: 0x3b879400 1
[1773167267.463473512] UNLOCK pid=86479 fd=12: EXCLUSIVE -> SHARED
DBimpl - UNLOCK REQUEST: 0x3b879400 0
[1773167267.463479469] UNLOCK pid=86479 fd=12: SHARED -> NO_LOCK
DBimpl - LOCK REQUEST: 0x3b879400 1
[1773167267.464620275] LOCK pid=86479 fd=12: NO_LOCK -> SHARED (fallback)
[1773167267.464622327] LOCK pid=86479 fd=12: SHARED -> SHARED
DBimpl - LOCK REQUEST: 0x3b879400 2
[1773167267.464638329] LOCK pid=86479 fd=12: SHARED -> RESERVED
DBimpl - LOCK REQUEST: 0x3b879400 4
[1773167267.480509587] LOCK pid=86479 fd=12: RESERVED -> PENDING
[1773167267.480514248] LOCK pid=86479 fd=12: PENDING -> EXCLUSIVE
DBimpl - UNLOCK REQUEST: 0x3b879400 1
[1773167267.480528668] UNLOCK pid=86479 fd=12: EXCLUSIVE -> SHARED
DBimpl - UNLOCK REQUEST: 0x3b879400 0
[1773167267.480534206] UNLOCK pid=86479 fd=12: SHARED -> NO_LOCK
DBimpl - LOCK REQUEST: 0x3b879400 1
[1773167267.481863625] LOCK pid=86479 fd=12: NO_LOCK -> SHARED (fallback)
[1773167267.481865790] LOCK pid=86479 fd=12: SHARED -> SHARED
DBimpl - LOCK REQUEST: 0x3b879400 2
[1773167267.481884466] LOCK pid=86479 fd=12: SHARED -> RESERVED
DBimpl - LOCK REQUEST: 0x3b879400 4
[1773167267.498234878] LOCK pid=86479 fd=12: RESERVED -> PENDING
[1773167267.498241561] LOCK pid=86479 fd=12: PENDING -> EXCLUSIVE
DBimpl - UNLOCK REQUEST: 0x3b879400 1
[1773167267.498251357] UNLOCK pid=86479 fd=12: EXCLUSIVE -> SHARED
DBimpl - UNLOCK REQUEST: 0x3b879400 0
[1773167267.498262810] UNLOCK pid=86479 fd=12: SHARED -> NO_LOCK
DBimpl - LOCK REQUEST: 0x3b879400 1
[1773167267.498704043] LOCK pid=86479 fd=12: NO_LOCK -> SHARED (fallback)
[1773167267.498706923] LOCK pid=86479 fd=12: SHARED -> SHARED
DBimpl - LOCK REQUEST: 0x3b879400 2
[1773167267.498731752] LOCK pid=86479 fd=12: SHARED -> RESERVED
DBimpl - LOCK REQUEST: 0x3b879400 4
[1773167267.513105088] LOCK pid=86479 fd=12: RESERVED -> PENDING
[1773167267.513111432] LOCK pid=86479 fd=12: PENDING -> EXCLUSIVE
DBimpl - UNLOCK REQUEST: 0x3b879400 1
[1773167267.513123028] UNLOCK pid=86479 fd=12: EXCLUSIVE -> SHARED
DBimpl - UNLOCK REQUEST: 0x3b879400 0
[1773167267.513130631] UNLOCK pid=86479 fd=12: SHARED -> NO_LOCK
DBimpl - LOCK REQUEST: 0x3b879400 1
[1773167267.515647907] LOCK pid=86479 fd=12: NO_LOCK -> SHARED (fallback)
[1773167267.515651711] LOCK pid=86479 fd=12: SHARED -> SHARED
DBimpl - LOCK REQUEST: 0x3b879400 2
[1773167267.515677246] LOCK pid=86479 fd=12: SHARED -> RESERVED
DBimpl - LOCK REQUEST: 0x3b879400 1
[1773167267.518596516] LOCK pid=86480 fd=14: NO_LOCK -> SHARED (fallback)
[1773167267.518601002] LOCK pid=86480 fd=14: SHARED -> SHARED
DBimpl - LOCK REQUEST: 0x3b879400 2
DBimpl - UNLOCK REQUEST: 0x3b879400 0
[1773167267.518625247] UNLOCK pid=86480 fd=14: SHARED -> NO_LOCK
DBimpl - LOCK REQUEST: 0x3b879400 1
[1773167267.518782359] LOCK pid=86478 fd=10: NO_LOCK -> SHARED (fallback)
[1773167267.518822519] LOCK pid=86478 fd=10: SHARED -> SHARED
DBimpl - LOCK REQUEST: 0x3b879400 2
DBimpl - UNLOCK REQUEST: 0x3b879400 0
[1773167267.518942333] UNLOCK pid=86478 fd=10: SHARED -> NO_LOCK
DBimpl - LOCK REQUEST: 0x3b879400 4
[1773167267.526853402] LOCK pid=86479 fd=12: RESERVED -> PENDING
[1773167267.526858726] LOCK pid=86479 fd=12: PENDING -> EXCLUSIVE
DBimpl - UNLOCK REQUEST: 0x3b879400 1
[1773167267.526867170] UNLOCK pid=86479 fd=12: EXCLUSIVE -> SHARED
DBimpl - UNLOCK REQUEST: 0x3b879400 0
[1773167267.526874821] UNLOCK pid=86479 fd=12: SHARED -> NO_LOCK
DBimpl - LOCK REQUEST: 0x3b879400 1
[1773167267.529434202] LOCK pid=86479 fd=12: NO_LOCK -> SHARED (fallback)
[1773167267.529438242] LOCK pid=86479 fd=12: SHARED -> SHARED
DBimpl - LOCK REQUEST: 0x3b879400 2
[1773167267.529466411] LOCK pid=86479 fd=12: SHARED -> RESERVED
DBimpl - LOCK REQUEST: 0x3b879400 4
[1773167267.530759684] LOCK pid=86479 fd=12: RESERVED -> PENDING
[1773167267.530807204] LOCK pid=86479 fd=12: PENDING -> EXCLUSIVE
DBimpl - UNLOCK REQUEST: 0x3b879400 1
[1773167267.530916583] UNLOCK pid=86479 fd=12: EXCLUSIVE -> SHARED
DBimpl - UNLOCK REQUEST: 0x3b879400 0
[1773167267.530967228] UNLOCK pid=86479 fd=12: SHARED -> NO_LOCK
DBimpl - LOCK REQUEST: 0x3b879400 1
[1773167267.531199064] LOCK pid=86479 fd=12: NO_LOCK -> SHARED (fallback)
[1773167267.531201332] LOCK pid=86479 fd=12: SHARED -> SHARED
DBimpl - LOCK REQUEST: 0x3b879400 2
[1773167267.531214167] LOCK pid=86479 fd=12: SHARED -> RESERVED
DBimpl - LOCK REQUEST: 0x3b879400 4
[1773167267.539579282] LOCK pid=86479 fd=12: RESERVED -> PENDING
[1773167267.539584330] LOCK pid=86479 fd=12: PENDING -> EXCLUSIVE
DBimpl - UNLOCK REQUEST: 0x3b879400 1
[1773167267.539592431] UNLOCK pid=86479 fd=12: EXCLUSIVE -> SHARED
DBimpl - UNLOCK REQUEST: 0x3b879400 0
[1773167267.539600056] UNLOCK pid=86479 fd=12: SHARED -> NO_LOCK
DBimpl - LOCK REQUEST: 0x3b879400 1
[1773167267.540697193] LOCK pid=86479 fd=12: NO_LOCK -> SHARED (fallback)
[1773167267.540699193] LOCK pid=86479 fd=12: SHARED -> SHARED
DBimpl - LOCK REQUEST: 0x3b879400 2
[1773167267.540716438] LOCK pid=86479 fd=12: SHARED -> RESERVED
DBimpl - LOCK REQUEST: 0x3b879400 4
[1773167267.544018577] LOCK pid=86479 fd=12: RESERVED -> PENDING
[1773167267.544024364] LOCK pid=86479 fd=12: PENDING -> EXCLUSIVE
DBimpl - UNLOCK REQUEST: 0x3b879400 1
[1773167267.544033232] UNLOCK pid=86479 fd=12: EXCLUSIVE -> SHARED
DBimpl - UNLOCK REQUEST: 0x3b879400 0
[1773167267.544040407] UNLOCK pid=86479 fd=12: SHARED -> NO_LOCK
DBimpl - LOCK REQUEST: 0x3b879400 1
[1773167267.551085702] LOCK pid=86479 fd=12: NO_LOCK -> SHARED (fallback)
[1773167267.551090540] LOCK pid=86479 fd=12: SHARED -> SHARED
DBimpl - LOCK REQUEST: 0x3b879400 2
[1773167267.551120462] LOCK pid=86479 fd=12: SHARED -> RESERVED
DBimpl - LOCK REQUEST: 0x3b879400 4
[1773167267.557033893] LOCK pid=86479 fd=12: RESERVED -> PENDING
[1773167267.557037078] LOCK pid=86479 fd=12: PENDING -> EXCLUSIVE
DBimpl - UNLOCK REQUEST: 0x3b879400 1
[1773167267.557044033] UNLOCK pid=86479 fd=12: EXCLUSIVE -> SHARED
DBimpl - UNLOCK REQUEST: 0x3b879400 0
[1773167267.557050217] UNLOCK pid=86479 fd=12: SHARED -> NO_LOCK
DBimpl - LOCK REQUEST: 0x3b879400 1
[1773167267.558239148] LOCK pid=86479 fd=12: NO_LOCK -> SHARED (fallback)
[1773167267.558242249] LOCK pid=86479 fd=12: SHARED -> SHARED
DBimpl - LOCK REQUEST: 0x3b879400 2
[1773167267.558260843] LOCK pid=86479 fd=12: SHARED -> RESERVED
DBimpl - LOCK REQUEST: 0x3b879400 4
[1773167267.569327564] LOCK pid=86479 fd=12: RESERVED -> PENDING
[1773167267.569330562] LOCK pid=86479 fd=12: PENDING -> EXCLUSIVE
DBimpl - UNLOCK REQUEST: 0x3b879400 1
[1773167267.569337678] UNLOCK pid=86479 fd=12: EXCLUSIVE -> SHARED
DBimpl - UNLOCK REQUEST: 0x3b879400 0
[1773167267.569342768] UNLOCK pid=86479 fd=12: SHARED -> NO_LOCK
DBimpl - LOCK REQUEST: 0x3b879400 1
[1773167267.571902565] LOCK pid=86479 fd=12: NO_LOCK -> SHARED (fallback)
[1773167267.571907048] LOCK pid=86479 fd=12: SHARED -> SHARED
DBimpl - LOCK REQUEST: 0x3b879400 2
[1773167267.571931848] LOCK pid=86479 fd=12: SHARED -> RESERVED
DBimpl - LOCK REQUEST: 0x3b879400 4
[1773167267.587675784] LOCK pid=86479 fd=12: RESERVED -> PENDING
[1773167267.587679543] LOCK pid=86479 fd=12: PENDING -> EXCLUSIVE
DBimpl - UNLOCK REQUEST: 0x3b879400 1
[1773167267.587686851] UNLOCK pid=86479 fd=12: EXCLUSIVE -> SHARED
DBimpl - UNLOCK REQUEST: 0x3b879400 0
[1773167267.587692900] UNLOCK pid=86479 fd=12: SHARED -> NO_LOCK
DBimpl - LOCK REQUEST: 0x3b879400 1
[1773167267.591616187] LOCK pid=86479 fd=12: NO_LOCK -> SHARED (fallback)
[1773167267.591619211] LOCK pid=86479 fd=12: SHARED -> SHARED
DBimpl - LOCK REQUEST: 0x3b879400 2
[1773167267.591637244] LOCK pid=86479 fd=12: SHARED -> RESERVED
DBimpl - LOCK REQUEST: 0x3b879400 4
[1773167267.593820992] LOCK pid=86479 fd=12: RESERVED -> PENDING
[1773167267.593823846] LOCK pid=86479 fd=12: PENDING -> EXCLUSIVE
DBimpl - UNLOCK REQUEST: 0x3b879400 1
[1773167267.593830382] UNLOCK pid=86479 fd=12: EXCLUSIVE -> SHARED
DBimpl - UNLOCK REQUEST: 0x3b879400 0
[1773167267.593836193] UNLOCK pid=86479 fd=12: SHARED -> NO_LOCK
DBimpl - LOCK REQUEST: 0x3b879400 1
[1773167267.599021726] LOCK pid=86479 fd=12: NO_LOCK -> SHARED (fallback)
[1773167267.599024366] LOCK pid=86479 fd=12: SHARED -> SHARED
DBimpl - LOCK REQUEST: 0x3b879400 2
[1773167267.599039992] LOCK pid=86479 fd=12: SHARED -> RESERVED
DBimpl - LOCK REQUEST: 0x3b879400 4
[1773167267.611882648] LOCK pid=86479 fd=12: RESERVED -> PENDING
[1773167267.611886270] LOCK pid=86479 fd=12: PENDING -> EXCLUSIVE
DBimpl - UNLOCK REQUEST: 0x3b879400 1
[1773167267.611893373] UNLOCK pid=86479 fd=12: EXCLUSIVE -> SHARED
DBimpl - UNLOCK REQUEST: 0x3b879400 0
[1773167267.611899401] UNLOCK pid=86479 fd=12: SHARED -> NO_LOCK
DBimpl - LOCK REQUEST: 0x3b879400 1
[1773167267.612402606] LOCK pid=86479 fd=12: NO_LOCK -> SHARED (fallback)
[1773167267.612404509] LOCK pid=86479 fd=12: SHARED -> SHARED
DBimpl - LOCK REQUEST: 0x3b879400 2
[1773167267.612417985] LOCK pid=86479 fd=12: SHARED -> RESERVED
DBimpl - LOCK REQUEST: 0x3b879400 1
[1773167267.618947314] LOCK pid=86480 fd=14: NO_LOCK -> SHARED (fallback)
[1773167267.618950021] LOCK pid=86480 fd=14: SHARED -> SHARED
DBimpl - LOCK REQUEST: 0x3b879400 2
DBimpl - UNLOCK REQUEST: 0x3b879400 0
[1773167267.618971115] UNLOCK pid=86480 fd=14: SHARED -> NO_LOCK
DBimpl - LOCK REQUEST: 0x3b879400 1
[1773167267.619010021] LOCK pid=86478 fd=10: NO_LOCK -> SHARED (fallback)
[1773167267.619011406] LOCK pid=86478 fd=10: SHARED -> SHARED
DBimpl - LOCK REQUEST: 0x3b879400 2
DBimpl - UNLOCK REQUEST: 0x3b879400 0
[1773167267.619020223] UNLOCK pid=86478 fd=10: SHARED -> NO_LOCK
DBimpl - LOCK REQUEST: 0x3b879400 4
[1773167267.632012860] LOCK pid=86479 fd=12: RESERVED -> PENDING
[1773167267.632016366] LOCK pid=86479 fd=12: PENDING -> EXCLUSIVE
DBimpl - UNLOCK REQUEST: 0x3b879400 1
[1773167267.632023003] UNLOCK pid=86479 fd=12: EXCLUSIVE -> SHARED
DBimpl - UNLOCK REQUEST: 0x3b879400 0
[1773167267.632029369] UNLOCK pid=86479 fd=12: SHARED -> NO_LOCK
DBimpl - LOCK REQUEST: 0x3b879400 1
[1773167267.633168140] LOCK pid=86479 fd=12: NO_LOCK -> SHARED (fallback)
[1773167267.633169903] LOCK pid=86479 fd=12: SHARED -> SHARED
DBimpl - LOCK REQUEST: 0x3b879400 2
[1773167267.633182084] LOCK pid=86479 fd=12: SHARED -> RESERVED
DBimpl - LOCK REQUEST: 0x3b879400 4
[1773167267.644569728] LOCK pid=86479 fd=12: RESERVED -> PENDING
[1773167267.644572470] LOCK pid=86479 fd=12: PENDING -> EXCLUSIVE
DBimpl - UNLOCK REQUEST: 0x3b879400 1
[1773167267.644577998] UNLOCK pid=86479 fd=12: EXCLUSIVE -> SHARED
DBimpl - UNLOCK REQUEST: 0x3b879400 0
[1773167267.644583508] UNLOCK pid=86479 fd=12: SHARED -> NO_LOCK
DBimpl - LOCK REQUEST: 0x3b879400 1
[1773167267.645955738] LOCK pid=86479 fd=12: NO_LOCK -> SHARED (fallback)
[1773167267.645958567] LOCK pid=86479 fd=12: SHARED -> SHARED
DBimpl - LOCK REQUEST: 0x3b879400 2
[1773167267.645975742] LOCK pid=86479 fd=12: SHARED -> RESERVED
DBimpl - LOCK REQUEST: 0x3b879400 4
[1773167267.663800485] LOCK pid=86479 fd=12: RESERVED -> PENDING
[1773167267.663804660] LOCK pid=86479 fd=12: PENDING -> EXCLUSIVE
DBimpl - UNLOCK REQUEST: 0x3b879400 1
[1773167267.663812763] UNLOCK pid=86479 fd=12: EXCLUSIVE -> SHARED
DBimpl - UNLOCK REQUEST: 0x3b879400 0
[1773167267.663819142] UNLOCK pid=86479 fd=12: SHARED -> NO_LOCK
DBimpl - LOCK REQUEST: 0x3b879400 1
[1773167267.664698143] LOCK pid=86479 fd=12: NO_LOCK -> SHARED (fallback)
[1773167267.664700224] LOCK pid=86479 fd=12: SHARED -> SHARED
DBimpl - LOCK REQUEST: 0x3b879400 2
[1773167267.664716726] LOCK pid=86479 fd=12: SHARED -> RESERVED
DBimpl - LOCK REQUEST: 0x3b879400 4
[1773167267.671636536] LOCK pid=86479 fd=12: RESERVED -> PENDING
[1773167267.671642034] LOCK pid=86479 fd=12: PENDING -> EXCLUSIVE
DBimpl - UNLOCK REQUEST: 0x3b879400 1
[1773167267.671649544] UNLOCK pid=86479 fd=12: EXCLUSIVE -> SHARED
DBimpl - UNLOCK REQUEST: 0x3b879400 0
[1773167267.671653509] UNLOCK pid=86479 fd=12: SHARED -> NO_LOCK
DBimpl - LOCK REQUEST: 0x3b879400 1
[1773167267.676641689] LOCK pid=86479 fd=12: NO_LOCK -> SHARED (fallback)
[1773167267.676647357] LOCK pid=86479 fd=12: SHARED -> SHARED
DBimpl - LOCK REQUEST: 0x3b879400 2
[1773167267.676677368] LOCK pid=86479 fd=12: SHARED -> RESERVED
DBimpl - LOCK REQUEST: 0x3b879400 4
[1773167267.677283951] LOCK pid=86479 fd=12: RESERVED -> PENDING
[1773167267.677286714] LOCK pid=86479 fd=12: PENDING -> EXCLUSIVE
DBimpl - UNLOCK REQUEST: 0x3b879400 1
[1773167267.677293304] UNLOCK pid=86479 fd=12: EXCLUSIVE -> SHARED
DBimpl - UNLOCK REQUEST: 0x3b879400 0
[1773167267.677299194] UNLOCK pid=86479 fd=12: SHARED -> NO_LOCK
DBimpl - LOCK REQUEST: 0x3b879400 1
[1773167267.677701032] LOCK pid=86479 fd=12: NO_LOCK -> SHARED (fallback)
[1773167267.677702921] LOCK pid=86479 fd=12: SHARED -> SHARED
DBimpl - LOCK REQUEST: 0x3b879400 2
[1773167267.677713954] LOCK pid=86479 fd=12: SHARED -> RESERVED
DBimpl - LOCK REQUEST: 0x3b879400 4
[1773167267.680501291] LOCK pid=86479 fd=12: RESERVED -> PENDING
[1773167267.680503707] LOCK pid=86479 fd=12: PENDING -> EXCLUSIVE
DBimpl - UNLOCK REQUEST: 0x3b879400 1
[1773167267.680518583] UNLOCK pid=86479 fd=12: EXCLUSIVE -> SHARED
DBimpl - UNLOCK REQUEST: 0x3b879400 0
[1773167267.680523586] UNLOCK pid=86479 fd=12: SHARED -> NO_LOCK
DBimpl - LOCK REQUEST: 0x3b879400 1
[1773167267.681862939] LOCK pid=86479 fd=12: NO_LOCK -> SHARED (fallback)
[1773167267.681865686] LOCK pid=86479 fd=12: SHARED -> SHARED
DBimpl - LOCK REQUEST: 0x3b879400 2
[1773167267.681885085] LOCK pid=86479 fd=12: SHARED -> RESERVED
DBimpl - LOCK REQUEST: 0x3b879400 4
[1773167267.696084135] LOCK pid=86479 fd=12: RESERVED -> PENDING
[1773167267.696088295] LOCK pid=86479 fd=12: PENDING -> EXCLUSIVE
DBimpl - UNLOCK REQUEST: 0x3b879400 1
[1773167267.696095619] UNLOCK pid=86479 fd=12: EXCLUSIVE -> SHARED
DBimpl - UNLOCK REQUEST: 0x3b879400 0
[1773167267.696102413] UNLOCK pid=86479 fd=12: SHARED -> NO_LOCK
DBimpl - LOCK REQUEST: 0x3b879400 1
[1773167267.700980477] LOCK pid=86479 fd=12: NO_LOCK -> SHARED (fallback)
[1773167267.700984940] LOCK pid=86479 fd=12: SHARED -> SHARED
DBimpl - LOCK REQUEST: 0x3b879400 2
[1773167267.701010712] LOCK pid=86479 fd=12: SHARED -> RESERVED
DBimpl - LOCK REQUEST: 0x3b879400 4
[1773167267.717346148] LOCK pid=86479 fd=12: RESERVED -> PENDING
[1773167267.717350339] LOCK pid=86479 fd=12: PENDING -> EXCLUSIVE
DBimpl - UNLOCK REQUEST: 0x3b879400 1
[1773167267.717359391] UNLOCK pid=86479 fd=12: EXCLUSIVE -> SHARED
DBimpl - UNLOCK REQUEST: 0x3b879400 0
[1773167267.717366309] UNLOCK pid=86479 fd=12: SHARED -> NO_LOCK
DBimpl - LOCK REQUEST: 0x3b879400 1
[1773167267.718903431] LOCK pid=86479 fd=12: NO_LOCK -> SHARED (fallback)
[1773167267.718908183] LOCK pid=86479 fd=12: SHARED -> SHARED
DBimpl - LOCK REQUEST: 0x3b879400 2
[1773167267.718935728] LOCK pid=86479 fd=12: SHARED -> RESERVED
DBimpl - LOCK REQUEST: 0x3b879400 1
[1773167267.719055409] LOCK pid=86480 fd=14: NO_LOCK -> SHARED (fallback)
[1773167267.719058026] LOCK pid=86480 fd=14: SHARED -> SHARED
DBimpl - LOCK REQUEST: 0x3b879400 1
DBimpl - LOCK REQUEST: 0x3b879400 2
DBimpl - UNLOCK REQUEST: 0x3b879400 0
[1773167267.719080332] UNLOCK pid=86480 fd=14: SHARED -> NO_LOCK
[1773167267.719079910] LOCK pid=86478 fd=10: NO_LOCK -> SHARED (fallback)
[1773167267.719082263] LOCK pid=86478 fd=10: SHARED -> SHARED
DBimpl - LOCK REQUEST: 0x3b879400 2
DBimpl - UNLOCK REQUEST: 0x3b879400 0
[1773167267.719096895] UNLOCK pid=86478 fd=10: SHARED -> NO_LOCK
DBimpl - LOCK REQUEST: 0x3b879400 4
[1773167267.733186443] LOCK pid=86479 fd=12: RESERVED -> PENDING
[1773167267.733190002] LOCK pid=86479 fd=12: PENDING -> EXCLUSIVE
DBimpl - UNLOCK REQUEST: 0x3b879400 1
[1773167267.733196715] UNLOCK pid=86479 fd=12: EXCLUSIVE -> SHARED
DBimpl - UNLOCK REQUEST: 0x3b879400 0
[1773167267.733203414] UNLOCK pid=86479 fd=12: SHARED -> NO_LOCK
DBimpl - LOCK REQUEST: 0x3b879400 1
[1773167267.737466948] LOCK pid=86479 fd=12: NO_LOCK -> SHARED (fallback)
[1773167267.737469784] LOCK pid=86479 fd=12: SHARED -> SHARED
DBimpl - LOCK REQUEST: 0x3b879400 2
[1773167267.737489321] LOCK pid=86479 fd=12: SHARED -> RESERVED
DBimpl - LOCK REQUEST: 0x3b879400 4
[1773167267.743789031] LOCK pid=86479 fd=12: RESERVED -> PENDING
[1773167267.743791914] LOCK pid=86479 fd=12: PENDING -> EXCLUSIVE
DBimpl - UNLOCK REQUEST: 0x3b879400 1
[1773167267.743798992] UNLOCK pid=86479 fd=12: EXCLUSIVE -> SHARED
DBimpl - UNLOCK REQUEST: 0x3b879400 0
[1773167267.743805087] UNLOCK pid=86479 fd=12: SHARED -> NO_LOCK
DBimpl - LOCK REQUEST: 0x3b879400 1
[1773167267.748402146] LOCK pid=86479 fd=12: NO_LOCK -> SHARED (fallback)
[1773167267.748405118] LOCK pid=86479 fd=12: SHARED -> SHARED
DBimpl - LOCK REQUEST: 0x3b879400 2
[1773167267.748422891] LOCK pid=86479 fd=12: SHARED -> RESERVED
DBimpl - LOCK REQUEST: 0x3b879400 4
[1773167267.763337493] LOCK pid=86479 fd=12: RESERVED -> PENDING
[1773167267.763341224] LOCK pid=86479 fd=12: PENDING -> EXCLUSIVE
DBimpl - UNLOCK REQUEST: 0x3b879400 1
[1773167267.763348790] UNLOCK pid=86479 fd=12: EXCLUSIVE -> SHARED
DBimpl - UNLOCK REQUEST: 0x3b879400 0
[1773167267.763355114] UNLOCK pid=86479 fd=12: SHARED -> NO_LOCK
DBimpl - LOCK REQUEST: 0x3b879400 1
[1773167267.764324574] LOCK pid=86479 fd=12: NO_LOCK -> SHARED (fallback)
[1773167267.764336055] LOCK pid=86479 fd=12: SHARED -> SHARED
DBimpl - LOCK REQUEST: 0x3b879400 2
[1773167267.764351786] LOCK pid=86479 fd=12: SHARED -> RESERVED
DBimpl - LOCK REQUEST: 0x3b879400 4
[1773167267.783197736] LOCK pid=86479 fd=12: RESERVED -> PENDING
[1773167267.783211108] LOCK pid=86479 fd=12: PENDING -> EXCLUSIVE
DBimpl - UNLOCK REQUEST: 0x3b879400 1
[1773167267.783219010] UNLOCK pid=86479 fd=12: EXCLUSIVE -> SHARED
DBimpl - UNLOCK REQUEST: 0x3b879400 0
[1773167267.783239698] UNLOCK pid=86479 fd=12: SHARED -> NO_LOCK
DBimpl - LOCK REQUEST: 0x3b879400 1
[1773167267.787473022] LOCK pid=86479 fd=12: NO_LOCK -> SHARED (fallback)
[1773167267.787497245] LOCK pid=86479 fd=12: SHARED -> SHARED
DBimpl - LOCK REQUEST: 0x3b879400 2
[1773167267.787567957] LOCK pid=86479 fd=12: SHARED -> RESERVED
DBimpl - LOCK REQUEST: 0x3b879400 4
[1773167267.805703110] LOCK pid=86479 fd=12: RESERVED -> PENDING
[1773167267.805708589] LOCK pid=86479 fd=12: PENDING -> EXCLUSIVE
DBimpl - UNLOCK REQUEST: 0x3b879400 1
[1773167267.805716413] UNLOCK pid=86479 fd=12: EXCLUSIVE -> SHARED
DBimpl - UNLOCK REQUEST: 0x3b879400 0
[1773167267.805727254] UNLOCK pid=86479 fd=12: SHARED -> NO_LOCK
DBimpl - LOCK REQUEST: 0x3b879400 1
[1773167267.806625392] LOCK pid=86479 fd=12: NO_LOCK -> SHARED (fallback)
[1773167267.806627609] LOCK pid=86479 fd=12: SHARED -> SHARED
DBimpl - LOCK REQUEST: 0x3b879400 2
[1773167267.806645962] LOCK pid=86479 fd=12: SHARED -> RESERVED
DBimpl - LOCK REQUEST: 0x3b879400 4
[1773167267.817654301] LOCK pid=86479 fd=12: RESERVED -> PENDING
[1773167267.817658185] LOCK pid=86479 fd=12: PENDING -> EXCLUSIVE
DBimpl - UNLOCK REQUEST: 0x3b879400 1
[1773167267.817665633] UNLOCK pid=86479 fd=12: EXCLUSIVE -> SHARED
DBimpl - UNLOCK REQUEST: 0x3b879400 0
[1773167267.817672016] UNLOCK pid=86479 fd=12: SHARED -> NO_LOCK
DBimpl - LOCK REQUEST: 0x3b879400 1
[1773167267.817964516] LOCK pid=86479 fd=12: NO_LOCK -> SHARED (fallback)
[1773167267.817966615] LOCK pid=86479 fd=12: SHARED -> SHARED
DBimpl - LOCK REQUEST: 0x3b879400 2
[1773167267.817986898] LOCK pid=86479 fd=12: SHARED -> RESERVED
DBimpl - LOCK REQUEST: 0x3b879400 1
DBimpl - LOCK REQUEST: 0x3b879400 1
[1773167267.819177830] LOCK pid=86478 fd=10: NO_LOCK -> SHARED (fallback)
[1773167267.819184287] LOCK pid=86478 fd=10: SHARED -> SHARED
[1773167267.819189696] LOCK pid=86480 fd=14: NO_LOCK -> SHARED (fallback)
[1773167267.819193756] LOCK pid=86480 fd=14: SHARED -> SHARED
DBimpl - LOCK REQUEST: 0x3b879400 2
DBimpl - UNLOCK REQUEST: 0x3b879400 0
[1773167267.819201600] UNLOCK pid=86478 fd=10: SHARED -> NO_LOCK
DBimpl - LOCK REQUEST: 0x3b879400 2
DBimpl - UNLOCK REQUEST: 0x3b879400 0
[1773167267.819225490] UNLOCK pid=86480 fd=14: SHARED -> NO_LOCK
DBimpl - LOCK REQUEST: 0x3b879400 4
[1773167267.832296739] LOCK pid=86479 fd=12: RESERVED -> PENDING
[1773167267.832299903] LOCK pid=86479 fd=12: PENDING -> EXCLUSIVE
DBimpl - UNLOCK REQUEST: 0x3b879400 1
[1773167267.832305368] UNLOCK pid=86479 fd=12: EXCLUSIVE -> SHARED
DBimpl - UNLOCK REQUEST: 0x3b879400 0
[1773167267.832310471] UNLOCK pid=86479 fd=12: SHARED -> NO_LOCK
DBimpl - LOCK REQUEST: 0x3b879400 1
[1773167267.832655723] LOCK pid=86479 fd=12: NO_LOCK -> SHARED (fallback)
[1773167267.832656980] LOCK pid=86479 fd=12: SHARED -> SHARED
DBimpl - LOCK REQUEST: 0x3b879400 2
[1773167267.832668583] LOCK pid=86479 fd=12: SHARED -> RESERVED
DBimpl - LOCK REQUEST: 0x3b879400 4
[1773167267.846954972] LOCK pid=86479 fd=12: RESERVED -> PENDING
[1773167267.846957709] LOCK pid=86479 fd=12: PENDING -> EXCLUSIVE
DBimpl - UNLOCK REQUEST: 0x3b879400 1
[1773167267.846963012] UNLOCK pid=86479 fd=12: EXCLUSIVE -> SHARED
DBimpl - UNLOCK REQUEST: 0x3b879400 0
[1773167267.846967070] UNLOCK pid=86479 fd=12: SHARED -> NO_LOCK
DBimpl - LOCK REQUEST: 0x3b879400 1
[1773167267.847088547] LOCK pid=86479 fd=12: NO_LOCK -> SHARED (fallback)
[1773167267.847090625] LOCK pid=86479 fd=12: SHARED -> SHARED
DBimpl - LOCK REQUEST: 0x3b879400 2
[1773167267.847103474] LOCK pid=86479 fd=12: SHARED -> RESERVED
DBimpl - LOCK REQUEST: 0x3b879400 4
[1773167267.865155548] LOCK pid=86479 fd=12: RESERVED -> PENDING
[1773167267.865158880] LOCK pid=86479 fd=12: PENDING -> EXCLUSIVE
DBimpl - UNLOCK REQUEST: 0x3b879400 1
[1773167267.865164431] UNLOCK pid=86479 fd=12: EXCLUSIVE -> SHARED
DBimpl - UNLOCK REQUEST: 0x3b879400 0
[1773167267.865169629] UNLOCK pid=86479 fd=12: SHARED -> NO_LOCK
DBimpl - LOCK REQUEST: 0x3b879400 1
[1773167267.865365396] LOCK pid=86479 fd=12: NO_LOCK -> SHARED (fallback)
[1773167267.865366775] LOCK pid=86479 fd=12: SHARED -> SHARED
DBimpl - LOCK REQUEST: 0x3b879400 2
[1773167267.865383840] LOCK pid=86479 fd=12: SHARED -> RESERVED
DBimpl - LOCK REQUEST: 0x3b879400 4
[1773167267.867123533] LOCK pid=86479 fd=12: RESERVED -> PENDING
[1773167267.867125970] LOCK pid=86479 fd=12: PENDING -> EXCLUSIVE
DBimpl - UNLOCK REQUEST: 0x3b879400 1
[1773167267.867130257] UNLOCK pid=86479 fd=12: EXCLUSIVE -> SHARED
DBimpl - UNLOCK REQUEST: 0x3b879400 0
[1773167267.867134060] UNLOCK pid=86479 fd=12: SHARED -> NO_LOCK
DBimpl - LOCK REQUEST: 0x3b879400 1
[1773167267.873322989] LOCK pid=86479 fd=12: NO_LOCK -> SHARED (fallback)
[1773167267.873327149] LOCK pid=86479 fd=12: SHARED -> SHARED
DBimpl - LOCK REQUEST: 0x3b879400 2
[1773167267.873354996] LOCK pid=86479 fd=12: SHARED -> RESERVED
DBimpl - LOCK REQUEST: 0x3b879400 4
[1773167267.879962126] LOCK pid=86479 fd=12: RESERVED -> PENDING
[1773167267.879964918] LOCK pid=86479 fd=12: PENDING -> EXCLUSIVE
DBimpl - UNLOCK REQUEST: 0x3b879400 1
[1773167267.879971152] UNLOCK pid=86479 fd=12: EXCLUSIVE -> SHARED
DBimpl - UNLOCK REQUEST: 0x3b879400 0
[1773167267.879992116] UNLOCK pid=86479 fd=12: SHARED -> NO_LOCK
DBimpl - LOCK REQUEST: 0x3b879400 1
[1773167267.881658426] LOCK pid=86479 fd=12: NO_LOCK -> SHARED (fallback)
[1773167267.881660013] LOCK pid=86479 fd=12: SHARED -> SHARED
DBimpl - LOCK REQUEST: 0x3b879400 2
[1773167267.881671227] LOCK pid=86479 fd=12: SHARED -> RESERVED
DBimpl - LOCK REQUEST: 0x3b879400 4
[1773167267.887315595] LOCK pid=86479 fd=12: RESERVED -> PENDING
[1773167267.887318719] LOCK pid=86479 fd=12: PENDING -> EXCLUSIVE
DBimpl - UNLOCK REQUEST: 0x3b879400 1
[1773167267.887324475] UNLOCK pid=86479 fd=12: EXCLUSIVE -> SHARED
DBimpl - UNLOCK REQUEST: 0x3b879400 0
[1773167267.887343008] UNLOCK pid=86479 fd=12: SHARED -> NO_LOCK
DBimpl - LOCK REQUEST: 0x3b879400 1
[1773167267.887678879] LOCK pid=86479 fd=12: NO_LOCK -> SHARED (fallback)
[1773167267.887680197] LOCK pid=86479 fd=12: SHARED -> SHARED
DBimpl - LOCK REQUEST: 0x3b879400 2
[1773167267.887692637] LOCK pid=86479 fd=12: SHARED -> RESERVED
DBimpl - LOCK REQUEST: 0x3b879400 4
[1773167267.902152570] LOCK pid=86479 fd=12: RESERVED -> PENDING
[1773167267.902157893] LOCK pid=86479 fd=12: PENDING -> EXCLUSIVE
DBimpl - UNLOCK REQUEST: 0x3b879400 1
[1773167267.902163697] UNLOCK pid=86479 fd=12: EXCLUSIVE -> SHARED
DBimpl - UNLOCK REQUEST: 0x3b879400 0
[1773167267.902168993] UNLOCK pid=86479 fd=12: SHARED -> NO_LOCK
DBimpl - LOCK REQUEST: 0x3b879400 1
[1773167267.903929852] LOCK pid=86479 fd=12: NO_LOCK -> SHARED (fallback)
[1773167267.903932015] LOCK pid=86479 fd=12: SHARED -> SHARED
DBimpl - LOCK REQUEST: 0x3b879400 2
[1773167267.903948366] LOCK pid=86479 fd=12: SHARED -> RESERVED
DBimpl - LOCK REQUEST: 0x3b879400 4
[1773167267.904429686] LOCK pid=86479 fd=12: RESERVED -> PENDING
[1773167267.904431568] LOCK pid=86479 fd=12: PENDING -> EXCLUSIVE
DBimpl - UNLOCK REQUEST: 0x3b879400 1
[1773167267.904435841] UNLOCK pid=86479 fd=12: EXCLUSIVE -> SHARED
DBimpl - UNLOCK REQUEST: 0x3b879400 0
[1773167267.904439596] UNLOCK pid=86479 fd=12: SHARED -> NO_LOCK
DBimpl - LOCK REQUEST: 0x3b879400 1
[1773167267.910109465] LOCK pid=86479 fd=12: NO_LOCK -> SHARED (fallback)
[1773167267.910113032] LOCK pid=86479 fd=12: SHARED -> SHARED
DBimpl - LOCK REQUEST: 0x3b879400 2
[1773167267.910136864] LOCK pid=86479 fd=12: SHARED -> RESERVED
DBimpl - LOCK REQUEST: 0x3b879400 4
[1773167267.911411400] LOCK pid=86479 fd=12: RESERVED -> PENDING
[1773167267.911413421] LOCK pid=86479 fd=12: PENDING -> EXCLUSIVE
DBimpl - UNLOCK REQUEST: 0x3b879400 1
[1773167267.911419470] UNLOCK pid=86479 fd=12: EXCLUSIVE -> SHARED
DBimpl - UNLOCK REQUEST: 0x3b879400 0
[1773167267.911431942] UNLOCK pid=86479 fd=12: SHARED -> NO_LOCK
DBimpl - LOCK REQUEST: 0x3b879400 1
[1773167267.913229436] LOCK pid=86479 fd=12: NO_LOCK -> SHARED (fallback)
[1773167267.913233105] LOCK pid=86479 fd=12: SHARED -> SHARED
DBimpl - LOCK REQUEST: 0x3b879400 2
[1773167267.913266981] LOCK pid=86479 fd=12: SHARED -> RESERVED
DBimpl - LOCK REQUEST: 0x3b879400 1
DBimpl - LOCK REQUEST: 0x3b879400 1
[1773167267.919309605] LOCK pid=86478 fd=10: NO_LOCK -> SHARED (fallback)
[1773167267.919317390] LOCK pid=86478 fd=10: SHARED -> SHARED
[1773167267.919319602] LOCK pid=86480 fd=14: NO_LOCK -> SHARED (fallback)
[1773167267.919322266] LOCK pid=86480 fd=14: SHARED -> SHARED
DBimpl - LOCK REQUEST: 0x3b879400 2
DBimpl - LOCK REQUEST: 0x3b879400 2
DBimpl - UNLOCK REQUEST: 0x3b879400 0
DBimpl - UNLOCK REQUEST: 0x3b879400 0
[1773167267.919339930] UNLOCK pid=86480 fd=14: SHARED -> NO_LOCK
[1773167267.919342491] UNLOCK pid=86478 fd=10: SHARED -> NO_LOCK
DBimpl - LOCK REQUEST: 0x3b879400 4
[1773167267.926795245] LOCK pid=86479 fd=12: RESERVED -> PENDING
[1773167267.926798615] LOCK pid=86479 fd=12: PENDING -> EXCLUSIVE
DBimpl - UNLOCK REQUEST: 0x3b879400 1
[1773167267.926804599] UNLOCK pid=86479 fd=12: EXCLUSIVE -> SHARED
DBimpl - UNLOCK REQUEST: 0x3b879400 0
[1773167267.926826860] UNLOCK pid=86479 fd=12: SHARED -> NO_LOCK
DBimpl - LOCK REQUEST: 0x3b879400 1
[1773167267.933528806] LOCK pid=86479 fd=12: NO_LOCK -> SHARED (fallback)
[1773167267.933531098] LOCK pid=86479 fd=12: SHARED -> SHARED
DBimpl - LOCK REQUEST: 0x3b879400 2
[1773167267.933546657] LOCK pid=86479 fd=12: SHARED -> RESERVED
DBimpl - LOCK REQUEST: 0x3b879400 4
[1773167267.950179793] LOCK pid=86479 fd=12: RESERVED -> PENDING
[1773167267.950183253] LOCK pid=86479 fd=12: PENDING -> EXCLUSIVE
DBimpl - UNLOCK REQUEST: 0x3b879400 1
[1773167267.950189145] UNLOCK pid=86479 fd=12: EXCLUSIVE -> SHARED
DBimpl - UNLOCK REQUEST: 0x3b879400 0
[1773167267.950194237] UNLOCK pid=86479 fd=12: SHARED -> NO_LOCK
DBimpl - LOCK REQUEST: 0x3b879400 1
[1773167267.950539726] LOCK pid=86479 fd=12: NO_LOCK -> SHARED (fallback)
[1773167267.950541066] LOCK pid=86479 fd=12: SHARED -> SHARED
DBimpl - LOCK REQUEST: 0x3b879400 2
[1773167267.950555001] LOCK pid=86479 fd=12: SHARED -> RESERVED
DBimpl - LOCK REQUEST: 0x3b879400 4
[1773167267.960175418] LOCK pid=86479 fd=12: RESERVED -> PENDING
[1773167267.960177799] LOCK pid=86479 fd=12: PENDING -> EXCLUSIVE
DBimpl - UNLOCK REQUEST: 0x3b879400 1
[1773167267.960182545] UNLOCK pid=86479 fd=12: EXCLUSIVE -> SHARED
DBimpl - UNLOCK REQUEST: 0x3b879400 0
[1773167267.960187223] UNLOCK pid=86479 fd=12: SHARED -> NO_LOCK
DBimpl - LOCK REQUEST: 0x3b879400 1
[1773167267.961796035] LOCK pid=86479 fd=12: NO_LOCK -> SHARED (fallback)
[1773167267.961798262] LOCK pid=86479 fd=12: SHARED -> SHARED
DBimpl - LOCK REQUEST: 0x3b879400 2
[1773167267.961810081] LOCK pid=86479 fd=12: SHARED -> RESERVED
DBimpl - LOCK REQUEST: 0x3b879400 4
[1773167267.976916315] LOCK pid=86479 fd=12: RESERVED -> PENDING
[1773167267.976919689] LOCK pid=86479 fd=12: PENDING -> EXCLUSIVE
DBimpl - UNLOCK REQUEST: 0x3b879400 1
[1773167267.976925307] UNLOCK pid=86479 fd=12: EXCLUSIVE -> SHARED
DBimpl - UNLOCK REQUEST: 0x3b879400 0
[1773167267.976929127] UNLOCK pid=86479 fd=12: SHARED -> NO_LOCK
DBimpl - LOCK REQUEST: 0x3b879400 1
[1773167267.979311145] LOCK pid=86479 fd=12: NO_LOCK -> SHARED (fallback)
[1773167267.979315033] LOCK pid=86479 fd=12: SHARED -> SHARED
DBimpl - LOCK REQUEST: 0x3b879400 2
[1773167267.979351880] LOCK pid=86479 fd=12: SHARED -> RESERVED
DBimpl - LOCK REQUEST: 0x3b879400 4
[1773167267.983757049] LOCK pid=86479 fd=12: RESERVED -> PENDING
[1773167267.983759367] LOCK pid=86479 fd=12: PENDING -> EXCLUSIVE
DBimpl - UNLOCK REQUEST: 0x3b879400 1
[1773167267.983765703] UNLOCK pid=86479 fd=12: EXCLUSIVE -> SHARED
DBimpl - UNLOCK REQUEST: 0x3b879400 0
[1773167267.983769916] UNLOCK pid=86479 fd=12: SHARED -> NO_LOCK
DBimpl - LOCK REQUEST: 0x3b879400 1
[1773167267.984896097] LOCK pid=86479 fd=12: NO_LOCK -> SHARED (fallback)
[1773167267.984906070] LOCK pid=86479 fd=12: SHARED -> SHARED
DBimpl - LOCK REQUEST: 0x3b879400 2
[1773167267.984922653] LOCK pid=86479 fd=12: SHARED -> RESERVED
DBimpl - LOCK REQUEST: 0x3b879400 4
[1773167268.002604314] LOCK pid=86479 fd=12: RESERVED -> PENDING
[1773167268.002607618] LOCK pid=86479 fd=12: PENDING -> EXCLUSIVE
DBimpl - UNLOCK REQUEST: 0x3b879400 1
[1773167268.002613597] UNLOCK pid=86479 fd=12: EXCLUSIVE -> SHARED
DBimpl - UNLOCK REQUEST: 0x3b879400 0
[1773167268.002618674] UNLOCK pid=86479 fd=12: SHARED -> NO_LOCK
DBimpl - LOCK REQUEST: 0x3b879400 1
[1773167268.003101926] LOCK pid=86479 fd=12: NO_LOCK -> SHARED (fallback)
[1773167268.003103960] LOCK pid=86479 fd=12: SHARED -> SHARED
DBimpl - LOCK REQUEST: 0x3b879400 2
[1773167268.003116662] LOCK pid=86479 fd=12: SHARED -> RESERVED
DBimpl - LOCK REQUEST: 0x3b879400 1
DBimpl - LOCK REQUEST: 0x3b879400 1
[1773167268.019440095] LOCK pid=86480 fd=14: NO_LOCK -> SHARED (fallback)
[1773167268.019443992] LOCK pid=86480 fd=14: SHARED -> SHARED
[1773167268.019443648] LOCK pid=86478 fd=10: NO_LOCK -> SHARED (fallback)
[1773167268.019447191] LOCK pid=86478 fd=10: SHARED -> SHARED
DBimpl - LOCK REQUEST: 0x3b879400 2
DBimpl - LOCK REQUEST: 0x3b879400 2
DBimpl - UNLOCK REQUEST: 0x3b879400 0
DBimpl - UNLOCK REQUEST: 0x3b879400 0
[1773167268.019473629] UNLOCK pid=86478 fd=10: SHARED -> NO_LOCK
[1773167268.019474108] UNLOCK pid=86480 fd=14: SHARED -> NO_LOCK
DBimpl - LOCK REQUEST: 0x3b879400 4
[1773167268.025450344] LOCK pid=86479 fd=12: RESERVED -> PENDING
[1773167268.025456044] LOCK pid=86479 fd=12: PENDING -> EXCLUSIVE
DBimpl - UNLOCK REQUEST: 0x3b879400 1
[1773167268.025466284] UNLOCK pid=86479 fd=12: EXCLUSIVE -> SHARED
DBimpl - UNLOCK REQUEST: 0x3b879400 0
[1773167268.025473867] UNLOCK pid=86479 fd=12: SHARED -> NO_LOCK
DBimpl - LOCK REQUEST: 0x3b879400 1
[1773167268.025923313] LOCK pid=86479 fd=12: NO_LOCK -> SHARED (fallback)
[1773167268.025925529] LOCK pid=86479 fd=12: SHARED -> SHARED
DBimpl - LOCK REQUEST: 0x3b879400 2
[1773167268.025946217] LOCK pid=86479 fd=12: SHARED -> RESERVED
DBimpl - LOCK REQUEST: 0x3b879400 4
[1773167268.029390403] LOCK pid=86479 fd=12: RESERVED -> PENDING
[1773167268.029394573] LOCK pid=86479 fd=12: PENDING -> EXCLUSIVE
DBimpl - UNLOCK REQUEST: 0x3b879400 1
[1773167268.029401925] UNLOCK pid=86479 fd=12: EXCLUSIVE -> SHARED
DBimpl - UNLOCK REQUEST: 0x3b879400 0
[1773167268.029408536] UNLOCK pid=86479 fd=12: SHARED -> NO_LOCK
DBimpl - LOCK REQUEST: 0x3b879400 1
[1773167268.030037081] LOCK pid=86479 fd=12: NO_LOCK -> SHARED (fallback)
[1773167268.030039345] LOCK pid=86479 fd=12: SHARED -> SHARED
DBimpl - LOCK REQUEST: 0x3b879400 2
[1773167268.030055218] LOCK pid=86479 fd=12: SHARED -> RESERVED
DBimpl - LOCK REQUEST: 0x3b879400 4
[1773167268.050442739] LOCK pid=86479 fd=12: RESERVED -> PENDING
[1773167268.050447606] LOCK pid=86479 fd=12: PENDING -> EXCLUSIVE
DBimpl - UNLOCK REQUEST: 0x3b879400 1
[1773167268.050456034] UNLOCK pid=86479 fd=12: EXCLUSIVE -> SHARED
DBimpl - UNLOCK REQUEST: 0x3b879400 0
[1773167268.050463131] UNLOCK pid=86479 fd=12: SHARED -> NO_LOCK
DBimpl - LOCK REQUEST: 0x3b879400 1
[1773167268.051949216] LOCK pid=86479 fd=12: NO_LOCK -> SHARED (fallback)
[1773167268.051953141] LOCK pid=86479 fd=12: SHARED -> SHARED
DBimpl - LOCK REQUEST: 0x3b879400 2
[1773167268.051973341] LOCK pid=86479 fd=12: SHARED -> RESERVED
DBimpl - LOCK REQUEST: 0x3b879400 4
[1773167268.056829158] LOCK pid=86479 fd=12: RESERVED -> PENDING
[1773167268.056859500] LOCK pid=86479 fd=12: PENDING -> EXCLUSIVE
DBimpl - UNLOCK REQUEST: 0x3b879400 1
[1773167268.056902774] UNLOCK pid=86479 fd=12: EXCLUSIVE -> SHARED
DBimpl - UNLOCK REQUEST: 0x3b879400 0
[1773167268.056941834] UNLOCK pid=86479 fd=12: SHARED -> NO_LOCK
DBimpl - LOCK REQUEST: 0x3b879400 1
[1773167268.059643427] LOCK pid=86479 fd=12: NO_LOCK -> SHARED (fallback)
[1773167268.059645526] LOCK pid=86479 fd=12: SHARED -> SHARED
DBimpl - LOCK REQUEST: 0x3b879400 2
[1773167268.059659474] LOCK pid=86479 fd=12: SHARED -> RESERVED
DBimpl - LOCK REQUEST: 0x3b879400 4
[1773167268.070215461] LOCK pid=86479 fd=12: RESERVED -> PENDING
[1773167268.070225411] LOCK pid=86479 fd=12: PENDING -> EXCLUSIVE
DBimpl - UNLOCK REQUEST: 0x3b879400 1
[1773167268.070231754] UNLOCK pid=86479 fd=12: EXCLUSIVE -> SHARED
DBimpl - UNLOCK REQUEST: 0x3b879400 0
[1773167268.070236920] UNLOCK pid=86479 fd=12: SHARED -> NO_LOCK
DBimpl - LOCK REQUEST: 0x3b879400 1
[1773167268.070360751] LOCK pid=86479 fd=12: NO_LOCK -> SHARED (fallback)
[1773167268.070362146] LOCK pid=86479 fd=12: SHARED -> SHARED
DBimpl - LOCK REQUEST: 0x3b879400 2
[1773167268.070372570] LOCK pid=86479 fd=12: SHARED -> RESERVED
DBimpl - LOCK REQUEST: 0x3b879400 4
[1773167268.080401301] LOCK pid=86479 fd=12: RESERVED -> PENDING
[1773167268.080404464] LOCK pid=86479 fd=12: PENDING -> EXCLUSIVE
DBimpl - UNLOCK REQUEST: 0x3b879400 1
[1773167268.080409146] UNLOCK pid=86479 fd=12: EXCLUSIVE -> SHARED
DBimpl - UNLOCK REQUEST: 0x3b879400 0
[1773167268.080413493] UNLOCK pid=86479 fd=12: SHARED -> NO_LOCK
DBimpl - LOCK REQUEST: 0x3b879400 1
[1773167268.083790513] LOCK pid=86479 fd=12: NO_LOCK -> SHARED (fallback)
[1773167268.083792514] LOCK pid=86479 fd=12: SHARED -> SHARED
DBimpl - LOCK REQUEST: 0x3b879400 2
[1773167268.083807713] LOCK pid=86479 fd=12: SHARED -> RESERVED
DBimpl - LOCK REQUEST: 0x3b879400 4
[1773167268.093784513] LOCK pid=86479 fd=12: RESERVED -> PENDING
[1773167268.093787056] LOCK pid=86479 fd=12: PENDING -> EXCLUSIVE
DBimpl - UNLOCK REQUEST: 0x3b879400 1
[1773167268.093792970] UNLOCK pid=86479 fd=12: EXCLUSIVE -> SHARED
DBimpl - UNLOCK REQUEST: 0x3b879400 0
[1773167268.093797908] UNLOCK pid=86479 fd=12: SHARED -> NO_LOCK
DBimpl - LOCK REQUEST: 0x3b879400 1
[1773167268.093887082] LOCK pid=86479 fd=12: NO_LOCK -> SHARED (fallback)
[1773167268.093888418] LOCK pid=86479 fd=12: SHARED -> SHARED
DBimpl - LOCK REQUEST: 0x3b879400 2
[1773167268.093898551] LOCK pid=86479 fd=12: SHARED -> RESERVED
DBimpl - LOCK REQUEST: 0x3b879400 4
[1773167268.110427506] LOCK pid=86479 fd=12: RESERVED -> PENDING
[1773167268.110431934] LOCK pid=86479 fd=12: PENDING -> EXCLUSIVE
DBimpl - UNLOCK REQUEST: 0x3b879400 1
[1773167268.110438200] UNLOCK pid=86479 fd=12: EXCLUSIVE -> SHARED
DBimpl - UNLOCK REQUEST: 0x3b879400 0
[1773167268.110443745] UNLOCK pid=86479 fd=12: SHARED -> NO_LOCK
DBimpl - LOCK REQUEST: 0x3b879400 1
[1773167268.114439293] LOCK pid=86479 fd=12: NO_LOCK -> SHARED (fallback)
[1773167268.114441924] LOCK pid=86479 fd=12: SHARED -> SHARED
DBimpl - LOCK REQUEST: 0x3b879400 2
[1773167268.114464144] LOCK pid=86479 fd=12: SHARED -> RESERVED
DBimpl - LOCK REQUEST: 0x3b879400 4
DBimpl - LOCK REQUEST: 0x3b879400 1
DBimpl - LOCK REQUEST: 0x3b879400 1
[1773167268.119545589] LOCK pid=86479 fd=12: RESERVED -> PENDING
[1773167268.119556192] LOCK pid=86479 fd=12: PENDING -> EXCLUSIVE
DBimpl - UNLOCK REQUEST: 0x3b879400 1
[1773167268.119563078] UNLOCK pid=86479 fd=12: EXCLUSIVE -> SHARED
DBimpl - UNLOCK REQUEST: 0x3b879400 0
[1773167268.119567679] UNLOCK pid=86479 fd=12: SHARED -> NO_LOCK
DBimpl - LOCK REQUEST: 0x3b879400 1
[1773167268.121960305] LOCK pid=86479 fd=12: NO_LOCK -> SHARED (fallback)
[1773167268.121963069] LOCK pid=86479 fd=12: SHARED -> SHARED
DBimpl - LOCK REQUEST: 0x3b879400 2
[1773167268.121984059] LOCK pid=86479 fd=12: SHARED -> RESERVED
DBimpl - LOCK REQUEST: 0x3b879400 4
[1773167268.123485533] LOCK pid=86479 fd=12: RESERVED -> PENDING
[1773167268.123487640] LOCK pid=86479 fd=12: PENDING -> EXCLUSIVE
DBimpl - UNLOCK REQUEST: 0x3b879400 1
[1773167268.123493417] UNLOCK pid=86479 fd=12: EXCLUSIVE -> SHARED
DBimpl - UNLOCK REQUEST: 0x3b879400 0
[1773167268.123498159] UNLOCK pid=86479 fd=12: SHARED -> NO_LOCK
DBimpl - LOCK REQUEST: 0x3b879400 1
[1773167268.126050400] LOCK pid=86479 fd=12: NO_LOCK -> SHARED (fallback)
[1773167268.126053573] LOCK pid=86479 fd=12: SHARED -> SHARED
DBimpl - LOCK REQUEST: 0x3b879400 2
[1773167268.126077000] LOCK pid=86479 fd=12: SHARED -> RESERVED
DBimpl - LOCK REQUEST: 0x3b879400 4
[1773167268.147140962] LOCK pid=86479 fd=12: RESERVED -> PENDING
[1773167268.147146161] LOCK pid=86479 fd=12: PENDING -> EXCLUSIVE
DBimpl - UNLOCK REQUEST: 0x3b879400 1
[1773167268.147152872] UNLOCK pid=86479 fd=12: EXCLUSIVE -> SHARED
DBimpl - UNLOCK REQUEST: 0x3b879400 0
[1773167268.147168916] UNLOCK pid=86479 fd=12: SHARED -> NO_LOCK
DBimpl - LOCK REQUEST: 0x3b879400 1
[1773167268.149209468] LOCK pid=86479 fd=12: NO_LOCK -> SHARED (fallback)
[1773167268.149211922] LOCK pid=86479 fd=12: SHARED -> SHARED
DBimpl - LOCK REQUEST: 0x3b879400 2
[1773167268.149230104] LOCK pid=86479 fd=12: SHARED -> RESERVED
DBimpl - LOCK REQUEST: 0x3b879400 4
[1773167268.168495805] LOCK pid=86479 fd=12: RESERVED -> PENDING
[1773167268.168499257] LOCK pid=86479 fd=12: PENDING -> EXCLUSIVE
DBimpl - UNLOCK REQUEST: 0x3b879400 1
[1773167268.168505822] UNLOCK pid=86479 fd=12: EXCLUSIVE -> SHARED
DBimpl - UNLOCK REQUEST: 0x3b879400 0
[1773167268.168512326] UNLOCK pid=86479 fd=12: SHARED -> NO_LOCK
DBimpl - LOCK REQUEST: 0x3b879400 1
[1773167268.169991110] LOCK pid=86479 fd=12: NO_LOCK -> SHARED (fallback)
[1773167268.169992789] LOCK pid=86479 fd=12: SHARED -> SHARED
DBimpl - LOCK REQUEST: 0x3b879400 2
[1773167268.170011710] LOCK pid=86479 fd=12: SHARED -> RESERVED
DBimpl - LOCK REQUEST: 0x3b879400 4
[1773167268.194433190] LOCK pid=86479 fd=12: RESERVED -> PENDING
[1773167268.194437139] LOCK pid=86479 fd=12: PENDING -> EXCLUSIVE
DBimpl - UNLOCK REQUEST: 0x3b879400 1
[1773167268.194444364] UNLOCK pid=86479 fd=12: EXCLUSIVE -> SHARED
DBimpl - UNLOCK REQUEST: 0x3b879400 0
[1773167268.194450149] UNLOCK pid=86479 fd=12: SHARED -> NO_LOCK
DBimpl - LOCK REQUEST: 0x3b879400 1
[1773167268.195001743] LOCK pid=86479 fd=12: NO_LOCK -> SHARED (fallback)
[1773167268.195003918] LOCK pid=86479 fd=12: SHARED -> SHARED
DBimpl - LOCK REQUEST: 0x3b879400 2
[1773167268.195020446] LOCK pid=86479 fd=12: SHARED -> RESERVED
DBimpl - LOCK REQUEST: 0x3b879400 4
[1773167268.196629916] LOCK pid=86479 fd=12: RESERVED -> PENDING
[1773167268.196632084] LOCK pid=86479 fd=12: PENDING -> EXCLUSIVE
DBimpl - UNLOCK REQUEST: 0x3b879400 1
[1773167268.196636953] UNLOCK pid=86479 fd=12: EXCLUSIVE -> SHARED
DBimpl - UNLOCK REQUEST: 0x3b879400 0
[1773167268.196641033] UNLOCK pid=86479 fd=12: SHARED -> NO_LOCK
DBimpl - LOCK REQUEST: 0x3b879400 1
[1773167268.198905707] LOCK pid=86479 fd=12: NO_LOCK -> SHARED (fallback)
[1773167268.198909553] LOCK pid=86479 fd=12: SHARED -> SHARED
DBimpl - LOCK REQUEST: 0x3b879400 2
[1773167268.198928179] LOCK pid=86479 fd=12: SHARED -> RESERVED
DBimpl - LOCK REQUEST: 0x3b879400 4
[1773167268.217370611] LOCK pid=86479 fd=12: RESERVED -> PENDING
[1773167268.217374159] LOCK pid=86479 fd=12: PENDING -> EXCLUSIVE
DBimpl - UNLOCK REQUEST: 0x3b879400 1
[1773167268.217380306] UNLOCK pid=86479 fd=12: EXCLUSIVE -> SHARED
DBimpl - UNLOCK REQUEST: 0x3b879400 0
[1773167268.217386063] UNLOCK pid=86479 fd=12: SHARED -> NO_LOCK
DBimpl - LOCK REQUEST: 0x3b879400 1
[1773167268.218187689] LOCK pid=86479 fd=12: NO_LOCK -> SHARED (fallback)
[1773167268.218189198] LOCK pid=86479 fd=12: SHARED -> SHARED
DBimpl - LOCK REQUEST: 0x3b879400 2
[1773167268.218204868] LOCK pid=86479 fd=12: SHARED -> RESERVED
DBimpl - LOCK REQUEST: 0x3b879400 1
[1773167268.219651862] LOCK pid=86478 fd=10: NO_LOCK -> SHARED (fallback)
[1773167268.219655802] LOCK pid=86478 fd=10: SHARED -> SHARED
DBimpl - LOCK REQUEST: 0x3b879400 2
DBimpl - UNLOCK REQUEST: 0x3b879400 0
[1773167268.219694910] UNLOCK pid=86478 fd=10: SHARED -> NO_LOCK
DBimpl - LOCK REQUEST: 0x3b879400 1
[1773167268.219713838] LOCK pid=86480 fd=14: NO_LOCK -> SHARED (fallback)
[1773167268.219716448] LOCK pid=86480 fd=14: SHARED -> SHARED
DBimpl - LOCK REQUEST: 0x3b879400 2
DBimpl - UNLOCK REQUEST: 0x3b879400 0
[1773167268.219746360] UNLOCK pid=86480 fd=14: SHARED -> NO_LOCK
DBimpl - LOCK REQUEST: 0x3b879400 4
[1773167268.220592049] LOCK pid=86479 fd=12: RESERVED -> PENDING
[1773167268.220594002] LOCK pid=86479 fd=12: PENDING -> EXCLUSIVE
DBimpl - UNLOCK REQUEST: 0x3b879400 1
[1773167268.220598173] UNLOCK pid=86479 fd=12: EXCLUSIVE -> SHARED
DBimpl - UNLOCK REQUEST: 0x3b879400 0
[1773167268.220601792] UNLOCK pid=86479 fd=12: SHARED -> NO_LOCK
DBimpl - LOCK REQUEST: 0x3b879400 1
[1773167268.222274847] LOCK pid=86479 fd=12: NO_LOCK -> SHARED (fallback)
[1773167268.222287326] LOCK pid=86479 fd=12: SHARED -> SHARED
DBimpl - LOCK REQUEST: 0x3b879400 2
[1773167268.222314251] LOCK pid=86479 fd=12: SHARED -> RESERVED
DBimpl - LOCK REQUEST: 0x3b879400 4
[1773167268.224828588] LOCK pid=86479 fd=12: RESERVED -> PENDING
[1773167268.224831520] LOCK pid=86479 fd=12: PENDING -> EXCLUSIVE
DBimpl - UNLOCK REQUEST: 0x3b879400 1
[1773167268.224837207] UNLOCK pid=86479 fd=12: EXCLUSIVE -> SHARED
DBimpl - UNLOCK REQUEST: 0x3b879400 0
[1773167268.224842679] UNLOCK pid=86479 fd=12: SHARED -> NO_LOCK
DBimpl - LOCK REQUEST: 0x3b879400 1
[1773167268.227020264] LOCK pid=86479 fd=12: NO_LOCK -> SHARED (fallback)
[1773167268.227023064] LOCK pid=86479 fd=12: SHARED -> SHARED
DBimpl - LOCK REQUEST: 0x3b879400 2
[1773167268.227042638] LOCK pid=86479 fd=12: SHARED -> RESERVED
DBimpl - LOCK REQUEST: 0x3b879400 4
[1773167268.242567552] LOCK pid=86479 fd=12: RESERVED -> PENDING
[1773167268.242571258] LOCK pid=86479 fd=12: PENDING -> EXCLUSIVE
DBimpl - UNLOCK REQUEST: 0x3b879400 1
[1773167268.242577783] UNLOCK pid=86479 fd=12: EXCLUSIVE -> SHARED
DBimpl - UNLOCK REQUEST: 0x3b879400 0
[1773167268.242583026] UNLOCK pid=86479 fd=12: SHARED -> NO_LOCK
DBimpl - LOCK REQUEST: 0x3b879400 1
[1773167268.242739103] LOCK pid=86479 fd=12: NO_LOCK -> SHARED (fallback)
[1773167268.242740589] LOCK pid=86479 fd=12: SHARED -> SHARED
DBimpl - LOCK REQUEST: 0x3b879400 2
[1773167268.242757026] LOCK pid=86479 fd=12: SHARED -> RESERVED
DBimpl - LOCK REQUEST: 0x3b879400 4
[1773167268.250997038] LOCK pid=86479 fd=12: RESERVED -> PENDING
[1773167268.250999860] LOCK pid=86479 fd=12: PENDING -> EXCLUSIVE
DBimpl - UNLOCK REQUEST: 0x3b879400 1
[1773167268.251005115] UNLOCK pid=86479 fd=12: EXCLUSIVE -> SHARED
DBimpl - UNLOCK REQUEST: 0x3b879400 0
[1773167268.251018571] UNLOCK pid=86479 fd=12: SHARED -> NO_LOCK
DBimpl - LOCK REQUEST: 0x3b879400 1
[1773167268.251541384] LOCK pid=86479 fd=12: NO_LOCK -> SHARED (fallback)
[1773167268.251543134] LOCK pid=86479 fd=12: SHARED -> SHARED
DBimpl - LOCK REQUEST: 0x3b879400 2
[1773167268.251555714] LOCK pid=86479 fd=12: SHARED -> RESERVED
DBimpl - LOCK REQUEST: 0x3b879400 4
[1773167268.257851656] LOCK pid=86479 fd=12: RESERVED -> PENDING
[1773167268.257854119] LOCK pid=86479 fd=12: PENDING -> EXCLUSIVE
DBimpl - UNLOCK REQUEST: 0x3b879400 1
[1773167268.257859258] UNLOCK pid=86479 fd=12: EXCLUSIVE -> SHARED
DBimpl - UNLOCK REQUEST: 0x3b879400 0
[1773167268.257863805] UNLOCK pid=86479 fd=12: SHARED -> NO_LOCK
DBimpl - LOCK REQUEST: 0x3b879400 1
[1773167268.258424939] LOCK pid=86479 fd=12: NO_LOCK -> SHARED (fallback)
[1773167268.258426543] LOCK pid=86479 fd=12: SHARED -> SHARED
DBimpl - LOCK REQUEST: 0x3b879400 2
[1773167268.258438515] LOCK pid=86479 fd=12: SHARED -> RESERVED
DBimpl - LOCK REQUEST: 0x3b879400 4
[1773167268.285846525] LOCK pid=86479 fd=12: RESERVED -> PENDING
[1773167268.285854376] LOCK pid=86479 fd=12: PENDING -> EXCLUSIVE
DBimpl - UNLOCK REQUEST: 0x3b879400 1
[1773167268.285864358] UNLOCK pid=86479 fd=12: EXCLUSIVE -> SHARED
DBimpl - UNLOCK REQUEST: 0x3b879400 0
[1773167268.285872390] UNLOCK pid=86479 fd=12: SHARED -> NO_LOCK
DBimpl - LOCK REQUEST: 0x3b879400 1
[1773167268.287163296] LOCK pid=86479 fd=12: NO_LOCK -> SHARED (fallback)
[1773167268.287165536] LOCK pid=86479 fd=12: SHARED -> SHARED
DBimpl - LOCK REQUEST: 0x3b879400 2
[1773167268.287181982] LOCK pid=86479 fd=12: SHARED -> RESERVED
DBimpl - LOCK REQUEST: 0x3b879400 4
[1773167268.294726794] LOCK pid=86479 fd=12: RESERVED -> PENDING
[1773167268.294731947] LOCK pid=86479 fd=12: PENDING -> EXCLUSIVE
DBimpl - UNLOCK REQUEST: 0x3b879400 1
[1773167268.294737965] UNLOCK pid=86479 fd=12: EXCLUSIVE -> SHARED
DBimpl - UNLOCK REQUEST: 0x3b879400 0
[1773167268.294743037] UNLOCK pid=86479 fd=12: SHARED -> NO_LOCK
DBimpl - LOCK REQUEST: 0x3b879400 1
[1773167268.295036200] LOCK pid=86479 fd=12: NO_LOCK -> SHARED (fallback)
[1773167268.295037707] LOCK pid=86479 fd=12: SHARED -> SHARED
DBimpl - LOCK REQUEST: 0x3b879400 2
[1773167268.295052036] LOCK pid=86479 fd=12: SHARED -> RESERVED
DBimpl - LOCK REQUEST: 0x3b879400 4
[1773167268.310952136] LOCK pid=86479 fd=12: RESERVED -> PENDING
[1773167268.310955521] LOCK pid=86479 fd=12: PENDING -> EXCLUSIVE
DBimpl - UNLOCK REQUEST: 0x3b879400 1
[1773167268.310961286] UNLOCK pid=86479 fd=12: EXCLUSIVE -> SHARED
DBimpl - UNLOCK REQUEST: 0x3b879400 0
[1773167268.310966872] UNLOCK pid=86479 fd=12: SHARED -> NO_LOCK
DBimpl - LOCK REQUEST: 0x3b879400 1
[1773167268.317101581] LOCK pid=86479 fd=12: NO_LOCK -> SHARED (fallback)
[1773167268.317106226] LOCK pid=86479 fd=12: SHARED -> SHARED
DBimpl - LOCK REQUEST: 0x3b879400 2
[1773167268.317130361] LOCK pid=86479 fd=12: SHARED -> RESERVED
DBimpl - LOCK REQUEST: 0x3b879400 1
[1773167268.319830519] LOCK pid=86480 fd=14: NO_LOCK -> SHARED (fallback)
[1773167268.319834339] LOCK pid=86480 fd=14: SHARED -> SHARED
DBimpl - LOCK REQUEST: 0x3b879400 2
DBimpl - UNLOCK REQUEST: 0x3b879400 0
DBimpl - LOCK REQUEST: 0x3b879400 1
[1773167268.319857894] UNLOCK pid=86480 fd=14: SHARED -> NO_LOCK
[1773167268.319868198] LOCK pid=86478 fd=10: NO_LOCK -> SHARED (fallback)
[1773167268.319874451] LOCK pid=86478 fd=10: SHARED -> SHARED
DBimpl - LOCK REQUEST: 0x3b879400 2
DBimpl - UNLOCK REQUEST: 0x3b879400 0
[1773167268.319895273] UNLOCK pid=86478 fd=10: SHARED -> NO_LOCK
DBimpl - LOCK REQUEST: 0x3b879400 4
[1773167268.329489545] LOCK pid=86479 fd=12: RESERVED -> PENDING
[1773167268.329492093] LOCK pid=86479 fd=12: PENDING -> EXCLUSIVE
DBimpl - UNLOCK REQUEST: 0x3b879400 1
[1773167268.329496868] UNLOCK pid=86479 fd=12: EXCLUSIVE -> SHARED
DBimpl - UNLOCK REQUEST: 0x3b879400 0
[1773167268.329502464] UNLOCK pid=86479 fd=12: SHARED -> NO_LOCK
DBimpl - LOCK REQUEST: 0x3b879400 1
[1773167268.330728987] LOCK pid=86479 fd=12: NO_LOCK -> SHARED (fallback)
[1773167268.330731326] LOCK pid=86479 fd=12: SHARED -> SHARED
DBimpl - LOCK REQUEST: 0x3b879400 2
[1773167268.330761866] LOCK pid=86479 fd=12: SHARED -> RESERVED
DBimpl - LOCK REQUEST: 0x3b879400 4
[1773167268.345035327] LOCK pid=86479 fd=12: RESERVED -> PENDING
[1773167268.345038503] LOCK pid=86479 fd=12: PENDING -> EXCLUSIVE
DBimpl - UNLOCK REQUEST: 0x3b879400 1
[1773167268.345044088] UNLOCK pid=86479 fd=12: EXCLUSIVE -> SHARED
DBimpl - UNLOCK REQUEST: 0x3b879400 0
[1773167268.345049320] UNLOCK pid=86479 fd=12: SHARED -> NO_LOCK
DBimpl - UNLOCK REQUEST: 0x3b879400 0
DBimpl - LOCK REQUEST: 0x3b879400 1
DBimpl - LOCK REQUEST: 0x3b879400 1
[1773167268.419967689] LOCK pid=86480 fd=14: NO_LOCK -> SHARED (fallback)
[1773167268.419970056] LOCK pid=86478 fd=10: NO_LOCK -> SHARED (fallback)
[1773167268.419973110] LOCK pid=86480 fd=14: SHARED -> SHARED
[1773167268.419974569] LOCK pid=86478 fd=10: SHARED -> SHARED
DBimpl - LOCK REQUEST: 0x3b879400 2
DBimpl - LOCK REQUEST: 0x3b879400 2
[1773167268.420002049] LOCK pid=86478 fd=10: SHARED -> RESERVED
DBimpl - UNLOCK REQUEST: 0x3b879400 0
[1773167268.420009992] UNLOCK pid=86480 fd=14: SHARED -> NO_LOCK
DBimpl - LOCK REQUEST: 0x3b879400 4
[1773167268.421690837] LOCK pid=86478 fd=10: RESERVED -> PENDING
[1773167268.421694201] LOCK pid=86478 fd=10: PENDING -> EXCLUSIVE
DBimpl - UNLOCK REQUEST: 0x3b879400 1
[1773167268.429440367] UNLOCK pid=86478 fd=10: EXCLUSIVE -> SHARED
DBimpl - UNLOCK REQUEST: 0x3b879400 0
[1773167268.429448896] UNLOCK pid=86478 fd=10: SHARED -> NO_LOCK
DBimpl - LOCK REQUEST: 0x3b879400 1
[1773167268.432464375] LOCK pid=86478 fd=10: NO_LOCK -> SHARED (fallback)
[1773167268.432467028] LOCK pid=86478 fd=10: SHARED -> SHARED
DBimpl - LOCK REQUEST: 0x3b879400 2
[1773167268.432484452] LOCK pid=86478 fd=10: SHARED -> RESERVED
DBimpl - LOCK REQUEST: 0x3b879400 4
[1773167268.432640439] LOCK pid=86478 fd=10: RESERVED -> PENDING
[1773167268.432642493] LOCK pid=86478 fd=10: PENDING -> EXCLUSIVE
DBimpl - UNLOCK REQUEST: 0x3b879400 1
[1773167268.434912011] UNLOCK pid=86478 fd=10: EXCLUSIVE -> SHARED
DBimpl - UNLOCK REQUEST: 0x3b879400 0
[1773167268.434916127] UNLOCK pid=86478 fd=10: SHARED -> NO_LOCK
DBimpl - LOCK REQUEST: 0x3b879400 1
[1773167268.438771976] LOCK pid=86478 fd=10: NO_LOCK -> SHARED (fallback)
[1773167268.438773339] LOCK pid=86478 fd=10: SHARED -> SHARED
DBimpl - LOCK REQUEST: 0x3b879400 2
[1773167268.438784412] LOCK pid=86478 fd=10: SHARED -> RESERVED
DBimpl - LOCK REQUEST: 0x3b879400 4
[1773167268.439860556] LOCK pid=86478 fd=10: RESERVED -> PENDING
[1773167268.439862567] LOCK pid=86478 fd=10: PENDING -> EXCLUSIVE
DBimpl - UNLOCK REQUEST: 0x3b879400 1
[1773167268.441766001] UNLOCK pid=86478 fd=10: EXCLUSIVE -> SHARED
DBimpl - UNLOCK REQUEST: 0x3b879400 0
[1773167268.441770483] UNLOCK pid=86478 fd=10: SHARED -> NO_LOCK
DBimpl - LOCK REQUEST: 0x3b879400 1
[1773167268.442665523] LOCK pid=86478 fd=10: NO_LOCK -> SHARED (fallback)
[1773167268.442667113] LOCK pid=86478 fd=10: SHARED -> SHARED
DBimpl - LOCK REQUEST: 0x3b879400 2
[1773167268.442676813] LOCK pid=86478 fd=10: SHARED -> RESERVED
DBimpl - LOCK REQUEST: 0x3b879400 4
[1773167268.443587616] LOCK pid=86478 fd=10: RESERVED -> PENDING
[1773167268.443589418] LOCK pid=86478 fd=10: PENDING -> EXCLUSIVE
DBimpl - UNLOCK REQUEST: 0x3b879400 1
[1773167268.445286177] UNLOCK pid=86478 fd=10: EXCLUSIVE -> SHARED
DBimpl - UNLOCK REQUEST: 0x3b879400 0
[1773167268.445290146] UNLOCK pid=86478 fd=10: SHARED -> NO_LOCK
DBimpl - LOCK REQUEST: 0x3b879400 1
[1773167268.454419523] LOCK pid=86478 fd=10: NO_LOCK -> SHARED (fallback)
[1773167268.454421049] LOCK pid=86478 fd=10: SHARED -> SHARED
DBimpl - LOCK REQUEST: 0x3b879400 2
[1773167268.454430946] LOCK pid=86478 fd=10: SHARED -> RESERVED
DBimpl - LOCK REQUEST: 0x3b879400 4
[1773167268.455483009] LOCK pid=86478 fd=10: RESERVED -> PENDING
[1773167268.455484791] LOCK pid=86478 fd=10: PENDING -> EXCLUSIVE
DBimpl - UNLOCK REQUEST: 0x3b879400 1
[1773167268.457460149] UNLOCK pid=86478 fd=10: EXCLUSIVE -> SHARED
DBimpl - UNLOCK REQUEST: 0x3b879400 0
[1773167268.457502641] UNLOCK pid=86478 fd=10: SHARED -> NO_LOCK
DBimpl - LOCK REQUEST: 0x3b879400 1
[1773167268.458987309] LOCK pid=86478 fd=10: NO_LOCK -> SHARED (fallback)
[1773167268.458988763] LOCK pid=86478 fd=10: SHARED -> SHARED
DBimpl - LOCK REQUEST: 0x3b879400 2
[1773167268.458998402] LOCK pid=86478 fd=10: SHARED -> RESERVED
DBimpl - LOCK REQUEST: 0x3b879400 4
[1773167268.459995022] LOCK pid=86478 fd=10: RESERVED -> PENDING
[1773167268.459996801] LOCK pid=86478 fd=10: PENDING -> EXCLUSIVE
DBimpl - UNLOCK REQUEST: 0x3b879400 1
[1773167268.461701965] UNLOCK pid=86478 fd=10: EXCLUSIVE -> SHARED
DBimpl - UNLOCK REQUEST: 0x3b879400 0
[1773167268.461706106] UNLOCK pid=86478 fd=10: SHARED -> NO_LOCK
DBimpl - LOCK REQUEST: 0x3b879400 1
[1773167268.465329687] LOCK pid=86478 fd=10: NO_LOCK -> SHARED (fallback)
[1773167268.465331038] LOCK pid=86478 fd=10: SHARED -> SHARED
DBimpl - LOCK REQUEST: 0x3b879400 2
[1773167268.465340103] LOCK pid=86478 fd=10: SHARED -> RESERVED
DBimpl - LOCK REQUEST: 0x3b879400 4
[1773167268.466256577] LOCK pid=86478 fd=10: RESERVED -> PENDING
[1773167268.466258398] LOCK pid=86478 fd=10: PENDING -> EXCLUSIVE
DBimpl - UNLOCK REQUEST: 0x3b879400 1
[1773167268.467937148] UNLOCK pid=86478 fd=10: EXCLUSIVE -> SHARED
DBimpl - UNLOCK REQUEST: 0x3b879400 0
[1773167268.467940886] UNLOCK pid=86478 fd=10: SHARED -> NO_LOCK
DBimpl - LOCK REQUEST: 0x3b879400 1
[1773167268.479928357] LOCK pid=86478 fd=10: NO_LOCK -> SHARED (fallback)
[1773167268.479931029] LOCK pid=86478 fd=10: SHARED -> SHARED
DBimpl - LOCK REQUEST: 0x3b879400 2
[1773167268.479946368] LOCK pid=86478 fd=10: SHARED -> RESERVED
DBimpl - LOCK REQUEST: 0x3b879400 4
[1773167268.480082877] LOCK pid=86478 fd=10: RESERVED -> PENDING
[1773167268.480084848] LOCK pid=86478 fd=10: PENDING -> EXCLUSIVE
DBimpl - UNLOCK REQUEST: 0x3b879400 1
[1773167268.482981209] UNLOCK pid=86478 fd=10: EXCLUSIVE -> SHARED
DBimpl - UNLOCK REQUEST: 0x3b879400 0
[1773167268.482986217] UNLOCK pid=86478 fd=10: SHARED -> NO_LOCK
DBimpl - LOCK REQUEST: 0x3b879400 1
[1773167268.483693168] LOCK pid=86478 fd=10: NO_LOCK -> SHARED (fallback)
[1773167268.483694774] LOCK pid=86478 fd=10: SHARED -> SHARED
DBimpl - LOCK REQUEST: 0x3b879400 2
[1773167268.483705267] LOCK pid=86478 fd=10: SHARED -> RESERVED
DBimpl - LOCK REQUEST: 0x3b879400 4
[1773167268.484776339] LOCK pid=86478 fd=10: RESERVED -> PENDING
[1773167268.484778175] LOCK pid=86478 fd=10: PENDING -> EXCLUSIVE
DBimpl - UNLOCK REQUEST: 0x3b879400 1
[1773167268.488790649] UNLOCK pid=86478 fd=10: EXCLUSIVE -> SHARED
DBimpl - UNLOCK REQUEST: 0x3b879400 0
[1773167268.488795224] UNLOCK pid=86478 fd=10: SHARED -> NO_LOCK
DBimpl - LOCK REQUEST: 0x3b879400 1
[1773167268.488993012] LOCK pid=86478 fd=10: NO_LOCK -> SHARED (fallback)
[1773167268.488994331] LOCK pid=86478 fd=10: SHARED -> SHARED
DBimpl - LOCK REQUEST: 0x3b879400 2
[1773167268.489003232] LOCK pid=86478 fd=10: SHARED -> RESERVED
DBimpl - LOCK REQUEST: 0x3b879400 4
[1773167268.489093508] LOCK pid=86478 fd=10: RESERVED -> PENDING
[1773167268.489095425] LOCK pid=86478 fd=10: PENDING -> EXCLUSIVE
DBimpl - UNLOCK REQUEST: 0x3b879400 1
[1773167268.490756629] UNLOCK pid=86478 fd=10: EXCLUSIVE -> SHARED
DBimpl - UNLOCK REQUEST: 0x3b879400 0
[1773167268.490760373] UNLOCK pid=86478 fd=10: SHARED -> NO_LOCK
DBimpl - LOCK REQUEST: 0x3b879400 1
[1773167268.493181193] LOCK pid=86478 fd=10: NO_LOCK -> SHARED (fallback)
[1773167268.493182752] LOCK pid=86478 fd=10: SHARED -> SHARED
DBimpl - LOCK REQUEST: 0x3b879400 2
[1773167268.493191787] LOCK pid=86478 fd=10: SHARED -> RESERVED
DBimpl - LOCK REQUEST: 0x3b879400 4
[1773167268.494086702] LOCK pid=86478 fd=10: RESERVED -> PENDING
[1773167268.494088412] LOCK pid=86478 fd=10: PENDING -> EXCLUSIVE
DBimpl - UNLOCK REQUEST: 0x3b879400 1
[1773167268.495758869] UNLOCK pid=86478 fd=10: EXCLUSIVE -> SHARED
DBimpl - UNLOCK REQUEST: 0x3b879400 0
[1773167268.495762712] UNLOCK pid=86478 fd=10: SHARED -> NO_LOCK
DBimpl - LOCK REQUEST: 0x3b879400 1
[1773167268.498210242] LOCK pid=86478 fd=10: NO_LOCK -> SHARED (fallback)
[1773167268.498211624] LOCK pid=86478 fd=10: SHARED -> SHARED
DBimpl - LOCK REQUEST: 0x3b879400 2
[1773167268.498220595] LOCK pid=86478 fd=10: SHARED -> RESERVED
DBimpl - LOCK REQUEST: 0x3b879400 4
[1773167268.499248854] LOCK pid=86478 fd=10: RESERVED -> PENDING
[1773167268.499250727] LOCK pid=86478 fd=10: PENDING -> EXCLUSIVE
DBimpl - UNLOCK REQUEST: 0x3b879400 1
[1773167268.500839789] UNLOCK pid=86478 fd=10: EXCLUSIVE -> SHARED
DBimpl - UNLOCK REQUEST: 0x3b879400 0
[1773167268.500843420] UNLOCK pid=86478 fd=10: SHARED -> NO_LOCK
DBimpl - LOCK REQUEST: 0x3b879400 1
[1773167268.501857919] LOCK pid=86478 fd=10: NO_LOCK -> SHARED (fallback)
[1773167268.501859188] LOCK pid=86478 fd=10: SHARED -> SHARED
DBimpl - LOCK REQUEST: 0x3b879400 2
[1773167268.501867265] LOCK pid=86478 fd=10: SHARED -> RESERVED
DBimpl - LOCK REQUEST: 0x3b879400 4
[1773167268.502843090] LOCK pid=86478 fd=10: RESERVED -> PENDING
[1773167268.502844816] LOCK pid=86478 fd=10: PENDING -> EXCLUSIVE
DBimpl - UNLOCK REQUEST: 0x3b879400 1
[1773167268.504534892] UNLOCK pid=86478 fd=10: EXCLUSIVE -> SHARED
DBimpl - UNLOCK REQUEST: 0x3b879400 0
[1773167268.504539970] UNLOCK pid=86478 fd=10: SHARED -> NO_LOCK
DBimpl - LOCK REQUEST: 0x3b879400 1
[1773167268.504680877] LOCK pid=86478 fd=10: NO_LOCK -> SHARED (fallback)
[1773167268.504682136] LOCK pid=86478 fd=10: SHARED -> SHARED
DBimpl - LOCK REQUEST: 0x3b879400 2
[1773167268.504691245] LOCK pid=86478 fd=10: SHARED -> RESERVED
DBimpl - LOCK REQUEST: 0x3b879400 4
[1773167268.504793487] LOCK pid=86478 fd=10: RESERVED -> PENDING
[1773167268.504795288] LOCK pid=86478 fd=10: PENDING -> EXCLUSIVE
DBimpl - UNLOCK REQUEST: 0x3b879400 1
[1773167268.506475314] UNLOCK pid=86478 fd=10: EXCLUSIVE -> SHARED
DBimpl - UNLOCK REQUEST: 0x3b879400 0
[1773167268.506478933] UNLOCK pid=86478 fd=10: SHARED -> NO_LOCK
DBimpl - LOCK REQUEST: 0x3b879400 1
[1773167268.507825169] LOCK pid=86478 fd=10: NO_LOCK -> SHARED (fallback)
[1773167268.507826663] LOCK pid=86478 fd=10: SHARED -> SHARED
DBimpl - LOCK REQUEST: 0x3b879400 2
[1773167268.507835842] LOCK pid=86478 fd=10: SHARED -> RESERVED
DBimpl - LOCK REQUEST: 0x3b879400 4
[1773167268.508843400] LOCK pid=86478 fd=10: RESERVED -> PENDING
[1773167268.508845273] LOCK pid=86478 fd=10: PENDING -> EXCLUSIVE
DBimpl - UNLOCK REQUEST: 0x3b879400 1
[1773167268.510550157] UNLOCK pid=86478 fd=10: EXCLUSIVE -> SHARED
DBimpl - UNLOCK REQUEST: 0x3b879400 0
[1773167268.510554054] UNLOCK pid=86478 fd=10: SHARED -> NO_LOCK
DBimpl - LOCK REQUEST: 0x3b879400 1
[1773167268.513064774] LOCK pid=86478 fd=10: NO_LOCK -> SHARED (fallback)
[1773167268.513066217] LOCK pid=86478 fd=10: SHARED -> SHARED
DBimpl - LOCK REQUEST: 0x3b879400 2
[1773167268.513074757] LOCK pid=86478 fd=10: SHARED -> RESERVED
DBimpl - LOCK REQUEST: 0x3b879400 4
[1773167268.514083220] LOCK pid=86478 fd=10: RESERVED -> PENDING
[1773167268.514085180] LOCK pid=86478 fd=10: PENDING -> EXCLUSIVE
DBimpl - UNLOCK REQUEST: 0x3b879400 1
[1773167268.515950994] UNLOCK pid=86478 fd=10: EXCLUSIVE -> SHARED
DBimpl - UNLOCK REQUEST: 0x3b879400 0
[1773167268.515954864] UNLOCK pid=86478 fd=10: SHARED -> NO_LOCK
DBimpl - LOCK REQUEST: 0x3b879400 1
[1773167268.517371131] LOCK pid=86478 fd=10: NO_LOCK -> SHARED (fallback)
[1773167268.517372527] LOCK pid=86478 fd=10: SHARED -> SHARED
DBimpl - LOCK REQUEST: 0x3b879400 2
[1773167268.517381152] LOCK pid=86478 fd=10: SHARED -> RESERVED
DBimpl - LOCK REQUEST: 0x3b879400 4
[1773167268.518326040] LOCK pid=86478 fd=10: RESERVED -> PENDING
[1773167268.518327820] LOCK pid=86478 fd=10: PENDING -> EXCLUSIVE
DBimpl - UNLOCK REQUEST: 0x3b879400 1
[1773167268.520009298] UNLOCK pid=86478 fd=10: EXCLUSIVE -> SHARED
DBimpl - UNLOCK REQUEST: 0x3b879400 0
[1773167268.520013375] UNLOCK pid=86478 fd=10: SHARED -> NO_LOCK
DBimpl - LOCK REQUEST: 0x3b879400 1
[1773167268.520123959] LOCK pid=86480 fd=14: NO_LOCK -> SHARED (fallback)
[1773167268.520126529] LOCK pid=86480 fd=14: SHARED -> SHARED
DBimpl - LOCK REQUEST: 0x3b879400 2
[1773167268.520139188] LOCK pid=86480 fd=14: SHARED -> RESERVED
DBimpl - LOCK REQUEST: 0x3b879400 4
[1773167268.520293453] LOCK pid=86480 fd=14: RESERVED -> PENDING
[1773167268.520295414] LOCK pid=86480 fd=14: PENDING -> EXCLUSIVE
DBimpl - UNLOCK REQUEST: 0x3b879400 1
[1773167268.522051019] UNLOCK pid=86480 fd=14: EXCLUSIVE -> SHARED
DBimpl - UNLOCK REQUEST: 0x3b879400 0
[1773167268.522054978] UNLOCK pid=86480 fd=14: SHARED -> NO_LOCK
DBimpl - LOCK REQUEST: 0x3b879400 1
[1773167268.523378631] LOCK pid=86478 fd=10: NO_LOCK -> SHARED (fallback)
[1773167268.523380188] LOCK pid=86478 fd=10: SHARED -> SHARED
DBimpl - LOCK REQUEST: 0x3b879400 2
[1773167268.523391408] LOCK pid=86478 fd=10: SHARED -> RESERVED
DBimpl - LOCK REQUEST: 0x3b879400 4
[1773167268.523503389] LOCK pid=86478 fd=10: RESERVED -> PENDING
[1773167268.523505058] LOCK pid=86478 fd=10: PENDING -> EXCLUSIVE
DBimpl - LOCK REQUEST: 0x3b879400 1
DBimpl - LOCK REQUEST: 0x3b879400 1
DBimpl - UNLOCK REQUEST: 0x3b879400 1
[1773167268.525735868] UNLOCK pid=86478 fd=10: EXCLUSIVE -> SHARED
DBimpl - UNLOCK REQUEST: 0x3b879400 0
[1773167268.525741124] UNLOCK pid=86478 fd=10: SHARED -> NO_LOCK
DBimpl - LOCK REQUEST: 0x3b879400 1
[1773167268.526556765] LOCK pid=86478 fd=10: NO_LOCK -> SHARED (fallback)
[1773167268.526558025] LOCK pid=86478 fd=10: SHARED -> SHARED
DBimpl - LOCK REQUEST: 0x3b879400 2
[1773167268.526566923] LOCK pid=86478 fd=10: SHARED -> RESERVED
DBimpl - LOCK REQUEST: 0x3b879400 1
[1773167268.526859113] LOCK pid=86480 fd=14: NO_LOCK -> SHARED (fallback)
[1773167268.526860906] LOCK pid=86480 fd=14: SHARED -> SHARED
DBimpl - LOCK REQUEST: 0x3b879400 2
DBimpl - UNLOCK REQUEST: 0x3b879400 0
[1773167268.526880408] UNLOCK pid=86480 fd=14: SHARED -> NO_LOCK
DBimpl - LOCK REQUEST: 0x3b879400 4
[1773167268.527492939] LOCK pid=86478 fd=10: RESERVED -> PENDING
[1773167268.527495002] LOCK pid=86478 fd=10: PENDING -> EXCLUSIVE
DBimpl - UNLOCK REQUEST: 0x3b879400 1
[1773167268.529193111] UNLOCK pid=86478 fd=10: EXCLUSIVE -> SHARED
DBimpl - UNLOCK REQUEST: 0x3b879400 0
[1773167268.529196668] UNLOCK pid=86478 fd=10: SHARED -> NO_LOCK
DBimpl - LOCK REQUEST: 0x3b879400 1
[1773167268.531942101] LOCK pid=86480 fd=14: NO_LOCK -> SHARED (fallback)
[1773167268.531943535] LOCK pid=86480 fd=14: SHARED -> SHARED
DBimpl - LOCK REQUEST: 0x3b879400 2
[1773167268.531952492] LOCK pid=86480 fd=14: SHARED -> RESERVED
DBimpl - LOCK REQUEST: 0x3b879400 4
[1773167268.532069667] LOCK pid=86480 fd=14: RESERVED -> PENDING
[1773167268.532071489] LOCK pid=86480 fd=14: PENDING -> EXCLUSIVE
DBimpl - UNLOCK REQUEST: 0x3b879400 1
[1773167268.533789494] UNLOCK pid=86480 fd=14: EXCLUSIVE -> SHARED
DBimpl - UNLOCK REQUEST: 0x3b879400 0
[1773167268.533793264] UNLOCK pid=86480 fd=14: SHARED -> NO_LOCK
DBimpl - LOCK REQUEST: 0x3b879400 1
[1773167268.534362923] LOCK pid=86478 fd=10: NO_LOCK -> SHARED (fallback)
[1773167268.534364454] LOCK pid=86478 fd=10: SHARED -> SHARED
DBimpl - LOCK REQUEST: 0x3b879400 2
[1773167268.534375110] LOCK pid=86478 fd=10: SHARED -> RESERVED
DBimpl - LOCK REQUEST: 0x3b879400 1
[1773167268.534837234] LOCK pid=86480 fd=14: NO_LOCK -> SHARED (fallback)
[1773167268.534838488] LOCK pid=86480 fd=14: SHARED -> SHARED
DBimpl - LOCK REQUEST: 0x3b879400 2
DBimpl - UNLOCK REQUEST: 0x3b879400 0
[1773167268.534849346] UNLOCK pid=86480 fd=14: SHARED -> NO_LOCK
DBimpl - LOCK REQUEST: 0x3b879400 4
[1773167268.535369163] LOCK pid=86478 fd=10: RESERVED -> PENDING
[1773167268.535371051] LOCK pid=86478 fd=10: PENDING -> EXCLUSIVE
DBimpl - LOCK REQUEST: 0x3b879400 1
DBimpl - UNLOCK REQUEST: 0x3b879400 1
[1773167268.537635868] UNLOCK pid=86478 fd=10: EXCLUSIVE -> SHARED
DBimpl - UNLOCK REQUEST: 0x3b879400 0
[1773167268.537639719] UNLOCK pid=86478 fd=10: SHARED -> NO_LOCK
DBimpl - LOCK REQUEST: 0x3b879400 1
[1773167268.537974534] LOCK pid=86480 fd=14: NO_LOCK -> SHARED (fallback)
[1773167268.537978873] LOCK pid=86480 fd=14: SHARED -> SHARED
DBimpl - LOCK REQUEST: 0x3b879400 2
[1773167268.537990138] LOCK pid=86480 fd=14: SHARED -> RESERVED
DBimpl - LOCK REQUEST: 0x3b879400 4
[1773167268.538118015] LOCK pid=86480 fd=14: RESERVED -> PENDING
[1773167268.538119789] LOCK pid=86480 fd=14: PENDING -> EXCLUSIVE
DBimpl - UNLOCK REQUEST: 0x3b879400 1
[1773167268.539756497] UNLOCK pid=86480 fd=14: EXCLUSIVE -> SHARED
DBimpl - UNLOCK REQUEST: 0x3b879400 0
[1773167268.539760379] UNLOCK pid=86480 fd=14: SHARED -> NO_LOCK
DBimpl - LOCK REQUEST: 0x3b879400 1
[1773167268.540946630] LOCK pid=86478 fd=10: NO_LOCK -> SHARED (fallback)
[1773167268.540948760] LOCK pid=86478 fd=10: SHARED -> SHARED
DBimpl - LOCK REQUEST: 0x3b879400 2
[1773167268.540960347] LOCK pid=86478 fd=10: SHARED -> RESERVED
DBimpl - LOCK REQUEST: 0x3b879400 4
[1773167268.541994368] LOCK pid=86478 fd=10: RESERVED -> PENDING
[1773167268.541996295] LOCK pid=86478 fd=10: PENDING -> EXCLUSIVE
DBimpl - UNLOCK REQUEST: 0x3b879400 1
[1773167268.543693173] UNLOCK pid=86478 fd=10: EXCLUSIVE -> SHARED
DBimpl - UNLOCK REQUEST: 0x3b879400 0
[1773167268.543696879] UNLOCK pid=86478 fd=10: SHARED -> NO_LOCK
DBimpl - LOCK REQUEST: 0x3b879400 1
[1773167268.544484503] LOCK pid=86480 fd=14: NO_LOCK -> SHARED (fallback)
[1773167268.544486528] LOCK pid=86480 fd=14: SHARED -> SHARED
DBimpl - LOCK REQUEST: 0x3b879400 2
[1773167268.544499916] LOCK pid=86480 fd=14: SHARED -> RESERVED
DBimpl - LOCK REQUEST: 0x3b879400 4
[1773167268.544596624] LOCK pid=86480 fd=14: RESERVED -> PENDING
[1773167268.544598455] LOCK pid=86480 fd=14: PENDING -> EXCLUSIVE
DBimpl - LOCK REQUEST: 0x3b879400 1
DBimpl - UNLOCK REQUEST: 0x3b879400 1
[1773167268.546359955] UNLOCK pid=86480 fd=14: EXCLUSIVE -> SHARED
DBimpl - UNLOCK REQUEST: 0x3b879400 0
[1773167268.546367522] UNLOCK pid=86480 fd=14: SHARED -> NO_LOCK
DBimpl - LOCK REQUEST: 0x3b879400 1
[1773167268.547153776] LOCK pid=86478 fd=10: NO_LOCK -> SHARED (fallback)
[1773167268.547155174] LOCK pid=86478 fd=10: SHARED -> SHARED
DBimpl - LOCK REQUEST: 0x3b879400 2
[1773167268.547167258] LOCK pid=86478 fd=10: SHARED -> RESERVED
DBimpl - LOCK REQUEST: 0x3b879400 4
[1773167268.548244380] LOCK pid=86478 fd=10: RESERVED -> PENDING
[1773167268.548246159] LOCK pid=86478 fd=10: PENDING -> EXCLUSIVE
DBimpl - LOCK REQUEST: 0x3b879400 1
DBimpl - UNLOCK REQUEST: 0x3b879400 1
[1773167268.549977235] UNLOCK pid=86478 fd=10: EXCLUSIVE -> SHARED
DBimpl - UNLOCK REQUEST: 0x3b879400 0
[1773167268.549980852] UNLOCK pid=86478 fd=10: SHARED -> NO_LOCK
DBimpl - LOCK REQUEST: 0x3b879400 1
[1773167268.550085448] LOCK pid=86480 fd=14: NO_LOCK -> SHARED (fallback)
[1773167268.550088136] LOCK pid=86480 fd=14: SHARED -> SHARED
DBimpl - LOCK REQUEST: 0x3b879400 2
[1773167268.550107586] LOCK pid=86480 fd=14: SHARED -> RESERVED
DBimpl - LOCK REQUEST: 0x3b879400 4
[1773167268.550295143] LOCK pid=86480 fd=14: RESERVED -> PENDING
[1773167268.550298019] LOCK pid=86480 fd=14: PENDING -> EXCLUSIVE
DBimpl - LOCK REQUEST: 0x3b879400 1
DBimpl - UNLOCK REQUEST: 0x3b879400 1
[1773167268.552042896] UNLOCK pid=86480 fd=14: EXCLUSIVE -> SHARED
DBimpl - UNLOCK REQUEST: 0x3b879400 0
[1773167268.552049628] UNLOCK pid=86480 fd=14: SHARED -> NO_LOCK
DBimpl - LOCK REQUEST: 0x3b879400 1
[1773167268.552636899] LOCK pid=86478 fd=10: NO_LOCK -> SHARED (fallback)
[1773167268.552638337] LOCK pid=86478 fd=10: SHARED -> SHARED
DBimpl - LOCK REQUEST: 0x3b879400 2
[1773167268.552648485] LOCK pid=86478 fd=10: SHARED -> RESERVED
DBimpl - LOCK REQUEST: 0x3b879400 1
[1773167268.552750292] LOCK pid=86480 fd=14: NO_LOCK -> SHARED (fallback)
[1773167268.552752620] LOCK pid=86480 fd=14: SHARED -> SHARED
DBimpl - LOCK REQUEST: 0x3b879400 2
DBimpl - UNLOCK REQUEST: 0x3b879400 0
[1773167268.552772588] UNLOCK pid=86480 fd=14: SHARED -> NO_LOCK
DBimpl - LOCK REQUEST: 0x3b879400 4
[1773167268.553595584] LOCK pid=86478 fd=10: RESERVED -> PENDING
[1773167268.553597273] LOCK pid=86478 fd=10: PENDING -> EXCLUSIVE
DBimpl - LOCK REQUEST: 0x3b879400 1
DBimpl - LOCK REQUEST: 0x3b879400 1
DBimpl - UNLOCK REQUEST: 0x3b879400 1
[1773167268.556256561] UNLOCK pid=86478 fd=10: EXCLUSIVE -> SHARED
DBimpl - UNLOCK REQUEST: 0x3b879400 0
[1773167268.556260338] UNLOCK pid=86478 fd=10: SHARED -> NO_LOCK
DBimpl - LOCK REQUEST: 0x3b879400 1
[1773167268.556637880] LOCK pid=86478 fd=10: NO_LOCK -> SHARED (fallback)
[1773167268.556639122] LOCK pid=86478 fd=10: SHARED -> SHARED
DBimpl - LOCK REQUEST: 0x3b879400 2
[1773167268.556647369] LOCK pid=86478 fd=10: SHARED -> RESERVED
DBimpl - LOCK REQUEST: 0x3b879400 4
[1773167268.557701476] LOCK pid=86478 fd=10: RESERVED -> PENDING
[1773167268.557703426] LOCK pid=86478 fd=10: PENDING -> EXCLUSIVE
DBimpl - LOCK REQUEST: 0x3b879400 1
DBimpl - UNLOCK REQUEST: 0x3b879400 1
[1773167268.561603440] UNLOCK pid=86478 fd=10: EXCLUSIVE -> SHARED
DBimpl - UNLOCK REQUEST: 0x3b879400 0
[1773167268.561608390] UNLOCK pid=86478 fd=10: SHARED -> NO_LOCK
DBimpl - LOCK REQUEST: 0x3b879400 1
[1773167268.562078915] LOCK pid=86478 fd=10: NO_LOCK -> SHARED (fallback)
[1773167268.562080112] LOCK pid=86478 fd=10: SHARED -> SHARED
DBimpl - LOCK REQUEST: 0x3b879400 2
[1773167268.562089113] LOCK pid=86478 fd=10: SHARED -> RESERVED
DBimpl - LOCK REQUEST: 0x3b879400 4
[1773167268.563040542] LOCK pid=86478 fd=10: RESERVED -> PENDING
[1773167268.563042312] LOCK pid=86478 fd=10: PENDING -> EXCLUSIVE
DBimpl - UNLOCK REQUEST: 0x3b879400 1
[1773167268.565043341] UNLOCK pid=86478 fd=10: EXCLUSIVE -> SHARED
DBimpl - UNLOCK REQUEST: 0x3b879400 0
[1773167268.565047229] UNLOCK pid=86478 fd=10: SHARED -> NO_LOCK
DBimpl - LOCK REQUEST: 0x3b879400 1
[1773167268.570589060] LOCK pid=86478 fd=10: NO_LOCK -> SHARED (fallback)
[1773167268.570592510] LOCK pid=86478 fd=10: SHARED -> SHARED
DBimpl - LOCK REQUEST: 0x3b879400 2
[1773167268.570610378] LOCK pid=86478 fd=10: SHARED -> RESERVED
DBimpl - LOCK REQUEST: 0x3b879400 1
[1773167268.571172369] LOCK pid=86480 fd=14: NO_LOCK -> SHARED (fallback)
[1773167268.571175715] LOCK pid=86480 fd=14: SHARED -> SHARED
DBimpl - LOCK REQUEST: 0x3b879400 2
DBimpl - UNLOCK REQUEST: 0x3b879400 0
[1773167268.571202815] UNLOCK pid=86480 fd=14: SHARED -> NO_LOCK
DBimpl - LOCK REQUEST: 0x3b879400 4
[1773167268.571645178] LOCK pid=86478 fd=10: RESERVED -> PENDING
[1773167268.571647213] LOCK pid=86478 fd=10: PENDING -> EXCLUSIVE
DBimpl - UNLOCK REQUEST: 0x3b879400 1
[1773167268.573789943] UNLOCK pid=86478 fd=10: EXCLUSIVE -> SHARED
DBimpl - UNLOCK REQUEST: 0x3b879400 0
[1773167268.573800070] UNLOCK pid=86478 fd=10: SHARED -> NO_LOCK
DBimpl - LOCK REQUEST: 0x3b879400 1
[1773167268.574267683] LOCK pid=86478 fd=10: NO_LOCK -> SHARED (fallback)
[1773167268.574270185] LOCK pid=86478 fd=10: SHARED -> SHARED
DBimpl - LOCK REQUEST: 0x3b879400 2
[1773167268.574287360] LOCK pid=86478 fd=10: SHARED -> RESERVED
DBimpl - LOCK REQUEST: 0x3b879400 4
[1773167268.575465933] LOCK pid=86478 fd=10: RESERVED -> PENDING
[1773167268.575469939] LOCK pid=86478 fd=10: PENDING -> EXCLUSIVE
DBimpl - UNLOCK REQUEST: 0x3b879400 1
[1773167268.577343461] UNLOCK pid=86478 fd=10: EXCLUSIVE -> SHARED
DBimpl - UNLOCK REQUEST: 0x3b879400 0
[1773167268.577352357] UNLOCK pid=86478 fd=10: SHARED -> NO_LOCK
DBimpl - LOCK REQUEST: 0x3b879400 1
[1773167268.578028349] LOCK pid=86478 fd=10: NO_LOCK -> SHARED (fallback)
[1773167268.578031173] LOCK pid=86478 fd=10: SHARED -> SHARED
DBimpl - LOCK REQUEST: 0x3b879400 2
[1773167268.578048026] LOCK pid=86478 fd=10: SHARED -> RESERVED
DBimpl - LOCK REQUEST: 0x3b879400 4
[1773167268.578256126] LOCK pid=86478 fd=10: RESERVED -> PENDING
[1773167268.578258680] LOCK pid=86478 fd=10: PENDING -> EXCLUSIVE
DBimpl - UNLOCK REQUEST: 0x3b879400 1
[1773167268.579965006] UNLOCK pid=86478 fd=10: EXCLUSIVE -> SHARED
DBimpl - UNLOCK REQUEST: 0x3b879400 0
[1773167268.579971428] UNLOCK pid=86478 fd=10: SHARED -> NO_LOCK
DBimpl - LOCK REQUEST: 0x3b879400 1
[1773167268.585720083] LOCK pid=86478 fd=10: NO_LOCK -> SHARED (fallback)
[1773167268.585731520] LOCK pid=86478 fd=10: SHARED -> SHARED
DBimpl - LOCK REQUEST: 0x3b879400 2
[1773167268.585757033] LOCK pid=86478 fd=10: SHARED -> RESERVED
DBimpl - LOCK REQUEST: 0x3b879400 1
[1773167268.586298210] LOCK pid=86480 fd=14: NO_LOCK -> SHARED (fallback)
[1773167268.586300802] LOCK pid=86480 fd=14: SHARED -> SHARED
DBimpl - LOCK REQUEST: 0x3b879400 2
DBimpl - UNLOCK REQUEST: 0x3b879400 0
[1773167268.586316870] UNLOCK pid=86480 fd=14: SHARED -> NO_LOCK
DBimpl - LOCK REQUEST: 0x3b879400 4
[1773167268.587928066] LOCK pid=86478 fd=10: RESERVED -> PENDING
[1773167268.587931679] LOCK pid=86478 fd=10: PENDING -> EXCLUSIVE
DBimpl - UNLOCK REQUEST: 0x3b879400 1
[1773167268.589775176] UNLOCK pid=86478 fd=10: EXCLUSIVE -> SHARED
DBimpl - UNLOCK REQUEST: 0x3b879400 0
[1773167268.589782592] UNLOCK pid=86478 fd=10: SHARED -> NO_LOCK
DBimpl - LOCK REQUEST: 0x3b879400 1
[1773167268.595995934] LOCK pid=86478 fd=10: NO_LOCK -> SHARED (fallback)
[1773167268.596001183] LOCK pid=86478 fd=10: SHARED -> SHARED
DBimpl - LOCK REQUEST: 0x3b879400 2
[1773167268.596032166] LOCK pid=86478 fd=10: SHARED -> RESERVED
DBimpl - LOCK REQUEST: 0x3b879400 4
[1773167268.598201838] LOCK pid=86478 fd=10: RESERVED -> PENDING
[1773167268.598206267] LOCK pid=86478 fd=10: PENDING -> EXCLUSIVE
DBimpl - UNLOCK REQUEST: 0x3b879400 1
[1773167268.600806019] UNLOCK pid=86478 fd=10: EXCLUSIVE -> SHARED
DBimpl - UNLOCK REQUEST: 0x3b879400 0
[1773167268.600815473] UNLOCK pid=86478 fd=10: SHARED -> NO_LOCK
DBimpl - LOCK REQUEST: 0x3b879400 1
[1773167268.603882811] LOCK pid=86478 fd=10: NO_LOCK -> SHARED (fallback)
[1773167268.603886940] LOCK pid=86478 fd=10: SHARED -> SHARED
DBimpl - LOCK REQUEST: 0x3b879400 2
[1773167268.603922048] LOCK pid=86478 fd=10: SHARED -> RESERVED
DBimpl - LOCK REQUEST: 0x3b879400 4
[1773167268.604152751] LOCK pid=86478 fd=10: RESERVED -> PENDING
[1773167268.604155251] LOCK pid=86478 fd=10: PENDING -> EXCLUSIVE
DBimpl - UNLOCK REQUEST: 0x3b879400 1
[1773167268.606030710] UNLOCK pid=86478 fd=10: EXCLUSIVE -> SHARED
DBimpl - UNLOCK REQUEST: 0x3b879400 0
[1773167268.606038962] UNLOCK pid=86478 fd=10: SHARED -> NO_LOCK
DBimpl - LOCK REQUEST: 0x3b879400 1
[1773167268.606284325] LOCK pid=86478 fd=10: NO_LOCK -> SHARED (fallback)
[1773167268.606286863] LOCK pid=86478 fd=10: SHARED -> SHARED
DBimpl - LOCK REQUEST: 0x3b879400 2
[1773167268.606303440] LOCK pid=86478 fd=10: SHARED -> RESERVED
DBimpl - LOCK REQUEST: 0x3b879400 1
[1773167268.606415487] LOCK pid=86480 fd=14: NO_LOCK -> SHARED (fallback)
[1773167268.606417509] LOCK pid=86480 fd=14: SHARED -> SHARED
DBimpl - LOCK REQUEST: 0x3b879400 2
DBimpl - UNLOCK REQUEST: 0x3b879400 0
[1773167268.606439410] UNLOCK pid=86480 fd=14: SHARED -> NO_LOCK
DBimpl - LOCK REQUEST: 0x3b879400 4
[1773167268.608387864] LOCK pid=86478 fd=10: RESERVED -> PENDING
[1773167268.608391043] LOCK pid=86478 fd=10: PENDING -> EXCLUSIVE
DBimpl - UNLOCK REQUEST: 0x3b879400 1
[1773167268.610139711] UNLOCK pid=86478 fd=10: EXCLUSIVE -> SHARED
DBimpl - UNLOCK REQUEST: 0x3b879400 0
[1773167268.610151244] UNLOCK pid=86478 fd=10: SHARED -> NO_LOCK
DBimpl - LOCK REQUEST: 0x3b879400 1
[1773167268.612977106] LOCK pid=86478 fd=10: NO_LOCK -> SHARED (fallback)
[1773167268.612978848] LOCK pid=86478 fd=10: SHARED -> SHARED
DBimpl - LOCK REQUEST: 0x3b879400 2
[1773167268.612991470] LOCK pid=86478 fd=10: SHARED -> RESERVED
DBimpl - LOCK REQUEST: 0x3b879400 4
[1773167268.613134136] LOCK pid=86478 fd=10: RESERVED -> PENDING
[1773167268.613135951] LOCK pid=86478 fd=10: PENDING -> EXCLUSIVE
DBimpl - UNLOCK REQUEST: 0x3b879400 1
[1773167268.614829192] UNLOCK pid=86478 fd=10: EXCLUSIVE -> SHARED
DBimpl - UNLOCK REQUEST: 0x3b879400 0
[1773167268.614833737] UNLOCK pid=86478 fd=10: SHARED -> NO_LOCK
DBimpl - LOCK REQUEST: 0x3b879400 1
[1773167268.617413887] LOCK pid=86478 fd=10: NO_LOCK -> SHARED (fallback)
[1773167268.617415552] LOCK pid=86478 fd=10: SHARED -> SHARED
DBimpl - LOCK REQUEST: 0x3b879400 2
[1773167268.617425739] LOCK pid=86478 fd=10: SHARED -> RESERVED
DBimpl - LOCK REQUEST: 0x3b879400 4
[1773167268.617522066] LOCK pid=86478 fd=10: RESERVED -> PENDING
[1773167268.617523909] LOCK pid=86478 fd=10: PENDING -> EXCLUSIVE
DBimpl - UNLOCK REQUEST: 0x3b879400 1
[1773167268.619335578] UNLOCK pid=86478 fd=10: EXCLUSIVE -> SHARED
DBimpl - UNLOCK REQUEST: 0x3b879400 0
[1773167268.619339566] UNLOCK pid=86478 fd=10: SHARED -> NO_LOCK
DBimpl - LOCK REQUEST: 0x3b879400 1
[1773167268.620393338] LOCK pid=86478 fd=10: NO_LOCK -> SHARED (fallback)
[1773167268.620394604] LOCK pid=86478 fd=10: SHARED -> SHARED
DBimpl - LOCK REQUEST: 0x3b879400 2
[1773167268.620402861] LOCK pid=86478 fd=10: SHARED -> RESERVED
DBimpl - LOCK REQUEST: 0x3b879400 4
[1773167268.621507878] LOCK pid=86478 fd=10: RESERVED -> PENDING
[1773167268.621509758] LOCK pid=86478 fd=10: PENDING -> EXCLUSIVE
DBimpl - UNLOCK REQUEST: 0x3b879400 1
[1773167268.623273752] UNLOCK pid=86478 fd=10: EXCLUSIVE -> SHARED
DBimpl - UNLOCK REQUEST: 0x3b879400 0
[1773167268.623278847] UNLOCK pid=86478 fd=10: SHARED -> NO_LOCK
DBimpl - LOCK REQUEST: 0x3b879400 1
[1773167268.624716999] LOCK pid=86478 fd=10: NO_LOCK -> SHARED (fallback)
[1773167268.624719224] LOCK pid=86478 fd=10: SHARED -> SHARED
DBimpl - LOCK REQUEST: 0x3b879400 2
[1773167268.624742695] LOCK pid=86478 fd=10: SHARED -> RESERVED
DBimpl - LOCK REQUEST: 0x3b879400 4
[1773167268.626006358] LOCK pid=86478 fd=10: RESERVED -> PENDING
[1773167268.626009395] LOCK pid=86478 fd=10: PENDING -> EXCLUSIVE
DBimpl - UNLOCK REQUEST: 0x3b879400 1
[1773167268.627657903] UNLOCK pid=86478 fd=10: EXCLUSIVE -> SHARED
DBimpl - UNLOCK REQUEST: 0x3b879400 0
[1773167268.627662235] UNLOCK pid=86478 fd=10: SHARED -> NO_LOCK
DBimpl - LOCK REQUEST: 0x3b879400 1
[1773167268.628352009] LOCK pid=86478 fd=10: NO_LOCK -> SHARED (fallback)
[1773167268.628353310] LOCK pid=86478 fd=10: SHARED -> SHARED
DBimpl - LOCK REQUEST: 0x3b879400 2
[1773167268.628362860] LOCK pid=86478 fd=10: SHARED -> RESERVED
DBimpl - LOCK REQUEST: 0x3b879400 4
[1773167268.629491498] LOCK pid=86478 fd=10: RESERVED -> PENDING
[1773167268.629493263] LOCK pid=86478 fd=10: PENDING -> EXCLUSIVE
DBimpl - UNLOCK REQUEST: 0x3b879400 1
[1773167268.631165761] UNLOCK pid=86478 fd=10: EXCLUSIVE -> SHARED
DBimpl - UNLOCK REQUEST: 0x3b879400 0
[1773167268.631169717] UNLOCK pid=86478 fd=10: SHARED -> NO_LOCK
DBimpl - LOCK REQUEST: 0x3b879400 1
[1773167268.631526734] LOCK pid=86480 fd=14: NO_LOCK -> SHARED (fallback)
[1773167268.631529757] LOCK pid=86480 fd=14: SHARED -> SHARED
DBimpl - LOCK REQUEST: 0x3b879400 2
[1773167268.631548437] LOCK pid=86480 fd=14: SHARED -> RESERVED
DBimpl - LOCK REQUEST: 0x3b879400 4
[1773167268.631707429] LOCK pid=86480 fd=14: RESERVED -> PENDING
[1773167268.631709298] LOCK pid=86480 fd=14: PENDING -> EXCLUSIVE
DBimpl - LOCK REQUEST: 0x3b879400 1
DBimpl - UNLOCK REQUEST: 0x3b879400 1
[1773167268.633449570] UNLOCK pid=86480 fd=14: EXCLUSIVE -> SHARED
DBimpl - UNLOCK REQUEST: 0x3b879400 0
[1773167268.633453878] UNLOCK pid=86480 fd=14: SHARED -> NO_LOCK
DBimpl - LOCK REQUEST: 0x3b879400 1
[1773167268.634287294] LOCK pid=86480 fd=14: NO_LOCK -> SHARED (fallback)
[1773167268.634292192] LOCK pid=86480 fd=14: SHARED -> SHARED
DBimpl - LOCK REQUEST: 0x3b879400 2
[1773167268.634301228] LOCK pid=86480 fd=14: SHARED -> RESERVED
DBimpl - LOCK REQUEST: 0x3b879400 4
[1773167268.634385194] LOCK pid=86480 fd=14: RESERVED -> PENDING
[1773167268.634386981] LOCK pid=86480 fd=14: PENDING -> EXCLUSIVE
DBimpl - LOCK REQUEST: 0x3b879400 1
DBimpl - UNLOCK REQUEST: 0x3b879400 1
[1773167268.636069934] UNLOCK pid=86480 fd=14: EXCLUSIVE -> SHARED
DBimpl - UNLOCK REQUEST: 0x3b879400 0
[1773167268.636075431] UNLOCK pid=86480 fd=14: SHARED -> NO_LOCK
DBimpl - LOCK REQUEST: 0x3b879400 1
[1773167268.636495523] LOCK pid=86478 fd=10: NO_LOCK -> SHARED (fallback)
[1773167268.636497108] LOCK pid=86478 fd=10: SHARED -> SHARED
DBimpl - LOCK REQUEST: 0x3b879400 2
[1773167268.636513445] LOCK pid=86478 fd=10: SHARED -> RESERVED
DBimpl - LOCK REQUEST: 0x3b879400 4
[1773167268.637781964] LOCK pid=86478 fd=10: RESERVED -> PENDING
[1773167268.637783823] LOCK pid=86478 fd=10: PENDING -> EXCLUSIVE
DBimpl - LOCK REQUEST: 0x3b879400 1
DBimpl - LOCK REQUEST: 0x3b879400 1
DBimpl - UNLOCK REQUEST: 0x3b879400 1
[1773167268.639984465] UNLOCK pid=86478 fd=10: EXCLUSIVE -> SHARED
DBimpl - UNLOCK REQUEST: 0x3b879400 0
[1773167268.639988637] UNLOCK pid=86478 fd=10: SHARED -> NO_LOCK
DBimpl - LOCK REQUEST: 0x3b879400 1
[1773167268.640328949] LOCK pid=86478 fd=10: NO_LOCK -> SHARED (fallback)
[1773167268.640330146] LOCK pid=86478 fd=10: SHARED -> SHARED
DBimpl - LOCK REQUEST: 0x3b879400 2
[1773167268.640339458] LOCK pid=86478 fd=10: SHARED -> RESERVED
DBimpl - LOCK REQUEST: 0x3b879400 1
[1773167268.641032386] LOCK pid=86480 fd=14: NO_LOCK -> SHARED (fallback)
[1773167268.641035057] LOCK pid=86480 fd=14: SHARED -> SHARED
DBimpl - LOCK REQUEST: 0x3b879400 2
DBimpl - UNLOCK REQUEST: 0x3b879400 0
[1773167268.641059081] UNLOCK pid=86480 fd=14: SHARED -> NO_LOCK
DBimpl - LOCK REQUEST: 0x3b879400 4
[1773167268.641458008] LOCK pid=86478 fd=10: RESERVED -> PENDING
[1773167268.641460407] LOCK pid=86478 fd=10: PENDING -> EXCLUSIVE
DBimpl - UNLOCK REQUEST: 0x3b879400 1
[1773167268.643301897] UNLOCK pid=86478 fd=10: EXCLUSIVE -> SHARED
DBimpl - UNLOCK REQUEST: 0x3b879400 0
[1773167268.643308053] UNLOCK pid=86478 fd=10: SHARED -> NO_LOCK
DBimpl - LOCK REQUEST: 0x3b879400 1
[1773167268.646170687] LOCK pid=86480 fd=14: NO_LOCK -> SHARED (fallback)
[1773167268.646173143] LOCK pid=86480 fd=14: SHARED -> SHARED
DBimpl - LOCK REQUEST: 0x3b879400 2
[1773167268.646192552] LOCK pid=86480 fd=14: SHARED -> RESERVED
DBimpl - LOCK REQUEST: 0x3b879400 4
[1773167268.646368873] LOCK pid=86480 fd=14: RESERVED -> PENDING
[1773167268.646370919] LOCK pid=86480 fd=14: PENDING -> EXCLUSIVE
DBimpl - UNLOCK REQUEST: 0x3b879400 1
[1773167268.648215635] UNLOCK pid=86480 fd=14: EXCLUSIVE -> SHARED
DBimpl - UNLOCK REQUEST: 0x3b879400 0
[1773167268.648220234] UNLOCK pid=86480 fd=14: SHARED -> NO_LOCK
DBimpl - LOCK REQUEST: 0x3b879400 1
[1773167268.649310620] LOCK pid=86480 fd=14: NO_LOCK -> SHARED (fallback)
[1773167268.649312171] LOCK pid=86480 fd=14: SHARED -> SHARED
DBimpl - LOCK REQUEST: 0x3b879400 2
[1773167268.649325409] LOCK pid=86480 fd=14: SHARED -> RESERVED
DBimpl - LOCK REQUEST: 0x3b879400 4
[1773167268.649427171] LOCK pid=86480 fd=14: RESERVED -> PENDING
[1773167268.649429233] LOCK pid=86480 fd=14: PENDING -> EXCLUSIVE
DBimpl - LOCK REQUEST: 0x3b879400 1
DBimpl - UNLOCK REQUEST: 0x3b879400 1
[1773167268.651183219] UNLOCK pid=86480 fd=14: EXCLUSIVE -> SHARED
DBimpl - UNLOCK REQUEST: 0x3b879400 0
[1773167268.651187582] UNLOCK pid=86480 fd=14: SHARED -> NO_LOCK
DBimpl - LOCK REQUEST: 0x3b879400 1
[1773167268.651686241] LOCK pid=86480 fd=14: NO_LOCK -> SHARED (fallback)
[1773167268.651687449] LOCK pid=86480 fd=14: SHARED -> SHARED
DBimpl - LOCK REQUEST: 0x3b879400 2
[1773167268.651695828] LOCK pid=86480 fd=14: SHARED -> RESERVED
DBimpl - LOCK REQUEST: 0x3b879400 4
[1773167268.651776679] LOCK pid=86480 fd=14: RESERVED -> PENDING
[1773167268.651778521] LOCK pid=86480 fd=14: PENDING -> EXCLUSIVE
DBimpl - LOCK REQUEST: 0x3b879400 1
DBimpl - LOCK REQUEST: 0x3b879400 1
DBimpl - UNLOCK REQUEST: 0x3b879400 1
[1773167268.656010893] UNLOCK pid=86480 fd=14: EXCLUSIVE -> SHARED
DBimpl - UNLOCK REQUEST: 0x3b879400 0
[1773167268.656017442] UNLOCK pid=86480 fd=14: SHARED -> NO_LOCK
DBimpl - LOCK REQUEST: 0x3b879400 1
[1773167268.659256903] LOCK pid=86478 fd=10: NO_LOCK -> SHARED (fallback)
[1773167268.659259068] LOCK pid=86478 fd=10: SHARED -> SHARED
DBimpl - LOCK REQUEST: 0x3b879400 2
[1773167268.659275349] LOCK pid=86478 fd=10: SHARED -> RESERVED
DBimpl - LOCK REQUEST: 0x3b879400 4
[1773167268.660668190] LOCK pid=86478 fd=10: RESERVED -> PENDING
[1773167268.660670491] LOCK pid=86478 fd=10: PENDING -> EXCLUSIVE
DBimpl - LOCK REQUEST: 0x3b879400 1
DBimpl - LOCK REQUEST: 0x3b879400 1
DBimpl - UNLOCK REQUEST: 0x3b879400 1
[1773167268.663544955] UNLOCK pid=86478 fd=10: EXCLUSIVE -> SHARED
DBimpl - UNLOCK REQUEST: 0x3b879400 0
[1773167268.663549588] UNLOCK pid=86478 fd=10: SHARED -> NO_LOCK
DBimpl - LOCK REQUEST: 0x3b879400 1
[1773167268.664650305] LOCK pid=86480 fd=14: NO_LOCK -> SHARED (fallback)
[1773167268.664652848] LOCK pid=86480 fd=14: SHARED -> SHARED
DBimpl - LOCK REQUEST: 0x3b879400 2
[1773167268.664668501] LOCK pid=86480 fd=14: SHARED -> RESERVED
DBimpl - LOCK REQUEST: 0x3b879400 4
[1773167268.664805341] LOCK pid=86480 fd=14: RESERVED -> PENDING
[1773167268.664808010] LOCK pid=86480 fd=14: PENDING -> EXCLUSIVE
DBimpl - UNLOCK REQUEST: 0x3b879400 1
[1773167268.666555597] UNLOCK pid=86480 fd=14: EXCLUSIVE -> SHARED
DBimpl - UNLOCK REQUEST: 0x3b879400 0
[1773167268.666561197] UNLOCK pid=86480 fd=14: SHARED -> NO_LOCK
DBimpl - LOCK REQUEST: 0x3b879400 1
[1773167268.666964819] LOCK pid=86480 fd=14: NO_LOCK -> SHARED (fallback)
[1773167268.666966679] LOCK pid=86480 fd=14: SHARED -> SHARED
DBimpl - LOCK REQUEST: 0x3b879400 2
[1773167268.666978165] LOCK pid=86480 fd=14: SHARED -> RESERVED
DBimpl - LOCK REQUEST: 0x3b879400 1
[1773167268.666988313] LOCK pid=86478 fd=10: NO_LOCK -> SHARED (fallback)
[1773167268.666989617] LOCK pid=86478 fd=10: SHARED -> SHARED
DBimpl - LOCK REQUEST: 0x3b879400 2
DBimpl - UNLOCK REQUEST: 0x3b879400 0
[1773167268.667006697] UNLOCK pid=86478 fd=10: SHARED -> NO_LOCK
DBimpl - LOCK REQUEST: 0x3b879400 4
[1773167268.667083576] LOCK pid=86480 fd=14: RESERVED -> PENDING
[1773167268.667086258] LOCK pid=86480 fd=14: PENDING -> EXCLUSIVE
DBimpl - LOCK REQUEST: 0x3b879400 1
DBimpl - UNLOCK REQUEST: 0x3b879400 1
[1773167268.668741961] UNLOCK pid=86480 fd=14: EXCLUSIVE -> SHARED
DBimpl - UNLOCK REQUEST: 0x3b879400 0
[1773167268.668747693] UNLOCK pid=86480 fd=14: SHARED -> NO_LOCK
DBimpl - LOCK REQUEST: 0x3b879400 1
[1773167268.670134275] LOCK pid=86480 fd=14: NO_LOCK -> SHARED (fallback)
[1773167268.670137349] LOCK pid=86480 fd=14: SHARED -> SHARED
DBimpl - LOCK REQUEST: 0x3b879400 1
DBimpl - LOCK REQUEST: 0x3b879400 2
[1773167268.670154377] LOCK pid=86478 fd=10: NO_LOCK -> SHARED (fallback)
[1773167268.670156688] LOCK pid=86478 fd=10: SHARED -> SHARED
[1773167268.670156910] LOCK pid=86480 fd=14: SHARED -> RESERVED
DBimpl - LOCK REQUEST: 0x3b879400 2
DBimpl - UNLOCK REQUEST: 0x3b879400 0
[1773167268.670172473] UNLOCK pid=86478 fd=10: SHARED -> NO_LOCK
DBimpl - LOCK REQUEST: 0x3b879400 4
[1773167268.670334132] LOCK pid=86480 fd=14: RESERVED -> PENDING
[1773167268.670337072] LOCK pid=86480 fd=14: PENDING -> EXCLUSIVE
DBimpl - UNLOCK REQUEST: 0x3b879400 1
[1773167268.672092944] UNLOCK pid=86480 fd=14: EXCLUSIVE -> SHARED
DBimpl - UNLOCK REQUEST: 0x3b879400 0
[1773167268.672099437] UNLOCK pid=86480 fd=14: SHARED -> NO_LOCK
DBimpl - LOCK REQUEST: 0x3b879400 1
[1773167268.673861588] LOCK pid=86480 fd=14: NO_LOCK -> SHARED (fallback)
[1773167268.673863055] LOCK pid=86480 fd=14: SHARED -> SHARED
DBimpl - LOCK REQUEST: 0x3b879400 2
[1773167268.673874504] LOCK pid=86480 fd=14: SHARED -> RESERVED
DBimpl - LOCK REQUEST: 0x3b879400 4
[1773167268.673978709] LOCK pid=86480 fd=14: RESERVED -> PENDING
[1773167268.673980691] LOCK pid=86480 fd=14: PENDING -> EXCLUSIVE
DBimpl - LOCK REQUEST: 0x3b879400 1
DBimpl - UNLOCK REQUEST: 0x3b879400 1
[1773167268.675700870] UNLOCK pid=86480 fd=14: EXCLUSIVE -> SHARED
DBimpl - UNLOCK REQUEST: 0x3b879400 0
[1773167268.675707999] UNLOCK pid=86480 fd=14: SHARED -> NO_LOCK
DBimpl - LOCK REQUEST: 0x3b879400 1
[1773167268.677356078] LOCK pid=86480 fd=14: NO_LOCK -> SHARED (fallback)
[1773167268.677357764] LOCK pid=86480 fd=14: SHARED -> SHARED
DBimpl - LOCK REQUEST: 0x3b879400 2
[1773167268.677367913] LOCK pid=86480 fd=14: SHARED -> RESERVED
DBimpl - LOCK REQUEST: 0x3b879400 4
[1773167268.677452625] LOCK pid=86480 fd=14: RESERVED -> PENDING
[1773167268.677454468] LOCK pid=86480 fd=14: PENDING -> EXCLUSIVE
DBimpl - UNLOCK REQUEST: 0x3b879400 1
[1773167268.679081167] UNLOCK pid=86480 fd=14: EXCLUSIVE -> SHARED
DBimpl - UNLOCK REQUEST: 0x3b879400 0
[1773167268.679085335] UNLOCK pid=86480 fd=14: SHARED -> NO_LOCK
DBimpl - LOCK REQUEST: 0x3b879400 1
[1773167268.684165584] LOCK pid=86480 fd=14: NO_LOCK -> SHARED (fallback)
[1773167268.684166918] LOCK pid=86480 fd=14: SHARED -> SHARED
DBimpl - LOCK REQUEST: 0x3b879400 2
[1773167268.684176133] LOCK pid=86480 fd=14: SHARED -> RESERVED
DBimpl - LOCK REQUEST: 0x3b879400 4
[1773167268.684253192] LOCK pid=86480 fd=14: RESERVED -> PENDING
[1773167268.684254881] LOCK pid=86480 fd=14: PENDING -> EXCLUSIVE
DBimpl - LOCK REQUEST: 0x3b879400 1
DBimpl - UNLOCK REQUEST: 0x3b879400 1
[1773167268.685857380] UNLOCK pid=86480 fd=14: EXCLUSIVE -> SHARED
DBimpl - UNLOCK REQUEST: 0x3b879400 0
[1773167268.685861135] UNLOCK pid=86480 fd=14: SHARED -> NO_LOCK
DBimpl - LOCK REQUEST: 0x3b879400 1
[1773167268.686124860] LOCK pid=86480 fd=14: NO_LOCK -> SHARED (fallback)
[1773167268.686126339] LOCK pid=86480 fd=14: SHARED -> SHARED
DBimpl - LOCK REQUEST: 0x3b879400 2
[1773167268.686134306] LOCK pid=86480 fd=14: SHARED -> RESERVED
DBimpl - LOCK REQUEST: 0x3b879400 4
[1773167268.686202670] LOCK pid=86480 fd=14: RESERVED -> PENDING
[1773167268.686204363] LOCK pid=86480 fd=14: PENDING -> EXCLUSIVE
DBimpl - UNLOCK REQUEST: 0x3b879400 1
[1773167268.687955740] UNLOCK pid=86480 fd=14: EXCLUSIVE -> SHARED
DBimpl - UNLOCK REQUEST: 0x3b879400 0
[1773167268.687959316] UNLOCK pid=86480 fd=14: SHARED -> NO_LOCK
DBimpl - LOCK REQUEST: 0x3b879400 1
[1773167268.688734254] LOCK pid=86480 fd=14: NO_LOCK -> SHARED (fallback)
[1773167268.688735562] LOCK pid=86480 fd=14: SHARED -> SHARED
DBimpl - LOCK REQUEST: 0x3b879400 2
[1773167268.688743532] LOCK pid=86480 fd=14: SHARED -> RESERVED
DBimpl - LOCK REQUEST: 0x3b879400 4
[1773167268.688807755] LOCK pid=86480 fd=14: RESERVED -> PENDING
[1773167268.688809362] LOCK pid=86480 fd=14: PENDING -> EXCLUSIVE
DBimpl - UNLOCK REQUEST: 0x3b879400 1
[1773167268.690471306] UNLOCK pid=86480 fd=14: EXCLUSIVE -> SHARED
DBimpl - UNLOCK REQUEST: 0x3b879400 0
[1773167268.690475568] UNLOCK pid=86480 fd=14: SHARED -> NO_LOCK
DBimpl - LOCK REQUEST: 0x3b879400 1
[1773167268.692068584] LOCK pid=86480 fd=14: NO_LOCK -> SHARED (fallback)
[1773167268.692070728] LOCK pid=86480 fd=14: SHARED -> SHARED
DBimpl - LOCK REQUEST: 0x3b879400 2
[1773167268.692082485] LOCK pid=86480 fd=14: SHARED -> RESERVED
DBimpl - LOCK REQUEST: 0x3b879400 4
[1773167268.692153241] LOCK pid=86480 fd=14: RESERVED -> PENDING
[1773167268.692154850] LOCK pid=86480 fd=14: PENDING -> EXCLUSIVE
DBimpl - UNLOCK REQUEST: 0x3b879400 1
[1773167268.693832333] UNLOCK pid=86480 fd=14: EXCLUSIVE -> SHARED
DBimpl - UNLOCK REQUEST: 0x3b879400 0
[1773167268.693836644] UNLOCK pid=86480 fd=14: SHARED -> NO_LOCK
DBimpl - LOCK REQUEST: 0x3b879400 1
[1773167268.696773332] LOCK pid=86480 fd=14: NO_LOCK -> SHARED (fallback)
[1773167268.696775293] LOCK pid=86480 fd=14: SHARED -> SHARED
DBimpl - LOCK REQUEST: 0x3b879400 2
[1773167268.696786700] LOCK pid=86480 fd=14: SHARED -> RESERVED
DBimpl - LOCK REQUEST: 0x3b879400 4
[1773167268.696867702] LOCK pid=86480 fd=14: RESERVED -> PENDING
[1773167268.696869470] LOCK pid=86480 fd=14: PENDING -> EXCLUSIVE
DBimpl - UNLOCK REQUEST: 0x3b879400 1
[1773167268.698444860] UNLOCK pid=86480 fd=14: EXCLUSIVE -> SHARED
DBimpl - UNLOCK REQUEST: 0x3b879400 0
[1773167268.698448485] UNLOCK pid=86480 fd=14: SHARED -> NO_LOCK
DBimpl - LOCK REQUEST: 0x3b879400 1
[1773167268.700400866] LOCK pid=86478 fd=10: NO_LOCK -> SHARED (fallback)
[1773167268.700408464] LOCK pid=86478 fd=10: SHARED -> SHARED
DBimpl - LOCK REQUEST: 0x3b879400 2
[1773167268.700429135] LOCK pid=86478 fd=10: SHARED -> RESERVED
DBimpl - LOCK REQUEST: 0x3b879400 4
[1773167268.701671896] LOCK pid=86478 fd=10: RESERVED -> PENDING
[1773167268.701674193] LOCK pid=86478 fd=10: PENDING -> EXCLUSIVE
DBimpl - LOCK REQUEST: 0x3b879400 1
DBimpl - LOCK REQUEST: 0x3b879400 1
DBimpl - UNLOCK REQUEST: 0x3b879400 1
[1773167268.703425956] UNLOCK pid=86478 fd=10: EXCLUSIVE -> SHARED
DBimpl - UNLOCK REQUEST: 0x3b879400 0
[1773167268.703432590] UNLOCK pid=86478 fd=10: SHARED -> NO_LOCK
DBimpl - LOCK REQUEST: 0x3b879400 1
[1773167268.703884278] LOCK pid=86478 fd=10: NO_LOCK -> SHARED (fallback)
[1773167268.703885740] LOCK pid=86478 fd=10: SHARED -> SHARED
DBimpl - LOCK REQUEST: 0x3b879400 2
[1773167268.703894995] LOCK pid=86478 fd=10: SHARED -> RESERVED
DBimpl - LOCK REQUEST: 0x3b879400 1
[1773167268.704942068] LOCK pid=86480 fd=14: NO_LOCK -> SHARED (fallback)
[1773167268.704943692] LOCK pid=86480 fd=14: SHARED -> SHARED
DBimpl - LOCK REQUEST: 0x3b879400 2
DBimpl - UNLOCK REQUEST: 0x3b879400 0
[1773167268.704960586] UNLOCK pid=86480 fd=14: SHARED -> NO_LOCK
DBimpl - LOCK REQUEST: 0x3b879400 4
[1773167268.704985476] LOCK pid=86478 fd=10: RESERVED -> PENDING
[1773167268.704987271] LOCK pid=86478 fd=10: PENDING -> EXCLUSIVE
DBimpl - UNLOCK REQUEST: 0x3b879400 1
[1773167268.706705171] UNLOCK pid=86478 fd=10: EXCLUSIVE -> SHARED
DBimpl - UNLOCK REQUEST: 0x3b879400 0
[1773167268.706708805] UNLOCK pid=86478 fd=10: SHARED -> NO_LOCK
DBimpl - LOCK REQUEST: 0x3b879400 1
[1773167268.707980034] LOCK pid=86478 fd=10: NO_LOCK -> SHARED (fallback)
[1773167268.707981344] LOCK pid=86478 fd=10: SHARED -> SHARED
DBimpl - LOCK REQUEST: 0x3b879400 2
[1773167268.707992337] LOCK pid=86478 fd=10: SHARED -> RESERVED
DBimpl - LOCK REQUEST: 0x3b879400 4
[1773167268.709228788] LOCK pid=86478 fd=10: RESERVED -> PENDING
[1773167268.709230584] LOCK pid=86478 fd=10: PENDING -> EXCLUSIVE
DBimpl - LOCK REQUEST: 0x3b879400 1
DBimpl - UNLOCK REQUEST: 0x3b879400 1
[1773167268.711147571] UNLOCK pid=86478 fd=10: EXCLUSIVE -> SHARED
DBimpl - UNLOCK REQUEST: 0x3b879400 0
[1773167268.711151376] UNLOCK pid=86478 fd=10: SHARED -> NO_LOCK
DBimpl - LOCK REQUEST: 0x3b879400 1
[1773167268.711708074] LOCK pid=86478 fd=10: NO_LOCK -> SHARED (fallback)
[1773167268.711709283] LOCK pid=86478 fd=10: SHARED -> SHARED
DBimpl - LOCK REQUEST: 0x3b879400 2
[1773167268.711717443] LOCK pid=86478 fd=10: SHARED -> RESERVED
DBimpl - LOCK REQUEST: 0x3b879400 4
[1773167268.712863958] LOCK pid=86478 fd=10: RESERVED -> PENDING
[1773167268.712865765] LOCK pid=86478 fd=10: PENDING -> EXCLUSIVE
DBimpl - UNLOCK REQUEST: 0x3b879400 1
[1773167268.714524769] UNLOCK pid=86478 fd=10: EXCLUSIVE -> SHARED
DBimpl - UNLOCK REQUEST: 0x3b879400 0
[1773167268.714528459] UNLOCK pid=86478 fd=10: SHARED -> NO_LOCK
DBimpl - LOCK REQUEST: 0x3b879400 1
[1773167268.718392417] LOCK pid=86478 fd=10: NO_LOCK -> SHARED (fallback)
[1773167268.718393687] LOCK pid=86478 fd=10: SHARED -> SHARED
DBimpl - LOCK REQUEST: 0x3b879400 2
[1773167268.718401812] LOCK pid=86478 fd=10: SHARED -> RESERVED
DBimpl - LOCK REQUEST: 0x3b879400 4
[1773167268.719500991] LOCK pid=86478 fd=10: RESERVED -> PENDING
[1773167268.719502718] LOCK pid=86478 fd=10: PENDING -> EXCLUSIVE
DBimpl - LOCK REQUEST: 0x3b879400 1
DBimpl - UNLOCK REQUEST: 0x3b879400 1
[1773167268.721610392] UNLOCK pid=86478 fd=10: EXCLUSIVE -> SHARED
DBimpl - UNLOCK REQUEST: 0x3b879400 0
[1773167268.721613805] UNLOCK pid=86478 fd=10: SHARED -> NO_LOCK
DBimpl - LOCK REQUEST: 0x3b879400 1
[1773167268.722920156] LOCK pid=86478 fd=10: NO_LOCK -> SHARED (fallback)
[1773167268.722921371] LOCK pid=86478 fd=10: SHARED -> SHARED
DBimpl - LOCK REQUEST: 0x3b879400 2
[1773167268.722929528] LOCK pid=86478 fd=10: SHARED -> RESERVED
DBimpl - LOCK REQUEST: 0x3b879400 4
[1773167268.723964054] LOCK pid=86478 fd=10: RESERVED -> PENDING
[1773167268.723965755] LOCK pid=86478 fd=10: PENDING -> EXCLUSIVE
DBimpl - UNLOCK REQUEST: 0x3b879400 1
[1773167268.725658127] UNLOCK pid=86478 fd=10: EXCLUSIVE -> SHARED
DBimpl - UNLOCK REQUEST: 0x3b879400 0
[1773167268.725662569] UNLOCK pid=86478 fd=10: SHARED -> NO_LOCK
DBimpl - LOCK REQUEST: 0x3b879400 1
[1773167268.726764309] LOCK pid=86478 fd=10: NO_LOCK -> SHARED (fallback)
[1773167268.726765852] LOCK pid=86478 fd=10: SHARED -> SHARED
DBimpl - LOCK REQUEST: 0x3b879400 2
[1773167268.726776967] LOCK pid=86478 fd=10: SHARED -> RESERVED
DBimpl - LOCK REQUEST: 0x3b879400 4
[1773167268.727936082] LOCK pid=86478 fd=10: RESERVED -> PENDING
[1773167268.727937838] LOCK pid=86478 fd=10: PENDING -> EXCLUSIVE
DBimpl - UNLOCK REQUEST: 0x3b879400 1
[1773167268.729697771] UNLOCK pid=86478 fd=10: EXCLUSIVE -> SHARED
DBimpl - UNLOCK REQUEST: 0x3b879400 0
[1773167268.729701266] UNLOCK pid=86478 fd=10: SHARED -> NO_LOCK
DBimpl - LOCK REQUEST: 0x3b879400 1
[1773167268.731482471] LOCK pid=86478 fd=10: NO_LOCK -> SHARED (fallback)
[1773167268.731483715] LOCK pid=86478 fd=10: SHARED -> SHARED
DBimpl - LOCK REQUEST: 0x3b879400 2
[1773167268.731492058] LOCK pid=86478 fd=10: SHARED -> RESERVED
DBimpl - LOCK REQUEST: 0x3b879400 4
[1773167268.731584305] LOCK pid=86478 fd=10: RESERVED -> PENDING
[1773167268.731585882] LOCK pid=86478 fd=10: PENDING -> EXCLUSIVE
DBimpl - UNLOCK REQUEST: 0x3b879400 1
[1773167268.733232480] UNLOCK pid=86478 fd=10: EXCLUSIVE -> SHARED
DBimpl - UNLOCK REQUEST: 0x3b879400 0
[1773167268.733236560] UNLOCK pid=86478 fd=10: SHARED -> NO_LOCK
DBimpl - LOCK REQUEST: 0x3b879400 1
[1773167268.735176842] LOCK pid=86480 fd=14: NO_LOCK -> SHARED (fallback)
[1773167268.735179063] LOCK pid=86480 fd=14: SHARED -> SHARED
DBimpl - LOCK REQUEST: 0x3b879400 2
[1773167268.735193777] LOCK pid=86480 fd=14: SHARED -> RESERVED
DBimpl - LOCK REQUEST: 0x3b879400 4
[1773167268.735308699] LOCK pid=86480 fd=14: RESERVED -> PENDING
[1773167268.735310613] LOCK pid=86480 fd=14: PENDING -> EXCLUSIVE
DBimpl - LOCK REQUEST: 0x3b879400 1
DBimpl - UNLOCK REQUEST: 0x3b879400 1
[1773167268.737694751] UNLOCK pid=86480 fd=14: EXCLUSIVE -> SHARED
DBimpl - UNLOCK REQUEST: 0x3b879400 0
[1773167268.737698763] UNLOCK pid=86480 fd=14: SHARED -> NO_LOCK
DBimpl - LOCK REQUEST: 0x3b879400 1
[1773167268.738154213] LOCK pid=86478 fd=10: NO_LOCK -> SHARED (fallback)
[1773167268.738156761] LOCK pid=86478 fd=10: SHARED -> SHARED
DBimpl - LOCK REQUEST: 0x3b879400 2
[1773167268.738173874] LOCK pid=86478 fd=10: SHARED -> RESERVED
DBimpl - LOCK REQUEST: 0x3b879400 1
[1773167268.738497630] LOCK pid=86480 fd=14: NO_LOCK -> SHARED (fallback)
[1773167268.738499146] LOCK pid=86480 fd=14: SHARED -> SHARED
DBimpl - LOCK REQUEST: 0x3b879400 2
DBimpl - UNLOCK REQUEST: 0x3b879400 0
[1773167268.738512232] UNLOCK pid=86480 fd=14: SHARED -> NO_LOCK
DBimpl - LOCK REQUEST: 0x3b879400 4
[1773167268.739356064] LOCK pid=86478 fd=10: RESERVED -> PENDING
[1773167268.739358661] LOCK pid=86478 fd=10: PENDING -> EXCLUSIVE
DBimpl - LOCK REQUEST: 0x3b879400 1
DBimpl - LOCK REQUEST: 0x3b879400 1
DBimpl - UNLOCK REQUEST: 0x3b879400 1
[1773167268.743713408] UNLOCK pid=86478 fd=10: EXCLUSIVE -> SHARED
DBimpl - UNLOCK REQUEST: 0x3b879400 0
[1773167268.743717642] UNLOCK pid=86478 fd=10: SHARED -> NO_LOCK
DBimpl - LOCK REQUEST: 0x3b879400 1
[1773167268.744157850] LOCK pid=86478 fd=10: NO_LOCK -> SHARED (fallback)
[1773167268.744159085] LOCK pid=86478 fd=10: SHARED -> SHARED
DBimpl - LOCK REQUEST: 0x3b879400 2
[1773167268.744168794] LOCK pid=86478 fd=10: SHARED -> RESERVED
DBimpl - LOCK REQUEST: 0x3b879400 4
[1773167268.745314639] LOCK pid=86478 fd=10: RESERVED -> PENDING
[1773167268.745316365] LOCK pid=86478 fd=10: PENDING -> EXCLUSIVE
DBimpl - LOCK REQUEST: 0x3b879400 1
DBimpl - UNLOCK REQUEST: 0x3b879400 1
[1773167268.747037888] UNLOCK pid=86478 fd=10: EXCLUSIVE -> SHARED
DBimpl - UNLOCK REQUEST: 0x3b879400 0
[1773167268.747041405] UNLOCK pid=86478 fd=10: SHARED -> NO_LOCK
DBimpl - LOCK REQUEST: 0x3b879400 1
[1773167268.747440018] LOCK pid=86478 fd=10: NO_LOCK -> SHARED (fallback)
[1773167268.747441191] LOCK pid=86478 fd=10: SHARED -> SHARED
DBimpl - LOCK REQUEST: 0x3b879400 2
[1773167268.747448926] LOCK pid=86478 fd=10: SHARED -> RESERVED
DBimpl - LOCK REQUEST: 0x3b879400 4
[1773167268.748554664] LOCK pid=86478 fd=10: RESERVED -> PENDING
[1773167268.748556395] LOCK pid=86478 fd=10: PENDING -> EXCLUSIVE
DBimpl - UNLOCK REQUEST: 0x3b879400 1
[1773167268.750362863] UNLOCK pid=86478 fd=10: EXCLUSIVE -> SHARED
DBimpl - UNLOCK REQUEST: 0x3b879400 0
[1773167268.750367046] UNLOCK pid=86478 fd=10: SHARED -> NO_LOCK
DBimpl - LOCK REQUEST: 0x3b879400 1
[1773167268.756760266] LOCK pid=86480 fd=14: NO_LOCK -> SHARED (fallback)
[1773167268.756762193] LOCK pid=86480 fd=14: SHARED -> SHARED
DBimpl - LOCK REQUEST: 0x3b879400 2
[1773167268.756774647] LOCK pid=86480 fd=14: SHARED -> RESERVED
DBimpl - LOCK REQUEST: 0x3b879400 4
[1773167268.756879454] LOCK pid=86480 fd=14: RESERVED -> PENDING
[1773167268.756881301] LOCK pid=86480 fd=14: PENDING -> EXCLUSIVE
DBimpl - UNLOCK REQUEST: 0x3b879400 1
[1773167268.758488586] UNLOCK pid=86480 fd=14: EXCLUSIVE -> SHARED
DBimpl - UNLOCK REQUEST: 0x3b879400 0
[1773167268.758492722] UNLOCK pid=86480 fd=14: SHARED -> NO_LOCK
DBimpl - LOCK REQUEST: 0x3b879400 1
[1773167268.759322511] LOCK pid=86478 fd=10: NO_LOCK -> SHARED (fallback)
[1773167268.759324533] LOCK pid=86478 fd=10: SHARED -> SHARED
DBimpl - LOCK REQUEST: 0x3b879400 2
[1773167268.759338914] LOCK pid=86478 fd=10: SHARED -> RESERVED
DBimpl - LOCK REQUEST: 0x3b879400 4
[1773167268.759458125] LOCK pid=86478 fd=10: RESERVED -> PENDING
[1773167268.759460137] LOCK pid=86478 fd=10: PENDING -> EXCLUSIVE
DBimpl - UNLOCK REQUEST: 0x3b879400 1
[1773167268.761123959] UNLOCK pid=86478 fd=10: EXCLUSIVE -> SHARED
DBimpl - UNLOCK REQUEST: 0x3b879400 0
[1773167268.761127878] UNLOCK pid=86478 fd=10: SHARED -> NO_LOCK
DBimpl - LOCK REQUEST: 0x3b879400 1
[1773167268.761323826] LOCK pid=86478 fd=10: NO_LOCK -> SHARED (fallback)
[1773167268.761325033] LOCK pid=86478 fd=10: SHARED -> SHARED
DBimpl - LOCK REQUEST: 0x3b879400 2
[1773167268.761332966] LOCK pid=86478 fd=10: SHARED -> RESERVED
DBimpl - LOCK REQUEST: 0x3b879400 4
[1773167268.762428858] LOCK pid=86478 fd=10: RESERVED -> PENDING
[1773167268.762430720] LOCK pid=86478 fd=10: PENDING -> EXCLUSIVE
DBimpl - LOCK REQUEST: 0x3b879400 1
DBimpl - LOCK REQUEST: 0x3b879400 1
DBimpl - UNLOCK REQUEST: 0x3b879400 1
[1773167268.764552978] UNLOCK pid=86478 fd=10: EXCLUSIVE -> SHARED
DBimpl - UNLOCK REQUEST: 0x3b879400 0
[1773167268.764557029] UNLOCK pid=86478 fd=10: SHARED -> NO_LOCK
DBimpl - LOCK REQUEST: 0x3b879400 1
[1773167268.765815647] LOCK pid=86480 fd=14: NO_LOCK -> SHARED (fallback)
[1773167268.765817271] LOCK pid=86480 fd=14: SHARED -> SHARED
DBimpl - LOCK REQUEST: 0x3b879400 2
[1773167268.765827799] LOCK pid=86480 fd=14: SHARED -> RESERVED
DBimpl - LOCK REQUEST: 0x3b879400 4
[1773167268.765914627] LOCK pid=86480 fd=14: RESERVED -> PENDING
[1773167268.765916388] LOCK pid=86480 fd=14: PENDING -> EXCLUSIVE
DBimpl - LOCK REQUEST: 0x3b879400 1
DBimpl - UNLOCK REQUEST: 0x3b879400 1
[1773167268.767591663] UNLOCK pid=86480 fd=14: EXCLUSIVE -> SHARED
DBimpl - UNLOCK REQUEST: 0x3b879400 0
[1773167268.767595218] UNLOCK pid=86480 fd=14: SHARED -> NO_LOCK
DBimpl - LOCK REQUEST: 0x3b879400 1
[1773167268.767708240] LOCK pid=86478 fd=10: NO_LOCK -> SHARED (fallback)
[1773167268.767709572] LOCK pid=86478 fd=10: SHARED -> SHARED
DBimpl - LOCK REQUEST: 0x3b879400 2
[1773167268.767719611] LOCK pid=86478 fd=10: SHARED -> RESERVED
DBimpl - LOCK REQUEST: 0x3b879400 4
[1773167268.768887723] LOCK pid=86478 fd=10: RESERVED -> PENDING
[1773167268.768889548] LOCK pid=86478 fd=10: PENDING -> EXCLUSIVE
DBimpl - LOCK REQUEST: 0x3b879400 1
DBimpl - LOCK REQUEST: 0x3b879400 1
DBimpl - UNLOCK REQUEST: 0x3b879400 1
[1773167268.771444600] UNLOCK pid=86478 fd=10: EXCLUSIVE -> SHARED
DBimpl - UNLOCK REQUEST: 0x3b879400 0
[1773167268.771449631] UNLOCK pid=86478 fd=10: SHARED -> NO_LOCK
DBimpl - LOCK REQUEST: 0x3b879400 1
[1773167268.772174372] LOCK pid=86480 fd=14: NO_LOCK -> SHARED (fallback)
[1773167268.772176629] LOCK pid=86480 fd=14: SHARED -> SHARED
DBimpl - LOCK REQUEST: 0x3b879400 2
[1773167268.772190694] LOCK pid=86480 fd=14: SHARED -> RESERVED
DBimpl - LOCK REQUEST: 0x3b879400 4
[1773167268.772298991] LOCK pid=86480 fd=14: RESERVED -> PENDING
[1773167268.772300701] LOCK pid=86480 fd=14: PENDING -> EXCLUSIVE
DBimpl - UNLOCK REQUEST: 0x3b879400 1
[1773167268.773948927] UNLOCK pid=86480 fd=14: EXCLUSIVE -> SHARED
DBimpl - UNLOCK REQUEST: 0x3b879400 0
[1773167268.773952897] UNLOCK pid=86480 fd=14: SHARED -> NO_LOCK
DBimpl - LOCK REQUEST: 0x3b879400 1
[1773167268.775285346] LOCK pid=86480 fd=14: NO_LOCK -> SHARED (fallback)
[1773167268.775287231] LOCK pid=86480 fd=14: SHARED -> SHARED
DBimpl - LOCK REQUEST: 0x3b879400 2
[1773167268.775300194] LOCK pid=86480 fd=14: SHARED -> RESERVED
DBimpl - LOCK REQUEST: 0x3b879400 4
[1773167268.775382030] LOCK pid=86480 fd=14: RESERVED -> PENDING
[1773167268.775383677] LOCK pid=86480 fd=14: PENDING -> EXCLUSIVE
DBimpl - LOCK REQUEST: 0x3b879400 1
DBimpl - LOCK REQUEST: 0x3b879400 1
DBimpl - UNLOCK REQUEST: 0x3b879400 1
[1773167268.777535575] UNLOCK pid=86480 fd=14: EXCLUSIVE -> SHARED
DBimpl - UNLOCK REQUEST: 0x3b879400 0
[1773167268.777539741] UNLOCK pid=86480 fd=14: SHARED -> NO_LOCK
DBimpl - LOCK REQUEST: 0x3b879400 1
[1773167268.778765945] LOCK pid=86478 fd=10: NO_LOCK -> SHARED (fallback)
[1773167268.778768383] LOCK pid=86478 fd=10: SHARED -> SHARED
DBimpl - LOCK REQUEST: 0x3b879400 2
[1773167268.778783575] LOCK pid=86478 fd=10: SHARED -> RESERVED
DBimpl - LOCK REQUEST: 0x3b879400 1
[1773167268.778900006] LOCK pid=86480 fd=14: NO_LOCK -> SHARED (fallback)
[1773167268.778901254] LOCK pid=86480 fd=14: SHARED -> SHARED
DBimpl - LOCK REQUEST: 0x3b879400 2
DBimpl - UNLOCK REQUEST: 0x3b879400 0
[1773167268.778915059] UNLOCK pid=86480 fd=14: SHARED -> NO_LOCK
DBimpl - LOCK REQUEST: 0x3b879400 1
[1773167268.779975901] LOCK pid=86480 fd=14: NO_LOCK -> SHARED (fallback)
[1773167268.779977255] LOCK pid=86480 fd=14: SHARED -> SHARED
DBimpl - LOCK REQUEST: 0x3b879400 2
DBimpl - UNLOCK REQUEST: 0x3b879400 0
[1773167268.779988003] UNLOCK pid=86480 fd=14: SHARED -> NO_LOCK
DBimpl - LOCK REQUEST: 0x3b879400 4
[1773167268.780194246] LOCK pid=86478 fd=10: RESERVED -> PENDING
[1773167268.780196384] LOCK pid=86478 fd=10: PENDING -> EXCLUSIVE
DBimpl - UNLOCK REQUEST: 0x3b879400 1
[1773167268.781889958] UNLOCK pid=86478 fd=10: EXCLUSIVE -> SHARED
DBimpl - UNLOCK REQUEST: 0x3b879400 0
[1773167268.781894840] UNLOCK pid=86478 fd=10: SHARED -> NO_LOCK
DBimpl - LOCK REQUEST: 0x3b879400 1
[1773167268.782080281] LOCK pid=86480 fd=14: NO_LOCK -> SHARED (fallback)
[1773167268.782081911] LOCK pid=86480 fd=14: SHARED -> SHARED
DBimpl - LOCK REQUEST: 0x3b879400 2
[1773167268.782095261] LOCK pid=86480 fd=14: SHARED -> RESERVED
DBimpl - LOCK REQUEST: 0x3b879400 4
[1773167268.782202467] LOCK pid=86480 fd=14: RESERVED -> PENDING
[1773167268.782204515] LOCK pid=86480 fd=14: PENDING -> EXCLUSIVE
DBimpl - LOCK REQUEST: 0x3b879400 1
DBimpl - LOCK REQUEST: 0x3b879400 1
DBimpl - UNLOCK REQUEST: 0x3b879400 1
[1773167268.784428297] UNLOCK pid=86480 fd=14: EXCLUSIVE -> SHARED
DBimpl - UNLOCK REQUEST: 0x3b879400 0
[1773167268.784432672] UNLOCK pid=86480 fd=14: SHARED -> NO_LOCK
DBimpl - LOCK REQUEST: 0x3b879400 1
[1773167268.784852267] LOCK pid=86480 fd=14: NO_LOCK -> SHARED (fallback)
[1773167268.784853737] LOCK pid=86480 fd=14: SHARED -> SHARED
DBimpl - LOCK REQUEST: 0x3b879400 2
[1773167268.784864842] LOCK pid=86480 fd=14: SHARED -> RESERVED
DBimpl - LOCK REQUEST: 0x3b879400 4
[1773167268.784950277] LOCK pid=86480 fd=14: RESERVED -> PENDING
[1773167268.784951935] LOCK pid=86480 fd=14: PENDING -> EXCLUSIVE
DBimpl - LOCK REQUEST: 0x3b879400 1
DBimpl - UNLOCK REQUEST: 0x3b879400 1
[1773167268.786701009] UNLOCK pid=86480 fd=14: EXCLUSIVE -> SHARED
DBimpl - UNLOCK REQUEST: 0x3b879400 0
[1773167268.786704807] UNLOCK pid=86480 fd=14: SHARED -> NO_LOCK
DBimpl - LOCK REQUEST: 0x3b879400 1
[1773167268.788517277] LOCK pid=86480 fd=14: NO_LOCK -> SHARED (fallback)
[1773167268.788518799] LOCK pid=86480 fd=14: SHARED -> SHARED
DBimpl - LOCK REQUEST: 0x3b879400 2
[1773167268.788530335] LOCK pid=86480 fd=14: SHARED -> RESERVED
DBimpl - LOCK REQUEST: 0x3b879400 4
[1773167268.788622897] LOCK pid=86480 fd=14: RESERVED -> PENDING
[1773167268.788627624] LOCK pid=86480 fd=14: PENDING -> EXCLUSIVE
DBimpl - UNLOCK REQUEST: 0x3b879400 1
[1773167268.790356001] UNLOCK pid=86480 fd=14: EXCLUSIVE -> SHARED
DBimpl - UNLOCK REQUEST: 0x3b879400 0
[1773167268.790359895] UNLOCK pid=86480 fd=14: SHARED -> NO_LOCK
DBimpl - LOCK REQUEST: 0x3b879400 1
[1773167268.790900292] LOCK pid=86478 fd=10: NO_LOCK -> SHARED (fallback)
[1773167268.790902100] LOCK pid=86478 fd=10: SHARED -> SHARED
DBimpl - LOCK REQUEST: 0x3b879400 2
[1773167268.790922714] LOCK pid=86478 fd=10: SHARED -> RESERVED
DBimpl - LOCK REQUEST: 0x3b879400 4
[1773167268.792217773] LOCK pid=86478 fd=10: RESERVED -> PENDING
[1773167268.792219976] LOCK pid=86478 fd=10: PENDING -> EXCLUSIVE
DBimpl - LOCK REQUEST: 0x3b879400 1
DBimpl - UNLOCK REQUEST: 0x3b879400 1
[1773167268.793895249] UNLOCK pid=86478 fd=10: EXCLUSIVE -> SHARED
DBimpl - UNLOCK REQUEST: 0x3b879400 0
[1773167268.793899813] UNLOCK pid=86478 fd=10: SHARED -> NO_LOCK
DBimpl - LOCK REQUEST: 0x3b879400 1
[1773167268.794040864] LOCK pid=86478 fd=10: NO_LOCK -> SHARED (fallback)
[1773167268.794042241] LOCK pid=86478 fd=10: SHARED -> SHARED
DBimpl - LOCK REQUEST: 0x3b879400 2
[1773167268.794051151] LOCK pid=86478 fd=10: SHARED -> RESERVED
DBimpl - LOCK REQUEST: 0x3b879400 1
[1773167268.794082351] LOCK pid=86480 fd=14: NO_LOCK -> SHARED (fallback)
[1773167268.794083974] LOCK pid=86480 fd=14: SHARED -> SHARED
DBimpl - LOCK REQUEST: 0x3b879400 2
DBimpl - UNLOCK REQUEST: 0x3b879400 0
[1773167268.794099270] UNLOCK pid=86480 fd=14: SHARED -> NO_LOCK
DBimpl - LOCK REQUEST: 0x3b879400 4
[1773167268.795261810] LOCK pid=86478 fd=10: RESERVED -> PENDING
[1773167268.795263727] LOCK pid=86478 fd=10: PENDING -> EXCLUSIVE
DBimpl - LOCK REQUEST: 0x3b879400 1
DBimpl - UNLOCK REQUEST: 0x3b879400 1
[1773167268.796865926] UNLOCK pid=86478 fd=10: EXCLUSIVE -> SHARED
DBimpl - UNLOCK REQUEST: 0x3b879400 0
[1773167268.796869744] UNLOCK pid=86478 fd=10: SHARED -> NO_LOCK
DBimpl - LOCK REQUEST: 0x3b879400 1
[1773167268.796961907] LOCK pid=86478 fd=10: NO_LOCK -> SHARED (fallback)
[1773167268.796963105] LOCK pid=86478 fd=10: SHARED -> SHARED
DBimpl - LOCK REQUEST: 0x3b879400 2
[1773167268.796971417] LOCK pid=86478 fd=10: SHARED -> RESERVED
DBimpl - LOCK REQUEST: 0x3b879400 4
[1773167268.798155104] LOCK pid=86478 fd=10: RESERVED -> PENDING
[1773167268.798156943] LOCK pid=86478 fd=10: PENDING -> EXCLUSIVE
DBimpl - UNLOCK REQUEST: 0x3b879400 1
[1773167268.799857350] UNLOCK pid=86478 fd=10: EXCLUSIVE -> SHARED
DBimpl - UNLOCK REQUEST: 0x3b879400 0
[1773167268.799861010] UNLOCK pid=86478 fd=10: SHARED -> NO_LOCK
DBimpl - LOCK REQUEST: 0x3b879400 1
[1773167268.800008032] LOCK pid=86478 fd=10: NO_LOCK -> SHARED (fallback)
[1773167268.800009341] LOCK pid=86478 fd=10: SHARED -> SHARED
DBimpl - LOCK REQUEST: 0x3b879400 2
[1773167268.800017337] LOCK pid=86478 fd=10: SHARED -> RESERVED
DBimpl - LOCK REQUEST: 0x3b879400 4
[1773167268.801228392] LOCK pid=86478 fd=10: RESERVED -> PENDING
[1773167268.801230136] LOCK pid=86478 fd=10: PENDING -> EXCLUSIVE
DBimpl - LOCK REQUEST: 0x3b879400 1
DBimpl - UNLOCK REQUEST: 0x3b879400 1
[1773167268.802942862] UNLOCK pid=86478 fd=10: EXCLUSIVE -> SHARED
DBimpl - UNLOCK REQUEST: 0x3b879400 0
[1773167268.802946950] UNLOCK pid=86478 fd=10: SHARED -> NO_LOCK
DBimpl - LOCK REQUEST: 0x3b879400 1
[1773167268.804821202] LOCK pid=86478 fd=10: NO_LOCK -> SHARED (fallback)
[1773167268.804822504] LOCK pid=86478 fd=10: SHARED -> SHARED
DBimpl - LOCK REQUEST: 0x3b879400 2
[1773167268.804830904] LOCK pid=86478 fd=10: SHARED -> RESERVED
DBimpl - LOCK REQUEST: 0x3b879400 4
[1773167268.806078575] LOCK pid=86478 fd=10: RESERVED -> PENDING
[1773167268.806080309] LOCK pid=86478 fd=10: PENDING -> EXCLUSIVE
DBimpl - UNLOCK REQUEST: 0x3b879400 1
[1773167268.807821359] UNLOCK pid=86478 fd=10: EXCLUSIVE -> SHARED
DBimpl - UNLOCK REQUEST: 0x3b879400 0
[1773167268.807825222] UNLOCK pid=86478 fd=10: SHARED -> NO_LOCK
DBimpl - LOCK REQUEST: 0x3b879400 1
[1773167268.808800418] LOCK pid=86478 fd=10: NO_LOCK -> SHARED (fallback)
[1773167268.808802013] LOCK pid=86478 fd=10: SHARED -> SHARED
DBimpl - LOCK REQUEST: 0x3b879400 2
[1773167268.808815260] LOCK pid=86478 fd=10: SHARED -> RESERVED
DBimpl - LOCK REQUEST: 0x3b879400 4
[1773167268.810043000] LOCK pid=86478 fd=10: RESERVED -> PENDING
[1773167268.810045003] LOCK pid=86478 fd=10: PENDING -> EXCLUSIVE
DBimpl - LOCK REQUEST: 0x3b879400 1
DBimpl - UNLOCK REQUEST: 0x3b879400 1
[1773167268.813219668] UNLOCK pid=86478 fd=10: EXCLUSIVE -> SHARED
DBimpl - UNLOCK REQUEST: 0x3b879400 0
[1773167268.813225822] UNLOCK pid=86478 fd=10: SHARED -> NO_LOCK
DBimpl - LOCK REQUEST: 0x3b879400 1
[1773167268.813785357] LOCK pid=86478 fd=10: NO_LOCK -> SHARED (fallback)
[1773167268.813787202] LOCK pid=86478 fd=10: SHARED -> SHARED
DBimpl - LOCK REQUEST: 0x3b879400 2
[1773167268.813799244] LOCK pid=86478 fd=10: SHARED -> RESERVED
DBimpl - LOCK REQUEST: 0x3b879400 4
[1773167268.815031731] LOCK pid=86478 fd=10: RESERVED -> PENDING
[1773167268.815034491] LOCK pid=86478 fd=10: PENDING -> EXCLUSIVE
DBimpl - UNLOCK REQUEST: 0x3b879400 1
[1773167268.818205123] UNLOCK pid=86478 fd=10: EXCLUSIVE -> SHARED
DBimpl - UNLOCK REQUEST: 0x3b879400 0
[1773167268.818211518] UNLOCK pid=86478 fd=10: SHARED -> NO_LOCK
DBimpl - LOCK REQUEST: 0x3b879400 1
[1773167268.818587936] LOCK pid=86478 fd=10: NO_LOCK -> SHARED (fallback)
[1773167268.818589695] LOCK pid=86478 fd=10: SHARED -> SHARED
DBimpl - LOCK REQUEST: 0x3b879400 2
[1773167268.818601849] LOCK pid=86478 fd=10: SHARED -> RESERVED
DBimpl - LOCK REQUEST: 0x3b879400 4
[1773167268.819892637] LOCK pid=86478 fd=10: RESERVED -> PENDING
[1773167268.819895650] LOCK pid=86478 fd=10: PENDING -> EXCLUSIVE
DBimpl - UNLOCK REQUEST: 0x3b879400 1
[1773167268.821623311] UNLOCK pid=86478 fd=10: EXCLUSIVE -> SHARED
DBimpl - UNLOCK REQUEST: 0x3b879400 0
[1773167268.821629402] UNLOCK pid=86478 fd=10: SHARED -> NO_LOCK
DBimpl - LOCK REQUEST: 0x3b879400 1
[1773167268.823758816] LOCK pid=86478 fd=10: NO_LOCK -> SHARED (fallback)
[1773167268.823761882] LOCK pid=86478 fd=10: SHARED -> SHARED
DBimpl - LOCK REQUEST: 0x3b879400 2
[1773167268.823790998] LOCK pid=86478 fd=10: SHARED -> RESERVED
DBimpl - LOCK REQUEST: 0x3b879400 4
[1773167268.825116794] LOCK pid=86478 fd=10: RESERVED -> PENDING
[1773167268.825119686] LOCK pid=86478 fd=10: PENDING -> EXCLUSIVE
DBimpl - LOCK REQUEST: 0x3b879400 1
DBimpl - UNLOCK REQUEST: 0x3b879400 1
[1773167268.826842006] UNLOCK pid=86478 fd=10: EXCLUSIVE -> SHARED
DBimpl - UNLOCK REQUEST: 0x3b879400 0
[1773167268.826848218] UNLOCK pid=86478 fd=10: SHARED -> NO_LOCK
DBimpl - LOCK REQUEST: 0x3b879400 1
[1773167268.828253966] LOCK pid=86478 fd=10: NO_LOCK -> SHARED (fallback)
[1773167268.828255865] LOCK pid=86478 fd=10: SHARED -> SHARED
DBimpl - LOCK REQUEST: 0x3b879400 2
[1773167268.828267927] LOCK pid=86478 fd=10: SHARED -> RESERVED
DBimpl - LOCK REQUEST: 0x3b879400 4
[1773167268.828421102] LOCK pid=86478 fd=10: RESERVED -> PENDING
[1773167268.828423857] LOCK pid=86478 fd=10: PENDING -> EXCLUSIVE
DBimpl - UNLOCK REQUEST: 0x3b879400 1
[1773167268.830097433] UNLOCK pid=86478 fd=10: EXCLUSIVE -> SHARED
DBimpl - UNLOCK REQUEST: 0x3b879400 0
[1773167268.830102988] UNLOCK pid=86478 fd=10: SHARED -> NO_LOCK
DBimpl - LOCK REQUEST: 0x3b879400 1
[1773167268.832154258] LOCK pid=86478 fd=10: NO_LOCK -> SHARED (fallback)
[1773167268.832156111] LOCK pid=86478 fd=10: SHARED -> SHARED
DBimpl - LOCK REQUEST: 0x3b879400 2
[1773167268.832168154] LOCK pid=86478 fd=10: SHARED -> RESERVED
DBimpl - LOCK REQUEST: 0x3b879400 4
[1773167268.833496436] LOCK pid=86478 fd=10: RESERVED -> PENDING
[1773167268.833499269] LOCK pid=86478 fd=10: PENDING -> EXCLUSIVE
DBimpl - UNLOCK REQUEST: 0x3b879400 1
[1773167268.835272052] UNLOCK pid=86478 fd=10: EXCLUSIVE -> SHARED
DBimpl - UNLOCK REQUEST: 0x3b879400 0
[1773167268.835277985] UNLOCK pid=86478 fd=10: SHARED -> NO_LOCK
DBimpl - LOCK REQUEST: 0x3b879400 1
[1773167268.837207576] LOCK pid=86478 fd=10: NO_LOCK -> SHARED (fallback)
[1773167268.837209401] LOCK pid=86478 fd=10: SHARED -> SHARED
DBimpl - LOCK REQUEST: 0x3b879400 2
[1773167268.837221041] LOCK pid=86478 fd=10: SHARED -> RESERVED
DBimpl - LOCK REQUEST: 0x3b879400 4
[1773167268.837337283] LOCK pid=86478 fd=10: RESERVED -> PENDING
[1773167268.837339903] LOCK pid=86478 fd=10: PENDING -> EXCLUSIVE
DBimpl - UNLOCK REQUEST: 0x3b879400 1
[1773167268.838985041] UNLOCK pid=86478 fd=10: EXCLUSIVE -> SHARED
DBimpl - UNLOCK REQUEST: 0x3b879400 0
[1773167268.838990726] UNLOCK pid=86478 fd=10: SHARED -> NO_LOCK
DBimpl - LOCK REQUEST: 0x3b879400 1
[1773167268.842706390] LOCK pid=86478 fd=10: NO_LOCK -> SHARED (fallback)
[1773167268.842708145] LOCK pid=86478 fd=10: SHARED -> SHARED
DBimpl - LOCK REQUEST: 0x3b879400 2
[1773167268.842720705] LOCK pid=86478 fd=10: SHARED -> RESERVED
DBimpl - LOCK REQUEST: 0x3b879400 4
[1773167268.844107242] LOCK pid=86478 fd=10: RESERVED -> PENDING
[1773167268.844110053] LOCK pid=86478 fd=10: PENDING -> EXCLUSIVE
DBimpl - UNLOCK REQUEST: 0x3b879400 1
[1773167268.845989322] UNLOCK pid=86478 fd=10: EXCLUSIVE -> SHARED
DBimpl - UNLOCK REQUEST: 0x3b879400 0
[1773167268.845995525] UNLOCK pid=86478 fd=10: SHARED -> NO_LOCK
DBimpl - LOCK REQUEST: 0x3b879400 1
[1773167268.846506987] LOCK pid=86480 fd=14: NO_LOCK -> SHARED (fallback)
[1773167268.846509836] LOCK pid=86480 fd=14: SHARED -> SHARED
DBimpl - LOCK REQUEST: 0x3b879400 2
[1773167268.846535134] LOCK pid=86480 fd=14: SHARED -> RESERVED
DBimpl - LOCK REQUEST: 0x3b879400 4
[1773167268.846661674] LOCK pid=86480 fd=14: RESERVED -> PENDING
[1773167268.846663471] LOCK pid=86480 fd=14: PENDING -> EXCLUSIVE
DBimpl - LOCK REQUEST: 0x3b879400 1
DBimpl - LOCK REQUEST: 0x3b879400 1
DBimpl - UNLOCK REQUEST: 0x3b879400 1
[1773167268.848828438] UNLOCK pid=86480 fd=14: EXCLUSIVE -> SHARED
DBimpl - UNLOCK REQUEST: 0x3b879400 0
[1773167268.848832678] UNLOCK pid=86480 fd=14: SHARED -> NO_LOCK
DBimpl - LOCK REQUEST: 0x3b879400 1
[1773167268.849713134] LOCK pid=86480 fd=14: NO_LOCK -> SHARED (fallback)
[1773167268.849714463] LOCK pid=86480 fd=14: SHARED -> SHARED
DBimpl - LOCK REQUEST: 0x3b879400 2
[1773167268.849729633] LOCK pid=86480 fd=14: SHARED -> RESERVED
DBimpl - LOCK REQUEST: 0x3b879400 4
[1773167268.849807213] LOCK pid=86480 fd=14: RESERVED -> PENDING
[1773167268.849808893] LOCK pid=86480 fd=14: PENDING -> EXCLUSIVE
DBimpl - LOCK REQUEST: 0x3b879400 1
DBimpl - UNLOCK REQUEST: 0x3b879400 1
[1773167268.852003209] UNLOCK pid=86480 fd=14: EXCLUSIVE -> SHARED
DBimpl - UNLOCK REQUEST: 0x3b879400 0
[1773167268.852007000] UNLOCK pid=86480 fd=14: SHARED -> NO_LOCK
DBimpl - LOCK REQUEST: 0x3b879400 1
[1773167268.853838876] LOCK pid=86480 fd=14: NO_LOCK -> SHARED (fallback)
[1773167268.853840502] LOCK pid=86480 fd=14: SHARED -> SHARED
DBimpl - LOCK REQUEST: 0x3b879400 2
[1773167268.853848989] LOCK pid=86480 fd=14: SHARED -> RESERVED
DBimpl - LOCK REQUEST: 0x3b879400 4
[1773167268.853917550] LOCK pid=86480 fd=14: RESERVED -> PENDING
[1773167268.853919205] LOCK pid=86480 fd=14: PENDING -> EXCLUSIVE
DBimpl - LOCK REQUEST: 0x3b879400 1
DBimpl - UNLOCK REQUEST: 0x3b879400 1
[1773167268.855575543] UNLOCK pid=86480 fd=14: EXCLUSIVE -> SHARED
DBimpl - UNLOCK REQUEST: 0x3b879400 0
[1773167268.855578963] UNLOCK pid=86480 fd=14: SHARED -> NO_LOCK
DBimpl - LOCK REQUEST: 0x3b879400 1
[1773167268.856109050] LOCK pid=86480 fd=14: NO_LOCK -> SHARED (fallback)
[1773167268.856110311] LOCK pid=86480 fd=14: SHARED -> SHARED
DBimpl - LOCK REQUEST: 0x3b879400 2
[1773167268.856119181] LOCK pid=86480 fd=14: SHARED -> RESERVED
DBimpl - LOCK REQUEST: 0x3b879400 4
[1773167268.856185539] LOCK pid=86480 fd=14: RESERVED -> PENDING
[1773167268.856187112] LOCK pid=86480 fd=14: PENDING -> EXCLUSIVE
DBimpl - UNLOCK REQUEST: 0x3b879400 1
[1773167268.857931856] UNLOCK pid=86480 fd=14: EXCLUSIVE -> SHARED
DBimpl - UNLOCK REQUEST: 0x3b879400 0
[1773167268.857935880] UNLOCK pid=86480 fd=14: SHARED -> NO_LOCK
DBimpl - LOCK REQUEST: 0x3b879400 1
[1773167268.859456411] LOCK pid=86480 fd=14: NO_LOCK -> SHARED (fallback)
[1773167268.859458077] LOCK pid=86480 fd=14: SHARED -> SHARED
DBimpl - LOCK REQUEST: 0x3b879400 2
[1773167268.859470120] LOCK pid=86480 fd=14: SHARED -> RESERVED
DBimpl - LOCK REQUEST: 0x3b879400 4
[1773167268.859541074] LOCK pid=86480 fd=14: RESERVED -> PENDING
[1773167268.859544548] LOCK pid=86480 fd=14: PENDING -> EXCLUSIVE
DBimpl - UNLOCK REQUEST: 0x3b879400 1
[1773167268.861198789] UNLOCK pid=86480 fd=14: EXCLUSIVE -> SHARED
DBimpl - UNLOCK REQUEST: 0x3b879400 0
[1773167268.861202857] UNLOCK pid=86480 fd=14: SHARED -> NO_LOCK
DBimpl - LOCK REQUEST: 0x3b879400 1
[1773167268.862898819] LOCK pid=86480 fd=14: NO_LOCK -> SHARED (fallback)
[1773167268.862900580] LOCK pid=86480 fd=14: SHARED -> SHARED
DBimpl - LOCK REQUEST: 0x3b879400 2
[1773167268.862909657] LOCK pid=86480 fd=14: SHARED -> RESERVED
DBimpl - LOCK REQUEST: 0x3b879400 4
[1773167268.862978694] LOCK pid=86480 fd=14: RESERVED -> PENDING
[1773167268.862980216] LOCK pid=86480 fd=14: PENDING -> EXCLUSIVE
DBimpl - UNLOCK REQUEST: 0x3b879400 1
[1773167268.864684833] UNLOCK pid=86480 fd=14: EXCLUSIVE -> SHARED
DBimpl - UNLOCK REQUEST: 0x3b879400 0
[1773167268.864688749] UNLOCK pid=86480 fd=14: SHARED -> NO_LOCK
DBimpl - LOCK REQUEST: 0x3b879400 1
[1773167268.865358398] LOCK pid=86478 fd=10: NO_LOCK -> SHARED (fallback)
[1773167268.865361113] LOCK pid=86478 fd=10: SHARED -> SHARED
DBimpl - LOCK REQUEST: 0x3b879400 2
[1773167268.865383332] LOCK pid=86478 fd=10: SHARED -> RESERVED
DBimpl - LOCK REQUEST: 0x3b879400 1
[1773167268.866764448] LOCK pid=86480 fd=14: NO_LOCK -> SHARED (fallback)
[1773167268.866766128] LOCK pid=86480 fd=14: SHARED -> SHARED
DBimpl - LOCK REQUEST: 0x3b879400 2
DBimpl - UNLOCK REQUEST: 0x3b879400 0
[1773167268.866780689] UNLOCK pid=86480 fd=14: SHARED -> NO_LOCK
DBimpl - LOCK REQUEST: 0x3b879400 4
[1773167268.867001858] LOCK pid=86478 fd=10: RESERVED -> PENDING
[1773167268.867005183] LOCK pid=86478 fd=10: PENDING -> EXCLUSIVE
DBimpl - LOCK REQUEST: 0x3b879400 1
DBimpl - UNLOCK REQUEST: 0x3b879400 1
[1773167268.868738009] UNLOCK pid=86478 fd=10: EXCLUSIVE -> SHARED
DBimpl - UNLOCK REQUEST: 0x3b879400 0
[1773167268.868744330] UNLOCK pid=86478 fd=10: SHARED -> NO_LOCK
DBimpl - LOCK REQUEST: 0x3b879400 1
[1773167268.869264016] LOCK pid=86478 fd=10: NO_LOCK -> SHARED (fallback)
[1773167268.869265977] LOCK pid=86478 fd=10: SHARED -> SHARED
DBimpl - LOCK REQUEST: 0x3b879400 2
[1773167268.869278291] LOCK pid=86478 fd=10: SHARED -> RESERVED
DBimpl - LOCK REQUEST: 0x3b879400 1
[1773167268.869899112] LOCK pid=86480 fd=14: NO_LOCK -> SHARED (fallback)
[1773167268.869900426] LOCK pid=86480 fd=14: SHARED -> SHARED
DBimpl - LOCK REQUEST: 0x3b879400 2
DBimpl - UNLOCK REQUEST: 0x3b879400 0
[1773167268.869917447] UNLOCK pid=86480 fd=14: SHARED -> NO_LOCK
DBimpl - LOCK REQUEST: 0x3b879400 4
[1773167268.870631539] LOCK pid=86478 fd=10: RESERVED -> PENDING
[1773167268.870635010] LOCK pid=86478 fd=10: PENDING -> EXCLUSIVE
DBimpl - UNLOCK REQUEST: 0x3b879400 1
[1773167268.872540477] UNLOCK pid=86478 fd=10: EXCLUSIVE -> SHARED
DBimpl - UNLOCK REQUEST: 0x3b879400 0
[1773167268.872549580] UNLOCK pid=86478 fd=10: SHARED -> NO_LOCK
DBimpl - LOCK REQUEST: 0x3b879400 1
[1773167268.875003657] LOCK pid=86480 fd=14: NO_LOCK -> SHARED (fallback)
[1773167268.875007168] LOCK pid=86480 fd=14: SHARED -> SHARED
DBimpl - LOCK REQUEST: 0x3b879400 2
[1773167268.875032212] LOCK pid=86480 fd=14: SHARED -> RESERVED
DBimpl - LOCK REQUEST: 0x3b879400 4
[1773167268.875243249] LOCK pid=86480 fd=14: RESERVED -> PENDING
[1773167268.875245525] LOCK pid=86480 fd=14: PENDING -> EXCLUSIVE
DBimpl - UNLOCK REQUEST: 0x3b879400 1
[1773167268.877066728] UNLOCK pid=86480 fd=14: EXCLUSIVE -> SHARED
DBimpl - UNLOCK REQUEST: 0x3b879400 0
[1773167268.877072884] UNLOCK pid=86480 fd=14: SHARED -> NO_LOCK
DBimpl - LOCK REQUEST: 0x3b879400 1
[1773167268.880502021] LOCK pid=86480 fd=14: NO_LOCK -> SHARED (fallback)
[1773167268.880504200] LOCK pid=86480 fd=14: SHARED -> SHARED
DBimpl - LOCK REQUEST: 0x3b879400 2
[1773167268.880520715] LOCK pid=86480 fd=14: SHARED -> RESERVED
DBimpl - LOCK REQUEST: 0x3b879400 4
[1773167268.880652395] LOCK pid=86480 fd=14: RESERVED -> PENDING
[1773167268.880654645] LOCK pid=86480 fd=14: PENDING -> EXCLUSIVE
DBimpl - UNLOCK REQUEST: 0x3b879400 1
[1773167268.882375563] UNLOCK pid=86480 fd=14: EXCLUSIVE -> SHARED
DBimpl - UNLOCK REQUEST: 0x3b879400 0
[1773167268.882383505] UNLOCK pid=86480 fd=14: SHARED -> NO_LOCK
DBimpl - LOCK REQUEST: 0x3b879400 1
[1773167268.882567454] LOCK pid=86478 fd=10: NO_LOCK -> SHARED (fallback)
[1773167268.882570807] LOCK pid=86478 fd=10: SHARED -> SHARED
DBimpl - LOCK REQUEST: 0x3b879400 2
[1773167268.882589152] LOCK pid=86478 fd=10: SHARED -> RESERVED
DBimpl - LOCK REQUEST: 0x3b879400 1
[1773167268.882604962] LOCK pid=86480 fd=14: NO_LOCK -> SHARED (fallback)
[1773167268.882606197] LOCK pid=86480 fd=14: SHARED -> SHARED
DBimpl - LOCK REQUEST: 0x3b879400 2
DBimpl - UNLOCK REQUEST: 0x3b879400 0
[1773167268.882614882] UNLOCK pid=86480 fd=14: SHARED -> NO_LOCK
DBimpl - LOCK REQUEST: 0x3b879400 4
[1773167268.882812867] LOCK pid=86478 fd=10: RESERVED -> PENDING
[1773167268.882815705] LOCK pid=86478 fd=10: PENDING -> EXCLUSIVE
DBimpl - LOCK REQUEST: 0x3b879400 1
DBimpl - UNLOCK REQUEST: 0x3b879400 1
[1773167268.884501743] UNLOCK pid=86478 fd=10: EXCLUSIVE -> SHARED
DBimpl - UNLOCK REQUEST: 0x3b879400 0
[1773167268.884508621] UNLOCK pid=86478 fd=10: SHARED -> NO_LOCK
DBimpl - LOCK REQUEST: 0x3b879400 1
[1773167268.885758990] LOCK pid=86480 fd=14: NO_LOCK -> SHARED (fallback)
[1773167268.885760273] LOCK pid=86480 fd=14: SHARED -> SHARED
DBimpl - LOCK REQUEST: 0x3b879400 2
[1773167268.885770405] LOCK pid=86480 fd=14: SHARED -> RESERVED
DBimpl - LOCK REQUEST: 0x3b879400 4
[1773167268.885861276] LOCK pid=86480 fd=14: RESERVED -> PENDING
[1773167268.885863107] LOCK pid=86480 fd=14: PENDING -> EXCLUSIVE
DBimpl - LOCK REQUEST: 0x3b879400 1
DBimpl - UNLOCK REQUEST: 0x3b879400 1
[1773167268.887535832] UNLOCK pid=86480 fd=14: EXCLUSIVE -> SHARED
DBimpl - UNLOCK REQUEST: 0x3b879400 0
[1773167268.887539556] UNLOCK pid=86480 fd=14: SHARED -> NO_LOCK
DBimpl - LOCK REQUEST: 0x3b879400 1
[1773167268.887906731] LOCK pid=86478 fd=10: NO_LOCK -> SHARED (fallback)
[1773167268.887910100] LOCK pid=86478 fd=10: SHARED -> SHARED
DBimpl - LOCK REQUEST: 0x3b879400 2
[1773167268.887927886] LOCK pid=86478 fd=10: SHARED -> RESERVED
DBimpl - LOCK REQUEST: 0x3b879400 4
[1773167268.889661116] LOCK pid=86478 fd=10: RESERVED -> PENDING
[1773167268.889663404] LOCK pid=86478 fd=10: PENDING -> EXCLUSIVE
DBimpl - LOCK REQUEST: 0x3b879400 1
DBimpl - UNLOCK REQUEST: 0x3b879400 1
[1773167268.891450457] UNLOCK pid=86478 fd=10: EXCLUSIVE -> SHARED
DBimpl - UNLOCK REQUEST: 0x3b879400 0
[1773167268.891454620] UNLOCK pid=86478 fd=10: SHARED -> NO_LOCK
DBimpl - LOCK REQUEST: 0x3b879400 1
[1773167268.891550261] LOCK pid=86478 fd=10: NO_LOCK -> SHARED (fallback)
[1773167268.891551508] LOCK pid=86478 fd=10: SHARED -> SHARED
DBimpl - LOCK REQUEST: 0x3b879400 2
[1773167268.891561205] LOCK pid=86478 fd=10: SHARED -> RESERVED
DBimpl - LOCK REQUEST: 0x3b879400 1
[1773167268.892274064] LOCK pid=86480 fd=14: NO_LOCK -> SHARED (fallback)
[1773167268.892275645] LOCK pid=86480 fd=14: SHARED -> SHARED
DBimpl - LOCK REQUEST: 0x3b879400 2
DBimpl - UNLOCK REQUEST: 0x3b879400 0
[1773167268.892290185] UNLOCK pid=86480 fd=14: SHARED -> NO_LOCK
DBimpl - LOCK REQUEST: 0x3b879400 4
[1773167268.893228844] LOCK pid=86478 fd=10: RESERVED -> PENDING
[1773167268.893231371] LOCK pid=86478 fd=10: PENDING -> EXCLUSIVE
DBimpl - LOCK REQUEST: 0x3b879400 1
DBimpl - UNLOCK REQUEST: 0x3b879400 1
[1773167268.898262863] UNLOCK pid=86478 fd=10: EXCLUSIVE -> SHARED
DBimpl - UNLOCK REQUEST: 0x3b879400 0
[1773167268.898268552] UNLOCK pid=86478 fd=10: SHARED -> NO_LOCK
DBimpl - LOCK REQUEST: 0x3b879400 1
[1773167268.898746254] LOCK pid=86478 fd=10: NO_LOCK -> SHARED (fallback)
[1773167268.898747552] LOCK pid=86478 fd=10: SHARED -> SHARED
DBimpl - LOCK REQUEST: 0x3b879400 2
[1773167268.898758001] LOCK pid=86478 fd=10: SHARED -> RESERVED
DBimpl - LOCK REQUEST: 0x3b879400 1
[1773167268.899466429] LOCK pid=86480 fd=14: NO_LOCK -> SHARED (fallback)
[1773167268.899468262] LOCK pid=86480 fd=14: SHARED -> SHARED
DBimpl - LOCK REQUEST: 0x3b879400 2
DBimpl - UNLOCK REQUEST: 0x3b879400 0
[1773167268.899483576] UNLOCK pid=86480 fd=14: SHARED -> NO_LOCK
DBimpl - LOCK REQUEST: 0x3b879400 4
[1773167268.900074868] LOCK pid=86478 fd=10: RESERVED -> PENDING
[1773167268.900078687] LOCK pid=86478 fd=10: PENDING -> EXCLUSIVE
DBimpl - UNLOCK REQUEST: 0x3b879400 1
[1773167268.901835313] UNLOCK pid=86478 fd=10: EXCLUSIVE -> SHARED
DBimpl - UNLOCK REQUEST: 0x3b879400 0
[1773167268.901840360] UNLOCK pid=86478 fd=10: SHARED -> NO_LOCK
DBimpl - LOCK REQUEST: 0x3b879400 1
[1773167268.903381408] LOCK pid=86478 fd=10: NO_LOCK -> SHARED (fallback)
[1773167268.903385474] LOCK pid=86478 fd=10: SHARED -> SHARED
DBimpl - LOCK REQUEST: 0x3b879400 2
[1773167268.903406953] LOCK pid=86478 fd=10: SHARED -> RESERVED
DBimpl - LOCK REQUEST: 0x3b879400 4
[1773167268.905865019] LOCK pid=86478 fd=10: RESERVED -> PENDING
[1773167268.905868301] LOCK pid=86478 fd=10: PENDING -> EXCLUSIVE
DBimpl - UNLOCK REQUEST: 0x3b879400 1
[1773167268.907620056] UNLOCK pid=86478 fd=10: EXCLUSIVE -> SHARED
DBimpl - UNLOCK REQUEST: 0x3b879400 0
[1773167268.907626866] UNLOCK pid=86478 fd=10: SHARED -> NO_LOCK
DBimpl - LOCK REQUEST: 0x3b879400 1
[1773167268.908166018] LOCK pid=86478 fd=10: NO_LOCK -> SHARED (fallback)
[1773167268.908168606] LOCK pid=86478 fd=10: SHARED -> SHARED
DBimpl - LOCK REQUEST: 0x3b879400 2
[1773167268.908181996] LOCK pid=86478 fd=10: SHARED -> RESERVED
DBimpl - LOCK REQUEST: 0x3b879400 1
[1773167268.909554815] LOCK pid=86480 fd=14: NO_LOCK -> SHARED (fallback)
[1773167268.909557381] LOCK pid=86480 fd=14: SHARED -> SHARED
DBimpl - LOCK REQUEST: 0x3b879400 2
DBimpl - UNLOCK REQUEST: 0x3b879400 0
[1773167268.909580294] UNLOCK pid=86480 fd=14: SHARED -> NO_LOCK
DBimpl - LOCK REQUEST: 0x3b879400 4
[1773167268.910745225] LOCK pid=86478 fd=10: RESERVED -> PENDING
[1773167268.910748377] LOCK pid=86478 fd=10: PENDING -> EXCLUSIVE
DBimpl - UNLOCK REQUEST: 0x3b879400 1
[1773167268.912418126] UNLOCK pid=86478 fd=10: EXCLUSIVE -> SHARED
DBimpl - UNLOCK REQUEST: 0x3b879400 0
[1773167268.912423842] UNLOCK pid=86478 fd=10: SHARED -> NO_LOCK
DBimpl - LOCK REQUEST: 0x3b879400 1
[1773167268.912685620] LOCK pid=86478 fd=10: NO_LOCK -> SHARED (fallback)
[1773167268.912687501] LOCK pid=86478 fd=10: SHARED -> SHARED
DBimpl - LOCK REQUEST: 0x3b879400 2
[1773167268.912700303] LOCK pid=86478 fd=10: SHARED -> RESERVED
DBimpl - LOCK REQUEST: 0x3b879400 4
[1773167268.915231617] LOCK pid=86478 fd=10: RESERVED -> PENDING
[1773167268.915234380] LOCK pid=86478 fd=10: PENDING -> EXCLUSIVE
DBimpl - UNLOCK REQUEST: 0x3b879400 1
[1773167268.916911441] UNLOCK pid=86478 fd=10: EXCLUSIVE -> SHARED
DBimpl - UNLOCK REQUEST: 0x3b879400 0
[1773167268.916917395] UNLOCK pid=86478 fd=10: SHARED -> NO_LOCK
DBimpl - LOCK REQUEST: 0x3b879400 1
[1773167268.918200346] LOCK pid=86478 fd=10: NO_LOCK -> SHARED (fallback)
[1773167268.918202895] LOCK pid=86478 fd=10: SHARED -> SHARED
DBimpl - LOCK REQUEST: 0x3b879400 2
[1773167268.918219538] LOCK pid=86478 fd=10: SHARED -> RESERVED
DBimpl - LOCK REQUEST: 0x3b879400 4
[1773167268.920750828] LOCK pid=86478 fd=10: RESERVED -> PENDING
[1773167268.920753846] LOCK pid=86478 fd=10: PENDING -> EXCLUSIVE
DBimpl - UNLOCK REQUEST: 0x3b879400 1
[1773167268.922427583] UNLOCK pid=86478 fd=10: EXCLUSIVE -> SHARED
DBimpl - UNLOCK REQUEST: 0x3b879400 0
[1773167268.922434042] UNLOCK pid=86478 fd=10: SHARED -> NO_LOCK
DBimpl - LOCK REQUEST: 0x3b879400 1
[1773167268.924686309] LOCK pid=86480 fd=14: NO_LOCK -> SHARED (fallback)
[1773167268.924688831] LOCK pid=86480 fd=14: SHARED -> SHARED
DBimpl - LOCK REQUEST: 0x3b879400 2
[1773167268.924707192] LOCK pid=86480 fd=14: SHARED -> RESERVED
DBimpl - LOCK REQUEST: 0x3b879400 4
[1773167268.924866071] LOCK pid=86480 fd=14: RESERVED -> PENDING
[1773167268.924868014] LOCK pid=86480 fd=14: PENDING -> EXCLUSIVE
DBimpl - LOCK REQUEST: 0x3b879400 1
DBimpl - UNLOCK REQUEST: 0x3b879400 1
[1773167268.926621548] UNLOCK pid=86480 fd=14: EXCLUSIVE -> SHARED
DBimpl - UNLOCK REQUEST: 0x3b879400 0
[1773167268.926627111] UNLOCK pid=86480 fd=14: SHARED -> NO_LOCK
DBimpl - LOCK REQUEST: 0x3b879400 1
[1773167268.926658524] LOCK pid=86478 fd=10: NO_LOCK -> SHARED (fallback)
[1773167268.926661576] LOCK pid=86478 fd=10: SHARED -> SHARED
DBimpl - LOCK REQUEST: 0x3b879400 2
[1773167268.926691380] LOCK pid=86478 fd=10: SHARED -> RESERVED
DBimpl - LOCK REQUEST: 0x3b879400 4
[1773167268.926893648] LOCK pid=86478 fd=10: RESERVED -> PENDING
[1773167268.926897007] LOCK pid=86478 fd=10: PENDING -> EXCLUSIVE
DBimpl - UNLOCK REQUEST: 0x3b879400 1
[1773167268.928607328] UNLOCK pid=86478 fd=10: EXCLUSIVE -> SHARED
DBimpl - UNLOCK REQUEST: 0x3b879400 0
[1773167268.928613852] UNLOCK pid=86478 fd=10: SHARED -> NO_LOCK
DBimpl - LOCK REQUEST: 0x3b879400 1
[1773167268.929887148] LOCK pid=86478 fd=10: NO_LOCK -> SHARED (fallback)
[1773167268.929889495] LOCK pid=86478 fd=10: SHARED -> SHARED
DBimpl - LOCK REQUEST: 0x3b879400 2
[1773167268.929905674] LOCK pid=86478 fd=10: SHARED -> RESERVED
DBimpl - LOCK REQUEST: 0x3b879400 1
[1773167268.931500888] LOCK pid=86480 fd=14: NO_LOCK -> SHARED (fallback)
[1773167268.931502932] LOCK pid=86480 fd=14: SHARED -> SHARED
DBimpl - LOCK REQUEST: 0x3b879400 2
DBimpl - UNLOCK REQUEST: 0x3b879400 0
[1773167268.931518314] UNLOCK pid=86480 fd=14: SHARED -> NO_LOCK
DBimpl - LOCK REQUEST: 0x3b879400 1
[1773167268.932604401] LOCK pid=86480 fd=14: NO_LOCK -> SHARED (fallback)
[1773167268.932605697] LOCK pid=86480 fd=14: SHARED -> SHARED
DBimpl - LOCK REQUEST: 0x3b879400 2
DBimpl - UNLOCK REQUEST: 0x3b879400 0
[1773167268.932614403] UNLOCK pid=86480 fd=14: SHARED -> NO_LOCK
DBimpl - LOCK REQUEST: 0x3b879400 4
[1773167268.932749313] LOCK pid=86478 fd=10: RESERVED -> PENDING
[1773167268.932752363] LOCK pid=86478 fd=10: PENDING -> EXCLUSIVE
DBimpl - UNLOCK REQUEST: 0x3b879400 1
[1773167268.934512341] UNLOCK pid=86478 fd=10: EXCLUSIVE -> SHARED
DBimpl - UNLOCK REQUEST: 0x3b879400 0
[1773167268.934518701] UNLOCK pid=86478 fd=10: SHARED -> NO_LOCK
DBimpl - LOCK REQUEST: 0x3b879400 1
[1773167268.934673345] LOCK pid=86480 fd=14: NO_LOCK -> SHARED (fallback)
[1773167268.934674663] LOCK pid=86480 fd=14: SHARED -> SHARED
DBimpl - LOCK REQUEST: 0x3b879400 2
[1773167268.934682775] LOCK pid=86480 fd=14: SHARED -> RESERVED
DBimpl - LOCK REQUEST: 0x3b879400 4
[1773167268.934793202] LOCK pid=86480 fd=14: RESERVED -> PENDING
[1773167268.934794920] LOCK pid=86480 fd=14: PENDING -> EXCLUSIVE
DBimpl - UNLOCK REQUEST: 0x3b879400 1
[1773167268.936454517] UNLOCK pid=86480 fd=14: EXCLUSIVE -> SHARED
DBimpl - UNLOCK REQUEST: 0x3b879400 0
[1773167268.936458375] UNLOCK pid=86480 fd=14: SHARED -> NO_LOCK
DBimpl - LOCK REQUEST: 0x3b879400 1
[1773167268.936515559] LOCK pid=86478 fd=10: NO_LOCK -> SHARED (fallback)
[1773167268.936517666] LOCK pid=86478 fd=10: SHARED -> SHARED
DBimpl - LOCK REQUEST: 0x3b879400 2
[1773167268.936534863] LOCK pid=86478 fd=10: SHARED -> RESERVED
DBimpl - LOCK REQUEST: 0x3b879400 4
[1773167268.939221882] LOCK pid=86478 fd=10: RESERVED -> PENDING
[1773167268.939225005] LOCK pid=86478 fd=10: PENDING -> EXCLUSIVE
DBimpl - LOCK REQUEST: 0x3b879400 1
DBimpl - LOCK REQUEST: 0x3b879400 1
DBimpl - UNLOCK REQUEST: 0x3b879400 1
[1773167268.940979522] UNLOCK pid=86478 fd=10: EXCLUSIVE -> SHARED
DBimpl - UNLOCK REQUEST: 0x3b879400 0
[1773167268.940986336] UNLOCK pid=86478 fd=10: SHARED -> NO_LOCK
DBimpl - LOCK REQUEST: 0x3b879400 1
[1773167268.941212482] LOCK pid=86478 fd=10: NO_LOCK -> SHARED (fallback)
[1773167268.941214293] LOCK pid=86478 fd=10: SHARED -> SHARED
DBimpl - LOCK REQUEST: 0x3b879400 2
[1773167268.941228399] LOCK pid=86478 fd=10: SHARED -> RESERVED
DBimpl - LOCK REQUEST: 0x3b879400 1
[1773167268.943034321] LOCK pid=86480 fd=14: NO_LOCK -> SHARED (fallback)
[1773167268.943036051] LOCK pid=86480 fd=14: SHARED -> SHARED
DBimpl - LOCK REQUEST: 0x3b879400 2
DBimpl - UNLOCK REQUEST: 0x3b879400 0
[1773167268.943053201] UNLOCK pid=86480 fd=14: SHARED -> NO_LOCK
DBimpl - LOCK REQUEST: 0x3b879400 4
[1773167268.943823798] LOCK pid=86478 fd=10: RESERVED -> PENDING
[1773167268.943826389] LOCK pid=86478 fd=10: PENDING -> EXCLUSIVE
DBimpl - UNLOCK REQUEST: 0x3b879400 1
[1773167268.945581598] UNLOCK pid=86478 fd=10: EXCLUSIVE -> SHARED
DBimpl - UNLOCK REQUEST: 0x3b879400 0
[1773167268.945588263] UNLOCK pid=86478 fd=10: SHARED -> NO_LOCK
DBimpl - LOCK REQUEST: 0x3b879400 1
[1773167268.946917457] LOCK pid=86478 fd=10: NO_LOCK -> SHARED (fallback)
[1773167268.946925028] LOCK pid=86478 fd=10: SHARED -> SHARED
DBimpl - LOCK REQUEST: 0x3b879400 2
[1773167268.946943245] LOCK pid=86478 fd=10: SHARED -> RESERVED
DBimpl - LOCK REQUEST: 0x3b879400 1
[1773167268.948139093] LOCK pid=86480 fd=14: NO_LOCK -> SHARED (fallback)
[1773167268.948140435] LOCK pid=86480 fd=14: SHARED -> SHARED
DBimpl - LOCK REQUEST: 0x3b879400 2
DBimpl - UNLOCK REQUEST: 0x3b879400 0
[1773167268.948155195] UNLOCK pid=86480 fd=14: SHARED -> NO_LOCK
DBimpl - LOCK REQUEST: 0x3b879400 4
[1773167268.949550280] LOCK pid=86478 fd=10: RESERVED -> PENDING
[1773167268.949553503] LOCK pid=86478 fd=10: PENDING -> EXCLUSIVE
DBimpl - UNLOCK REQUEST: 0x3b879400 1
[1773167268.951256838] UNLOCK pid=86478 fd=10: EXCLUSIVE -> SHARED
DBimpl - UNLOCK REQUEST: 0x3b879400 0
[1773167268.951263169] UNLOCK pid=86478 fd=10: SHARED -> NO_LOCK
DBimpl - LOCK REQUEST: 0x3b879400 1
[1773167268.954603196] LOCK pid=86478 fd=10: NO_LOCK -> SHARED (fallback)
[1773167268.954606188] LOCK pid=86478 fd=10: SHARED -> SHARED
DBimpl - LOCK REQUEST: 0x3b879400 2
[1773167268.954630534] LOCK pid=86478 fd=10: SHARED -> RESERVED
DBimpl - LOCK REQUEST: 0x3b879400 4
[1773167268.957345697] LOCK pid=86478 fd=10: RESERVED -> PENDING
[1773167268.957349806] LOCK pid=86478 fd=10: PENDING -> EXCLUSIVE
DBimpl - LOCK REQUEST: 0x3b879400 1
DBimpl - UNLOCK REQUEST: 0x3b879400 1
[1773167268.960706211] UNLOCK pid=86478 fd=10: EXCLUSIVE -> SHARED
DBimpl - UNLOCK REQUEST: 0x3b879400 0
[1773167268.960715723] UNLOCK pid=86478 fd=10: SHARED -> NO_LOCK
DBimpl - LOCK REQUEST: 0x3b879400 1
[1773167268.962525743] LOCK pid=86478 fd=10: NO_LOCK -> SHARED (fallback)
[1773167268.962529273] LOCK pid=86478 fd=10: SHARED -> SHARED
DBimpl - LOCK REQUEST: 0x3b879400 2
[1773167268.962547948] LOCK pid=86478 fd=10: SHARED -> RESERVED
DBimpl - LOCK REQUEST: 0x3b879400 4
[1773167268.964121986] LOCK pid=86478 fd=10: RESERVED -> PENDING
[1773167268.964124268] LOCK pid=86478 fd=10: PENDING -> EXCLUSIVE
DBimpl - UNLOCK REQUEST: 0x3b879400 1
[1773167268.965858743] UNLOCK pid=86478 fd=10: EXCLUSIVE -> SHARED
DBimpl - UNLOCK REQUEST: 0x3b879400 0
[1773167268.965863076] UNLOCK pid=86478 fd=10: SHARED -> NO_LOCK
DBimpl - LOCK REQUEST: 0x3b879400 1
[1773167268.968178583] LOCK pid=86478 fd=10: NO_LOCK -> SHARED (fallback)
[1773167268.968179941] LOCK pid=86478 fd=10: SHARED -> SHARED
DBimpl - LOCK REQUEST: 0x3b879400 2
[1773167268.968189436] LOCK pid=86478 fd=10: SHARED -> RESERVED
DBimpl - LOCK REQUEST: 0x3b879400 4
[1773167268.969577630] LOCK pid=86478 fd=10: RESERVED -> PENDING
[1773167268.969579577] LOCK pid=86478 fd=10: PENDING -> EXCLUSIVE
DBimpl - UNLOCK REQUEST: 0x3b879400 1
[1773167268.972298639] UNLOCK pid=86478 fd=10: EXCLUSIVE -> SHARED
DBimpl - UNLOCK REQUEST: 0x3b879400 0
[1773167268.972305403] UNLOCK pid=86478 fd=10: SHARED -> NO_LOCK
DBimpl - LOCK REQUEST: 0x3b879400 1
[1773167268.973351580] LOCK pid=86480 fd=14: NO_LOCK -> SHARED (fallback)
[1773167268.973353692] LOCK pid=86480 fd=14: SHARED -> SHARED
DBimpl - LOCK REQUEST: 0x3b879400 2
[1773167268.973367400] LOCK pid=86480 fd=14: SHARED -> RESERVED
DBimpl - LOCK REQUEST: 0x3b879400 4
[1773167268.973473446] LOCK pid=86480 fd=14: RESERVED -> PENDING
[1773167268.973475949] LOCK pid=86480 fd=14: PENDING -> EXCLUSIVE
DBimpl - LOCK REQUEST: 0x3b879400 1
DBimpl - LOCK REQUEST: 0x3b879400 1
DBimpl - UNLOCK REQUEST: 0x3b879400 1
[1773167268.975768565] UNLOCK pid=86480 fd=14: EXCLUSIVE -> SHARED
DBimpl - UNLOCK REQUEST: 0x3b879400 0
[1773167268.975772629] UNLOCK pid=86480 fd=14: SHARED -> NO_LOCK
DBimpl - LOCK REQUEST: 0x3b879400 1
[1773167268.976767540] LOCK pid=86480 fd=14: NO_LOCK -> SHARED (fallback)
[1773167268.976770023] LOCK pid=86480 fd=14: SHARED -> SHARED
DBimpl - LOCK REQUEST: 0x3b879400 2
[1773167268.976785428] LOCK pid=86480 fd=14: SHARED -> RESERVED
DBimpl - LOCK REQUEST: 0x3b879400 4
[1773167268.976890159] LOCK pid=86480 fd=14: RESERVED -> PENDING
[1773167268.976891942] LOCK pid=86480 fd=14: PENDING -> EXCLUSIVE
DBimpl - LOCK REQUEST: 0x3b879400 1
DBimpl - UNLOCK REQUEST: 0x3b879400 1
[1773167268.978680679] UNLOCK pid=86480 fd=14: EXCLUSIVE -> SHARED
DBimpl - UNLOCK REQUEST: 0x3b879400 0
[1773167268.978686124] UNLOCK pid=86480 fd=14: SHARED -> NO_LOCK
DBimpl - LOCK REQUEST: 0x3b879400 1
[1773167268.979132503] LOCK pid=86480 fd=14: NO_LOCK -> SHARED (fallback)
[1773167268.979133981] LOCK pid=86480 fd=14: SHARED -> SHARED
DBimpl - LOCK REQUEST: 0x3b879400 2
[1773167268.979144903] LOCK pid=86480 fd=14: SHARED -> RESERVED
DBimpl - LOCK REQUEST: 0x3b879400 4
[1773167268.979233811] LOCK pid=86480 fd=14: RESERVED -> PENDING
[1773167268.979235572] LOCK pid=86480 fd=14: PENDING -> EXCLUSIVE
DBimpl - UNLOCK REQUEST: 0x3b879400 1
[1773167268.980832141] UNLOCK pid=86480 fd=14: EXCLUSIVE -> SHARED
DBimpl - UNLOCK REQUEST: 0x3b879400 0
[1773167268.980835834] UNLOCK pid=86480 fd=14: SHARED -> NO_LOCK
DBimpl - LOCK REQUEST: 0x3b879400 1
[1773167268.982003663] LOCK pid=86478 fd=10: NO_LOCK -> SHARED (fallback)
[1773167268.982005884] LOCK pid=86478 fd=10: SHARED -> SHARED
DBimpl - LOCK REQUEST: 0x3b879400 2
[1773167268.982025966] LOCK pid=86478 fd=10: SHARED -> RESERVED
DBimpl - LOCK REQUEST: 0x3b879400 4
[1773167268.983592598] LOCK pid=86478 fd=10: RESERVED -> PENDING
[1773167268.983594875] LOCK pid=86478 fd=10: PENDING -> EXCLUSIVE
DBimpl - LOCK REQUEST: 0x3b879400 1
DBimpl - UNLOCK REQUEST: 0x3b879400 1
[1773167268.985524010] UNLOCK pid=86478 fd=10: EXCLUSIVE -> SHARED
DBimpl - UNLOCK REQUEST: 0x3b879400 0
[1773167268.985529669] UNLOCK pid=86478 fd=10: SHARED -> NO_LOCK
DBimpl - LOCK REQUEST: 0x3b879400 1
[1773167268.985972464] LOCK pid=86480 fd=14: NO_LOCK -> SHARED (fallback)
[1773167268.985974562] LOCK pid=86480 fd=14: SHARED -> SHARED
DBimpl - LOCK REQUEST: 0x3b879400 2
[1773167268.985988362] LOCK pid=86480 fd=14: SHARED -> RESERVED
DBimpl - LOCK REQUEST: 0x3b879400 4
[1773167268.986116467] LOCK pid=86480 fd=14: RESERVED -> PENDING
[1773167268.986118315] LOCK pid=86480 fd=14: PENDING -> EXCLUSIVE
DBimpl - UNLOCK REQUEST: 0x3b879400 1
[1773167268.989498910] UNLOCK pid=86480 fd=14: EXCLUSIVE -> SHARED
DBimpl - UNLOCK REQUEST: 0x3b879400 0
[1773167268.989502818] UNLOCK pid=86480 fd=14: SHARED -> NO_LOCK
DBimpl - LOCK REQUEST: 0x3b879400 1
[1773167268.990830800] LOCK pid=86480 fd=14: NO_LOCK -> SHARED (fallback)
[1773167268.990832069] LOCK pid=86480 fd=14: SHARED -> SHARED
DBimpl - LOCK REQUEST: 0x3b879400 2
[1773167268.990841859] LOCK pid=86480 fd=14: SHARED -> RESERVED
DBimpl - LOCK REQUEST: 0x3b879400 4
[1773167268.990921807] LOCK pid=86480 fd=14: RESERVED -> PENDING
[1773167268.990923380] LOCK pid=86480 fd=14: PENDING -> EXCLUSIVE
DBimpl - LOCK REQUEST: 0x3b879400 1
DBimpl - LOCK REQUEST: 0x3b879400 1
DBimpl - UNLOCK REQUEST: 0x3b879400 1
[1773167268.994326609] UNLOCK pid=86480 fd=14: EXCLUSIVE -> SHARED
DBimpl - UNLOCK REQUEST: 0x3b879400 0
[1773167268.994332263] UNLOCK pid=86480 fd=14: SHARED -> NO_LOCK
DBimpl - LOCK REQUEST: 0x3b879400 1
[1773167268.994785212] LOCK pid=86480 fd=14: NO_LOCK -> SHARED (fallback)
[1773167268.994786988] LOCK pid=86480 fd=14: SHARED -> SHARED
DBimpl - LOCK REQUEST: 0x3b879400 2
[1773167268.994798342] LOCK pid=86480 fd=14: SHARED -> RESERVED
DBimpl - LOCK REQUEST: 0x3b879400 4
[1773167268.994910767] LOCK pid=86480 fd=14: RESERVED -> PENDING
[1773167268.994912611] LOCK pid=86480 fd=14: PENDING -> EXCLUSIVE
DBimpl - LOCK REQUEST: 0x3b879400 1
DBimpl - UNLOCK REQUEST: 0x3b879400 1
[1773167268.997170959] UNLOCK pid=86480 fd=14: EXCLUSIVE -> SHARED
DBimpl - UNLOCK REQUEST: 0x3b879400 0
[1773167268.997175084] UNLOCK pid=86480 fd=14: SHARED -> NO_LOCK
DBimpl - LOCK REQUEST: 0x3b879400 1
[1773167269.000222176] LOCK pid=86478 fd=10: NO_LOCK -> SHARED (fallback)
[1773167269.000224775] LOCK pid=86478 fd=10: SHARED -> SHARED
DBimpl - LOCK REQUEST: 0x3b879400 2
[1773167269.000244156] LOCK pid=86478 fd=10: SHARED -> RESERVED
DBimpl - LOCK REQUEST: 0x3b879400 4
[1773167269.000394676] LOCK pid=86478 fd=10: RESERVED -> PENDING
[1773167269.000396678] LOCK pid=86478 fd=10: PENDING -> EXCLUSIVE
DBimpl - LOCK REQUEST: 0x3b879400 1
DBimpl - UNLOCK REQUEST: 0x3b879400 1
[1773167269.002135723] UNLOCK pid=86478 fd=10: EXCLUSIVE -> SHARED
DBimpl - UNLOCK REQUEST: 0x3b879400 0
[1773167269.002144621] UNLOCK pid=86478 fd=10: SHARED -> NO_LOCK
DBimpl - LOCK REQUEST: 0x3b879400 1
[1773167269.002779678] LOCK pid=86480 fd=14: NO_LOCK -> SHARED (fallback)
[1773167269.002781900] LOCK pid=86480 fd=14: SHARED -> SHARED
DBimpl - LOCK REQUEST: 0x3b879400 2
[1773167269.002797528] LOCK pid=86480 fd=14: SHARED -> RESERVED
DBimpl - LOCK REQUEST: 0x3b879400 4
[1773167269.002918842] LOCK pid=86480 fd=14: RESERVED -> PENDING
[1773167269.002921026] LOCK pid=86480 fd=14: PENDING -> EXCLUSIVE
DBimpl - LOCK REQUEST: 0x3b879400 1
DBimpl - UNLOCK REQUEST: 0x3b879400 1
[1773167269.004977758] UNLOCK pid=86480 fd=14: EXCLUSIVE -> SHARED
DBimpl - UNLOCK REQUEST: 0x3b879400 0
[1773167269.004982374] UNLOCK pid=86480 fd=14: SHARED -> NO_LOCK
DBimpl - LOCK REQUEST: 0x3b879400 1
[1773167269.005545878] LOCK pid=86478 fd=10: NO_LOCK -> SHARED (fallback)
[1773167269.005547901] LOCK pid=86478 fd=10: SHARED -> SHARED
DBimpl - LOCK REQUEST: 0x3b879400 2
[1773167269.005565287] LOCK pid=86478 fd=10: SHARED -> RESERVED
DBimpl - LOCK REQUEST: 0x3b879400 4
[1773167269.005701114] LOCK pid=86478 fd=10: RESERVED -> PENDING
[1773167269.005702894] LOCK pid=86478 fd=10: PENDING -> EXCLUSIVE
DBimpl - UNLOCK REQUEST: 0x3b879400 1
[1773167269.007415201] UNLOCK pid=86478 fd=10: EXCLUSIVE -> SHARED
DBimpl - UNLOCK REQUEST: 0x3b879400 0
[1773167269.007420347] UNLOCK pid=86478 fd=10: SHARED -> NO_LOCK
DBimpl - UNLOCK REQUEST: 0x3b879400 0
DBimpl - LOCK REQUEST: 0x3b879400 1
[1773167269.008624847] LOCK pid=86480 fd=14: NO_LOCK -> SHARED (fallback)
[1773167269.008626997] LOCK pid=86480 fd=14: SHARED -> SHARED
DBimpl - LOCK REQUEST: 0x3b879400 2
[1773167269.008644097] LOCK pid=86480 fd=14: SHARED -> RESERVED
DBimpl - LOCK REQUEST: 0x3b879400 4
[1773167269.008763649] LOCK pid=86480 fd=14: RESERVED -> PENDING
[1773167269.008765389] LOCK pid=86480 fd=14: PENDING -> EXCLUSIVE
DBimpl - UNLOCK REQUEST: 0x3b879400 1
[1773167269.010544807] UNLOCK pid=86480 fd=14: EXCLUSIVE -> SHARED
DBimpl - UNLOCK REQUEST: 0x3b879400 0
[1773167269.010550057] UNLOCK pid=86480 fd=14: SHARED -> NO_LOCK
DBimpl - LOCK REQUEST: 0x3b879400 1
[1773167269.011994748] LOCK pid=86480 fd=14: NO_LOCK -> SHARED (fallback)
[1773167269.011997990] LOCK pid=86480 fd=14: SHARED -> SHARED
DBimpl - LOCK REQUEST: 0x3b879400 2
[1773167269.012021883] LOCK pid=86480 fd=14: SHARED -> RESERVED
DBimpl - LOCK REQUEST: 0x3b879400 4
[1773167269.012195548] LOCK pid=86480 fd=14: RESERVED -> PENDING
[1773167269.012198191] LOCK pid=86480 fd=14: PENDING -> EXCLUSIVE
DBimpl - UNLOCK REQUEST: 0x3b879400 1
[1773167269.014024387] UNLOCK pid=86480 fd=14: EXCLUSIVE -> SHARED
DBimpl - UNLOCK REQUEST: 0x3b879400 0
[1773167269.014033096] UNLOCK pid=86480 fd=14: SHARED -> NO_LOCK
DBimpl - LOCK REQUEST: 0x3b879400 1
[1773167269.015409107] LOCK pid=86480 fd=14: NO_LOCK -> SHARED (fallback)
[1773167269.015411164] LOCK pid=86480 fd=14: SHARED -> SHARED
DBimpl - LOCK REQUEST: 0x3b879400 2
[1773167269.015425726] LOCK pid=86480 fd=14: SHARED -> RESERVED
DBimpl - LOCK REQUEST: 0x3b879400 4
[1773167269.015571045] LOCK pid=86480 fd=14: RESERVED -> PENDING
[1773167269.015573154] LOCK pid=86480 fd=14: PENDING -> EXCLUSIVE
DBimpl - UNLOCK REQUEST: 0x3b879400 1
[1773167269.017357731] UNLOCK pid=86480 fd=14: EXCLUSIVE -> SHARED
DBimpl - UNLOCK REQUEST: 0x3b879400 0
[1773167269.017364662] UNLOCK pid=86480 fd=14: SHARED -> NO_LOCK
DBimpl - LOCK REQUEST: 0x3b879400 1
[1773167269.025452746] LOCK pid=86480 fd=14: NO_LOCK -> SHARED (fallback)
[1773167269.025456957] LOCK pid=86480 fd=14: SHARED -> SHARED
DBimpl - LOCK REQUEST: 0x3b879400 2
[1773167269.025484187] LOCK pid=86480 fd=14: SHARED -> RESERVED
DBimpl - LOCK REQUEST: 0x3b879400 4
[1773167269.025781461] LOCK pid=86480 fd=14: RESERVED -> PENDING
[1773167269.025784365] LOCK pid=86480 fd=14: PENDING -> EXCLUSIVE
DBimpl - UNLOCK REQUEST: 0x3b879400 1
[1773167269.028412564] UNLOCK pid=86480 fd=14: EXCLUSIVE -> SHARED
DBimpl - UNLOCK REQUEST: 0x3b879400 0
[1773167269.028424957] UNLOCK pid=86480 fd=14: SHARED -> NO_LOCK
DBimpl - LOCK REQUEST: 0x3b879400 1
[1773167269.030991231] LOCK pid=86480 fd=14: NO_LOCK -> SHARED (fallback)
[1773167269.030995333] LOCK pid=86480 fd=14: SHARED -> SHARED
DBimpl - LOCK REQUEST: 0x3b879400 2
[1773167269.031015651] LOCK pid=86480 fd=14: SHARED -> RESERVED
DBimpl - LOCK REQUEST: 0x3b879400 4
[1773167269.031190157] LOCK pid=86480 fd=14: RESERVED -> PENDING
[1773167269.031193071] LOCK pid=86480 fd=14: PENDING -> EXCLUSIVE
DBimpl - UNLOCK REQUEST: 0x3b879400 1
[1773167269.032976157] UNLOCK pid=86480 fd=14: EXCLUSIVE -> SHARED
DBimpl - UNLOCK REQUEST: 0x3b879400 0
[1773167269.032983454] UNLOCK pid=86480 fd=14: SHARED -> NO_LOCK
DBimpl - LOCK REQUEST: 0x3b879400 1
[1773167269.033644149] LOCK pid=86480 fd=14: NO_LOCK -> SHARED (fallback)
[1773167269.033646413] LOCK pid=86480 fd=14: SHARED -> SHARED
DBimpl - LOCK REQUEST: 0x3b879400 2
[1773167269.033660158] LOCK pid=86480 fd=14: SHARED -> RESERVED
DBimpl - LOCK REQUEST: 0x3b879400 4
[1773167269.033788211] LOCK pid=86480 fd=14: RESERVED -> PENDING
[1773167269.033791347] LOCK pid=86480 fd=14: PENDING -> EXCLUSIVE
DBimpl - UNLOCK REQUEST: 0x3b879400 1
[1773167269.035481616] UNLOCK pid=86480 fd=14: EXCLUSIVE -> SHARED
DBimpl - UNLOCK REQUEST: 0x3b879400 0
[1773167269.035487947] UNLOCK pid=86480 fd=14: SHARED -> NO_LOCK
DBimpl - LOCK REQUEST: 0x3b879400 1
[1773167269.041976285] LOCK pid=86480 fd=14: NO_LOCK -> SHARED (fallback)
[1773167269.041979568] LOCK pid=86480 fd=14: SHARED -> SHARED
DBimpl - LOCK REQUEST: 0x3b879400 2
[1773167269.041994632] LOCK pid=86480 fd=14: SHARED -> RESERVED
DBimpl - LOCK REQUEST: 0x3b879400 4
[1773167269.042112212] LOCK pid=86480 fd=14: RESERVED -> PENDING
[1773167269.042114820] LOCK pid=86480 fd=14: PENDING -> EXCLUSIVE
DBimpl - UNLOCK REQUEST: 0x3b879400 1
[1773167269.043802337] UNLOCK pid=86480 fd=14: EXCLUSIVE -> SHARED
DBimpl - UNLOCK REQUEST: 0x3b879400 0
[1773167269.043808325] UNLOCK pid=86480 fd=14: SHARED -> NO_LOCK
DBimpl - LOCK REQUEST: 0x3b879400 1
[1773167269.045936394] LOCK pid=86480 fd=14: NO_LOCK -> SHARED (fallback)
[1773167269.045938589] LOCK pid=86480 fd=14: SHARED -> SHARED
DBimpl - LOCK REQUEST: 0x3b879400 2
[1773167269.045951531] LOCK pid=86480 fd=14: SHARED -> RESERVED
DBimpl - LOCK REQUEST: 0x3b879400 4
[1773167269.046054015] LOCK pid=86480 fd=14: RESERVED -> PENDING
[1773167269.046056384] LOCK pid=86480 fd=14: PENDING -> EXCLUSIVE
DBimpl - UNLOCK REQUEST: 0x3b879400 1
[1773167269.048082931] UNLOCK pid=86480 fd=14: EXCLUSIVE -> SHARED
DBimpl - UNLOCK REQUEST: 0x3b879400 0
[1773167269.048088939] UNLOCK pid=86480 fd=14: SHARED -> NO_LOCK
DBimpl - LOCK REQUEST: 0x3b879400 1
[1773167269.049759397] LOCK pid=86480 fd=14: NO_LOCK -> SHARED (fallback)
[1773167269.049762095] LOCK pid=86480 fd=14: SHARED -> SHARED
DBimpl - LOCK REQUEST: 0x3b879400 2
[1773167269.049775980] LOCK pid=86480 fd=14: SHARED -> RESERVED
DBimpl - LOCK REQUEST: 0x3b879400 4
[1773167269.049897491] LOCK pid=86480 fd=14: RESERVED -> PENDING
[1773167269.049900261] LOCK pid=86480 fd=14: PENDING -> EXCLUSIVE
DBimpl - UNLOCK REQUEST: 0x3b879400 1
[1773167269.052446403] UNLOCK pid=86480 fd=14: EXCLUSIVE -> SHARED
DBimpl - UNLOCK REQUEST: 0x3b879400 0
[1773167269.052454913] UNLOCK pid=86480 fd=14: SHARED -> NO_LOCK
DBimpl - LOCK REQUEST: 0x3b879400 1
[1773167269.052753549] LOCK pid=86480 fd=14: NO_LOCK -> SHARED (fallback)
[1773167269.052757054] LOCK pid=86480 fd=14: SHARED -> SHARED
DBimpl - LOCK REQUEST: 0x3b879400 2
[1773167269.052775514] LOCK pid=86480 fd=14: SHARED -> RESERVED
DBimpl - LOCK REQUEST: 0x3b879400 4
[1773167269.053081410] LOCK pid=86480 fd=14: RESERVED -> PENDING
[1773167269.053083348] LOCK pid=86480 fd=14: PENDING -> EXCLUSIVE
DBimpl - UNLOCK REQUEST: 0x3b879400 1
[1773167269.054842699] UNLOCK pid=86480 fd=14: EXCLUSIVE -> SHARED
DBimpl - UNLOCK REQUEST: 0x3b879400 0
[1773167269.054847413] UNLOCK pid=86480 fd=14: SHARED -> NO_LOCK
DBimpl - LOCK REQUEST: 0x3b879400 1
[1773167269.055401206] LOCK pid=86480 fd=14: NO_LOCK -> SHARED (fallback)
[1773167269.055402737] LOCK pid=86480 fd=14: SHARED -> SHARED
DBimpl - LOCK REQUEST: 0x3b879400 2
[1773167269.055416163] LOCK pid=86480 fd=14: SHARED -> RESERVED
DBimpl - LOCK REQUEST: 0x3b879400 4
[1773167269.055506889] LOCK pid=86480 fd=14: RESERVED -> PENDING
[1773167269.055508713] LOCK pid=86480 fd=14: PENDING -> EXCLUSIVE
DBimpl - UNLOCK REQUEST: 0x3b879400 1
[1773167269.057662901] UNLOCK pid=86480 fd=14: EXCLUSIVE -> SHARED
DBimpl - UNLOCK REQUEST: 0x3b879400 0
[1773167269.057668077] UNLOCK pid=86480 fd=14: SHARED -> NO_LOCK
DBimpl - LOCK REQUEST: 0x3b879400 1
[1773167269.060721701] LOCK pid=86480 fd=14: NO_LOCK -> SHARED (fallback)
[1773167269.060727921] LOCK pid=86480 fd=14: SHARED -> SHARED
DBimpl - LOCK REQUEST: 0x3b879400 2
[1773167269.060740041] LOCK pid=86480 fd=14: SHARED -> RESERVED
DBimpl - LOCK REQUEST: 0x3b879400 4
[1773167269.060824513] LOCK pid=86480 fd=14: RESERVED -> PENDING
[1773167269.060826302] LOCK pid=86480 fd=14: PENDING -> EXCLUSIVE
DBimpl - UNLOCK REQUEST: 0x3b879400 1
[1773167269.062476300] UNLOCK pid=86480 fd=14: EXCLUSIVE -> SHARED
DBimpl - UNLOCK REQUEST: 0x3b879400 0
[1773167269.062480693] UNLOCK pid=86480 fd=14: SHARED -> NO_LOCK
DBimpl - LOCK REQUEST: 0x3b879400 1
[1773167269.064623942] LOCK pid=86480 fd=14: NO_LOCK -> SHARED (fallback)
[1773167269.064625381] LOCK pid=86480 fd=14: SHARED -> SHARED
DBimpl - LOCK REQUEST: 0x3b879400 2
[1773167269.064633826] LOCK pid=86480 fd=14: SHARED -> RESERVED
DBimpl - LOCK REQUEST: 0x3b879400 4
[1773167269.064702366] LOCK pid=86480 fd=14: RESERVED -> PENDING
[1773167269.064704137] LOCK pid=86480 fd=14: PENDING -> EXCLUSIVE
DBimpl - UNLOCK REQUEST: 0x3b879400 1
[1773167269.066421694] UNLOCK pid=86480 fd=14: EXCLUSIVE -> SHARED
DBimpl - UNLOCK REQUEST: 0x3b879400 0
[1773167269.066425280] UNLOCK pid=86480 fd=14: SHARED -> NO_LOCK
DBimpl - LOCK REQUEST: 0x3b879400 1
[1773167269.069219627] LOCK pid=86480 fd=14: NO_LOCK -> SHARED (fallback)
[1773167269.069221996] LOCK pid=86480 fd=14: SHARED -> SHARED
DBimpl - LOCK REQUEST: 0x3b879400 2
[1773167269.069232166] LOCK pid=86480 fd=14: SHARED -> RESERVED
DBimpl - LOCK REQUEST: 0x3b879400 4
[1773167269.069312511] LOCK pid=86480 fd=14: RESERVED -> PENDING
[1773167269.069314174] LOCK pid=86480 fd=14: PENDING -> EXCLUSIVE
DBimpl - UNLOCK REQUEST: 0x3b879400 1
[1773167269.071514262] UNLOCK pid=86480 fd=14: EXCLUSIVE -> SHARED
DBimpl - UNLOCK REQUEST: 0x3b879400 0
[1773167269.071518135] UNLOCK pid=86480 fd=14: SHARED -> NO_LOCK
DBimpl - LOCK REQUEST: 0x3b879400 1
[1773167269.072647134] LOCK pid=86480 fd=14: NO_LOCK -> SHARED (fallback)
[1773167269.072648717] LOCK pid=86480 fd=14: SHARED -> SHARED
DBimpl - LOCK REQUEST: 0x3b879400 2
[1773167269.072657204] LOCK pid=86480 fd=14: SHARED -> RESERVED
DBimpl - LOCK REQUEST: 0x3b879400 4
[1773167269.072740139] LOCK pid=86480 fd=14: RESERVED -> PENDING
[1773167269.072741930] LOCK pid=86480 fd=14: PENDING -> EXCLUSIVE
DBimpl - UNLOCK REQUEST: 0x3b879400 1
[1773167269.075851378] UNLOCK pid=86480 fd=14: EXCLUSIVE -> SHARED
DBimpl - UNLOCK REQUEST: 0x3b879400 0
[1773167269.075858719] UNLOCK pid=86480 fd=14: SHARED -> NO_LOCK
DBimpl - LOCK REQUEST: 0x3b879400 1
[1773167269.076993566] LOCK pid=86480 fd=14: NO_LOCK -> SHARED (fallback)
[1773167269.076995733] LOCK pid=86480 fd=14: SHARED -> SHARED
DBimpl - LOCK REQUEST: 0x3b879400 2
[1773167269.077007672] LOCK pid=86480 fd=14: SHARED -> RESERVED
DBimpl - LOCK REQUEST: 0x3b879400 4
[1773167269.077110262] LOCK pid=86480 fd=14: RESERVED -> PENDING
[1773167269.077111945] LOCK pid=86480 fd=14: PENDING -> EXCLUSIVE
DBimpl - UNLOCK REQUEST: 0x3b879400 1
[1773167269.080171967] UNLOCK pid=86480 fd=14: EXCLUSIVE -> SHARED
DBimpl - UNLOCK REQUEST: 0x3b879400 0
[1773167269.080189387] UNLOCK pid=86480 fd=14: SHARED -> NO_LOCK
DBimpl - LOCK REQUEST: 0x3b879400 1
[1773167269.080605763] LOCK pid=86480 fd=14: NO_LOCK -> SHARED (fallback)
[1773167269.080607846] LOCK pid=86480 fd=14: SHARED -> SHARED
DBimpl - LOCK REQUEST: 0x3b879400 2
[1773167269.080622067] LOCK pid=86480 fd=14: SHARED -> RESERVED
DBimpl - LOCK REQUEST: 0x3b879400 4
[1773167269.080784212] LOCK pid=86480 fd=14: RESERVED -> PENDING
[1773167269.080786655] LOCK pid=86480 fd=14: PENDING -> EXCLUSIVE
DBimpl - UNLOCK REQUEST: 0x3b879400 1
[1773167269.082710967] UNLOCK pid=86480 fd=14: EXCLUSIVE -> SHARED
DBimpl - UNLOCK REQUEST: 0x3b879400 0
[1773167269.082717375] UNLOCK pid=86480 fd=14: SHARED -> NO_LOCK
DBimpl - LOCK REQUEST: 0x3b879400 1
[1773167269.083399611] LOCK pid=86480 fd=14: NO_LOCK -> SHARED (fallback)
[1773167269.083402041] LOCK pid=86480 fd=14: SHARED -> SHARED
DBimpl - LOCK REQUEST: 0x3b879400 2
[1773167269.083418660] LOCK pid=86480 fd=14: SHARED -> RESERVED
DBimpl - LOCK REQUEST: 0x3b879400 4
[1773167269.083538905] LOCK pid=86480 fd=14: RESERVED -> PENDING
[1773167269.083541525] LOCK pid=86480 fd=14: PENDING -> EXCLUSIVE
DBimpl - UNLOCK REQUEST: 0x3b879400 1
[1773167269.085323138] UNLOCK pid=86480 fd=14: EXCLUSIVE -> SHARED
DBimpl - UNLOCK REQUEST: 0x3b879400 0
[1773167269.085328478] UNLOCK pid=86480 fd=14: SHARED -> NO_LOCK
DBimpl - LOCK REQUEST: 0x3b879400 1
[1773167269.092678716] LOCK pid=86480 fd=14: NO_LOCK -> SHARED (fallback)
[1773167269.092682601] LOCK pid=86480 fd=14: SHARED -> SHARED
DBimpl - LOCK REQUEST: 0x3b879400 2
[1773167269.092707029] LOCK pid=86480 fd=14: SHARED -> RESERVED
DBimpl - LOCK REQUEST: 0x3b879400 4
[1773167269.092854387] LOCK pid=86480 fd=14: RESERVED -> PENDING
[1773167269.092856297] LOCK pid=86480 fd=14: PENDING -> EXCLUSIVE
DBimpl - UNLOCK REQUEST: 0x3b879400 1
[1773167269.094637377] UNLOCK pid=86480 fd=14: EXCLUSIVE -> SHARED
DBimpl - UNLOCK REQUEST: 0x3b879400 0
[1773167269.094641819] UNLOCK pid=86480 fd=14: SHARED -> NO_LOCK
DBimpl - LOCK REQUEST: 0x3b879400 1
[1773167269.097698004] LOCK pid=86480 fd=14: NO_LOCK -> SHARED (fallback)
[1773167269.097699363] LOCK pid=86480 fd=14: SHARED -> SHARED
DBimpl - LOCK REQUEST: 0x3b879400 2
[1773167269.097708965] LOCK pid=86480 fd=14: SHARED -> RESERVED
DBimpl - LOCK REQUEST: 0x3b879400 4
[1773167269.097807937] LOCK pid=86480 fd=14: RESERVED -> PENDING
[1773167269.097809720] LOCK pid=86480 fd=14: PENDING -> EXCLUSIVE
DBimpl - UNLOCK REQUEST: 0x3b879400 1
[1773167269.099360055] UNLOCK pid=86480 fd=14: EXCLUSIVE -> SHARED
DBimpl - UNLOCK REQUEST: 0x3b879400 0
[1773167269.099363733] UNLOCK pid=86480 fd=14: SHARED -> NO_LOCK
DBimpl - LOCK REQUEST: 0x3b879400 1
[1773167269.100996275] LOCK pid=86480 fd=14: NO_LOCK -> SHARED (fallback)
[1773167269.100997759] LOCK pid=86480 fd=14: SHARED -> SHARED
DBimpl - LOCK REQUEST: 0x3b879400 2
[1773167269.101006469] LOCK pid=86480 fd=14: SHARED -> RESERVED
DBimpl - LOCK REQUEST: 0x3b879400 4
[1773167269.101085698] LOCK pid=86480 fd=14: RESERVED -> PENDING
[1773167269.101087452] LOCK pid=86480 fd=14: PENDING -> EXCLUSIVE
DBimpl - UNLOCK REQUEST: 0x3b879400 1
[1773167269.102755677] UNLOCK pid=86480 fd=14: EXCLUSIVE -> SHARED
DBimpl - UNLOCK REQUEST: 0x3b879400 0
[1773167269.102759367] UNLOCK pid=86480 fd=14: SHARED -> NO_LOCK
DBimpl - LOCK REQUEST: 0x3b879400 1
[1773167269.104431044] LOCK pid=86480 fd=14: NO_LOCK -> SHARED (fallback)
[1773167269.104432397] LOCK pid=86480 fd=14: SHARED -> SHARED
DBimpl - LOCK REQUEST: 0x3b879400 2
[1773167269.104440822] LOCK pid=86480 fd=14: SHARED -> RESERVED
DBimpl - LOCK REQUEST: 0x3b879400 4
[1773167269.104509520] LOCK pid=86480 fd=14: RESERVED -> PENDING
[1773167269.104511663] LOCK pid=86480 fd=14: PENDING -> EXCLUSIVE
DBimpl - UNLOCK REQUEST: 0x3b879400 1
[1773167269.106163677] UNLOCK pid=86480 fd=14: EXCLUSIVE -> SHARED
DBimpl - UNLOCK REQUEST: 0x3b879400 0
[1773167269.106168022] UNLOCK pid=86480 fd=14: SHARED -> NO_LOCK
DBimpl - LOCK REQUEST: 0x3b879400 1
[1773167269.108435081] LOCK pid=86480 fd=14: NO_LOCK -> SHARED (fallback)
[1773167269.108438003] LOCK pid=86480 fd=14: SHARED -> SHARED
DBimpl - LOCK REQUEST: 0x3b879400 2
[1773167269.108458346] LOCK pid=86480 fd=14: SHARED -> RESERVED
DBimpl - LOCK REQUEST: 0x3b879400 4
[1773167269.108587253] LOCK pid=86480 fd=14: RESERVED -> PENDING
[1773167269.108589486] LOCK pid=86480 fd=14: PENDING -> EXCLUSIVE
DBimpl - UNLOCK REQUEST: 0x3b879400 1
[1773167269.111235665] UNLOCK pid=86480 fd=14: EXCLUSIVE -> SHARED
DBimpl - UNLOCK REQUEST: 0x3b879400 0
[1773167269.111242077] UNLOCK pid=86480 fd=14: SHARED -> NO_LOCK
DBimpl - LOCK REQUEST: 0x3b879400 1
[1773167269.112472165] LOCK pid=86480 fd=14: NO_LOCK -> SHARED (fallback)
[1773167269.112474384] LOCK pid=86480 fd=14: SHARED -> SHARED
DBimpl - LOCK REQUEST: 0x3b879400 2
[1773167269.112487782] LOCK pid=86480 fd=14: SHARED -> RESERVED
DBimpl - LOCK REQUEST: 0x3b879400 4
[1773167269.112610671] LOCK pid=86480 fd=14: RESERVED -> PENDING
[1773167269.112612582] LOCK pid=86480 fd=14: PENDING -> EXCLUSIVE
DBimpl - UNLOCK REQUEST: 0x3b879400 1
[1773167269.114421602] UNLOCK pid=86480 fd=14: EXCLUSIVE -> SHARED
DBimpl - UNLOCK REQUEST: 0x3b879400 0
[1773167269.114427113] UNLOCK pid=86480 fd=14: SHARED -> NO_LOCK
DBimpl - LOCK REQUEST: 0x3b879400 1
[1773167269.114815783] LOCK pid=86480 fd=14: NO_LOCK -> SHARED (fallback)
[1773167269.114817207] LOCK pid=86480 fd=14: SHARED -> SHARED
DBimpl - LOCK REQUEST: 0x3b879400 2
[1773167269.114827144] LOCK pid=86480 fd=14: SHARED -> RESERVED
DBimpl - LOCK REQUEST: 0x3b879400 4
[1773167269.114916917] LOCK pid=86480 fd=14: RESERVED -> PENDING
[1773167269.114918671] LOCK pid=86480 fd=14: PENDING -> EXCLUSIVE
DBimpl - UNLOCK REQUEST: 0x3b879400 1
[1773167269.116624653] UNLOCK pid=86480 fd=14: EXCLUSIVE -> SHARED
DBimpl - UNLOCK REQUEST: 0x3b879400 0
[1773167269.116630487] UNLOCK pid=86480 fd=14: SHARED -> NO_LOCK
DBimpl - LOCK REQUEST: 0x3b879400 1
[1773167269.117470590] LOCK pid=86480 fd=14: NO_LOCK -> SHARED (fallback)
[1773167269.117473285] LOCK pid=86480 fd=14: SHARED -> SHARED
DBimpl - LOCK REQUEST: 0x3b879400 2
[1773167269.117498148] LOCK pid=86480 fd=14: SHARED -> RESERVED
DBimpl - LOCK REQUEST: 0x3b879400 4
[1773167269.117636640] LOCK pid=86480 fd=14: RESERVED -> PENDING
[1773167269.117639472] LOCK pid=86480 fd=14: PENDING -> EXCLUSIVE
DBimpl - UNLOCK REQUEST: 0x3b879400 1
[1773167269.119336619] UNLOCK pid=86480 fd=14: EXCLUSIVE -> SHARED
DBimpl - UNLOCK REQUEST: 0x3b879400 0
[1773167269.119343561] UNLOCK pid=86480 fd=14: SHARED -> NO_LOCK
DBimpl - LOCK REQUEST: 0x3b879400 1
[1773167269.123087874] LOCK pid=86480 fd=14: NO_LOCK -> SHARED (fallback)
[1773167269.123092207] LOCK pid=86480 fd=14: SHARED -> SHARED
DBimpl - LOCK REQUEST: 0x3b879400 2
[1773167269.123119568] LOCK pid=86480 fd=14: SHARED -> RESERVED
DBimpl - LOCK REQUEST: 0x3b879400 4
[1773167269.123316145] LOCK pid=86480 fd=14: RESERVED -> PENDING
[1773167269.123319137] LOCK pid=86480 fd=14: PENDING -> EXCLUSIVE
DBimpl - UNLOCK REQUEST: 0x3b879400 1
[1773167269.125339480] UNLOCK pid=86480 fd=14: EXCLUSIVE -> SHARED
DBimpl - UNLOCK REQUEST: 0x3b879400 0
[1773167269.125349697] UNLOCK pid=86480 fd=14: SHARED -> NO_LOCK
DBimpl - LOCK REQUEST: 0x3b879400 1
[1773167269.128694679] LOCK pid=86480 fd=14: NO_LOCK -> SHARED (fallback)
[1773167269.128697554] LOCK pid=86480 fd=14: SHARED -> SHARED
DBimpl - LOCK REQUEST: 0x3b879400 2
[1773167269.128718295] LOCK pid=86480 fd=14: SHARED -> RESERVED
DBimpl - LOCK REQUEST: 0x3b879400 4
[1773167269.128865508] LOCK pid=86480 fd=14: RESERVED -> PENDING
[1773167269.128867466] LOCK pid=86480 fd=14: PENDING -> EXCLUSIVE
DBimpl - UNLOCK REQUEST: 0x3b879400 1
[1773167269.130566986] UNLOCK pid=86480 fd=14: EXCLUSIVE -> SHARED
DBimpl - UNLOCK REQUEST: 0x3b879400 0
[1773167269.130571211] UNLOCK pid=86480 fd=14: SHARED -> NO_LOCK
DBimpl - LOCK REQUEST: 0x3b879400 1
[1773167269.133444401] LOCK pid=86480 fd=14: NO_LOCK -> SHARED (fallback)
[1773167269.133445873] LOCK pid=86480 fd=14: SHARED -> SHARED
DBimpl - LOCK REQUEST: 0x3b879400 2
[1773167269.133454899] LOCK pid=86480 fd=14: SHARED -> RESERVED
DBimpl - LOCK REQUEST: 0x3b879400 4
[1773167269.133537336] LOCK pid=86480 fd=14: RESERVED -> PENDING
[1773167269.133539190] LOCK pid=86480 fd=14: PENDING -> EXCLUSIVE
DBimpl - UNLOCK REQUEST: 0x3b879400 1
[1773167269.135249662] UNLOCK pid=86480 fd=14: EXCLUSIVE -> SHARED
DBimpl - UNLOCK REQUEST: 0x3b879400 0
[1773167269.135258149] UNLOCK pid=86480 fd=14: SHARED -> NO_LOCK
DBimpl - LOCK REQUEST: 0x3b879400 1
[1773167269.135455099] LOCK pid=86480 fd=14: NO_LOCK -> SHARED (fallback)
[1773167269.135457729] LOCK pid=86480 fd=14: SHARED -> SHARED
DBimpl - LOCK REQUEST: 0x3b879400 2
[1773167269.135484393] LOCK pid=86480 fd=14: SHARED -> RESERVED
DBimpl - LOCK REQUEST: 0x3b879400 4
[1773167269.135651913] LOCK pid=86480 fd=14: RESERVED -> PENDING
[1773167269.135655361] LOCK pid=86480 fd=14: PENDING -> EXCLUSIVE
DBimpl - UNLOCK REQUEST: 0x3b879400 1
[1773167269.138087757] UNLOCK pid=86480 fd=14: EXCLUSIVE -> SHARED
DBimpl - UNLOCK REQUEST: 0x3b879400 0
[1773167269.138096041] UNLOCK pid=86480 fd=14: SHARED -> NO_LOCK
DBimpl - LOCK REQUEST: 0x3b879400 1
[1773167269.140356020] LOCK pid=86480 fd=14: NO_LOCK -> SHARED (fallback)
[1773167269.140358755] LOCK pid=86480 fd=14: SHARED -> SHARED
DBimpl - LOCK REQUEST: 0x3b879400 2
[1773167269.140379385] LOCK pid=86480 fd=14: SHARED -> RESERVED
DBimpl - LOCK REQUEST: 0x3b879400 4
[1773167269.140553657] LOCK pid=86480 fd=14: RESERVED -> PENDING
[1773167269.140556577] LOCK pid=86480 fd=14: PENDING -> EXCLUSIVE
DBimpl - UNLOCK REQUEST: 0x3b879400 1
[1773167269.142946611] UNLOCK pid=86480 fd=14: EXCLUSIVE -> SHARED
DBimpl - UNLOCK REQUEST: 0x3b879400 0
[1773167269.142954702] UNLOCK pid=86480 fd=14: SHARED -> NO_LOCK
DBimpl - LOCK REQUEST: 0x3b879400 1
[1773167269.147505740] LOCK pid=86480 fd=14: NO_LOCK -> SHARED (fallback)
[1773167269.147508323] LOCK pid=86480 fd=14: SHARED -> SHARED
DBimpl - LOCK REQUEST: 0x3b879400 2
[1773167269.147528713] LOCK pid=86480 fd=14: SHARED -> RESERVED
DBimpl - LOCK REQUEST: 0x3b879400 4
[1773167269.147677405] LOCK pid=86480 fd=14: RESERVED -> PENDING
[1773167269.147679502] LOCK pid=86480 fd=14: PENDING -> EXCLUSIVE
DBimpl - UNLOCK REQUEST: 0x3b879400 1
[1773167269.149731604] UNLOCK pid=86480 fd=14: EXCLUSIVE -> SHARED
DBimpl - UNLOCK REQUEST: 0x3b879400 0
[1773167269.149736684] UNLOCK pid=86480 fd=14: SHARED -> NO_LOCK
DBimpl - LOCK REQUEST: 0x3b879400 1
[1773167269.152962417] LOCK pid=86480 fd=14: NO_LOCK -> SHARED (fallback)
[1773167269.152964517] LOCK pid=86480 fd=14: SHARED -> SHARED
DBimpl - LOCK REQUEST: 0x3b879400 2
[1773167269.152979497] LOCK pid=86480 fd=14: SHARED -> RESERVED
DBimpl - LOCK REQUEST: 0x3b879400 4
[1773167269.153113892] LOCK pid=86480 fd=14: RESERVED -> PENDING
[1773167269.153116382] LOCK pid=86480 fd=14: PENDING -> EXCLUSIVE
DBimpl - UNLOCK REQUEST: 0x3b879400 1
[1773167269.155048933] UNLOCK pid=86480 fd=14: EXCLUSIVE -> SHARED
DBimpl - UNLOCK REQUEST: 0x3b879400 0
[1773167269.155053016] UNLOCK pid=86480 fd=14: SHARED -> NO_LOCK
DBimpl - LOCK REQUEST: 0x3b879400 1
[1773167269.156832904] LOCK pid=86480 fd=14: NO_LOCK -> SHARED (fallback)
[1773167269.156834532] LOCK pid=86480 fd=14: SHARED -> SHARED
DBimpl - LOCK REQUEST: 0x3b879400 2
[1773167269.156845449] LOCK pid=86480 fd=14: SHARED -> RESERVED
DBimpl - LOCK REQUEST: 0x3b879400 4
[1773167269.156951429] LOCK pid=86480 fd=14: RESERVED -> PENDING
[1773167269.156953589] LOCK pid=86480 fd=14: PENDING -> EXCLUSIVE
DBimpl - UNLOCK REQUEST: 0x3b879400 1
[1773167269.158671547] UNLOCK pid=86480 fd=14: EXCLUSIVE -> SHARED
DBimpl - UNLOCK REQUEST: 0x3b879400 0
[1773167269.158675589] UNLOCK pid=86480 fd=14: SHARED -> NO_LOCK
DBimpl - LOCK REQUEST: 0x3b879400 1
[1773167269.161920969] LOCK pid=86480 fd=14: NO_LOCK -> SHARED (fallback)
[1773167269.161923103] LOCK pid=86480 fd=14: SHARED -> SHARED
DBimpl - LOCK REQUEST: 0x3b879400 2
[1773167269.161935370] LOCK pid=86480 fd=14: SHARED -> RESERVED
DBimpl - LOCK REQUEST: 0x3b879400 4
[1773167269.162044639] LOCK pid=86480 fd=14: RESERVED -> PENDING
[1773167269.162046743] LOCK pid=86480 fd=14: PENDING -> EXCLUSIVE
DBimpl - UNLOCK REQUEST: 0x3b879400 1
[1773167269.164619408] UNLOCK pid=86480 fd=14: EXCLUSIVE -> SHARED
DBimpl - UNLOCK REQUEST: 0x3b879400 0
[1773167269.164627582] UNLOCK pid=86480 fd=14: SHARED -> NO_LOCK
DBimpl - LOCK REQUEST: 0x3b879400 1
[1773167269.168003685] LOCK pid=86480 fd=14: NO_LOCK -> SHARED (fallback)
[1773167269.168006593] LOCK pid=86480 fd=14: SHARED -> SHARED
DBimpl - LOCK REQUEST: 0x3b879400 2
[1773167269.168029088] LOCK pid=86480 fd=14: SHARED -> RESERVED
DBimpl - LOCK REQUEST: 0x3b879400 4
[1773167269.168188248] LOCK pid=86480 fd=14: RESERVED -> PENDING
[1773167269.168190853] LOCK pid=86480 fd=14: PENDING -> EXCLUSIVE
DBimpl - UNLOCK REQUEST: 0x3b879400 1
[1773167269.172412591] UNLOCK pid=86480 fd=14: EXCLUSIVE -> SHARED
DBimpl - UNLOCK REQUEST: 0x3b879400 0
[1773167269.172421565] UNLOCK pid=86480 fd=14: SHARED -> NO_LOCK
DBimpl - LOCK REQUEST: 0x3b879400 1
[1773167269.175383319] LOCK pid=86480 fd=14: NO_LOCK -> SHARED (fallback)
[1773167269.175386681] LOCK pid=86480 fd=14: SHARED -> SHARED
DBimpl - LOCK REQUEST: 0x3b879400 2
[1773167269.175407461] LOCK pid=86480 fd=14: SHARED -> RESERVED
DBimpl - LOCK REQUEST: 0x3b879400 4
[1773167269.175580263] LOCK pid=86480 fd=14: RESERVED -> PENDING
[1773167269.175583039] LOCK pid=86480 fd=14: PENDING -> EXCLUSIVE
DBimpl - UNLOCK REQUEST: 0x3b879400 1
[1773167269.177930340] UNLOCK pid=86480 fd=14: EXCLUSIVE -> SHARED
DBimpl - UNLOCK REQUEST: 0x3b879400 0
[1773167269.177940069] UNLOCK pid=86480 fd=14: SHARED -> NO_LOCK
DBimpl - LOCK REQUEST: 0x3b879400 1
[1773167269.178155878] LOCK pid=86480 fd=14: NO_LOCK -> SHARED (fallback)
[1773167269.178159034] LOCK pid=86480 fd=14: SHARED -> SHARED
DBimpl - LOCK REQUEST: 0x3b879400 2
[1773167269.178179471] LOCK pid=86480 fd=14: SHARED -> RESERVED
DBimpl - LOCK REQUEST: 0x3b879400 4
[1773167269.178359594] LOCK pid=86480 fd=14: RESERVED -> PENDING
[1773167269.178362576] LOCK pid=86480 fd=14: PENDING -> EXCLUSIVE
DBimpl - UNLOCK REQUEST: 0x3b879400 1
[1773167269.180150912] UNLOCK pid=86480 fd=14: EXCLUSIVE -> SHARED
DBimpl - UNLOCK REQUEST: 0x3b879400 0
[1773167269.180158156] UNLOCK pid=86480 fd=14: SHARED -> NO_LOCK
DBimpl - LOCK REQUEST: 0x3b879400 1
[1773167269.181344995] LOCK pid=86480 fd=14: NO_LOCK -> SHARED (fallback)
[1773167269.181347768] LOCK pid=86480 fd=14: SHARED -> SHARED
DBimpl - LOCK REQUEST: 0x3b879400 2
[1773167269.181363258] LOCK pid=86480 fd=14: SHARED -> RESERVED
DBimpl - LOCK REQUEST: 0x3b879400 4
[1773167269.181494001] LOCK pid=86480 fd=14: RESERVED -> PENDING
[1773167269.181496800] LOCK pid=86480 fd=14: PENDING -> EXCLUSIVE
DBimpl - UNLOCK REQUEST: 0x3b879400 1
[1773167269.183238661] UNLOCK pid=86480 fd=14: EXCLUSIVE -> SHARED
DBimpl - UNLOCK REQUEST: 0x3b879400 0
[1773167269.183244429] UNLOCK pid=86480 fd=14: SHARED -> NO_LOCK
DBimpl - LOCK REQUEST: 0x3b879400 1
[1773167269.185532765] LOCK pid=86480 fd=14: NO_LOCK -> SHARED (fallback)
[1773167269.185535486] LOCK pid=86480 fd=14: SHARED -> SHARED
DBimpl - LOCK REQUEST: 0x3b879400 2
[1773167269.185551337] LOCK pid=86480 fd=14: SHARED -> RESERVED
DBimpl - LOCK REQUEST: 0x3b879400 4
[1773167269.185691437] LOCK pid=86480 fd=14: RESERVED -> PENDING
[1773167269.185694318] LOCK pid=86480 fd=14: PENDING -> EXCLUSIVE
DBimpl - UNLOCK REQUEST: 0x3b879400 1
[1773167269.187453146] UNLOCK pid=86480 fd=14: EXCLUSIVE -> SHARED
DBimpl - UNLOCK REQUEST: 0x3b879400 0
[1773167269.187459542] UNLOCK pid=86480 fd=14: SHARED -> NO_LOCK
DBimpl - LOCK REQUEST: 0x3b879400 1
[1773167269.188919731] LOCK pid=86480 fd=14: NO_LOCK -> SHARED (fallback)
[1773167269.188922151] LOCK pid=86480 fd=14: SHARED -> SHARED
DBimpl - LOCK REQUEST: 0x3b879400 2
[1773167269.188936877] LOCK pid=86480 fd=14: SHARED -> RESERVED
DBimpl - LOCK REQUEST: 0x3b879400 4
[1773167269.189061084] LOCK pid=86480 fd=14: RESERVED -> PENDING
[1773167269.189063923] LOCK pid=86480 fd=14: PENDING -> EXCLUSIVE
DBimpl - UNLOCK REQUEST: 0x3b879400 1
[1773167269.190740234] UNLOCK pid=86480 fd=14: EXCLUSIVE -> SHARED
DBimpl - UNLOCK REQUEST: 0x3b879400 0
[1773167269.190746862] UNLOCK pid=86480 fd=14: SHARED -> NO_LOCK
DBimpl - LOCK REQUEST: 0x3b879400 1
[1773167269.193570873] LOCK pid=86480 fd=14: NO_LOCK -> SHARED (fallback)
[1773167269.193573705] LOCK pid=86480 fd=14: SHARED -> SHARED
DBimpl - LOCK REQUEST: 0x3b879400 2
[1773167269.193589686] LOCK pid=86480 fd=14: SHARED -> RESERVED
DBimpl - LOCK REQUEST: 0x3b879400 4
[1773167269.193718823] LOCK pid=86480 fd=14: RESERVED -> PENDING
[1773167269.193722321] LOCK pid=86480 fd=14: PENDING -> EXCLUSIVE
DBimpl - UNLOCK REQUEST: 0x3b879400 1
[1773167269.195429318] UNLOCK pid=86480 fd=14: EXCLUSIVE -> SHARED
DBimpl - UNLOCK REQUEST: 0x3b879400 0
[1773167269.195435721] UNLOCK pid=86480 fd=14: SHARED -> NO_LOCK
DBimpl - LOCK REQUEST: 0x3b879400 1
[1773167269.195701405] LOCK pid=86480 fd=14: NO_LOCK -> SHARED (fallback)
[1773167269.195703541] LOCK pid=86480 fd=14: SHARED -> SHARED
DBimpl - LOCK REQUEST: 0x3b879400 2
[1773167269.195717571] LOCK pid=86480 fd=14: SHARED -> RESERVED
DBimpl - LOCK REQUEST: 0x3b879400 4
[1773167269.195844972] LOCK pid=86480 fd=14: RESERVED -> PENDING
[1773167269.195847834] LOCK pid=86480 fd=14: PENDING -> EXCLUSIVE
DBimpl - UNLOCK REQUEST: 0x3b879400 1
[1773167269.197518601] UNLOCK pid=86480 fd=14: EXCLUSIVE -> SHARED
DBimpl - UNLOCK REQUEST: 0x3b879400 0
[1773167269.197524965] UNLOCK pid=86480 fd=14: SHARED -> NO_LOCK
DBimpl - LOCK REQUEST: 0x3b879400 1
[1773167269.203871002] LOCK pid=86480 fd=14: NO_LOCK -> SHARED (fallback)
[1773167269.203873828] LOCK pid=86480 fd=14: SHARED -> SHARED
DBimpl - LOCK REQUEST: 0x3b879400 2
[1773167269.203889111] LOCK pid=86480 fd=14: SHARED -> RESERVED
DBimpl - LOCK REQUEST: 0x3b879400 4
[1773167269.204018629] LOCK pid=86480 fd=14: RESERVED -> PENDING
[1773167269.204021303] LOCK pid=86480 fd=14: PENDING -> EXCLUSIVE
DBimpl - UNLOCK REQUEST: 0x3b879400 1
[1773167269.205767210] UNLOCK pid=86480 fd=14: EXCLUSIVE -> SHARED
DBimpl - UNLOCK REQUEST: 0x3b879400 0
[1773167269.205774090] UNLOCK pid=86480 fd=14: SHARED -> NO_LOCK
DBimpl - LOCK REQUEST: 0x3b879400 1
[1773167269.208015454] LOCK pid=86480 fd=14: NO_LOCK -> SHARED (fallback)
[1773167269.208021041] LOCK pid=86480 fd=14: SHARED -> SHARED
DBimpl - LOCK REQUEST: 0x3b879400 2
[1773167269.208037745] LOCK pid=86480 fd=14: SHARED -> RESERVED
DBimpl - LOCK REQUEST: 0x3b879400 4
[1773167269.208171977] LOCK pid=86480 fd=14: RESERVED -> PENDING
[1773167269.208174819] LOCK pid=86480 fd=14: PENDING -> EXCLUSIVE
DBimpl - UNLOCK REQUEST: 0x3b879400 1
[1773167269.209852987] UNLOCK pid=86480 fd=14: EXCLUSIVE -> SHARED
DBimpl - UNLOCK REQUEST: 0x3b879400 0
[1773167269.209860036] UNLOCK pid=86480 fd=14: SHARED -> NO_LOCK
DBimpl - LOCK REQUEST: 0x3b879400 1
[1773167269.215524922] LOCK pid=86480 fd=14: NO_LOCK -> SHARED (fallback)
[1773167269.215526394] LOCK pid=86480 fd=14: SHARED -> SHARED
DBimpl - LOCK REQUEST: 0x3b879400 2
[1773167269.215537209] LOCK pid=86480 fd=14: SHARED -> RESERVED
DBimpl - LOCK REQUEST: 0x3b879400 4
[1773167269.215628743] LOCK pid=86480 fd=14: RESERVED -> PENDING
[1773167269.215630716] LOCK pid=86480 fd=14: PENDING -> EXCLUSIVE
DBimpl - UNLOCK REQUEST: 0x3b879400 1
[1773167269.217327547] UNLOCK pid=86480 fd=14: EXCLUSIVE -> SHARED
DBimpl - UNLOCK REQUEST: 0x3b879400 0
[1773167269.217334953] UNLOCK pid=86480 fd=14: SHARED -> NO_LOCK
DBimpl - LOCK REQUEST: 0x3b879400 1
[1773167269.217609049] LOCK pid=86480 fd=14: NO_LOCK -> SHARED (fallback)
[1773167269.217611414] LOCK pid=86480 fd=14: SHARED -> SHARED
DBimpl - LOCK REQUEST: 0x3b879400 2
[1773167269.217628535] LOCK pid=86480 fd=14: SHARED -> RESERVED
DBimpl - LOCK REQUEST: 0x3b879400 4
[1773167269.217763400] LOCK pid=86480 fd=14: RESERVED -> PENDING
[1773167269.217766319] LOCK pid=86480 fd=14: PENDING -> EXCLUSIVE
DBimpl - UNLOCK REQUEST: 0x3b879400 1
[1773167269.219465939] UNLOCK pid=86480 fd=14: EXCLUSIVE -> SHARED
DBimpl - UNLOCK REQUEST: 0x3b879400 0
[1773167269.219472407] UNLOCK pid=86480 fd=14: SHARED -> NO_LOCK
DBimpl - LOCK REQUEST: 0x3b879400 1
[1773167269.220542167] LOCK pid=86480 fd=14: NO_LOCK -> SHARED (fallback)
[1773167269.220544975] LOCK pid=86480 fd=14: SHARED -> SHARED
DBimpl - LOCK REQUEST: 0x3b879400 2
[1773167269.220560914] LOCK pid=86480 fd=14: SHARED -> RESERVED
DBimpl - LOCK REQUEST: 0x3b879400 4
[1773167269.220682679] LOCK pid=86480 fd=14: RESERVED -> PENDING
[1773167269.220685503] LOCK pid=86480 fd=14: PENDING -> EXCLUSIVE
DBimpl - UNLOCK REQUEST: 0x3b879400 1
[1773167269.222382610] UNLOCK pid=86480 fd=14: EXCLUSIVE -> SHARED
DBimpl - UNLOCK REQUEST: 0x3b879400 0
[1773167269.222388911] UNLOCK pid=86480 fd=14: SHARED -> NO_LOCK
DBimpl - LOCK REQUEST: 0x3b879400 1
[1773167269.222602127] LOCK pid=86480 fd=14: NO_LOCK -> SHARED (fallback)
[1773167269.222604234] LOCK pid=86480 fd=14: SHARED -> SHARED
DBimpl - LOCK REQUEST: 0x3b879400 2
[1773167269.222620373] LOCK pid=86480 fd=14: SHARED -> RESERVED
DBimpl - LOCK REQUEST: 0x3b879400 4
[1773167269.222734747] LOCK pid=86480 fd=14: RESERVED -> PENDING
[1773167269.222737388] LOCK pid=86480 fd=14: PENDING -> EXCLUSIVE
DBimpl - UNLOCK REQUEST: 0x3b879400 1
[1773167269.224419072] UNLOCK pid=86480 fd=14: EXCLUSIVE -> SHARED
DBimpl - UNLOCK REQUEST: 0x3b879400 0
[1773167269.224425360] UNLOCK pid=86480 fd=14: SHARED -> NO_LOCK
DBimpl - LOCK REQUEST: 0x3b879400 1
[1773167269.225500674] LOCK pid=86480 fd=14: NO_LOCK -> SHARED (fallback)
[1773167269.225502986] LOCK pid=86480 fd=14: SHARED -> SHARED
DBimpl - LOCK REQUEST: 0x3b879400 2
[1773167269.225516564] LOCK pid=86480 fd=14: SHARED -> RESERVED
DBimpl - LOCK REQUEST: 0x3b879400 4
[1773167269.225628193] LOCK pid=86480 fd=14: RESERVED -> PENDING
[1773167269.225630942] LOCK pid=86480 fd=14: PENDING -> EXCLUSIVE
DBimpl - UNLOCK REQUEST: 0x3b879400 1
[1773167269.227413845] UNLOCK pid=86480 fd=14: EXCLUSIVE -> SHARED
DBimpl - UNLOCK REQUEST: 0x3b879400 0
[1773167269.227420213] UNLOCK pid=86480 fd=14: SHARED -> NO_LOCK
DBimpl - LOCK REQUEST: 0x3b879400 1
[1773167269.229017314] LOCK pid=86480 fd=14: NO_LOCK -> SHARED (fallback)
[1773167269.229019650] LOCK pid=86480 fd=14: SHARED -> SHARED
DBimpl - LOCK REQUEST: 0x3b879400 2
[1773167269.229033922] LOCK pid=86480 fd=14: SHARED -> RESERVED
DBimpl - LOCK REQUEST: 0x3b879400 4
[1773167269.229155566] LOCK pid=86480 fd=14: RESERVED -> PENDING
[1773167269.229158400] LOCK pid=86480 fd=14: PENDING -> EXCLUSIVE
DBimpl - UNLOCK REQUEST: 0x3b879400 1
[1773167269.230819208] UNLOCK pid=86480 fd=14: EXCLUSIVE -> SHARED
DBimpl - UNLOCK REQUEST: 0x3b879400 0
[1773167269.230825290] UNLOCK pid=86480 fd=14: SHARED -> NO_LOCK
DBimpl - LOCK REQUEST: 0x3b879400 1
[1773167269.231691312] LOCK pid=86480 fd=14: NO_LOCK -> SHARED (fallback)
[1773167269.231693779] LOCK pid=86480 fd=14: SHARED -> SHARED
DBimpl - LOCK REQUEST: 0x3b879400 2
[1773167269.231707172] LOCK pid=86480 fd=14: SHARED -> RESERVED
DBimpl - LOCK REQUEST: 0x3b879400 4
[1773167269.231825128] LOCK pid=86480 fd=14: RESERVED -> PENDING
[1773167269.231827549] LOCK pid=86480 fd=14: PENDING -> EXCLUSIVE
DBimpl - UNLOCK REQUEST: 0x3b879400 1
[1773167269.233496893] UNLOCK pid=86480 fd=14: EXCLUSIVE -> SHARED
DBimpl - UNLOCK REQUEST: 0x3b879400 0
[1773167269.233503096] UNLOCK pid=86480 fd=14: SHARED -> NO_LOCK
DBimpl - LOCK REQUEST: 0x3b879400 1
[1773167269.246278590] LOCK pid=86480 fd=14: NO_LOCK -> SHARED (fallback)
[1773167269.246282309] LOCK pid=86480 fd=14: SHARED -> SHARED
DBimpl - LOCK REQUEST: 0x3b879400 2
[1773167269.246303339] LOCK pid=86480 fd=14: SHARED -> RESERVED
DBimpl - LOCK REQUEST: 0x3b879400 4
[1773167269.246457672] LOCK pid=86480 fd=14: RESERVED -> PENDING
[1773167269.246460612] LOCK pid=86480 fd=14: PENDING -> EXCLUSIVE
DBimpl - UNLOCK REQUEST: 0x3b879400 1
[1773167269.248549789] UNLOCK pid=86480 fd=14: EXCLUSIVE -> SHARED
DBimpl - UNLOCK REQUEST: 0x3b879400 0
[1773167269.248557784] UNLOCK pid=86480 fd=14: SHARED -> NO_LOCK
DBimpl - LOCK REQUEST: 0x3b879400 1
[1773167269.248701219] LOCK pid=86480 fd=14: NO_LOCK -> SHARED (fallback)
[1773167269.248703416] LOCK pid=86480 fd=14: SHARED -> SHARED
DBimpl - LOCK REQUEST: 0x3b879400 2
[1773167269.248717948] LOCK pid=86480 fd=14: SHARED -> RESERVED
DBimpl - LOCK REQUEST: 0x3b879400 4
[1773167269.248869370] LOCK pid=86480 fd=14: RESERVED -> PENDING
[1773167269.248872187] LOCK pid=86480 fd=14: PENDING -> EXCLUSIVE
DBimpl - UNLOCK REQUEST: 0x3b879400 1
[1773167269.250705008] UNLOCK pid=86480 fd=14: EXCLUSIVE -> SHARED
DBimpl - UNLOCK REQUEST: 0x3b879400 0
[1773167269.250711359] UNLOCK pid=86480 fd=14: SHARED -> NO_LOCK
DBimpl - LOCK REQUEST: 0x3b879400 1
[1773167269.251681863] LOCK pid=86480 fd=14: NO_LOCK -> SHARED (fallback)
[1773167269.251684407] LOCK pid=86480 fd=14: SHARED -> SHARED
DBimpl - LOCK REQUEST: 0x3b879400 2
[1773167269.251699445] LOCK pid=86480 fd=14: SHARED -> RESERVED
DBimpl - LOCK REQUEST: 0x3b879400 4
[1773167269.251820845] LOCK pid=86480 fd=14: RESERVED -> PENDING
[1773167269.251823686] LOCK pid=86480 fd=14: PENDING -> EXCLUSIVE
DBimpl - UNLOCK REQUEST: 0x3b879400 1
[1773167269.253434685] UNLOCK pid=86480 fd=14: EXCLUSIVE -> SHARED
DBimpl - UNLOCK REQUEST: 0x3b879400 0
[1773167269.253441074] UNLOCK pid=86480 fd=14: SHARED -> NO_LOCK
DBimpl - LOCK REQUEST: 0x3b879400 1
[1773167269.257072085] LOCK pid=86480 fd=14: NO_LOCK -> SHARED (fallback)
[1773167269.257074867] LOCK pid=86480 fd=14: SHARED -> SHARED
DBimpl - LOCK REQUEST: 0x3b879400 2
[1773167269.257090157] LOCK pid=86480 fd=14: SHARED -> RESERVED
DBimpl - LOCK REQUEST: 0x3b879400 4
[1773167269.257210996] LOCK pid=86480 fd=14: RESERVED -> PENDING
[1773167269.257213912] LOCK pid=86480 fd=14: PENDING -> EXCLUSIVE
DBimpl - UNLOCK REQUEST: 0x3b879400 1
[1773167269.258909005] UNLOCK pid=86480 fd=14: EXCLUSIVE -> SHARED
DBimpl - UNLOCK REQUEST: 0x3b879400 0
[1773167269.258915796] UNLOCK pid=86480 fd=14: SHARED -> NO_LOCK
DBimpl - LOCK REQUEST: 0x3b879400 1
[1773167269.266983272] LOCK pid=86480 fd=14: NO_LOCK -> SHARED (fallback)
[1773167269.266986012] LOCK pid=86480 fd=14: SHARED -> SHARED
DBimpl - LOCK REQUEST: 0x3b879400 2
[1773167269.267003367] LOCK pid=86480 fd=14: SHARED -> RESERVED
DBimpl - LOCK REQUEST: 0x3b879400 4
[1773167269.267148441] LOCK pid=86480 fd=14: RESERVED -> PENDING
[1773167269.267151333] LOCK pid=86480 fd=14: PENDING -> EXCLUSIVE
DBimpl - UNLOCK REQUEST: 0x3b879400 1
[1773167269.270895354] UNLOCK pid=86480 fd=14: EXCLUSIVE -> SHARED
DBimpl - UNLOCK REQUEST: 0x3b879400 0
[1773167269.270901843] UNLOCK pid=86480 fd=14: SHARED -> NO_LOCK
DBimpl - LOCK REQUEST: 0x3b879400 1
[1773167269.280057236] LOCK pid=86480 fd=14: NO_LOCK -> SHARED (fallback)
[1773167269.280059516] LOCK pid=86480 fd=14: SHARED -> SHARED
DBimpl - LOCK REQUEST: 0x3b879400 2
[1773167269.280073088] LOCK pid=86480 fd=14: SHARED -> RESERVED
DBimpl - LOCK REQUEST: 0x3b879400 4
[1773167269.280207701] LOCK pid=86480 fd=14: RESERVED -> PENDING
[1773167269.280210589] LOCK pid=86480 fd=14: PENDING -> EXCLUSIVE
DBimpl - UNLOCK REQUEST: 0x3b879400 1
[1773167269.283123728] UNLOCK pid=86480 fd=14: EXCLUSIVE -> SHARED
DBimpl - UNLOCK REQUEST: 0x3b879400 0
[1773167269.283130231] UNLOCK pid=86480 fd=14: SHARED -> NO_LOCK
DBimpl - LOCK REQUEST: 0x3b879400 1
[1773167269.283981416] LOCK pid=86480 fd=14: NO_LOCK -> SHARED (fallback)
[1773167269.283983539] LOCK pid=86480 fd=14: SHARED -> SHARED
DBimpl - LOCK REQUEST: 0x3b879400 2
[1773167269.283998613] LOCK pid=86480 fd=14: SHARED -> RESERVED
DBimpl - LOCK REQUEST: 0x3b879400 4
[1773167269.284112067] LOCK pid=86480 fd=14: RESERVED -> PENDING
[1773167269.284114830] LOCK pid=86480 fd=14: PENDING -> EXCLUSIVE
DBimpl - UNLOCK REQUEST: 0x3b879400 1
[1773167269.285842547] UNLOCK pid=86480 fd=14: EXCLUSIVE -> SHARED
DBimpl - UNLOCK REQUEST: 0x3b879400 0
[1773167269.285848443] UNLOCK pid=86480 fd=14: SHARED -> NO_LOCK
DBimpl - LOCK REQUEST: 0x3b879400 1
[1773167269.288865320] LOCK pid=86480 fd=14: NO_LOCK -> SHARED (fallback)
[1773167269.288868075] LOCK pid=86480 fd=14: SHARED -> SHARED
DBimpl - LOCK REQUEST: 0x3b879400 2
[1773167269.288883716] LOCK pid=86480 fd=14: SHARED -> RESERVED
DBimpl - LOCK REQUEST: 0x3b879400 4
[1773167269.289007255] LOCK pid=86480 fd=14: RESERVED -> PENDING
[1773167269.289010047] LOCK pid=86480 fd=14: PENDING -> EXCLUSIVE
DBimpl - UNLOCK REQUEST: 0x3b879400 1
[1773167269.290706759] UNLOCK pid=86480 fd=14: EXCLUSIVE -> SHARED
DBimpl - UNLOCK REQUEST: 0x3b879400 0
[1773167269.290713193] UNLOCK pid=86480 fd=14: SHARED -> NO_LOCK
DBimpl - LOCK REQUEST: 0x3b879400 1
[1773167269.293467990] LOCK pid=86480 fd=14: NO_LOCK -> SHARED (fallback)
[1773167269.293470413] LOCK pid=86480 fd=14: SHARED -> SHARED
DBimpl - LOCK REQUEST: 0x3b879400 2
[1773167269.293485933] LOCK pid=86480 fd=14: SHARED -> RESERVED
DBimpl - LOCK REQUEST: 0x3b879400 4
[1773167269.293602893] LOCK pid=86480 fd=14: RESERVED -> PENDING
[1773167269.293605726] LOCK pid=86480 fd=14: PENDING -> EXCLUSIVE
DBimpl - UNLOCK REQUEST: 0x3b879400 1
[1773167269.295301019] UNLOCK pid=86480 fd=14: EXCLUSIVE -> SHARED
DBimpl - UNLOCK REQUEST: 0x3b879400 0
[1773167269.295306778] UNLOCK pid=86480 fd=14: SHARED -> NO_LOCK
DBimpl - LOCK REQUEST: 0x3b879400 1
[1773167269.298462183] LOCK pid=86480 fd=14: NO_LOCK -> SHARED (fallback)
[1773167269.298464493] LOCK pid=86480 fd=14: SHARED -> SHARED
DBimpl - LOCK REQUEST: 0x3b879400 2
[1773167269.298477474] LOCK pid=86480 fd=14: SHARED -> RESERVED
DBimpl - LOCK REQUEST: 0x3b879400 4
[1773167269.298581934] LOCK pid=86480 fd=14: RESERVED -> PENDING
[1773167269.298584567] LOCK pid=86480 fd=14: PENDING -> EXCLUSIVE
DBimpl - UNLOCK REQUEST: 0x3b879400 1
[1773167269.300222399] UNLOCK pid=86480 fd=14: EXCLUSIVE -> SHARED
DBimpl - UNLOCK REQUEST: 0x3b879400 0
[1773167269.300228166] UNLOCK pid=86480 fd=14: SHARED -> NO_LOCK
DBimpl - LOCK REQUEST: 0x3b879400 1
[1773167269.303659291] LOCK pid=86480 fd=14: NO_LOCK -> SHARED (fallback)
[1773167269.303661632] LOCK pid=86480 fd=14: SHARED -> SHARED
DBimpl - LOCK REQUEST: 0x3b879400 2
[1773167269.303674418] LOCK pid=86480 fd=14: SHARED -> RESERVED
DBimpl - LOCK REQUEST: 0x3b879400 4
[1773167269.303788051] LOCK pid=86480 fd=14: RESERVED -> PENDING
[1773167269.303790694] LOCK pid=86480 fd=14: PENDING -> EXCLUSIVE
DBimpl - UNLOCK REQUEST: 0x3b879400 1
[1773167269.305376159] UNLOCK pid=86480 fd=14: EXCLUSIVE -> SHARED
DBimpl - UNLOCK REQUEST: 0x3b879400 0
[1773167269.305381839] UNLOCK pid=86480 fd=14: SHARED -> NO_LOCK
DBimpl - LOCK REQUEST: 0x3b879400 1
[1773167269.308276586] LOCK pid=86480 fd=14: NO_LOCK -> SHARED (fallback)
[1773167269.308278864] LOCK pid=86480 fd=14: SHARED -> SHARED
DBimpl - LOCK REQUEST: 0x3b879400 2
[1773167269.308291688] LOCK pid=86480 fd=14: SHARED -> RESERVED
DBimpl - LOCK REQUEST: 0x3b879400 4
[1773167269.308394335] LOCK pid=86480 fd=14: RESERVED -> PENDING
[1773167269.308397149] LOCK pid=86480 fd=14: PENDING -> EXCLUSIVE
DBimpl - UNLOCK REQUEST: 0x3b879400 1
[1773167269.310052029] UNLOCK pid=86480 fd=14: EXCLUSIVE -> SHARED
DBimpl - UNLOCK REQUEST: 0x3b879400 0
[1773167269.310058273] UNLOCK pid=86480 fd=14: SHARED -> NO_LOCK
DBimpl - LOCK REQUEST: 0x3b879400 1
[1773167269.311521852] LOCK pid=86480 fd=14: NO_LOCK -> SHARED (fallback)
[1773167269.311524111] LOCK pid=86480 fd=14: SHARED -> SHARED
DBimpl - LOCK REQUEST: 0x3b879400 2
[1773167269.311536608] LOCK pid=86480 fd=14: SHARED -> RESERVED
DBimpl - LOCK REQUEST: 0x3b879400 4
[1773167269.311636314] LOCK pid=86480 fd=14: RESERVED -> PENDING
[1773167269.311639025] LOCK pid=86480 fd=14: PENDING -> EXCLUSIVE
DBimpl - UNLOCK REQUEST: 0x3b879400 1
[1773167269.313341019] UNLOCK pid=86480 fd=14: EXCLUSIVE -> SHARED
DBimpl - UNLOCK REQUEST: 0x3b879400 0
[1773167269.313346777] UNLOCK pid=86480 fd=14: SHARED -> NO_LOCK
DBimpl - LOCK REQUEST: 0x3b879400 1
[1773167269.314864668] LOCK pid=86480 fd=14: NO_LOCK -> SHARED (fallback)
[1773167269.314867274] LOCK pid=86480 fd=14: SHARED -> SHARED
DBimpl - LOCK REQUEST: 0x3b879400 2
[1773167269.314880642] LOCK pid=86480 fd=14: SHARED -> RESERVED
DBimpl - LOCK REQUEST: 0x3b879400 4
[1773167269.314989335] LOCK pid=86480 fd=14: RESERVED -> PENDING
[1773167269.314991772] LOCK pid=86480 fd=14: PENDING -> EXCLUSIVE
DBimpl - UNLOCK REQUEST: 0x3b879400 1
[1773167269.316592507] UNLOCK pid=86480 fd=14: EXCLUSIVE -> SHARED
DBimpl - UNLOCK REQUEST: 0x3b879400 0
[1773167269.316598438] UNLOCK pid=86480 fd=14: SHARED -> NO_LOCK
DBimpl - LOCK REQUEST: 0x3b879400 1
[1773167269.317377981] LOCK pid=86480 fd=14: NO_LOCK -> SHARED (fallback)
[1773167269.317380195] LOCK pid=86480 fd=14: SHARED -> SHARED
DBimpl - LOCK REQUEST: 0x3b879400 2
[1773167269.317392804] LOCK pid=86480 fd=14: SHARED -> RESERVED
DBimpl - LOCK REQUEST: 0x3b879400 4
[1773167269.317495581] LOCK pid=86480 fd=14: RESERVED -> PENDING
[1773167269.317498135] LOCK pid=86480 fd=14: PENDING -> EXCLUSIVE
DBimpl - UNLOCK REQUEST: 0x3b879400 1
[1773167269.319131779] UNLOCK pid=86480 fd=14: EXCLUSIVE -> SHARED
DBimpl - UNLOCK REQUEST: 0x3b879400 0
[1773167269.319137701] UNLOCK pid=86480 fd=14: SHARED -> NO_LOCK
DBimpl - LOCK REQUEST: 0x3b879400 1
[1773167269.329495145] LOCK pid=86480 fd=14: NO_LOCK -> SHARED (fallback)
[1773167269.329497714] LOCK pid=86480 fd=14: SHARED -> SHARED
DBimpl - LOCK REQUEST: 0x3b879400 2
[1773167269.329516089] LOCK pid=86480 fd=14: SHARED -> RESERVED
DBimpl - LOCK REQUEST: 0x3b879400 4
[1773167269.329622977] LOCK pid=86480 fd=14: RESERVED -> PENDING
[1773167269.329625778] LOCK pid=86480 fd=14: PENDING -> EXCLUSIVE
DBimpl - UNLOCK REQUEST: 0x3b879400 1
[1773167269.331259088] UNLOCK pid=86480 fd=14: EXCLUSIVE -> SHARED
DBimpl - UNLOCK REQUEST: 0x3b879400 0
[1773167269.331265033] UNLOCK pid=86480 fd=14: SHARED -> NO_LOCK
DBimpl - LOCK REQUEST: 0x3b879400 1
[1773167269.332742121] LOCK pid=86480 fd=14: NO_LOCK -> SHARED (fallback)
[1773167269.332744321] LOCK pid=86480 fd=14: SHARED -> SHARED
DBimpl - LOCK REQUEST: 0x3b879400 2
[1773167269.332756849] LOCK pid=86480 fd=14: SHARED -> RESERVED
DBimpl - LOCK REQUEST: 0x3b879400 4
[1773167269.332859826] LOCK pid=86480 fd=14: RESERVED -> PENDING
[1773167269.332862472] LOCK pid=86480 fd=14: PENDING -> EXCLUSIVE
DBimpl - UNLOCK REQUEST: 0x3b879400 1
[1773167269.334505351] UNLOCK pid=86480 fd=14: EXCLUSIVE -> SHARED
DBimpl - UNLOCK REQUEST: 0x3b879400 0
[1773167269.334510934] UNLOCK pid=86480 fd=14: SHARED -> NO_LOCK
DBimpl - LOCK REQUEST: 0x3b879400 1
[1773167269.336907117] LOCK pid=86480 fd=14: NO_LOCK -> SHARED (fallback)
[1773167269.336909479] LOCK pid=86480 fd=14: SHARED -> SHARED
DBimpl - LOCK REQUEST: 0x3b879400 2
[1773167269.336922049] LOCK pid=86480 fd=14: SHARED -> RESERVED
DBimpl - LOCK REQUEST: 0x3b879400 4
[1773167269.337022531] LOCK pid=86480 fd=14: RESERVED -> PENDING
[1773167269.337025288] LOCK pid=86480 fd=14: PENDING -> EXCLUSIVE
DBimpl - UNLOCK REQUEST: 0x3b879400 1
[1773167269.338611931] UNLOCK pid=86480 fd=14: EXCLUSIVE -> SHARED
DBimpl - UNLOCK REQUEST: 0x3b879400 0
[1773167269.338617562] UNLOCK pid=86480 fd=14: SHARED -> NO_LOCK
DBimpl - LOCK REQUEST: 0x3b879400 1
[1773167269.339031273] LOCK pid=86480 fd=14: NO_LOCK -> SHARED (fallback)
[1773167269.339033695] LOCK pid=86480 fd=14: SHARED -> SHARED
DBimpl - LOCK REQUEST: 0x3b879400 2
[1773167269.339046351] LOCK pid=86480 fd=14: SHARED -> RESERVED
DBimpl - LOCK REQUEST: 0x3b879400 4
[1773167269.339150994] LOCK pid=86480 fd=14: RESERVED -> PENDING
[1773167269.339153687] LOCK pid=86480 fd=14: PENDING -> EXCLUSIVE
DBimpl - UNLOCK REQUEST: 0x3b879400 1
[1773167269.340954274] UNLOCK pid=86480 fd=14: EXCLUSIVE -> SHARED
DBimpl - UNLOCK REQUEST: 0x3b879400 0
[1773167269.340960220] UNLOCK pid=86480 fd=14: SHARED -> NO_LOCK
DBimpl - LOCK REQUEST: 0x3b879400 1
[1773167269.341338045] LOCK pid=86480 fd=14: NO_LOCK -> SHARED (fallback)
[1773167269.341340133] LOCK pid=86480 fd=14: SHARED -> SHARED
DBimpl - LOCK REQUEST: 0x3b879400 2
[1773167269.341353027] LOCK pid=86480 fd=14: SHARED -> RESERVED
DBimpl - LOCK REQUEST: 0x3b879400 4
[1773167269.341456351] LOCK pid=86480 fd=14: RESERVED -> PENDING
[1773167269.341459051] LOCK pid=86480 fd=14: PENDING -> EXCLUSIVE
DBimpl - UNLOCK REQUEST: 0x3b879400 1
[1773167269.343137063] UNLOCK pid=86480 fd=14: EXCLUSIVE -> SHARED
DBimpl - UNLOCK REQUEST: 0x3b879400 0
[1773167269.343142977] UNLOCK pid=86480 fd=14: SHARED -> NO_LOCK
DBimpl - LOCK REQUEST: 0x3b879400 1
[1773167269.344269067] LOCK pid=86480 fd=14: NO_LOCK -> SHARED (fallback)
[1773167269.344271186] LOCK pid=86480 fd=14: SHARED -> SHARED
DBimpl - LOCK REQUEST: 0x3b879400 2
[1773167269.344283422] LOCK pid=86480 fd=14: SHARED -> RESERVED
DBimpl - LOCK REQUEST: 0x3b879400 4
[1773167269.344384297] LOCK pid=86480 fd=14: RESERVED -> PENDING
[1773167269.344386958] LOCK pid=86480 fd=14: PENDING -> EXCLUSIVE
DBimpl - UNLOCK REQUEST: 0x3b879400 1
[1773167269.346032471] UNLOCK pid=86480 fd=14: EXCLUSIVE -> SHARED
DBimpl - UNLOCK REQUEST: 0x3b879400 0
[1773167269.346038063] UNLOCK pid=86480 fd=14: SHARED -> NO_LOCK
DBimpl - LOCK REQUEST: 0x3b879400 1
[1773167269.349289364] LOCK pid=86480 fd=14: NO_LOCK -> SHARED (fallback)
[1773167269.349291742] LOCK pid=86480 fd=14: SHARED -> SHARED
DBimpl - LOCK REQUEST: 0x3b879400 2
[1773167269.349304817] LOCK pid=86480 fd=14: SHARED -> RESERVED
DBimpl - LOCK REQUEST: 0x3b879400 4
[1773167269.349408004] LOCK pid=86480 fd=14: RESERVED -> PENDING
[1773167269.349410568] LOCK pid=86480 fd=14: PENDING -> EXCLUSIVE
DBimpl - UNLOCK REQUEST: 0x3b879400 1
[1773167269.351054571] UNLOCK pid=86480 fd=14: EXCLUSIVE -> SHARED
DBimpl - UNLOCK REQUEST: 0x3b879400 0
[1773167269.351060207] UNLOCK pid=86480 fd=14: SHARED -> NO_LOCK
DBimpl - LOCK REQUEST: 0x3b879400 1
[1773167269.351556576] LOCK pid=86480 fd=14: NO_LOCK -> SHARED (fallback)
[1773167269.351558816] LOCK pid=86480 fd=14: SHARED -> SHARED
DBimpl - LOCK REQUEST: 0x3b879400 2
[1773167269.351571652] LOCK pid=86480 fd=14: SHARED -> RESERVED
DBimpl - LOCK REQUEST: 0x3b879400 4
[1773167269.351674003] LOCK pid=86480 fd=14: RESERVED -> PENDING
[1773167269.351676603] LOCK pid=86480 fd=14: PENDING -> EXCLUSIVE
DBimpl - UNLOCK REQUEST: 0x3b879400 1
[1773167269.353274165] UNLOCK pid=86480 fd=14: EXCLUSIVE -> SHARED
DBimpl - UNLOCK REQUEST: 0x3b879400 0
[1773167269.353279859] UNLOCK pid=86480 fd=14: SHARED -> NO_LOCK
DBimpl - LOCK REQUEST: 0x3b879400 1
[1773167269.354233795] LOCK pid=86480 fd=14: NO_LOCK -> SHARED (fallback)
[1773167269.354236302] LOCK pid=86480 fd=14: SHARED -> SHARED
DBimpl - LOCK REQUEST: 0x3b879400 2
[1773167269.354248845] LOCK pid=86480 fd=14: SHARED -> RESERVED
DBimpl - LOCK REQUEST: 0x3b879400 4
[1773167269.354346261] LOCK pid=86480 fd=14: RESERVED -> PENDING
[1773167269.354348823] LOCK pid=86480 fd=14: PENDING -> EXCLUSIVE
DBimpl - UNLOCK REQUEST: 0x3b879400 1
[1773167269.355961471] UNLOCK pid=86480 fd=14: EXCLUSIVE -> SHARED
DBimpl - UNLOCK REQUEST: 0x3b879400 0
[1773167269.355966801] UNLOCK pid=86480 fd=14: SHARED -> NO_LOCK
DBimpl - LOCK REQUEST: 0x3b879400 1
[1773167269.356256868] LOCK pid=86480 fd=14: NO_LOCK -> SHARED (fallback)
[1773167269.356259064] LOCK pid=86480 fd=14: SHARED -> SHARED
DBimpl - LOCK REQUEST: 0x3b879400 2
[1773167269.356272368] LOCK pid=86480 fd=14: SHARED -> RESERVED
DBimpl - LOCK REQUEST: 0x3b879400 4
[1773167269.356375645] LOCK pid=86480 fd=14: RESERVED -> PENDING
[1773167269.356378264] LOCK pid=86480 fd=14: PENDING -> EXCLUSIVE
DBimpl - UNLOCK REQUEST: 0x3b879400 1
[1773167269.358110119] UNLOCK pid=86480 fd=14: EXCLUSIVE -> SHARED
DBimpl - UNLOCK REQUEST: 0x3b879400 0
[1773167269.358116424] UNLOCK pid=86480 fd=14: SHARED -> NO_LOCK
DBimpl - LOCK REQUEST: 0x3b879400 1
[1773167269.358404412] LOCK pid=86480 fd=14: NO_LOCK -> SHARED (fallback)
[1773167269.358406908] LOCK pid=86480 fd=14: SHARED -> SHARED
DBimpl - LOCK REQUEST: 0x3b879400 2
[1773167269.358422745] LOCK pid=86480 fd=14: SHARED -> RESERVED
DBimpl - LOCK REQUEST: 0x3b879400 4
[1773167269.358545232] LOCK pid=86480 fd=14: RESERVED -> PENDING
[1773167269.358548147] LOCK pid=86480 fd=14: PENDING -> EXCLUSIVE
DBimpl - UNLOCK REQUEST: 0x3b879400 1
[1773167269.361576335] UNLOCK pid=86480 fd=14: EXCLUSIVE -> SHARED
DBimpl - UNLOCK REQUEST: 0x3b879400 0
[1773167269.361583085] UNLOCK pid=86480 fd=14: SHARED -> NO_LOCK
DBimpl - LOCK REQUEST: 0x3b879400 1
[1773167269.364270817] LOCK pid=86480 fd=14: NO_LOCK -> SHARED (fallback)
[1773167269.364273654] LOCK pid=86480 fd=14: SHARED -> SHARED
DBimpl - LOCK REQUEST: 0x3b879400 2
[1773167269.364290151] LOCK pid=86480 fd=14: SHARED -> RESERVED
DBimpl - LOCK REQUEST: 0x3b879400 4
[1773167269.364427651] LOCK pid=86480 fd=14: RESERVED -> PENDING
[1773167269.364430443] LOCK pid=86480 fd=14: PENDING -> EXCLUSIVE
DBimpl - UNLOCK REQUEST: 0x3b879400 1
[1773167269.367597827] UNLOCK pid=86480 fd=14: EXCLUSIVE -> SHARED
DBimpl - UNLOCK REQUEST: 0x3b879400 0
[1773167269.367604604] UNLOCK pid=86480 fd=14: SHARED -> NO_LOCK
DBimpl - LOCK REQUEST: 0x3b879400 1
[1773167269.373196533] LOCK pid=86480 fd=14: NO_LOCK -> SHARED (fallback)
[1773167269.373199087] LOCK pid=86480 fd=14: SHARED -> SHARED
DBimpl - LOCK REQUEST: 0x3b879400 2
[1773167269.373214458] LOCK pid=86480 fd=14: SHARED -> RESERVED
DBimpl - LOCK REQUEST: 0x3b879400 4
[1773167269.373341754] LOCK pid=86480 fd=14: RESERVED -> PENDING
[1773167269.373344611] LOCK pid=86480 fd=14: PENDING -> EXCLUSIVE
DBimpl - UNLOCK REQUEST: 0x3b879400 1
[1773167269.375049461] UNLOCK pid=86480 fd=14: EXCLUSIVE -> SHARED
DBimpl - UNLOCK REQUEST: 0x3b879400 0
[1773167269.375056192] UNLOCK pid=86480 fd=14: SHARED -> NO_LOCK
DBimpl - LOCK REQUEST: 0x3b879400 1
[1773167269.376581799] LOCK pid=86480 fd=14: NO_LOCK -> SHARED (fallback)
[1773167269.376584277] LOCK pid=86480 fd=14: SHARED -> SHARED
DBimpl - LOCK REQUEST: 0x3b879400 2
[1773167269.376599259] LOCK pid=86480 fd=14: SHARED -> RESERVED
DBimpl - LOCK REQUEST: 0x3b879400 4
[1773167269.376717641] LOCK pid=86480 fd=14: RESERVED -> PENDING
[1773167269.376720327] LOCK pid=86480 fd=14: PENDING -> EXCLUSIVE
DBimpl - UNLOCK REQUEST: 0x3b879400 1
[1773167269.378407392] UNLOCK pid=86480 fd=14: EXCLUSIVE -> SHARED
DBimpl - UNLOCK REQUEST: 0x3b879400 0
[1773167269.378414765] UNLOCK pid=86480 fd=14: SHARED -> NO_LOCK
DBimpl - LOCK REQUEST: 0x3b879400 1
[1773167269.378681104] LOCK pid=86480 fd=14: NO_LOCK -> SHARED (fallback)
[1773167269.378683694] LOCK pid=86480 fd=14: SHARED -> SHARED
DBimpl - LOCK REQUEST: 0x3b879400 2
[1773167269.378698544] LOCK pid=86480 fd=14: SHARED -> RESERVED
DBimpl - LOCK REQUEST: 0x3b879400 4
[1773167269.378829441] LOCK pid=86480 fd=14: RESERVED -> PENDING
[1773167269.378832131] LOCK pid=86480 fd=14: PENDING -> EXCLUSIVE
DBimpl - UNLOCK REQUEST: 0x3b879400 1
[1773167269.380454884] UNLOCK pid=86480 fd=14: EXCLUSIVE -> SHARED
DBimpl - UNLOCK REQUEST: 0x3b879400 0
[1773167269.380462503] UNLOCK pid=86480 fd=14: SHARED -> NO_LOCK
DBimpl - LOCK REQUEST: 0x3b879400 1
[1773167269.382464706] LOCK pid=86480 fd=14: NO_LOCK -> SHARED (fallback)
[1773167269.382467647] LOCK pid=86480 fd=14: SHARED -> SHARED
DBimpl - LOCK REQUEST: 0x3b879400 2
[1773167269.382482899] LOCK pid=86480 fd=14: SHARED -> RESERVED
DBimpl - LOCK REQUEST: 0x3b879400 4
[1773167269.382599329] LOCK pid=86480 fd=14: RESERVED -> PENDING
[1773167269.382602334] LOCK pid=86480 fd=14: PENDING -> EXCLUSIVE
DBimpl - UNLOCK REQUEST: 0x3b879400 1
[1773167269.384338426] UNLOCK pid=86480 fd=14: EXCLUSIVE -> SHARED
DBimpl - UNLOCK REQUEST: 0x3b879400 0
[1773167269.384344939] UNLOCK pid=86480 fd=14: SHARED -> NO_LOCK
DBimpl - LOCK REQUEST: 0x3b879400 1
[1773167269.386258148] LOCK pid=86480 fd=14: NO_LOCK -> SHARED (fallback)
[1773167269.386261017] LOCK pid=86480 fd=14: SHARED -> SHARED
DBimpl - LOCK REQUEST: 0x3b879400 2
[1773167269.386276435] LOCK pid=86480 fd=14: SHARED -> RESERVED
DBimpl - LOCK REQUEST: 0x3b879400 4
[1773167269.386489197] LOCK pid=86480 fd=14: RESERVED -> PENDING
[1773167269.386492128] LOCK pid=86480 fd=14: PENDING -> EXCLUSIVE
DBimpl - UNLOCK REQUEST: 0x3b879400 1
[1773167269.388455998] UNLOCK pid=86480 fd=14: EXCLUSIVE -> SHARED
DBimpl - UNLOCK REQUEST: 0x3b879400 0
[1773167269.388464238] UNLOCK pid=86480 fd=14: SHARED -> NO_LOCK
DBimpl - LOCK REQUEST: 0x3b879400 1
[1773167269.388751894] LOCK pid=86480 fd=14: NO_LOCK -> SHARED (fallback)
[1773167269.388754270] LOCK pid=86480 fd=14: SHARED -> SHARED
DBimpl - LOCK REQUEST: 0x3b879400 2
[1773167269.388769979] LOCK pid=86480 fd=14: SHARED -> RESERVED
DBimpl - LOCK REQUEST: 0x3b879400 4
[1773167269.388908746] LOCK pid=86480 fd=14: RESERVED -> PENDING
[1773167269.388911593] LOCK pid=86480 fd=14: PENDING -> EXCLUSIVE
DBimpl - UNLOCK REQUEST: 0x3b879400 1
[1773167269.390650954] UNLOCK pid=86480 fd=14: EXCLUSIVE -> SHARED
DBimpl - UNLOCK REQUEST: 0x3b879400 0
[1773167269.390658798] UNLOCK pid=86480 fd=14: SHARED -> NO_LOCK
DBimpl - LOCK REQUEST: 0x3b879400 1
[1773167269.391471200] LOCK pid=86480 fd=14: NO_LOCK -> SHARED (fallback)
[1773167269.391473509] LOCK pid=86480 fd=14: SHARED -> SHARED
DBimpl - LOCK REQUEST: 0x3b879400 2
[1773167269.391487613] LOCK pid=86480 fd=14: SHARED -> RESERVED
DBimpl - LOCK REQUEST: 0x3b879400 4
[1773167269.391611507] LOCK pid=86480 fd=14: RESERVED -> PENDING
[1773167269.391614338] LOCK pid=86480 fd=14: PENDING -> EXCLUSIVE
DBimpl - UNLOCK REQUEST: 0x3b879400 1
[1773167269.393309899] UNLOCK pid=86480 fd=14: EXCLUSIVE -> SHARED
DBimpl - UNLOCK REQUEST: 0x3b879400 0
[1773167269.393316358] UNLOCK pid=86480 fd=14: SHARED -> NO_LOCK
DBimpl - LOCK REQUEST: 0x3b879400 1
[1773167269.396157677] LOCK pid=86480 fd=14: NO_LOCK -> SHARED (fallback)
[1773167269.396159956] LOCK pid=86480 fd=14: SHARED -> SHARED
DBimpl - LOCK REQUEST: 0x3b879400 2
[1773167269.396177621] LOCK pid=86480 fd=14: SHARED -> RESERVED
DBimpl - LOCK REQUEST: 0x3b879400 4
[1773167269.396289431] LOCK pid=86480 fd=14: RESERVED -> PENDING
[1773167269.396292126] LOCK pid=86480 fd=14: PENDING -> EXCLUSIVE
DBimpl - UNLOCK REQUEST: 0x3b879400 1
[1773167269.397989779] UNLOCK pid=86480 fd=14: EXCLUSIVE -> SHARED
DBimpl - UNLOCK REQUEST: 0x3b879400 0
[1773167269.397995780] UNLOCK pid=86480 fd=14: SHARED -> NO_LOCK
DBimpl - LOCK REQUEST: 0x3b879400 1
[1773167269.400560669] LOCK pid=86480 fd=14: NO_LOCK -> SHARED (fallback)
[1773167269.400562794] LOCK pid=86480 fd=14: SHARED -> SHARED
DBimpl - LOCK REQUEST: 0x3b879400 2
[1773167269.400575529] LOCK pid=86480 fd=14: SHARED -> RESERVED
DBimpl - LOCK REQUEST: 0x3b879400 4
[1773167269.400678405] LOCK pid=86480 fd=14: RESERVED -> PENDING
[1773167269.400681170] LOCK pid=86480 fd=14: PENDING -> EXCLUSIVE
DBimpl - UNLOCK REQUEST: 0x3b879400 1
[1773167269.402359310] UNLOCK pid=86480 fd=14: EXCLUSIVE -> SHARED
DBimpl - UNLOCK REQUEST: 0x3b879400 0
[1773167269.402365366] UNLOCK pid=86480 fd=14: SHARED -> NO_LOCK
DBimpl - LOCK REQUEST: 0x3b879400 1
[1773167269.404114893] LOCK pid=86480 fd=14: NO_LOCK -> SHARED (fallback)
[1773167269.404117077] LOCK pid=86480 fd=14: SHARED -> SHARED
DBimpl - LOCK REQUEST: 0x3b879400 2
[1773167269.404130109] LOCK pid=86480 fd=14: SHARED -> RESERVED
DBimpl - LOCK REQUEST: 0x3b879400 4
[1773167269.404233796] LOCK pid=86480 fd=14: RESERVED -> PENDING
[1773167269.404236702] LOCK pid=86480 fd=14: PENDING -> EXCLUSIVE
DBimpl - UNLOCK REQUEST: 0x3b879400 1
[1773167269.405869983] UNLOCK pid=86480 fd=14: EXCLUSIVE -> SHARED
DBimpl - UNLOCK REQUEST: 0x3b879400 0
[1773167269.405875123] UNLOCK pid=86480 fd=14: SHARED -> NO_LOCK
DBimpl - LOCK REQUEST: 0x3b879400 1
[1773167269.406525766] LOCK pid=86480 fd=14: NO_LOCK -> SHARED (fallback)
[1773167269.406527168] LOCK pid=86480 fd=14: SHARED -> SHARED
DBimpl - LOCK REQUEST: 0x3b879400 2
[1773167269.406545395] LOCK pid=86480 fd=14: SHARED -> RESERVED
DBimpl - LOCK REQUEST: 0x3b879400 4
[1773167269.406637382] LOCK pid=86480 fd=14: RESERVED -> PENDING
[1773167269.406639232] LOCK pid=86480 fd=14: PENDING -> EXCLUSIVE
DBimpl - UNLOCK REQUEST: 0x3b879400 1
[1773167269.408338838] UNLOCK pid=86480 fd=14: EXCLUSIVE -> SHARED
DBimpl - UNLOCK REQUEST: 0x3b879400 0
[1773167269.408343055] UNLOCK pid=86480 fd=14: SHARED -> NO_LOCK
DBimpl - LOCK REQUEST: 0x3b879400 1
[1773167269.408710393] LOCK pid=86480 fd=14: NO_LOCK -> SHARED (fallback)
[1773167269.408711793] LOCK pid=86480 fd=14: SHARED -> SHARED
DBimpl - LOCK REQUEST: 0x3b879400 2
[1773167269.408720271] LOCK pid=86480 fd=14: SHARED -> RESERVED
DBimpl - LOCK REQUEST: 0x3b879400 4
[1773167269.408804751] LOCK pid=86480 fd=14: RESERVED -> PENDING
[1773167269.408806573] LOCK pid=86480 fd=14: PENDING -> EXCLUSIVE
DBimpl - UNLOCK REQUEST: 0x3b879400 1
[1773167269.410455517] UNLOCK pid=86480 fd=14: EXCLUSIVE -> SHARED
DBimpl - UNLOCK REQUEST: 0x3b879400 0
[1773167269.410459616] UNLOCK pid=86480 fd=14: SHARED -> NO_LOCK
DBimpl - LOCK REQUEST: 0x3b879400 1
[1773167269.411355870] LOCK pid=86480 fd=14: NO_LOCK -> SHARED (fallback)
[1773167269.411357111] LOCK pid=86480 fd=14: SHARED -> SHARED
DBimpl - LOCK REQUEST: 0x3b879400 2
[1773167269.411365449] LOCK pid=86480 fd=14: SHARED -> RESERVED
DBimpl - LOCK REQUEST: 0x3b879400 4
[1773167269.411434134] LOCK pid=86480 fd=14: RESERVED -> PENDING
[1773167269.411435807] LOCK pid=86480 fd=14: PENDING -> EXCLUSIVE
DBimpl - UNLOCK REQUEST: 0x3b879400 1
[1773167269.413129915] UNLOCK pid=86480 fd=14: EXCLUSIVE -> SHARED
DBimpl - UNLOCK REQUEST: 0x3b879400 0
[1773167269.413133300] UNLOCK pid=86480 fd=14: SHARED -> NO_LOCK
DBimpl - LOCK REQUEST: 0x3b879400 1
[1773167269.414536529] LOCK pid=86480 fd=14: NO_LOCK -> SHARED (fallback)
[1773167269.414537782] LOCK pid=86480 fd=14: SHARED -> SHARED
DBimpl - LOCK REQUEST: 0x3b879400 2
[1773167269.414545914] LOCK pid=86480 fd=14: SHARED -> RESERVED
DBimpl - LOCK REQUEST: 0x3b879400 4
[1773167269.414610931] LOCK pid=86480 fd=14: RESERVED -> PENDING
[1773167269.414612515] LOCK pid=86480 fd=14: PENDING -> EXCLUSIVE
DBimpl - UNLOCK REQUEST: 0x3b879400 1
[1773167269.416270551] UNLOCK pid=86480 fd=14: EXCLUSIVE -> SHARED
DBimpl - UNLOCK REQUEST: 0x3b879400 0
[1773167269.416274521] UNLOCK pid=86480 fd=14: SHARED -> NO_LOCK
DBimpl - LOCK REQUEST: 0x3b879400 1
[1773167269.417814226] LOCK pid=86480 fd=14: NO_LOCK -> SHARED (fallback)
[1773167269.417815763] LOCK pid=86480 fd=14: SHARED -> SHARED
DBimpl - LOCK REQUEST: 0x3b879400 2
[1773167269.417823680] LOCK pid=86480 fd=14: SHARED -> RESERVED
DBimpl - LOCK REQUEST: 0x3b879400 4
[1773167269.417887768] LOCK pid=86480 fd=14: RESERVED -> PENDING
[1773167269.417889331] LOCK pid=86480 fd=14: PENDING -> EXCLUSIVE
DBimpl - UNLOCK REQUEST: 0x3b879400 1
[1773167269.419451606] UNLOCK pid=86480 fd=14: EXCLUSIVE -> SHARED
DBimpl - UNLOCK REQUEST: 0x3b879400 0
[1773167269.419455570] UNLOCK pid=86480 fd=14: SHARED -> NO_LOCK
DBimpl - LOCK REQUEST: 0x3b879400 1
[1773167269.419913231] LOCK pid=86480 fd=14: NO_LOCK -> SHARED (fallback)
[1773167269.419914533] LOCK pid=86480 fd=14: SHARED -> SHARED
DBimpl - LOCK REQUEST: 0x3b879400 2
[1773167269.419922108] LOCK pid=86480 fd=14: SHARED -> RESERVED
DBimpl - LOCK REQUEST: 0x3b879400 4
[1773167269.419984421] LOCK pid=86480 fd=14: RESERVED -> PENDING
[1773167269.419986047] LOCK pid=86480 fd=14: PENDING -> EXCLUSIVE
DBimpl - UNLOCK REQUEST: 0x3b879400 1
[1773167269.421739432] UNLOCK pid=86480 fd=14: EXCLUSIVE -> SHARED
DBimpl - UNLOCK REQUEST: 0x3b879400 0
[1773167269.421743398] UNLOCK pid=86480 fd=14: SHARED -> NO_LOCK
DBimpl - LOCK REQUEST: 0x3b879400 1
[1773167269.424288434] LOCK pid=86480 fd=14: NO_LOCK -> SHARED (fallback)
[1773167269.424289709] LOCK pid=86480 fd=14: SHARED -> SHARED
DBimpl - LOCK REQUEST: 0x3b879400 2
[1773167269.424298078] LOCK pid=86480 fd=14: SHARED -> RESERVED
DBimpl - LOCK REQUEST: 0x3b879400 4
[1773167269.424364448] LOCK pid=86480 fd=14: RESERVED -> PENDING
[1773167269.424366039] LOCK pid=86480 fd=14: PENDING -> EXCLUSIVE
DBimpl - UNLOCK REQUEST: 0x3b879400 1
[1773167269.426061774] UNLOCK pid=86480 fd=14: EXCLUSIVE -> SHARED
DBimpl - UNLOCK REQUEST: 0x3b879400 0
[1773167269.426065385] UNLOCK pid=86480 fd=14: SHARED -> NO_LOCK
DBimpl - LOCK REQUEST: 0x3b879400 1
[1773167269.427108875] LOCK pid=86480 fd=14: NO_LOCK -> SHARED (fallback)
[1773167269.427111297] LOCK pid=86480 fd=14: SHARED -> SHARED
DBimpl - LOCK REQUEST: 0x3b879400 2
[1773167269.427126869] LOCK pid=86480 fd=14: SHARED -> RESERVED
DBimpl - LOCK REQUEST: 0x3b879400 4
[1773167269.427248020] LOCK pid=86480 fd=14: RESERVED -> PENDING
[1773167269.427250606] LOCK pid=86480 fd=14: PENDING -> EXCLUSIVE
DBimpl - UNLOCK REQUEST: 0x3b879400 1
[1773167269.429306632] UNLOCK pid=86480 fd=14: EXCLUSIVE -> SHARED
DBimpl - UNLOCK REQUEST: 0x3b879400 0
[1773167269.429316371] UNLOCK pid=86480 fd=14: SHARED -> NO_LOCK
DBimpl - LOCK REQUEST: 0x3b879400 1
[1773167269.429852738] LOCK pid=86480 fd=14: NO_LOCK -> SHARED (fallback)
[1773167269.429854904] LOCK pid=86480 fd=14: SHARED -> SHARED
DBimpl - LOCK REQUEST: 0x3b879400 2
[1773167269.429869930] LOCK pid=86480 fd=14: SHARED -> RESERVED
DBimpl - LOCK REQUEST: 0x3b879400 4
[1773167269.430021184] LOCK pid=86480 fd=14: RESERVED -> PENDING
[1773167269.430024097] LOCK pid=86480 fd=14: PENDING -> EXCLUSIVE
DBimpl - UNLOCK REQUEST: 0x3b879400 1
[1773167269.431744511] UNLOCK pid=86480 fd=14: EXCLUSIVE -> SHARED
DBimpl - UNLOCK REQUEST: 0x3b879400 0
[1773167269.431749417] UNLOCK pid=86480 fd=14: SHARED -> NO_LOCK
DBimpl - LOCK REQUEST: 0x3b879400 1
[1773167269.433060556] LOCK pid=86480 fd=14: NO_LOCK -> SHARED (fallback)
[1773167269.433062023] LOCK pid=86480 fd=14: SHARED -> SHARED
DBimpl - LOCK REQUEST: 0x3b879400 2
[1773167269.433071907] LOCK pid=86480 fd=14: SHARED -> RESERVED
DBimpl - LOCK REQUEST: 0x3b879400 4
[1773167269.433157160] LOCK pid=86480 fd=14: RESERVED -> PENDING
[1773167269.433158927] LOCK pid=86480 fd=14: PENDING -> EXCLUSIVE
DBimpl - UNLOCK REQUEST: 0x3b879400 1
[1773167269.435430328] UNLOCK pid=86480 fd=14: EXCLUSIVE -> SHARED
DBimpl - UNLOCK REQUEST: 0x3b879400 0
[1773167269.435435519] UNLOCK pid=86480 fd=14: SHARED -> NO_LOCK
DBimpl - LOCK REQUEST: 0x3b879400 1
[1773167269.437548615] LOCK pid=86480 fd=14: NO_LOCK -> SHARED (fallback)
[1773167269.437550146] LOCK pid=86480 fd=14: SHARED -> SHARED
DBimpl - LOCK REQUEST: 0x3b879400 2
[1773167269.437558530] LOCK pid=86480 fd=14: SHARED -> RESERVED
DBimpl - LOCK REQUEST: 0x3b879400 4
[1773167269.437642300] LOCK pid=86480 fd=14: RESERVED -> PENDING
[1773167269.437644030] LOCK pid=86480 fd=14: PENDING -> EXCLUSIVE
DBimpl - UNLOCK REQUEST: 0x3b879400 1
[1773167269.441367345] UNLOCK pid=86480 fd=14: EXCLUSIVE -> SHARED
DBimpl - UNLOCK REQUEST: 0x3b879400 0
[1773167269.441377516] UNLOCK pid=86480 fd=14: SHARED -> NO_LOCK
DBimpl - LOCK REQUEST: 0x3b879400 1
[1773167269.445857495] LOCK pid=86480 fd=14: NO_LOCK -> SHARED (fallback)
[1773167269.445859810] LOCK pid=86480 fd=14: SHARED -> SHARED
DBimpl - LOCK REQUEST: 0x3b879400 2
[1773167269.445874937] LOCK pid=86480 fd=14: SHARED -> RESERVED
DBimpl - LOCK REQUEST: 0x3b879400 4
[1773167269.445999959] LOCK pid=86480 fd=14: RESERVED -> PENDING
[1773167269.446002770] LOCK pid=86480 fd=14: PENDING -> EXCLUSIVE
DBimpl - UNLOCK REQUEST: 0x3b879400 1
[1773167269.447703392] UNLOCK pid=86480 fd=14: EXCLUSIVE -> SHARED
DBimpl - UNLOCK REQUEST: 0x3b879400 0
[1773167269.447709975] UNLOCK pid=86480 fd=14: SHARED -> NO_LOCK
DBimpl - LOCK REQUEST: 0x3b879400 1
[1773167269.449961191] LOCK pid=86480 fd=14: NO_LOCK -> SHARED (fallback)
[1773167269.449963392] LOCK pid=86480 fd=14: SHARED -> SHARED
DBimpl - LOCK REQUEST: 0x3b879400 2
[1773167269.449977008] LOCK pid=86480 fd=14: SHARED -> RESERVED
DBimpl - LOCK REQUEST: 0x3b879400 4
[1773167269.450092126] LOCK pid=86480 fd=14: RESERVED -> PENDING
[1773167269.450094934] LOCK pid=86480 fd=14: PENDING -> EXCLUSIVE
DBimpl - UNLOCK REQUEST: 0x3b879400 1
[1773167269.451814030] UNLOCK pid=86480 fd=14: EXCLUSIVE -> SHARED
DBimpl - UNLOCK REQUEST: 0x3b879400 0
[1773167269.451819998] UNLOCK pid=86480 fd=14: SHARED -> NO_LOCK
DBimpl - LOCK REQUEST: 0x3b879400 1
[1773167269.455746285] LOCK pid=86480 fd=14: NO_LOCK -> SHARED (fallback)
[1773167269.455748756] LOCK pid=86480 fd=14: SHARED -> SHARED
DBimpl - LOCK REQUEST: 0x3b879400 2
[1773167269.455762156] LOCK pid=86480 fd=14: SHARED -> RESERVED
DBimpl - LOCK REQUEST: 0x3b879400 4
[1773167269.455873417] LOCK pid=86480 fd=14: RESERVED -> PENDING
[1773167269.455876216] LOCK pid=86480 fd=14: PENDING -> EXCLUSIVE
DBimpl - UNLOCK REQUEST: 0x3b879400 1
[1773167269.457519039] UNLOCK pid=86480 fd=14: EXCLUSIVE -> SHARED
DBimpl - UNLOCK REQUEST: 0x3b879400 0
[1773167269.457525270] UNLOCK pid=86480 fd=14: SHARED -> NO_LOCK
DBimpl - LOCK REQUEST: 0x3b879400 1
[1773167269.459138894] LOCK pid=86480 fd=14: NO_LOCK -> SHARED (fallback)
[1773167269.459141073] LOCK pid=86480 fd=14: SHARED -> SHARED
DBimpl - LOCK REQUEST: 0x3b879400 2
[1773167269.459153898] LOCK pid=86480 fd=14: SHARED -> RESERVED
DBimpl - LOCK REQUEST: 0x3b879400 4
[1773167269.459258581] LOCK pid=86480 fd=14: RESERVED -> PENDING
[1773167269.459261197] LOCK pid=86480 fd=14: PENDING -> EXCLUSIVE
DBimpl - UNLOCK REQUEST: 0x3b879400 1
[1773167269.460956794] UNLOCK pid=86480 fd=14: EXCLUSIVE -> SHARED
DBimpl - UNLOCK REQUEST: 0x3b879400 0
[1773167269.460962649] UNLOCK pid=86480 fd=14: SHARED -> NO_LOCK
DBimpl - LOCK REQUEST: 0x3b879400 1
[1773167269.461403259] LOCK pid=86480 fd=14: NO_LOCK -> SHARED (fallback)
[1773167269.461405391] LOCK pid=86480 fd=14: SHARED -> SHARED
DBimpl - LOCK REQUEST: 0x3b879400 2
[1773167269.461417839] LOCK pid=86480 fd=14: SHARED -> RESERVED
DBimpl - LOCK REQUEST: 0x3b879400 4
[1773167269.461522170] LOCK pid=86480 fd=14: RESERVED -> PENDING
[1773167269.461524847] LOCK pid=86480 fd=14: PENDING -> EXCLUSIVE
DBimpl - UNLOCK REQUEST: 0x3b879400 1
[1773167269.463251269] UNLOCK pid=86480 fd=14: EXCLUSIVE -> SHARED
DBimpl - UNLOCK REQUEST: 0x3b879400 0
[1773167269.463257333] UNLOCK pid=86480 fd=14: SHARED -> NO_LOCK
DBimpl - LOCK REQUEST: 0x3b879400 1
[1773167269.464273223] LOCK pid=86480 fd=14: NO_LOCK -> SHARED (fallback)
[1773167269.464275445] LOCK pid=86480 fd=14: SHARED -> SHARED
DBimpl - LOCK REQUEST: 0x3b879400 2
[1773167269.464292870] LOCK pid=86480 fd=14: SHARED -> RESERVED
DBimpl - LOCK REQUEST: 0x3b879400 4
[1773167269.464397960] LOCK pid=86480 fd=14: RESERVED -> PENDING
[1773167269.464400592] LOCK pid=86480 fd=14: PENDING -> EXCLUSIVE
DBimpl - UNLOCK REQUEST: 0x3b879400 1
[1773167269.466138646] UNLOCK pid=86480 fd=14: EXCLUSIVE -> SHARED
DBimpl - UNLOCK REQUEST: 0x3b879400 0
[1773167269.466144866] UNLOCK pid=86480 fd=14: SHARED -> NO_LOCK
DBimpl - LOCK REQUEST: 0x3b879400 1
[1773167269.466669922] LOCK pid=86480 fd=14: NO_LOCK -> SHARED (fallback)
[1773167269.466672313] LOCK pid=86480 fd=14: SHARED -> SHARED
DBimpl - LOCK REQUEST: 0x3b879400 2
[1773167269.466684819] LOCK pid=86480 fd=14: SHARED -> RESERVED
DBimpl - LOCK REQUEST: 0x3b879400 4
[1773167269.466786547] LOCK pid=86480 fd=14: RESERVED -> PENDING
[1773167269.466788770] LOCK pid=86480 fd=14: PENDING -> EXCLUSIVE
DBimpl - UNLOCK REQUEST: 0x3b879400 1
[1773167269.468457777] UNLOCK pid=86480 fd=14: EXCLUSIVE -> SHARED
DBimpl - UNLOCK REQUEST: 0x3b879400 0
[1773167269.468464773] UNLOCK pid=86480 fd=14: SHARED -> NO_LOCK
DBimpl - LOCK REQUEST: 0x3b879400 1
[1773167269.469755007] LOCK pid=86480 fd=14: NO_LOCK -> SHARED (fallback)
[1773167269.469757397] LOCK pid=86480 fd=14: SHARED -> SHARED
DBimpl - LOCK REQUEST: 0x3b879400 2
[1773167269.469772068] LOCK pid=86480 fd=14: SHARED -> RESERVED
DBimpl - LOCK REQUEST: 0x3b879400 4
[1773167269.469893173] LOCK pid=86480 fd=14: RESERVED -> PENDING
[1773167269.469896035] LOCK pid=86480 fd=14: PENDING -> EXCLUSIVE
DBimpl - UNLOCK REQUEST: 0x3b879400 1
[1773167269.471727821] UNLOCK pid=86480 fd=14: EXCLUSIVE -> SHARED
DBimpl - UNLOCK REQUEST: 0x3b879400 0
[1773167269.471733860] UNLOCK pid=86480 fd=14: SHARED -> NO_LOCK
DBimpl - LOCK REQUEST: 0x3b879400 1
[1773167269.472495547] LOCK pid=86480 fd=14: NO_LOCK -> SHARED (fallback)
[1773167269.472498093] LOCK pid=86480 fd=14: SHARED -> SHARED
DBimpl - LOCK REQUEST: 0x3b879400 2
[1773167269.472513166] LOCK pid=86480 fd=14: SHARED -> RESERVED
DBimpl - LOCK REQUEST: 0x3b879400 4
[1773167269.472644151] LOCK pid=86480 fd=14: RESERVED -> PENDING
[1773167269.472646813] LOCK pid=86480 fd=14: PENDING -> EXCLUSIVE
DBimpl - UNLOCK REQUEST: 0x3b879400 1
[1773167269.474911588] UNLOCK pid=86480 fd=14: EXCLUSIVE -> SHARED
DBimpl - UNLOCK REQUEST: 0x3b879400 0
[1773167269.474921175] UNLOCK pid=86480 fd=14: SHARED -> NO_LOCK
DBimpl - LOCK REQUEST: 0x3b879400 1
[1773167269.477257257] LOCK pid=86480 fd=14: NO_LOCK -> SHARED (fallback)
[1773167269.477260623] LOCK pid=86480 fd=14: SHARED -> SHARED
DBimpl - LOCK REQUEST: 0x3b879400 2
[1773167269.477283284] LOCK pid=86480 fd=14: SHARED -> RESERVED
DBimpl - LOCK REQUEST: 0x3b879400 4
[1773167269.477478288] LOCK pid=86480 fd=14: RESERVED -> PENDING
[1773167269.477481514] LOCK pid=86480 fd=14: PENDING -> EXCLUSIVE
DBimpl - UNLOCK REQUEST: 0x3b879400 1
[1773167269.479256861] UNLOCK pid=86480 fd=14: EXCLUSIVE -> SHARED
DBimpl - UNLOCK REQUEST: 0x3b879400 0
[1773167269.479265102] UNLOCK pid=86480 fd=14: SHARED -> NO_LOCK
DBimpl - LOCK REQUEST: 0x3b879400 1
[1773167269.480147861] LOCK pid=86480 fd=14: NO_LOCK -> SHARED (fallback)
[1773167269.480150526] LOCK pid=86480 fd=14: SHARED -> SHARED
DBimpl - LOCK REQUEST: 0x3b879400 2
[1773167269.480166681] LOCK pid=86480 fd=14: SHARED -> RESERVED
DBimpl - LOCK REQUEST: 0x3b879400 4
[1773167269.480311102] LOCK pid=86480 fd=14: RESERVED -> PENDING
[1773167269.480314134] LOCK pid=86480 fd=14: PENDING -> EXCLUSIVE
DBimpl - UNLOCK REQUEST: 0x3b879400 1
[1773167269.482029151] UNLOCK pid=86480 fd=14: EXCLUSIVE -> SHARED
DBimpl - UNLOCK REQUEST: 0x3b879400 0
[1773167269.482036712] UNLOCK pid=86480 fd=14: SHARED -> NO_LOCK
DBimpl - LOCK REQUEST: 0x3b879400 1
[1773167269.483022009] LOCK pid=86480 fd=14: NO_LOCK -> SHARED (fallback)
[1773167269.483024400] LOCK pid=86480 fd=14: SHARED -> SHARED
DBimpl - LOCK REQUEST: 0x3b879400 2
[1773167269.483039756] LOCK pid=86480 fd=14: SHARED -> RESERVED
DBimpl - LOCK REQUEST: 0x3b879400 4
[1773167269.483186241] LOCK pid=86480 fd=14: RESERVED -> PENDING
[1773167269.483189246] LOCK pid=86480 fd=14: PENDING -> EXCLUSIVE
DBimpl - UNLOCK REQUEST: 0x3b879400 1
[1773167269.484851830] UNLOCK pid=86480 fd=14: EXCLUSIVE -> SHARED
DBimpl - UNLOCK REQUEST: 0x3b879400 0
[1773167269.484859174] UNLOCK pid=86480 fd=14: SHARED -> NO_LOCK
DBimpl - LOCK REQUEST: 0x3b879400 1
[1773167269.486909332] LOCK pid=86480 fd=14: NO_LOCK -> SHARED (fallback)
[1773167269.486911769] LOCK pid=86480 fd=14: SHARED -> SHARED
DBimpl - LOCK REQUEST: 0x3b879400 2
[1773167269.486928823] LOCK pid=86480 fd=14: SHARED -> RESERVED
DBimpl - LOCK REQUEST: 0x3b879400 4
[1773167269.487074243] LOCK pid=86480 fd=14: RESERVED -> PENDING
[1773167269.487077196] LOCK pid=86480 fd=14: PENDING -> EXCLUSIVE
DBimpl - UNLOCK REQUEST: 0x3b879400 1
[1773167269.488788912] UNLOCK pid=86480 fd=14: EXCLUSIVE -> SHARED
DBimpl - UNLOCK REQUEST: 0x3b879400 0
[1773167269.488795992] UNLOCK pid=86480 fd=14: SHARED -> NO_LOCK
DBimpl - LOCK REQUEST: 0x3b879400 1
[1773167269.490266774] LOCK pid=86480 fd=14: NO_LOCK -> SHARED (fallback)
[1773167269.490269767] LOCK pid=86480 fd=14: SHARED -> SHARED
DBimpl - LOCK REQUEST: 0x3b879400 2
[1773167269.490289727] LOCK pid=86480 fd=14: SHARED -> RESERVED
DBimpl - LOCK REQUEST: 0x3b879400 4
[1773167269.490450566] LOCK pid=86480 fd=14: RESERVED -> PENDING
[1773167269.490453437] LOCK pid=86480 fd=14: PENDING -> EXCLUSIVE
DBimpl - UNLOCK REQUEST: 0x3b879400 1
[1773167269.492136735] UNLOCK pid=86480 fd=14: EXCLUSIVE -> SHARED
DBimpl - UNLOCK REQUEST: 0x3b879400 0
[1773167269.492143350] UNLOCK pid=86480 fd=14: SHARED -> NO_LOCK
DBimpl - UNLOCK REQUEST: 0x3b879400 0
