DBimpl - LOCK REQUEST: 0x3f425a50 1
[1773159767.738492180] LOCK pid=34735 fd=3: NO_LOCK -> SHARED (fallback)
[1773159767.738495542] LOCK pid=34735 fd=3: SHARED -> SHARED
DBimpl - UNLOCK REQUEST: 0x3f425a50 0
[1773159767.738596694] UNLOCK pid=34735 fd=3: SHARED -> NO_LOCK
DBimpl - LOCK REQUEST: 0x3f425a50 1
[1773159767.738617695] LOCK pid=34735 fd=3: NO_LOCK -> SHARED (fallback)
[1773159767.738618853] LOCK pid=34735 fd=3: SHARED -> SHARED
DBimpl - UNLOCK REQUEST: 0x3f425a50 0
[1773159767.738628242] UNLOCK pid=34735 fd=3: SHARED -> NO_LOCK
DBimpl - LOCK REQUEST: 0x3f425a50 1
[1773159767.738639322] LOCK pid=34735 fd=3: NO_LOCK -> SHARED (fallback)
[1773159767.738640383] LOCK pid=34735 fd=3: SHARED -> SHARED
DBimpl - UNLOCK REQUEST: 0x3f425a50 0
[1773159767.738646313] UNLOCK pid=34735 fd=3: SHARED -> NO_LOCK
DBimpl - LOCK REQUEST: 0x3f425a50 1
[1773159767.738653872] LOCK pid=34735 fd=3: NO_LOCK -> SHARED (fallback)
[1773159767.738654832] LOCK pid=34735 fd=3: SHARED -> SHARED
DBimpl - UNLOCK REQUEST: 0x3f425a50 0
[1773159767.738660305] UNLOCK pid=34735 fd=3: SHARED -> NO_LOCK
DBimpl - LOCK REQUEST: 0x3f425a50 1
[1773159767.738715349] LOCK pid=34735 fd=3: NO_LOCK -> SHARED (fallback)
[1773159767.738716525] LOCK pid=34735 fd=3: SHARED -> SHARED
DBimpl - LOCK REQUEST: 0x3f425a50 2
[1773159767.738722449] LOCK pid=34735 fd=3: SHARED -> RESERVED
DBimpl - LOCK REQUEST: 0x3f425a50 4
[1773159767.738864948] LOCK pid=34735 fd=3: RESERVED -> PENDING
[1773159767.738866846] LOCK pid=34735 fd=3: PENDING -> EXCLUSIVE
DBimpl - UNLOCK REQUEST: 0x3f425a50 1
[1773159767.740917220] UNLOCK pid=34735 fd=3: EXCLUSIVE -> SHARED
DBimpl - UNLOCK REQUEST: 0x3f425a50 0
[1773159767.740921238] UNLOCK pid=34735 fd=3: SHARED -> NO_LOCK
DBimpl - LOCK REQUEST: 0x3f425a50 1
[1773159767.740977960] LOCK pid=34735 fd=3: NO_LOCK -> SHARED (fallback)
[1773159767.740979396] LOCK pid=34735 fd=3: SHARED -> SHARED
DBimpl - LOCK REQUEST: 0x3f425a50 2
[1773159767.740988631] LOCK pid=34735 fd=3: SHARED -> RESERVED
DBimpl - LOCK REQUEST: 0x3f425a50 4
[1773159767.741073463] LOCK pid=34735 fd=3: RESERVED -> PENDING
[1773159767.741075286] LOCK pid=34735 fd=3: PENDING -> EXCLUSIVE
DBimpl - UNLOCK REQUEST: 0x3f425a50 1
[1773159767.742813393] UNLOCK pid=34735 fd=3: EXCLUSIVE -> SHARED
DBimpl - UNLOCK REQUEST: 0x3f425a50 0
[1773159767.742816980] UNLOCK pid=34735 fd=3: SHARED -> NO_LOCK
DBimpl - LOCK REQUEST: 0x3f425a50 1
[1773159767.742872374] LOCK pid=34735 fd=3: NO_LOCK -> SHARED (fallback)
[1773159767.742873656] LOCK pid=34735 fd=3: SHARED -> SHARED
DBimpl - LOCK REQUEST: 0x3f425a50 2
[1773159767.742881795] LOCK pid=34735 fd=3: SHARED -> RESERVED
DBimpl - LOCK REQUEST: 0x3f425a50 4
[1773159767.742963852] LOCK pid=34735 fd=3: RESERVED -> PENDING
[1773159767.742965833] LOCK pid=34735 fd=3: PENDING -> EXCLUSIVE
DBimpl - UNLOCK REQUEST: 0x3f425a50 1
[1773159767.744635987] UNLOCK pid=34735 fd=3: EXCLUSIVE -> SHARED
DBimpl - UNLOCK REQUEST: 0x3f425a50 0
[1773159767.744639118] UNLOCK pid=34735 fd=3: SHARED -> NO_LOCK
DBimpl - LOCK REQUEST: 0x3f425a50 1
[1773159767.744661927] LOCK pid=34735 fd=3: NO_LOCK -> SHARED (fallback)
[1773159767.744663059] LOCK pid=34735 fd=3: SHARED -> SHARED
DBimpl - UNLOCK REQUEST: 0x3f425a50 0
[1773159767.744678514] UNLOCK pid=34735 fd=3: SHARED -> NO_LOCK
DBimpl - LOCK REQUEST: 0x3f425a50 1
[1773159767.744712506] LOCK pid=34735 fd=3: NO_LOCK -> SHARED (fallback)
[1773159767.744713595] LOCK pid=34735 fd=3: SHARED -> SHARED
DBimpl - LOCK REQUEST: 0x3f425a50 2
[1773159767.744719684] LOCK pid=34735 fd=3: SHARED -> RESERVED
DBimpl - LOCK REQUEST: 0x3f425a50 4
[1773159767.744901212] LOCK pid=34735 fd=3: RESERVED -> PENDING
[1773159767.744903048] LOCK pid=34735 fd=3: PENDING -> EXCLUSIVE
DBimpl - UNLOCK REQUEST: 0x3f425a50 1
[1773159767.746783753] UNLOCK pid=34735 fd=3: EXCLUSIVE -> SHARED
DBimpl - UNLOCK REQUEST: 0x3f425a50 0
[1773159767.746787441] UNLOCK pid=34735 fd=3: SHARED -> NO_LOCK
DBimpl - UNLOCK REQUEST: 0x3f425a50 0
DBimpl - LOCK REQUEST: 0x3f44b680 1
[1773159767.750729173] LOCK pid=34736 fd=6: NO_LOCK -> SHARED (fallback)
[1773159767.750732989] LOCK pid=34736 fd=6: SHARED -> SHARED
DBimpl - LOCK REQUEST: 0x3f44b680 1
[1773159767.750777658] LOCK pid=34738 fd=10: NO_LOCK -> SHARED (fallback)
[1773159767.750780677] LOCK pid=34738 fd=10: SHARED -> SHARED
DBimpl - LOCK REQUEST: 0x3f44b680 2
[1773159767.750826326] LOCK pid=34738 fd=10: SHARED -> RESERVED
DBimpl - UNLOCK REQUEST: 0x3f44b680 0
[1773159767.750896864] UNLOCK pid=34736 fd=6: SHARED -> NO_LOCK
DBimpl - LOCK REQUEST: 0x3f44b680 1
[1773159767.750961687] LOCK pid=34736 fd=6: NO_LOCK -> SHARED (fallback)
[1773159767.750963530] LOCK pid=34736 fd=6: SHARED -> SHARED
DBimpl - UNLOCK REQUEST: 0x3f44b680 0
[1773159767.751079485] UNLOCK pid=34736 fd=6: SHARED -> NO_LOCK
DBimpl - LOCK REQUEST: 0x3f44b680 4
DBimpl - LOCK REQUEST: 0x3f44b680 1
[1773159767.751492557] LOCK pid=34738 fd=10: RESERVED -> PENDING
[1773159767.751496349] LOCK pid=34738 fd=10: PENDING -> EXCLUSIVE
DBimpl - LOCK REQUEST: 0x3f44b680 1
DBimpl - LOCK REQUEST: 0x3f44b680 1
DBimpl - LOCK REQUEST: 0x3f44b680 1
DBimpl - LOCK REQUEST: 0x3f44b680 1
DBimpl - LOCK REQUEST: 0x3f44b680 1
DBimpl - UNLOCK REQUEST: 0x3f44b680 1
[1773159767.753756956] UNLOCK pid=34738 fd=10: EXCLUSIVE -> SHARED
DBimpl - UNLOCK REQUEST: 0x3f44b680 0
[1773159767.753761318] UNLOCK pid=34738 fd=10: SHARED -> NO_LOCK
DBimpl - LOCK REQUEST: 0x3f44b680 1
[1773159767.753864792] LOCK pid=34737 fd=8: NO_LOCK -> SHARED (fallback)
[1773159767.753866714] LOCK pid=34737 fd=8: SHARED -> SHARED
DBimpl - UNLOCK REQUEST: 0x3f44b680 0
[1773159767.753982773] UNLOCK pid=34737 fd=8: SHARED -> NO_LOCK
DBimpl - LOCK REQUEST: 0x3f44b680 1
[1773159767.754008534] LOCK pid=34737 fd=8: NO_LOCK -> SHARED (fallback)
[1773159767.754009687] LOCK pid=34737 fd=8: SHARED -> SHARED
DBimpl - UNLOCK REQUEST: 0x3f44b680 0
[1773159767.754225515] UNLOCK pid=34737 fd=8: SHARED -> NO_LOCK
DBimpl - LOCK REQUEST: 0x3f44b680 1
[1773159767.754660877] LOCK pid=34739 fd=12: NO_LOCK -> SHARED (fallback)
[1773159767.754662927] LOCK pid=34739 fd=12: SHARED -> SHARED
DBimpl - LOCK REQUEST: 0x3f44b680 2
[1773159767.754695488] LOCK pid=34739 fd=12: SHARED -> RESERVED
DBimpl - LOCK REQUEST: 0x3f44b680 1
[1773159767.754795694] LOCK pid=34740 fd=14: NO_LOCK -> SHARED (fallback)
[1773159767.754798144] LOCK pid=34740 fd=14: SHARED -> SHARED
DBimpl - LOCK REQUEST: 0x3f44b680 2
DBimpl - UNLOCK REQUEST: 0x3f44b680 0
[1773159767.754844711] UNLOCK pid=34740 fd=14: SHARED -> NO_LOCK
DBimpl - LOCK REQUEST: 0x3f44b680 1
[1773159767.754920177] LOCK pid=34736 fd=6: NO_LOCK -> SHARED (fallback)
[1773159767.754921619] LOCK pid=34736 fd=6: SHARED -> SHARED
DBimpl - UNLOCK REQUEST: 0x3f44b680 0
[1773159767.754962478] UNLOCK pid=34736 fd=6: SHARED -> NO_LOCK
DBimpl - LOCK REQUEST: 0x3f44b680 1
[1773159767.755081445] LOCK pid=34736 fd=6: NO_LOCK -> SHARED (fallback)
[1773159767.755082582] LOCK pid=34736 fd=6: SHARED -> SHARED
DBimpl - UNLOCK REQUEST: 0x3f44b680 0
[1773159767.755109147] UNLOCK pid=34736 fd=6: SHARED -> NO_LOCK
DBimpl - LOCK REQUEST: 0x3f44b680 4
[1773159767.755263765] LOCK pid=34739 fd=12: RESERVED -> PENDING
[1773159767.755265761] LOCK pid=34739 fd=12: PENDING -> EXCLUSIVE
DBimpl - LOCK REQUEST: 0x3f44b680 1
DBimpl - LOCK REQUEST: 0x3f44b680 1
DBimpl - LOCK REQUEST: 0x3f44b680 1
DBimpl - LOCK REQUEST: 0x3f44b680 1
DBimpl - LOCK REQUEST: 0x3f44b680 1
DBimpl - LOCK REQUEST: 0x3f44b680 1
DBimpl - LOCK REQUEST: 0x3f44b680 1
DBimpl - UNLOCK REQUEST: 0x3f44b680 1
[1773159767.758427268] UNLOCK pid=34739 fd=12: EXCLUSIVE -> SHARED
DBimpl - UNLOCK REQUEST: 0x3f44b680 0
[1773159767.758431408] UNLOCK pid=34739 fd=12: SHARED -> NO_LOCK
DBimpl - LOCK REQUEST: 0x3f44b680 1
[1773159767.758571500] LOCK pid=34736 fd=6: NO_LOCK -> SHARED (fallback)
[1773159767.758572980] LOCK pid=34736 fd=6: SHARED -> SHARED
DBimpl - LOCK REQUEST: 0x3f44b680 1
[1773159767.758587284] LOCK pid=34737 fd=8: NO_LOCK -> SHARED (fallback)
[1773159767.758589185] LOCK pid=34737 fd=8: SHARED -> SHARED
DBimpl - UNLOCK REQUEST: 0x3f44b680 0
[1773159767.758646573] UNLOCK pid=34736 fd=6: SHARED -> NO_LOCK
DBimpl - UNLOCK REQUEST: 0x3f44b680 0
[1773159767.758698424] UNLOCK pid=34737 fd=8: SHARED -> NO_LOCK
DBimpl - LOCK REQUEST: 0x3f44b680 1
[1773159767.758729401] LOCK pid=34736 fd=6: NO_LOCK -> SHARED (fallback)
[1773159767.758730697] LOCK pid=34736 fd=6: SHARED -> SHARED
DBimpl - LOCK REQUEST: 0x3f44b680 1
[1773159767.758754818] LOCK pid=34738 fd=10: NO_LOCK -> SHARED (fallback)
[1773159767.758757640] LOCK pid=34738 fd=10: SHARED -> SHARED
DBimpl - LOCK REQUEST: 0x3f44b680 2
[1773159767.758770258] LOCK pid=34738 fd=10: SHARED -> RESERVED
DBimpl - UNLOCK REQUEST: 0x3f44b680 0
[1773159767.758781865] UNLOCK pid=34736 fd=6: SHARED -> NO_LOCK
DBimpl - LOCK REQUEST: 0x3f44b680 4
[1773159767.758879554] LOCK pid=34738 fd=10: RESERVED -> PENDING
[1773159767.758881398] LOCK pid=34738 fd=10: PENDING -> EXCLUSIVE
DBimpl - LOCK REQUEST: 0x3f44b680 1
DBimpl - LOCK REQUEST: 0x3f44b680 1
DBimpl - LOCK REQUEST: 0x3f44b680 1
DBimpl - LOCK REQUEST: 0x3f44b680 1
DBimpl - LOCK REQUEST: 0x3f44b680 1
DBimpl - LOCK REQUEST: 0x3f44b680 1
DBimpl - LOCK REQUEST: 0x3f44b680 1
DBimpl - LOCK REQUEST: 0x3f44b680 1
DBimpl - LOCK REQUEST: 0x3f44b680 1
DBimpl - UNLOCK REQUEST: 0x3f44b680 1
[1773159767.763071867] UNLOCK pid=34738 fd=10: EXCLUSIVE -> SHARED
DBimpl - UNLOCK REQUEST: 0x3f44b680 0
[1773159767.763075549] UNLOCK pid=34738 fd=10: SHARED -> NO_LOCK
DBimpl - LOCK REQUEST: 0x3f44b680 1
[1773159767.763991946] LOCK pid=34738 fd=10: NO_LOCK -> SHARED (fallback)
[1773159767.763993317] LOCK pid=34738 fd=10: SHARED -> SHARED
DBimpl - LOCK REQUEST: 0x3f44b680 2
[1773159767.764002203] LOCK pid=34738 fd=10: SHARED -> RESERVED
DBimpl - LOCK REQUEST: 0x3f44b680 4
[1773159767.764220541] LOCK pid=34738 fd=10: RESERVED -> PENDING
[1773159767.764222474] LOCK pid=34738 fd=10: PENDING -> EXCLUSIVE
DBimpl - LOCK REQUEST: 0x3f44b680 1
DBimpl - UNLOCK REQUEST: 0x3f44b680 1
[1773159767.766344783] UNLOCK pid=34738 fd=10: EXCLUSIVE -> SHARED
DBimpl - UNLOCK REQUEST: 0x3f44b680 0
[1773159767.766348813] UNLOCK pid=34738 fd=10: SHARED -> NO_LOCK
DBimpl - LOCK REQUEST: 0x3f44b680 1
[1773159767.767244909] LOCK pid=34736 fd=6: NO_LOCK -> SHARED (fallback)
[1773159767.767246696] LOCK pid=34736 fd=6: SHARED -> SHARED
DBimpl - UNLOCK REQUEST: 0x3f44b680 0
[1773159767.767321881] UNLOCK pid=34736 fd=6: SHARED -> NO_LOCK
DBimpl - LOCK REQUEST: 0x3f44b680 1
[1773159767.767986438] LOCK pid=34738 fd=10: NO_LOCK -> SHARED (fallback)
[1773159767.767987826] LOCK pid=34738 fd=10: SHARED -> SHARED
DBimpl - LOCK REQUEST: 0x3f44b680 2
[1773159767.767995585] LOCK pid=34738 fd=10: SHARED -> RESERVED
DBimpl - LOCK REQUEST: 0x3f44b680 1
[1773159767.768031278] LOCK pid=34739 fd=12: NO_LOCK -> SHARED (fallback)
[1773159767.768036044] LOCK pid=34739 fd=12: SHARED -> SHARED
DBimpl - LOCK REQUEST: 0x3f44b680 2
DBimpl - UNLOCK REQUEST: 0x3f44b680 0
[1773159767.768069332] UNLOCK pid=34739 fd=12: SHARED -> NO_LOCK
DBimpl - LOCK REQUEST: 0x3f44b680 4
[1773159767.768251289] LOCK pid=34738 fd=10: RESERVED -> PENDING
[1773159767.768253327] LOCK pid=34738 fd=10: PENDING -> EXCLUSIVE
DBimpl - LOCK REQUEST: 0x3f44b680 1
DBimpl - LOCK REQUEST: 0x3f44b680 1
DBimpl - UNLOCK REQUEST: 0x3f44b680 1
[1773159767.769899193] UNLOCK pid=34738 fd=10: EXCLUSIVE -> SHARED
DBimpl - UNLOCK REQUEST: 0x3f44b680 0
[1773159767.769902881] UNLOCK pid=34738 fd=10: SHARED -> NO_LOCK
DBimpl - LOCK REQUEST: 0x3f44b680 1
[1773159767.770238163] LOCK pid=34736 fd=6: NO_LOCK -> SHARED (fallback)
[1773159767.770239483] LOCK pid=34736 fd=6: SHARED -> SHARED
DBimpl - UNLOCK REQUEST: 0x3f44b680 0
[1773159767.770325916] UNLOCK pid=34736 fd=6: SHARED -> NO_LOCK
DBimpl - LOCK REQUEST: 0x3f44b680 1
[1773159767.770359104] LOCK pid=34738 fd=10: NO_LOCK -> SHARED (fallback)
[1773159767.770360371] LOCK pid=34738 fd=10: SHARED -> SHARED
DBimpl - LOCK REQUEST: 0x3f44b680 2
[1773159767.770367590] LOCK pid=34738 fd=10: SHARED -> RESERVED
DBimpl - LOCK REQUEST: 0x3f44b680 1
[1773159767.770498984] LOCK pid=34736 fd=6: NO_LOCK -> SHARED (fallback)
[1773159767.770500092] LOCK pid=34736 fd=6: SHARED -> SHARED
DBimpl - LOCK REQUEST: 0x3f44b680 4
[1773159767.770543169] LOCK pid=34738 fd=10: RESERVED -> PENDING
DBimpl - UNLOCK REQUEST: 0x3f44b680 0
[1773159767.770548835] UNLOCK pid=34736 fd=6: SHARED -> NO_LOCK
DBimpl - LOCK REQUEST: 0x3f44b680 1
DBimpl - LOCK REQUEST: 0x3f44b680 4
[1773159767.771603886] LOCK pid=34738 fd=10: PENDING -> EXCLUSIVE
DBimpl - LOCK REQUEST: 0x3f44b680 1
DBimpl - LOCK REQUEST: 0x3f44b680 1
DBimpl - UNLOCK REQUEST: 0x3f44b680 1
[1773159767.773728892] UNLOCK pid=34738 fd=10: EXCLUSIVE -> SHARED
DBimpl - UNLOCK REQUEST: 0x3f44b680 0
[1773159767.773735157] UNLOCK pid=34738 fd=10: SHARED -> NO_LOCK
DBimpl - LOCK REQUEST: 0x3f44b680 1
[1773159767.774382689] LOCK pid=34736 fd=6: NO_LOCK -> SHARED (fallback)
[1773159767.774384434] LOCK pid=34736 fd=6: SHARED -> SHARED
DBimpl - UNLOCK REQUEST: 0x3f44b680 0
[1773159767.774452558] UNLOCK pid=34736 fd=6: SHARED -> NO_LOCK
DBimpl - LOCK REQUEST: 0x3f44b680 1
[1773159767.775708791] LOCK pid=34736 fd=6: NO_LOCK -> SHARED (fallback)
[1773159767.775710043] LOCK pid=34736 fd=6: SHARED -> SHARED
DBimpl - UNLOCK REQUEST: 0x3f44b680 0
[1773159767.775757697] UNLOCK pid=34736 fd=6: SHARED -> NO_LOCK
DBimpl - LOCK REQUEST: 0x3f44b680 1
[1773159767.776413384] LOCK pid=34736 fd=6: NO_LOCK -> SHARED (fallback)
[1773159767.776414574] LOCK pid=34736 fd=6: SHARED -> SHARED
DBimpl - UNLOCK REQUEST: 0x3f44b680 0
[1773159767.776452904] UNLOCK pid=34736 fd=6: SHARED -> NO_LOCK
DBimpl - LOCK REQUEST: 0x3f44b680 1
[1773159767.776632629] LOCK pid=34736 fd=6: NO_LOCK -> SHARED (fallback)
[1773159767.776633686] LOCK pid=34736 fd=6: SHARED -> SHARED
DBimpl - UNLOCK REQUEST: 0x3f44b680 0
[1773159767.776671227] UNLOCK pid=34736 fd=6: SHARED -> NO_LOCK
DBimpl - LOCK REQUEST: 0x3f44b680 1
[1773159767.777206565] LOCK pid=34736 fd=6: NO_LOCK -> SHARED (fallback)
[1773159767.777207699] LOCK pid=34736 fd=6: SHARED -> SHARED
DBimpl - UNLOCK REQUEST: 0x3f44b680 0
[1773159767.777245846] UNLOCK pid=34736 fd=6: SHARED -> NO_LOCK
DBimpl - LOCK REQUEST: 0x3f44b680 1
[1773159767.777311352] LOCK pid=34736 fd=6: NO_LOCK -> SHARED (fallback)
[1773159767.777312437] LOCK pid=34736 fd=6: SHARED -> SHARED
DBimpl - UNLOCK REQUEST: 0x3f44b680 0
[1773159767.777350340] UNLOCK pid=34736 fd=6: SHARED -> NO_LOCK
DBimpl - LOCK REQUEST: 0x3f44b680 1
[1773159767.777748981] LOCK pid=34736 fd=6: NO_LOCK -> SHARED (fallback)
[1773159767.777750144] LOCK pid=34736 fd=6: SHARED -> SHARED
DBimpl - UNLOCK REQUEST: 0x3f44b680 0
[1773159767.777794204] UNLOCK pid=34736 fd=6: SHARED -> NO_LOCK
DBimpl - LOCK REQUEST: 0x3f44b680 1
[1773159767.778158390] LOCK pid=34739 fd=12: NO_LOCK -> SHARED (fallback)
[1773159767.778159496] LOCK pid=34739 fd=12: SHARED -> SHARED
DBimpl - LOCK REQUEST: 0x3f44b680 2
[1773159767.778167010] LOCK pid=34739 fd=12: SHARED -> RESERVED
DBimpl - LOCK REQUEST: 0x3f44b680 4
[1773159767.778636576] LOCK pid=34739 fd=12: RESERVED -> PENDING
[1773159767.778638441] LOCK pid=34739 fd=12: PENDING -> EXCLUSIVE
DBimpl - LOCK REQUEST: 0x3f44b680 1
DBimpl - UNLOCK REQUEST: 0x3f44b680 1
[1773159767.780298438] UNLOCK pid=34739 fd=12: EXCLUSIVE -> SHARED
DBimpl - UNLOCK REQUEST: 0x3f44b680 0
[1773159767.780302104] UNLOCK pid=34739 fd=12: SHARED -> NO_LOCK
DBimpl - LOCK REQUEST: 0x3f44b680 1
[1773159767.780480369] LOCK pid=34738 fd=10: NO_LOCK -> SHARED (fallback)
[1773159767.780482050] LOCK pid=34738 fd=10: SHARED -> SHARED
DBimpl - LOCK REQUEST: 0x3f44b680 2
[1773159767.780492922] LOCK pid=34738 fd=10: SHARED -> RESERVED
DBimpl - LOCK REQUEST: 0x3f44b680 4
[1773159767.780711366] LOCK pid=34738 fd=10: RESERVED -> PENDING
[1773159767.780713139] LOCK pid=34738 fd=10: PENDING -> EXCLUSIVE
DBimpl - LOCK REQUEST: 0x3f44b680 1
DBimpl - LOCK REQUEST: 0x3f44b680 1
DBimpl - UNLOCK REQUEST: 0x3f44b680 1
[1773159767.782373170] UNLOCK pid=34738 fd=10: EXCLUSIVE -> SHARED
DBimpl - UNLOCK REQUEST: 0x3f44b680 0
[1773159767.782377222] UNLOCK pid=34738 fd=10: SHARED -> NO_LOCK
DBimpl - LOCK REQUEST: 0x3f44b680 1
[1773159767.782566823] LOCK pid=34739 fd=12: NO_LOCK -> SHARED (fallback)
[1773159767.782568327] LOCK pid=34739 fd=12: SHARED -> SHARED
DBimpl - LOCK REQUEST: 0x3f44b680 2
[1773159767.782577965] LOCK pid=34739 fd=12: SHARED -> RESERVED
DBimpl - LOCK REQUEST: 0x3f44b680 4
[1773159767.782915757] LOCK pid=34739 fd=12: RESERVED -> PENDING
[1773159767.782919237] LOCK pid=34739 fd=12: PENDING -> EXCLUSIVE
DBimpl - LOCK REQUEST: 0x3f44b680 1
DBimpl - LOCK REQUEST: 0x3f44b680 1
DBimpl - UNLOCK REQUEST: 0x3f44b680 1
[1773159767.784533223] UNLOCK pid=34739 fd=12: EXCLUSIVE -> SHARED
DBimpl - UNLOCK REQUEST: 0x3f44b680 0
[1773159767.784537054] UNLOCK pid=34739 fd=12: SHARED -> NO_LOCK
DBimpl - LOCK REQUEST: 0x3f44b680 1
[1773159767.784787445] LOCK pid=34739 fd=12: NO_LOCK -> SHARED (fallback)
[1773159767.784788656] LOCK pid=34739 fd=12: SHARED -> SHARED
DBimpl - LOCK REQUEST: 0x3f44b680 2
[1773159767.784796149] LOCK pid=34739 fd=12: SHARED -> RESERVED
DBimpl - LOCK REQUEST: 0x3f44b680 4
[1773159767.785061032] LOCK pid=34739 fd=12: RESERVED -> PENDING
[1773159767.785062730] LOCK pid=34739 fd=12: PENDING -> EXCLUSIVE
DBimpl - LOCK REQUEST: 0x3f44b680 1
DBimpl - UNLOCK REQUEST: 0x3f44b680 1
[1773159767.786672623] UNLOCK pid=34739 fd=12: EXCLUSIVE -> SHARED
DBimpl - UNLOCK REQUEST: 0x3f44b680 0
[1773159767.786676286] UNLOCK pid=34739 fd=12: SHARED -> NO_LOCK
DBimpl - LOCK REQUEST: 0x3f44b680 1
DBimpl - LOCK REQUEST: 0x3f44b680 1
[1773159767.787098249] LOCK pid=34739 fd=12: NO_LOCK -> SHARED (fallback)
[1773159767.787098278] LOCK pid=34740 fd=14: NO_LOCK -> SHARED (fallback)
[1773159767.787099913] LOCK pid=34739 fd=12: SHARED -> SHARED
[1773159767.787100950] LOCK pid=34740 fd=14: SHARED -> SHARED
DBimpl - LOCK REQUEST: 0x3f44b680 2
[1773159767.787111209] LOCK pid=34739 fd=12: SHARED -> RESERVED
DBimpl - LOCK REQUEST: 0x3f44b680 2
DBimpl - UNLOCK REQUEST: 0x3f44b680 0
[1773159767.787117749] UNLOCK pid=34740 fd=14: SHARED -> NO_LOCK
DBimpl - LOCK REQUEST: 0x3f44b680 1
[1773159767.787159843] LOCK pid=34738 fd=10: NO_LOCK -> SHARED (fallback)
[1773159767.787161485] LOCK pid=34738 fd=10: SHARED -> SHARED
DBimpl - LOCK REQUEST: 0x3f44b680 2
DBimpl - UNLOCK REQUEST: 0x3f44b680 0
[1773159767.787175772] UNLOCK pid=34738 fd=10: SHARED -> NO_LOCK
DBimpl - LOCK REQUEST: 0x3f44b680 4
[1773159767.787839338] LOCK pid=34739 fd=12: RESERVED -> PENDING
[1773159767.787841202] LOCK pid=34739 fd=12: PENDING -> EXCLUSIVE
DBimpl - LOCK REQUEST: 0x3f44b680 1
DBimpl - UNLOCK REQUEST: 0x3f44b680 1
[1773159767.789445342] UNLOCK pid=34739 fd=12: EXCLUSIVE -> SHARED
DBimpl - UNLOCK REQUEST: 0x3f44b680 0
[1773159767.789448756] UNLOCK pid=34739 fd=12: SHARED -> NO_LOCK
DBimpl - LOCK REQUEST: 0x3f44b680 1
[1773159767.789557316] LOCK pid=34739 fd=12: NO_LOCK -> SHARED (fallback)
[1773159767.789558481] LOCK pid=34739 fd=12: SHARED -> SHARED
DBimpl - LOCK REQUEST: 0x3f44b680 2
[1773159767.789565874] LOCK pid=34739 fd=12: SHARED -> RESERVED
DBimpl - LOCK REQUEST: 0x3f44b680 4
[1773159767.790082551] LOCK pid=34739 fd=12: RESERVED -> PENDING
[1773159767.790084311] LOCK pid=34739 fd=12: PENDING -> EXCLUSIVE
DBimpl - UNLOCK REQUEST: 0x3f44b680 1
[1773159767.790087756] UNLOCK pid=34739 fd=12: EXCLUSIVE -> SHARED
DBimpl - UNLOCK REQUEST: 0x3f44b680 0
[1773159767.790091064] UNLOCK pid=34739 fd=12: SHARED -> NO_LOCK
DBimpl - LOCK REQUEST: 0x3f44b680 1
DBimpl - LOCK REQUEST: 0x3f44b680 1
[1773159767.792258341] LOCK pid=34739 fd=12: NO_LOCK -> SHARED (fallback)
[1773159767.792260424] LOCK pid=34739 fd=12: SHARED -> SHARED
[1773159767.792261128] LOCK pid=34738 fd=10: NO_LOCK -> SHARED (fallback)
[1773159767.792263123] LOCK pid=34738 fd=10: SHARED -> SHARED
DBimpl - LOCK REQUEST: 0x3f44b680 2
[1773159767.792271562] LOCK pid=34739 fd=12: SHARED -> RESERVED
DBimpl - LOCK REQUEST: 0x3f44b680 2
DBimpl - UNLOCK REQUEST: 0x3f44b680 0
[1773159767.792277281] UNLOCK pid=34738 fd=10: SHARED -> NO_LOCK
DBimpl - LOCK REQUEST: 0x3f44b680 4
[1773159767.792992594] LOCK pid=34739 fd=12: RESERVED -> PENDING
[1773159767.792994427] LOCK pid=34739 fd=12: PENDING -> EXCLUSIVE
DBimpl - UNLOCK REQUEST: 0x3f44b680 1
[1773159767.792998107] UNLOCK pid=34739 fd=12: EXCLUSIVE -> SHARED
DBimpl - UNLOCK REQUEST: 0x3f44b680 0
[1773159767.793001220] UNLOCK pid=34739 fd=12: SHARED -> NO_LOCK
DBimpl - LOCK REQUEST: 0x3f44b680 1
[1773159767.794941981] LOCK pid=34737 fd=8: NO_LOCK -> SHARED (fallback)
[1773159767.794946821] LOCK pid=34737 fd=8: SHARED -> SHARED
DBimpl - LOCK REQUEST: 0x3f44b680 1
[1773159767.795034074] LOCK pid=34739 fd=12: NO_LOCK -> SHARED (fallback)
[1773159767.795035781] LOCK pid=34739 fd=12: SHARED -> SHARED
DBimpl - LOCK REQUEST: 0x3f44b680 2
[1773159767.795044371] LOCK pid=34739 fd=12: SHARED -> RESERVED
DBimpl - UNLOCK REQUEST: 0x3f44b680 0
[1773159767.795145428] UNLOCK pid=34737 fd=8: SHARED -> NO_LOCK
DBimpl - LOCK REQUEST: 0x3f44b680 1
[1773159767.795335490] LOCK pid=34737 fd=8: NO_LOCK -> SHARED (fallback)
[1773159767.795336703] LOCK pid=34737 fd=8: SHARED -> SHARED
DBimpl - UNLOCK REQUEST: 0x3f44b680 0
[1773159767.795500062] UNLOCK pid=34737 fd=8: SHARED -> NO_LOCK
DBimpl - LOCK REQUEST: 0x3f44b680 4
[1773159767.795923387] LOCK pid=34739 fd=12: RESERVED -> PENDING
[1773159767.795925182] LOCK pid=34739 fd=12: PENDING -> EXCLUSIVE
DBimpl - UNLOCK REQUEST: 0x3f44b680 1
[1773159767.795928970] UNLOCK pid=34739 fd=12: EXCLUSIVE -> SHARED
DBimpl - UNLOCK REQUEST: 0x3f44b680 0
[1773159767.795932376] UNLOCK pid=34739 fd=12: SHARED -> NO_LOCK
DBimpl - LOCK REQUEST: 0x3f44b680 1
[1773159767.796258474] LOCK pid=34739 fd=12: NO_LOCK -> SHARED (fallback)
[1773159767.796259611] LOCK pid=34739 fd=12: SHARED -> SHARED
DBimpl - LOCK REQUEST: 0x3f44b680 2
[1773159767.796266235] LOCK pid=34739 fd=12: SHARED -> RESERVED
DBimpl - LOCK REQUEST: 0x3f44b680 4
[1773159767.797253253] LOCK pid=34739 fd=12: RESERVED -> PENDING
[1773159767.797254896] LOCK pid=34739 fd=12: PENDING -> EXCLUSIVE
DBimpl - UNLOCK REQUEST: 0x3f44b680 1
[1773159767.797258124] UNLOCK pid=34739 fd=12: EXCLUSIVE -> SHARED
DBimpl - UNLOCK REQUEST: 0x3f44b680 0
[1773159767.797261082] UNLOCK pid=34739 fd=12: SHARED -> NO_LOCK
DBimpl - LOCK REQUEST: 0x3f44b680 1
[1773159767.797311545] LOCK pid=34737 fd=8: NO_LOCK -> SHARED (fallback)
[1773159767.797312841] LOCK pid=34737 fd=8: SHARED -> SHARED
DBimpl - UNLOCK REQUEST: 0x3f44b680 0
[1773159767.797469881] UNLOCK pid=34737 fd=8: SHARED -> NO_LOCK
DBimpl - LOCK REQUEST: 0x3f44b680 1
[1773159767.798975673] LOCK pid=34736 fd=6: NO_LOCK -> SHARED (fallback)
[1773159767.798977077] LOCK pid=34736 fd=6: SHARED -> SHARED
DBimpl - UNLOCK REQUEST: 0x3f44b680 0
[1773159767.799142091] UNLOCK pid=34736 fd=6: SHARED -> NO_LOCK
DBimpl - LOCK REQUEST: 0x3f44b680 1
[1773159767.799315752] LOCK pid=34736 fd=6: NO_LOCK -> SHARED (fallback)
[1773159767.799316860] LOCK pid=34736 fd=6: SHARED -> SHARED
DBimpl - UNLOCK REQUEST: 0x3f44b680 0
[1773159767.799459692] UNLOCK pid=34736 fd=6: SHARED -> NO_LOCK
DBimpl - LOCK REQUEST: 0x3f44b680 1
[1773159767.800214146] LOCK pid=34737 fd=8: NO_LOCK -> SHARED (fallback)
[1773159767.800215370] LOCK pid=34737 fd=8: SHARED -> SHARED
DBimpl - LOCK REQUEST: 0x3f44b680 1
[1773159767.800320133] LOCK pid=34739 fd=12: NO_LOCK -> SHARED (fallback)
[1773159767.800321338] LOCK pid=34739 fd=12: SHARED -> SHARED
DBimpl - LOCK REQUEST: 0x3f44b680 2
[1773159767.800329885] LOCK pid=34739 fd=12: SHARED -> RESERVED
DBimpl - UNLOCK REQUEST: 0x3f44b680 0
[1773159767.800366310] UNLOCK pid=34737 fd=8: SHARED -> NO_LOCK
DBimpl - LOCK REQUEST: 0x3f44b680 4
[1773159767.800439203] LOCK pid=34739 fd=12: RESERVED -> PENDING
[1773159767.800440783] LOCK pid=34739 fd=12: PENDING -> EXCLUSIVE
DBimpl - UNLOCK REQUEST: 0x3f44b680 1
[1773159767.800444881] UNLOCK pid=34739 fd=12: EXCLUSIVE -> SHARED
DBimpl - UNLOCK REQUEST: 0x3f44b680 0
[1773159767.800448720] UNLOCK pid=34739 fd=12: SHARED -> NO_LOCK
DBimpl - LOCK REQUEST: 0x3f44b680 1
[1773159767.800478459] LOCK pid=34736 fd=6: NO_LOCK -> SHARED (fallback)
[1773159767.800483641] LOCK pid=34736 fd=6: SHARED -> SHARED
DBimpl - UNLOCK REQUEST: 0x3f44b680 0
[1773159767.800702539] UNLOCK pid=34736 fd=6: SHARED -> NO_LOCK
DBimpl - LOCK REQUEST: 0x3f44b680 1
[1773159767.800709210] LOCK pid=34737 fd=8: NO_LOCK -> SHARED (fallback)
[1773159767.800710389] LOCK pid=34737 fd=8: SHARED -> SHARED
DBimpl - LOCK REQUEST: 0x3f44b680 1
[1773159767.800819368] LOCK pid=34736 fd=6: NO_LOCK -> SHARED (fallback)
[1773159767.800820727] LOCK pid=34736 fd=6: SHARED -> SHARED
DBimpl - UNLOCK REQUEST: 0x3f44b680 0
[1773159767.800872664] UNLOCK pid=34737 fd=8: SHARED -> NO_LOCK
DBimpl - UNLOCK REQUEST: 0x3f44b680 0
[1773159767.800966286] UNLOCK pid=34736 fd=6: SHARED -> NO_LOCK
DBimpl - LOCK REQUEST: 0x3f44b680 1
[1773159767.801107783] LOCK pid=34739 fd=12: NO_LOCK -> SHARED (fallback)
[1773159767.801109242] LOCK pid=34739 fd=12: SHARED -> SHARED
DBimpl - LOCK REQUEST: 0x3f44b680 2
[1773159767.801116813] LOCK pid=34739 fd=12: SHARED -> RESERVED
DBimpl - LOCK REQUEST: 0x3f44b680 1
[1773159767.801354518] LOCK pid=34736 fd=6: NO_LOCK -> SHARED (fallback)
[1773159767.801356112] LOCK pid=34736 fd=6: SHARED -> SHARED
DBimpl - LOCK REQUEST: 0x3f44b680 1
[1773159767.801452275] LOCK pid=34737 fd=8: NO_LOCK -> SHARED (fallback)
[1773159767.801453498] LOCK pid=34737 fd=8: SHARED -> SHARED
DBimpl - UNLOCK REQUEST: 0x3f44b680 0
[1773159767.801517685] UNLOCK pid=34736 fd=6: SHARED -> NO_LOCK
DBimpl - UNLOCK REQUEST: 0x3f44b680 0
[1773159767.801607818] UNLOCK pid=34737 fd=8: SHARED -> NO_LOCK
DBimpl - LOCK REQUEST: 0x3f44b680 4
[1773159767.801690253] LOCK pid=34739 fd=12: RESERVED -> PENDING
[1773159767.801691916] LOCK pid=34739 fd=12: PENDING -> EXCLUSIVE
DBimpl - UNLOCK REQUEST: 0x3f44b680 1
[1773159767.801695571] UNLOCK pid=34739 fd=12: EXCLUSIVE -> SHARED
DBimpl - UNLOCK REQUEST: 0x3f44b680 0
[1773159767.801698667] UNLOCK pid=34739 fd=12: SHARED -> NO_LOCK
DBimpl - LOCK REQUEST: 0x3f44b680 1
[1773159767.801734316] LOCK pid=34736 fd=6: NO_LOCK -> SHARED (fallback)
[1773159767.801736205] LOCK pid=34736 fd=6: SHARED -> SHARED
DBimpl - UNLOCK REQUEST: 0x3f44b680 0
[1773159767.801873952] UNLOCK pid=34736 fd=6: SHARED -> NO_LOCK
DBimpl - LOCK REQUEST: 0x3f44b680 1
[1773159767.802004434] LOCK pid=34737 fd=8: NO_LOCK -> SHARED (fallback)
[1773159767.802015538] LOCK pid=34737 fd=8: SHARED -> SHARED
DBimpl - LOCK REQUEST: 0x3f44b680 1
[1773159767.802147995] LOCK pid=34736 fd=6: NO_LOCK -> SHARED (fallback)
[1773159767.802149103] LOCK pid=34736 fd=6: SHARED -> SHARED
DBimpl - UNLOCK REQUEST: 0x3f44b680 0
[1773159767.802177776] UNLOCK pid=34737 fd=8: SHARED -> NO_LOCK
DBimpl - LOCK REQUEST: 0x3f44b680 1
[1773159767.802262081] LOCK pid=34739 fd=12: NO_LOCK -> SHARED (fallback)
[1773159767.802263236] LOCK pid=34739 fd=12: SHARED -> SHARED
DBimpl - LOCK REQUEST: 0x3f44b680 2
[1773159767.802269896] LOCK pid=34739 fd=12: SHARED -> RESERVED
DBimpl - UNLOCK REQUEST: 0x3f44b680 0
[1773159767.802314374] UNLOCK pid=34736 fd=6: SHARED -> NO_LOCK
DBimpl - LOCK REQUEST: 0x3f44b680 1
[1773159767.802339512] LOCK pid=34738 fd=10: NO_LOCK -> SHARED (fallback)
[1773159767.802342574] LOCK pid=34738 fd=10: SHARED -> SHARED
DBimpl - LOCK REQUEST: 0x3f44b680 2
DBimpl - UNLOCK REQUEST: 0x3f44b680 0
[1773159767.802352146] UNLOCK pid=34738 fd=10: SHARED -> NO_LOCK
DBimpl - LOCK REQUEST: 0x3f44b680 4
[1773159767.802613578] LOCK pid=34739 fd=12: RESERVED -> PENDING
[1773159767.802615221] LOCK pid=34739 fd=12: PENDING -> EXCLUSIVE
DBimpl - UNLOCK REQUEST: 0x3f44b680 1
[1773159767.802618470] UNLOCK pid=34739 fd=12: EXCLUSIVE -> SHARED
DBimpl - UNLOCK REQUEST: 0x3f44b680 0
[1773159767.802621422] UNLOCK pid=34739 fd=12: SHARED -> NO_LOCK
DBimpl - LOCK REQUEST: 0x3f44b680 1
[1773159767.802889802] LOCK pid=34739 fd=12: NO_LOCK -> SHARED (fallback)
[1773159767.802890944] LOCK pid=34739 fd=12: SHARED -> SHARED
DBimpl - LOCK REQUEST: 0x3f44b680 2
[1773159767.802897078] LOCK pid=34739 fd=12: SHARED -> RESERVED
DBimpl - LOCK REQUEST: 0x3f44b680 4
[1773159767.803128048] LOCK pid=34739 fd=12: RESERVED -> PENDING
[1773159767.803129633] LOCK pid=34739 fd=12: PENDING -> EXCLUSIVE
DBimpl - UNLOCK REQUEST: 0x3f44b680 1
[1773159767.803132929] UNLOCK pid=34739 fd=12: EXCLUSIVE -> SHARED
DBimpl - UNLOCK REQUEST: 0x3f44b680 0
[1773159767.803135818] UNLOCK pid=34739 fd=12: SHARED -> NO_LOCK
DBimpl - LOCK REQUEST: 0x3f44b680 1
[1773159767.803802609] LOCK pid=34739 fd=12: NO_LOCK -> SHARED (fallback)
[1773159767.803803822] LOCK pid=34739 fd=12: SHARED -> SHARED
DBimpl - LOCK REQUEST: 0x3f44b680 2
[1773159767.803810137] LOCK pid=34739 fd=12: SHARED -> RESERVED
DBimpl - LOCK REQUEST: 0x3f44b680 1
[1773159767.804045678] LOCK pid=34736 fd=6: NO_LOCK -> SHARED (fallback)
[1773159767.804046963] LOCK pid=34736 fd=6: SHARED -> SHARED
DBimpl - UNLOCK REQUEST: 0x3f44b680 0
[1773159767.804181944] UNLOCK pid=34736 fd=6: SHARED -> NO_LOCK
DBimpl - LOCK REQUEST: 0x3f44b680 4
[1773159767.804281860] LOCK pid=34739 fd=12: RESERVED -> PENDING
[1773159767.804283423] LOCK pid=34739 fd=12: PENDING -> EXCLUSIVE
DBimpl - UNLOCK REQUEST: 0x3f44b680 1
[1773159767.804286627] UNLOCK pid=34739 fd=12: EXCLUSIVE -> SHARED
DBimpl - UNLOCK REQUEST: 0x3f44b680 0
[1773159767.804289552] UNLOCK pid=34739 fd=12: SHARED -> NO_LOCK
DBimpl - LOCK REQUEST: 0x3f44b680 1
[1773159767.804733977] LOCK pid=34739 fd=12: NO_LOCK -> SHARED (fallback)
[1773159767.804736014] LOCK pid=34739 fd=12: SHARED -> SHARED
DBimpl - LOCK REQUEST: 0x3f44b680 2
[1773159767.804745030] LOCK pid=34739 fd=12: SHARED -> RESERVED
DBimpl - LOCK REQUEST: 0x3f44b680 1
[1773159767.804895048] LOCK pid=34737 fd=8: NO_LOCK -> SHARED (fallback)
[1773159767.804897363] LOCK pid=34737 fd=8: SHARED -> SHARED
DBimpl - UNLOCK REQUEST: 0x3f44b680 0
[1773159767.805132859] UNLOCK pid=34737 fd=8: SHARED -> NO_LOCK
DBimpl - LOCK REQUEST: 0x3f44b680 1
[1773159767.805405408] LOCK pid=34737 fd=8: NO_LOCK -> SHARED (fallback)
[1773159767.805406548] LOCK pid=34737 fd=8: SHARED -> SHARED
DBimpl - UNLOCK REQUEST: 0x3f44b680 0
[1773159767.805554118] UNLOCK pid=34737 fd=8: SHARED -> NO_LOCK
DBimpl - LOCK REQUEST: 0x3f44b680 1
[1773159767.805566542] LOCK pid=34736 fd=6: NO_LOCK -> SHARED (fallback)
[1773159767.805567893] LOCK pid=34736 fd=6: SHARED -> SHARED
DBimpl - LOCK REQUEST: 0x3f44b680 4
[1773159767.805610485] LOCK pid=34739 fd=12: RESERVED -> PENDING
DBimpl - UNLOCK REQUEST: 0x3f44b680 0
[1773159767.805773025] UNLOCK pid=34736 fd=6: SHARED -> NO_LOCK
DBimpl - LOCK REQUEST: 0x3f44b680 4
[1773159767.806690883] LOCK pid=34739 fd=12: PENDING -> EXCLUSIVE
DBimpl - UNLOCK REQUEST: 0x3f44b680 1
[1773159767.806694742] UNLOCK pid=34739 fd=12: EXCLUSIVE -> SHARED
DBimpl - UNLOCK REQUEST: 0x3f44b680 0
[1773159767.806698731] UNLOCK pid=34739 fd=12: SHARED -> NO_LOCK
DBimpl - LOCK REQUEST: 0x3f44b680 1
[1773159767.806763646] LOCK pid=34736 fd=6: NO_LOCK -> SHARED (fallback)
[1773159767.806764762] LOCK pid=34736 fd=6: SHARED -> SHARED
DBimpl - LOCK REQUEST: 0x3f44b680 1
[1773159767.806792483] LOCK pid=34739 fd=12: NO_LOCK -> SHARED (fallback)
[1773159767.806793667] LOCK pid=34739 fd=12: SHARED -> SHARED
DBimpl - LOCK REQUEST: 0x3f44b680 2
[1773159767.806800523] LOCK pid=34739 fd=12: SHARED -> RESERVED
DBimpl - UNLOCK REQUEST: 0x3f44b680 0
[1773159767.806917517] UNLOCK pid=34736 fd=6: SHARED -> NO_LOCK
DBimpl - LOCK REQUEST: 0x3f44b680 4
DBimpl - LOCK REQUEST: 0x3f44b680 1
[1773159767.807183663] LOCK pid=34739 fd=12: RESERVED -> PENDING
[1773159767.807188185] LOCK pid=34739 fd=12: PENDING -> EXCLUSIVE
DBimpl - UNLOCK REQUEST: 0x3f44b680 1
[1773159767.807193078] UNLOCK pid=34739 fd=12: EXCLUSIVE -> SHARED
DBimpl - UNLOCK REQUEST: 0x3f44b680 0
[1773159767.807196749] UNLOCK pid=34739 fd=12: SHARED -> NO_LOCK
DBimpl - LOCK REQUEST: 0x3f44b680 1
[1773159767.808094874] LOCK pid=34739 fd=12: NO_LOCK -> SHARED (fallback)
[1773159767.808096811] LOCK pid=34739 fd=12: SHARED -> SHARED
DBimpl - LOCK REQUEST: 0x3f44b680 2
[1773159767.808104884] LOCK pid=34739 fd=12: SHARED -> RESERVED
DBimpl - LOCK REQUEST: 0x3f44b680 1
[1773159767.808640447] LOCK pid=34736 fd=6: NO_LOCK -> SHARED (fallback)
[1773159767.808642740] LOCK pid=34736 fd=6: SHARED -> SHARED
DBimpl - UNLOCK REQUEST: 0x3f44b680 0
[1773159767.808819619] UNLOCK pid=34736 fd=6: SHARED -> NO_LOCK
DBimpl - LOCK REQUEST: 0x3f44b680 1
[1773159767.808936867] LOCK pid=34737 fd=8: NO_LOCK -> SHARED (fallback)
[1773159767.808938480] LOCK pid=34737 fd=8: SHARED -> SHARED
DBimpl - LOCK REQUEST: 0x3f44b680 4
[1773159767.809029453] LOCK pid=34739 fd=12: RESERVED -> PENDING
DBimpl - UNLOCK REQUEST: 0x3f44b680 0
[1773159767.809131312] UNLOCK pid=34737 fd=8: SHARED -> NO_LOCK
DBimpl - LOCK REQUEST: 0x3f44b680 1
DBimpl - LOCK REQUEST: 0x3f44b680 4
[1773159767.810115348] LOCK pid=34739 fd=12: PENDING -> EXCLUSIVE
DBimpl - UNLOCK REQUEST: 0x3f44b680 1
[1773159767.810125488] UNLOCK pid=34739 fd=12: EXCLUSIVE -> SHARED
DBimpl - UNLOCK REQUEST: 0x3f44b680 0
[1773159767.810128869] UNLOCK pid=34739 fd=12: SHARED -> NO_LOCK
DBimpl - LOCK REQUEST: 0x3f44b680 1
[1773159767.810357800] LOCK pid=34737 fd=8: NO_LOCK -> SHARED (fallback)
[1773159767.810358991] LOCK pid=34737 fd=8: SHARED -> SHARED
DBimpl - UNLOCK REQUEST: 0x3f44b680 0
[1773159767.810516215] UNLOCK pid=34737 fd=8: SHARED -> NO_LOCK
DBimpl - LOCK REQUEST: 0x3f44b680 1
[1773159767.811158717] LOCK pid=34737 fd=8: NO_LOCK -> SHARED (fallback)
[1773159767.811159887] LOCK pid=34737 fd=8: SHARED -> SHARED
DBimpl - UNLOCK REQUEST: 0x3f44b680 0
[1773159767.811324241] UNLOCK pid=34737 fd=8: SHARED -> NO_LOCK
DBimpl - LOCK REQUEST: 0x3f44b680 1
[1773159767.811660024] LOCK pid=34736 fd=6: NO_LOCK -> SHARED (fallback)
[1773159767.811662952] LOCK pid=34736 fd=6: SHARED -> SHARED
DBimpl - LOCK REQUEST: 0x3f44b680 1
[1773159767.811695926] LOCK pid=34737 fd=8: NO_LOCK -> SHARED (fallback)
[1773159767.811697003] LOCK pid=34737 fd=8: SHARED -> SHARED
DBimpl - LOCK REQUEST: 0x3f44b680 1
[1773159767.811709264] LOCK pid=34739 fd=12: NO_LOCK -> SHARED (fallback)
[1773159767.811710461] LOCK pid=34739 fd=12: SHARED -> SHARED
DBimpl - LOCK REQUEST: 0x3f44b680 2
[1773159767.811717613] LOCK pid=34739 fd=12: SHARED -> RESERVED
DBimpl - UNLOCK REQUEST: 0x3f44b680 0
[1773159767.811901293] UNLOCK pid=34736 fd=6: SHARED -> NO_LOCK
DBimpl - UNLOCK REQUEST: 0x3f44b680 0
[1773159767.811954635] UNLOCK pid=34737 fd=8: SHARED -> NO_LOCK
DBimpl - LOCK REQUEST: 0x3f44b680 4
[1773159767.812328113] LOCK pid=34739 fd=12: RESERVED -> PENDING
[1773159767.812338084] LOCK pid=34739 fd=12: PENDING -> EXCLUSIVE
DBimpl - UNLOCK REQUEST: 0x3f44b680 1
[1773159767.812341576] UNLOCK pid=34739 fd=12: EXCLUSIVE -> SHARED
DBimpl - UNLOCK REQUEST: 0x3f44b680 0
[1773159767.812344682] UNLOCK pid=34739 fd=12: SHARED -> NO_LOCK
DBimpl - LOCK REQUEST: 0x3f44b680 1
[1773159767.812599073] LOCK pid=34739 fd=12: NO_LOCK -> SHARED (fallback)
[1773159767.812600334] LOCK pid=34739 fd=12: SHARED -> SHARED
DBimpl - LOCK REQUEST: 0x3f44b680 2
[1773159767.812607458] LOCK pid=34739 fd=12: SHARED -> RESERVED
DBimpl - LOCK REQUEST: 0x3f44b680 4
[1773159767.813076799] LOCK pid=34739 fd=12: RESERVED -> PENDING
[1773159767.813078558] LOCK pid=34739 fd=12: PENDING -> EXCLUSIVE
DBimpl - UNLOCK REQUEST: 0x3f44b680 1
[1773159767.813082222] UNLOCK pid=34739 fd=12: EXCLUSIVE -> SHARED
DBimpl - UNLOCK REQUEST: 0x3f44b680 0
[1773159767.813085289] UNLOCK pid=34739 fd=12: SHARED -> NO_LOCK
DBimpl - LOCK REQUEST: 0x3f44b680 1
[1773159767.813959222] LOCK pid=34737 fd=8: NO_LOCK -> SHARED (fallback)
[1773159767.813961552] LOCK pid=34737 fd=8: SHARED -> SHARED
DBimpl - UNLOCK REQUEST: 0x3f44b680 0
[1773159767.814220557] UNLOCK pid=34737 fd=8: SHARED -> NO_LOCK
DBimpl - LOCK REQUEST: 0x3f44b680 1
[1773159767.815144937] LOCK pid=34739 fd=12: NO_LOCK -> SHARED (fallback)
[1773159767.815146650] LOCK pid=34739 fd=12: SHARED -> SHARED
DBimpl - LOCK REQUEST: 0x3f44b680 2
[1773159767.815155263] LOCK pid=34739 fd=12: SHARED -> RESERVED
DBimpl - LOCK REQUEST: 0x3f44b680 1
[1773159767.815619971] LOCK pid=34737 fd=8: NO_LOCK -> SHARED (fallback)
[1773159767.815622142] LOCK pid=34737 fd=8: SHARED -> SHARED
DBimpl - LOCK REQUEST: 0x3f44b680 4
[1773159767.815641614] LOCK pid=34739 fd=12: RESERVED -> PENDING
DBimpl - UNLOCK REQUEST: 0x3f44b680 0
[1773159767.815821443] UNLOCK pid=34737 fd=8: SHARED -> NO_LOCK
DBimpl - LOCK REQUEST: 0x3f44b680 1
DBimpl - LOCK REQUEST: 0x3f44b680 4
[1773159767.816702188] LOCK pid=34739 fd=12: PENDING -> EXCLUSIVE
DBimpl - UNLOCK REQUEST: 0x3f44b680 1
[1773159767.816706327] UNLOCK pid=34739 fd=12: EXCLUSIVE -> SHARED
DBimpl - UNLOCK REQUEST: 0x3f44b680 0
[1773159767.816709782] UNLOCK pid=34739 fd=12: SHARED -> NO_LOCK
DBimpl - LOCK REQUEST: 0x3f44b680 1
[1773159767.817418347] LOCK pid=34738 fd=10: NO_LOCK -> SHARED (fallback)
[1773159767.817420038] LOCK pid=34738 fd=10: SHARED -> SHARED
DBimpl - LOCK REQUEST: 0x3f44b680 2
DBimpl - LOCK REQUEST: 0x3f44b680 1
[1773159767.817434438] LOCK pid=34738 fd=10: SHARED -> RESERVED
[1773159767.817438593] LOCK pid=34736 fd=6: NO_LOCK -> SHARED (fallback)
[1773159767.817440877] LOCK pid=34736 fd=6: SHARED -> SHARED
DBimpl - UNLOCK REQUEST: 0x3f44b680 0
[1773159767.817616048] UNLOCK pid=34736 fd=6: SHARED -> NO_LOCK
DBimpl - LOCK REQUEST: 0x3f44b680 1
[1773159767.817678018] LOCK pid=34737 fd=8: NO_LOCK -> SHARED (fallback)
[1773159767.817679230] LOCK pid=34737 fd=8: SHARED -> SHARED
DBimpl - LOCK REQUEST: 0x3f44b680 4
[1773159767.817799826] LOCK pid=34738 fd=10: RESERVED -> PENDING
DBimpl - UNLOCK REQUEST: 0x3f44b680 0
[1773159767.817858640] UNLOCK pid=34737 fd=8: SHARED -> NO_LOCK
DBimpl - LOCK REQUEST: 0x3f44b680 1
DBimpl - LOCK REQUEST: 0x3f44b680 1
DBimpl - LOCK REQUEST: 0x3f44b680 4
[1773159767.818860375] LOCK pid=34738 fd=10: PENDING -> EXCLUSIVE
DBimpl - LOCK REQUEST: 0x3f44b680 1
DBimpl - LOCK REQUEST: 0x3f44b680 1
DBimpl - LOCK REQUEST: 0x3f44b680 1
DBimpl - UNLOCK REQUEST: 0x3f44b680 1
[1773159767.821025029] UNLOCK pid=34738 fd=10: EXCLUSIVE -> SHARED
DBimpl - UNLOCK REQUEST: 0x3f44b680 0
[1773159767.821029495] UNLOCK pid=34738 fd=10: SHARED -> NO_LOCK
DBimpl - LOCK REQUEST: 0x3f44b680 1
[1773159767.821251607] LOCK pid=34739 fd=12: NO_LOCK -> SHARED (fallback)
[1773159767.821253199] LOCK pid=34739 fd=12: SHARED -> SHARED
DBimpl - LOCK REQUEST: 0x3f44b680 2
[1773159767.821263860] LOCK pid=34739 fd=12: SHARED -> RESERVED
DBimpl - LOCK REQUEST: 0x3f44b680 1
[1773159767.821486635] LOCK pid=34736 fd=6: NO_LOCK -> SHARED (fallback)
[1773159767.821487975] LOCK pid=34736 fd=6: SHARED -> SHARED
DBimpl - LOCK REQUEST: 0x3f44b680 1
DBimpl - UNLOCK REQUEST: 0x3f44b680 0
[1773159767.821644063] UNLOCK pid=34736 fd=6: SHARED -> NO_LOCK
[1773159767.821644719] LOCK pid=34737 fd=8: NO_LOCK -> SHARED (fallback)
[1773159767.821646590] LOCK pid=34737 fd=8: SHARED -> SHARED
DBimpl - LOCK REQUEST: 0x3f44b680 1
[1773159767.821751371] LOCK pid=34738 fd=10: NO_LOCK -> SHARED (fallback)
[1773159767.821753704] LOCK pid=34738 fd=10: SHARED -> SHARED
DBimpl - LOCK REQUEST: 0x3f44b680 2
DBimpl - UNLOCK REQUEST: 0x3f44b680 0
[1773159767.821770393] UNLOCK pid=34738 fd=10: SHARED -> NO_LOCK
DBimpl - UNLOCK REQUEST: 0x3f44b680 0
[1773159767.821857567] UNLOCK pid=34737 fd=8: SHARED -> NO_LOCK
DBimpl - LOCK REQUEST: 0x3f44b680 1
[1773159767.821991029] LOCK pid=34737 fd=8: NO_LOCK -> SHARED (fallback)
[1773159767.821992241] LOCK pid=34737 fd=8: SHARED -> SHARED
DBimpl - UNLOCK REQUEST: 0x3f44b680 0
[1773159767.822154317] UNLOCK pid=34737 fd=8: SHARED -> NO_LOCK
DBimpl - LOCK REQUEST: 0x3f44b680 1
[1773159767.822377883] LOCK pid=34736 fd=6: NO_LOCK -> SHARED (fallback)
[1773159767.822379145] LOCK pid=34736 fd=6: SHARED -> SHARED
DBimpl - LOCK REQUEST: 0x3f44b680 4
[1773159767.822404926] LOCK pid=34739 fd=12: RESERVED -> PENDING
DBimpl - UNLOCK REQUEST: 0x3f44b680 0
[1773159767.822549188] UNLOCK pid=34736 fd=6: SHARED -> NO_LOCK
DBimpl - LOCK REQUEST: 0x3f44b680 1
DBimpl - LOCK REQUEST: 0x3f44b680 1
DBimpl - LOCK REQUEST: 0x3f44b680 4
[1773159767.823508221] LOCK pid=34739 fd=12: PENDING -> EXCLUSIVE
DBimpl - LOCK REQUEST: 0x3f44b680 1
DBimpl - LOCK REQUEST: 0x3f44b680 1
DBimpl - LOCK REQUEST: 0x3f44b680 1
DBimpl - UNLOCK REQUEST: 0x3f44b680 1
[1773159767.825764342] UNLOCK pid=34739 fd=12: EXCLUSIVE -> SHARED
DBimpl - UNLOCK REQUEST: 0x3f44b680 0
[1773159767.825768236] UNLOCK pid=34739 fd=12: SHARED -> NO_LOCK
DBimpl - LOCK REQUEST: 0x3f44b680 1
[1773159767.825917561] LOCK pid=34737 fd=8: NO_LOCK -> SHARED (fallback)
[1773159767.825919024] LOCK pid=34737 fd=8: SHARED -> SHARED
DBimpl - LOCK REQUEST: 0x3f44b680 1
[1773159767.826064093] LOCK pid=34739 fd=12: NO_LOCK -> SHARED (fallback)
[1773159767.826066346] LOCK pid=34739 fd=12: SHARED -> SHARED
DBimpl - LOCK REQUEST: 0x3f44b680 2
[1773159767.826077183] LOCK pid=34739 fd=12: SHARED -> RESERVED
DBimpl - LOCK REQUEST: 0x3f44b680 1
[1773159767.826093166] LOCK pid=34736 fd=6: NO_LOCK -> SHARED (fallback)
[1773159767.826094525] LOCK pid=34736 fd=6: SHARED -> SHARED
DBimpl - UNLOCK REQUEST: 0x3f44b680 0
[1773159767.826149920] UNLOCK pid=34737 fd=8: SHARED -> NO_LOCK
DBimpl - UNLOCK REQUEST: 0x3f44b680 0
[1773159767.826247656] UNLOCK pid=34736 fd=6: SHARED -> NO_LOCK
DBimpl - LOCK REQUEST: 0x3f44b680 1
[1773159767.826271530] LOCK pid=34737 fd=8: NO_LOCK -> SHARED (fallback)
[1773159767.826273635] LOCK pid=34737 fd=8: SHARED -> SHARED
DBimpl - LOCK REQUEST: 0x3f44b680 1
[1773159767.826514102] LOCK pid=34736 fd=6: NO_LOCK -> SHARED (fallback)
[1773159767.826515404] LOCK pid=34736 fd=6: SHARED -> SHARED
DBimpl - UNLOCK REQUEST: 0x3f44b680 0
[1773159767.826572795] UNLOCK pid=34737 fd=8: SHARED -> NO_LOCK
DBimpl - UNLOCK REQUEST: 0x3f44b680 0
[1773159767.826658492] UNLOCK pid=34736 fd=6: SHARED -> NO_LOCK
DBimpl - LOCK REQUEST: 0x3f44b680 4
[1773159767.827025399] LOCK pid=34739 fd=12: RESERVED -> PENDING
[1773159767.827027434] LOCK pid=34739 fd=12: PENDING -> EXCLUSIVE
DBimpl - UNLOCK REQUEST: 0x3f44b680 1
[1773159767.827030929] UNLOCK pid=34739 fd=12: EXCLUSIVE -> SHARED
DBimpl - UNLOCK REQUEST: 0x3f44b680 0
[1773159767.827033998] UNLOCK pid=34739 fd=12: SHARED -> NO_LOCK
DBimpl - LOCK REQUEST: 0x3f44b680 1
[1773159767.827395297] LOCK pid=34739 fd=12: NO_LOCK -> SHARED (fallback)
[1773159767.827396445] LOCK pid=34739 fd=12: SHARED -> SHARED
DBimpl - LOCK REQUEST: 0x3f44b680 2
[1773159767.827403204] LOCK pid=34739 fd=12: SHARED -> RESERVED
DBimpl - LOCK REQUEST: 0x3f44b680 1
[1773159767.827755863] LOCK pid=34736 fd=6: NO_LOCK -> SHARED (fallback)
[1773159767.827757109] LOCK pid=34736 fd=6: SHARED -> SHARED
DBimpl - UNLOCK REQUEST: 0x3f44b680 0
[1773159767.827893295] UNLOCK pid=34736 fd=6: SHARED -> NO_LOCK
DBimpl - LOCK REQUEST: 0x3f44b680 1
[1773159767.827958186] LOCK pid=34736 fd=6: NO_LOCK -> SHARED (fallback)
[1773159767.827959269] LOCK pid=34736 fd=6: SHARED -> SHARED
DBimpl - UNLOCK REQUEST: 0x3f44b680 0
[1773159767.828093897] UNLOCK pid=34736 fd=6: SHARED -> NO_LOCK
DBimpl - LOCK REQUEST: 0x3f44b680 1
[1773159767.828208597] LOCK pid=34736 fd=6: NO_LOCK -> SHARED (fallback)
[1773159767.828209653] LOCK pid=34736 fd=6: SHARED -> SHARED
DBimpl - UNLOCK REQUEST: 0x3f44b680 0
[1773159767.828342957] UNLOCK pid=34736 fd=6: SHARED -> NO_LOCK
DBimpl - LOCK REQUEST: 0x3f44b680 4
[1773159767.828553814] LOCK pid=34739 fd=12: RESERVED -> PENDING
[1773159767.828555498] LOCK pid=34739 fd=12: PENDING -> EXCLUSIVE
DBimpl - UNLOCK REQUEST: 0x3f44b680 1
[1773159767.828559250] UNLOCK pid=34739 fd=12: EXCLUSIVE -> SHARED
DBimpl - UNLOCK REQUEST: 0x3f44b680 0
[1773159767.828562278] UNLOCK pid=34739 fd=12: SHARED -> NO_LOCK
DBimpl - LOCK REQUEST: 0x3f44b680 1
[1773159767.828735233] LOCK pid=34739 fd=12: NO_LOCK -> SHARED (fallback)
[1773159767.828736415] LOCK pid=34739 fd=12: SHARED -> SHARED
DBimpl - LOCK REQUEST: 0x3f44b680 2
[1773159767.828743515] LOCK pid=34739 fd=12: SHARED -> RESERVED
DBimpl - LOCK REQUEST: 0x3f44b680 4
[1773159767.828921155] LOCK pid=34739 fd=12: RESERVED -> PENDING
[1773159767.828922671] LOCK pid=34739 fd=12: PENDING -> EXCLUSIVE
DBimpl - UNLOCK REQUEST: 0x3f44b680 1
[1773159767.828925908] UNLOCK pid=34739 fd=12: EXCLUSIVE -> SHARED
DBimpl - UNLOCK REQUEST: 0x3f44b680 0
[1773159767.828928801] UNLOCK pid=34739 fd=12: SHARED -> NO_LOCK
DBimpl - LOCK REQUEST: 0x3f44b680 1
[1773159767.829344574] LOCK pid=34736 fd=6: NO_LOCK -> SHARED (fallback)
[1773159767.829345961] LOCK pid=34736 fd=6: SHARED -> SHARED
DBimpl - LOCK REQUEST: 0x3f44b680 1
[1773159767.829373931] LOCK pid=34737 fd=8: NO_LOCK -> SHARED (fallback)
[1773159767.829375215] LOCK pid=34737 fd=8: SHARED -> SHARED
DBimpl - UNLOCK REQUEST: 0x3f44b680 0
[1773159767.829479600] UNLOCK pid=34736 fd=6: SHARED -> NO_LOCK
DBimpl - UNLOCK REQUEST: 0x3f44b680 0
[1773159767.829532023] UNLOCK pid=34737 fd=8: SHARED -> NO_LOCK
DBimpl - LOCK REQUEST: 0x3f44b680 1
[1773159767.829612183] LOCK pid=34736 fd=6: NO_LOCK -> SHARED (fallback)
[1773159767.829613236] LOCK pid=34736 fd=6: SHARED -> SHARED
DBimpl - UNLOCK REQUEST: 0x3f44b680 0
[1773159767.829754446] UNLOCK pid=34736 fd=6: SHARED -> NO_LOCK
DBimpl - LOCK REQUEST: 0x3f44b680 1
[1773159767.829873686] LOCK pid=34739 fd=12: NO_LOCK -> SHARED (fallback)
[1773159767.829878021] LOCK pid=34739 fd=12: SHARED -> SHARED
DBimpl - LOCK REQUEST: 0x3f44b680 2
[1773159767.829884788] LOCK pid=34739 fd=12: SHARED -> RESERVED
DBimpl - LOCK REQUEST: 0x3f44b680 1
[1773159767.829946888] LOCK pid=34738 fd=10: NO_LOCK -> SHARED (fallback)
[1773159767.829948912] LOCK pid=34738 fd=10: SHARED -> SHARED
DBimpl - LOCK REQUEST: 0x3f44b680 2
DBimpl - UNLOCK REQUEST: 0x3f44b680 0
[1773159767.829960727] UNLOCK pid=34738 fd=10: SHARED -> NO_LOCK
DBimpl - LOCK REQUEST: 0x3f44b680 1
[1773159767.830396438] LOCK pid=34737 fd=8: NO_LOCK -> SHARED (fallback)
[1773159767.830398529] LOCK pid=34737 fd=8: SHARED -> SHARED
DBimpl - UNLOCK REQUEST: 0x3f44b680 0
[1773159767.830703187] UNLOCK pid=34737 fd=8: SHARED -> NO_LOCK
DBimpl - LOCK REQUEST: 0x3f44b680 1
[1773159767.830759730] LOCK pid=34736 fd=6: NO_LOCK -> SHARED (fallback)
[1773159767.830760880] LOCK pid=34736 fd=6: SHARED -> SHARED
DBimpl - UNLOCK REQUEST: 0x3f44b680 0
[1773159767.830934171] UNLOCK pid=34736 fd=6: SHARED -> NO_LOCK
DBimpl - LOCK REQUEST: 0x3f44b680 1
[1773159767.830970444] LOCK pid=34737 fd=8: NO_LOCK -> SHARED (fallback)
[1773159767.830972469] LOCK pid=34737 fd=8: SHARED -> SHARED
DBimpl - LOCK REQUEST: 0x3f44b680 1
[1773159767.831168936] LOCK pid=34736 fd=6: NO_LOCK -> SHARED (fallback)
[1773159767.831169978] LOCK pid=34736 fd=6: SHARED -> SHARED
DBimpl - UNLOCK REQUEST: 0x3f44b680 0
[1773159767.831263229] UNLOCK pid=34737 fd=8: SHARED -> NO_LOCK
DBimpl - UNLOCK REQUEST: 0x3f44b680 0
[1773159767.831302366] UNLOCK pid=34736 fd=6: SHARED -> NO_LOCK
DBimpl - LOCK REQUEST: 0x3f44b680 4
[1773159767.831349534] LOCK pid=34739 fd=12: RESERVED -> PENDING
[1773159767.831351314] LOCK pid=34739 fd=12: PENDING -> EXCLUSIVE
DBimpl - UNLOCK REQUEST: 0x3f44b680 1
[1773159767.831354788] UNLOCK pid=34739 fd=12: EXCLUSIVE -> SHARED
DBimpl - UNLOCK REQUEST: 0x3f44b680 0
[1773159767.831357799] UNLOCK pid=34739 fd=12: SHARED -> NO_LOCK
DBimpl - LOCK REQUEST: 0x3f44b680 1
[1773159767.831527358] LOCK pid=34736 fd=6: NO_LOCK -> SHARED (fallback)
[1773159767.831528484] LOCK pid=34736 fd=6: SHARED -> SHARED
DBimpl - UNLOCK REQUEST: 0x3f44b680 0
[1773159767.831677757] UNLOCK pid=34736 fd=6: SHARED -> NO_LOCK
DBimpl - LOCK REQUEST: 0x3f44b680 1
[1773159767.832169885] LOCK pid=34737 fd=8: NO_LOCK -> SHARED (fallback)
[1773159767.832171298] LOCK pid=34737 fd=8: SHARED -> SHARED
DBimpl - LOCK REQUEST: 0x3f44b680 1
[1773159767.832259683] LOCK pid=34740 fd=14: NO_LOCK -> SHARED (fallback)
[1773159767.832261299] LOCK pid=34740 fd=14: SHARED -> SHARED
DBimpl - LOCK REQUEST: 0x3f44b680 2
[1773159767.832272899] LOCK pid=34740 fd=14: SHARED -> RESERVED
DBimpl - UNLOCK REQUEST: 0x3f44b680 0
[1773159767.832334821] UNLOCK pid=34737 fd=8: SHARED -> NO_LOCK
DBimpl - LOCK REQUEST: 0x3f44b680 4
[1773159767.832766008] LOCK pid=34740 fd=14: RESERVED -> PENDING
[1773159767.832768156] LOCK pid=34740 fd=14: PENDING -> EXCLUSIVE
DBimpl - LOCK REQUEST: 0x3f44b680 1
DBimpl - LOCK REQUEST: 0x3f44b680 1
DBimpl - LOCK REQUEST: 0x3f44b680 1
DBimpl - LOCK REQUEST: 0x3f44b680 1
DBimpl - UNLOCK REQUEST: 0x3f44b680 1
[1773159767.834936130] UNLOCK pid=34740 fd=14: EXCLUSIVE -> SHARED
DBimpl - UNLOCK REQUEST: 0x3f44b680 0
[1773159767.834940662] UNLOCK pid=34740 fd=14: SHARED -> NO_LOCK
DBimpl - LOCK REQUEST: 0x3f44b680 1
[1773159767.835069562] LOCK pid=34740 fd=14: NO_LOCK -> SHARED (fallback)
[1773159767.835070876] LOCK pid=34740 fd=14: SHARED -> SHARED
DBimpl - LOCK REQUEST: 0x3f44b680 2
[1773159767.835079470] LOCK pid=34740 fd=14: SHARED -> RESERVED
DBimpl - LOCK REQUEST: 0x3f44b680 1
[1773159767.835133753] LOCK pid=34737 fd=8: NO_LOCK -> SHARED (fallback)
[1773159767.835135331] LOCK pid=34737 fd=8: SHARED -> SHARED
DBimpl - LOCK REQUEST: 0x3f44b680 4
[1773159767.835166619] LOCK pid=34740 fd=14: RESERVED -> PENDING
DBimpl - UNLOCK REQUEST: 0x3f44b680 0
[1773159767.835291279] UNLOCK pid=34737 fd=8: SHARED -> NO_LOCK
DBimpl - LOCK REQUEST: 0x3f44b680 1
DBimpl - LOCK REQUEST: 0x3f44b680 1
DBimpl - LOCK REQUEST: 0x3f44b680 4
[1773159767.836246901] LOCK pid=34740 fd=14: PENDING -> EXCLUSIVE
DBimpl - LOCK REQUEST: 0x3f44b680 1
DBimpl - LOCK REQUEST: 0x3f44b680 1
DBimpl - LOCK REQUEST: 0x3f44b680 1
DBimpl - UNLOCK REQUEST: 0x3f44b680 1
[1773159767.838346929] UNLOCK pid=34740 fd=14: EXCLUSIVE -> SHARED
DBimpl - UNLOCK REQUEST: 0x3f44b680 0
[1773159767.838350722] UNLOCK pid=34740 fd=14: SHARED -> NO_LOCK
DBimpl - LOCK REQUEST: 0x3f44b680 1
[1773159767.838632802] LOCK pid=34740 fd=14: NO_LOCK -> SHARED (fallback)
[1773159767.838634009] LOCK pid=34740 fd=14: SHARED -> SHARED
DBimpl - LOCK REQUEST: 0x3f44b680 2
[1773159767.838666981] LOCK pid=34740 fd=14: SHARED -> RESERVED
DBimpl - LOCK REQUEST: 0x3f44b680 4
[1773159767.838752368] LOCK pid=34740 fd=14: RESERVED -> PENDING
[1773159767.838754028] LOCK pid=34740 fd=14: PENDING -> EXCLUSIVE
DBimpl - LOCK REQUEST: 0x3f44b680 1
DBimpl - LOCK REQUEST: 0x3f44b680 1
DBimpl - UNLOCK REQUEST: 0x3f44b680 1
[1773159767.840802936] UNLOCK pid=34740 fd=14: EXCLUSIVE -> SHARED
DBimpl - UNLOCK REQUEST: 0x3f44b680 0
[1773159767.840807038] UNLOCK pid=34740 fd=14: SHARED -> NO_LOCK
DBimpl - LOCK REQUEST: 0x3f44b680 1
[1773159767.841536392] LOCK pid=34740 fd=14: NO_LOCK -> SHARED (fallback)
[1773159767.841537724] LOCK pid=34740 fd=14: SHARED -> SHARED
DBimpl - LOCK REQUEST: 0x3f44b680 1
[1773159767.841544027] LOCK pid=34739 fd=12: NO_LOCK -> SHARED (fallback)
DBimpl - LOCK REQUEST: 0x3f44b680 2
[1773159767.841545673] LOCK pid=34739 fd=12: SHARED -> SHARED
[1773159767.841547063] LOCK pid=34740 fd=14: SHARED -> RESERVED
DBimpl - LOCK REQUEST: 0x3f44b680 2
DBimpl - UNLOCK REQUEST: 0x3f44b680 0
[1773159767.841558405] UNLOCK pid=34739 fd=12: SHARED -> NO_LOCK
DBimpl - LOCK REQUEST: 0x3f44b680 4
[1773159767.841637392] LOCK pid=34740 fd=14: RESERVED -> PENDING
[1773159767.841638998] LOCK pid=34740 fd=14: PENDING -> EXCLUSIVE
DBimpl - LOCK REQUEST: 0x3f44b680 1
DBimpl - UNLOCK REQUEST: 0x3f44b680 1
[1773159767.843482357] UNLOCK pid=34740 fd=14: EXCLUSIVE -> SHARED
DBimpl - UNLOCK REQUEST: 0x3f44b680 0
[1773159767.843486153] UNLOCK pid=34740 fd=14: SHARED -> NO_LOCK
DBimpl - LOCK REQUEST: 0x3f44b680 1
[1773159767.844282720] LOCK pid=34737 fd=8: NO_LOCK -> SHARED (fallback)
[1773159767.844284240] LOCK pid=34737 fd=8: SHARED -> SHARED
DBimpl - UNLOCK REQUEST: 0x3f44b680 0
[1773159767.844431158] UNLOCK pid=34737 fd=8: SHARED -> NO_LOCK
DBimpl - LOCK REQUEST: 0x3f44b680 1
[1773159767.845015562] LOCK pid=34740 fd=14: NO_LOCK -> SHARED (fallback)
[1773159767.845016861] LOCK pid=34740 fd=14: SHARED -> SHARED
DBimpl - LOCK REQUEST: 0x3f44b680 2
[1773159767.845024097] LOCK pid=34740 fd=14: SHARED -> RESERVED
DBimpl - LOCK REQUEST: 0x3f44b680 4
[1773159767.845100272] LOCK pid=34740 fd=14: RESERVED -> PENDING
[1773159767.845101867] LOCK pid=34740 fd=14: PENDING -> EXCLUSIVE
DBimpl - LOCK REQUEST: 0x3f44b680 1
DBimpl - LOCK REQUEST: 0x3f44b680 1
DBimpl - UNLOCK REQUEST: 0x3f44b680 1
[1773159767.847312227] UNLOCK pid=34740 fd=14: EXCLUSIVE -> SHARED
DBimpl - UNLOCK REQUEST: 0x3f44b680 0
[1773159767.847315937] UNLOCK pid=34740 fd=14: SHARED -> NO_LOCK
DBimpl - LOCK REQUEST: 0x3f44b680 1
[1773159767.848428750] LOCK pid=34737 fd=8: NO_LOCK -> SHARED (fallback)
[1773159767.848430227] LOCK pid=34737 fd=8: SHARED -> SHARED
DBimpl - UNLOCK REQUEST: 0x3f44b680 0
[1773159767.848577204] UNLOCK pid=34737 fd=8: SHARED -> NO_LOCK
DBimpl - LOCK REQUEST: 0x3f44b680 1
[1773159767.850308436] LOCK pid=34740 fd=14: NO_LOCK -> SHARED (fallback)
[1773159767.850309897] LOCK pid=34740 fd=14: SHARED -> SHARED
DBimpl - LOCK REQUEST: 0x3f44b680 2
[1773159767.850317632] LOCK pid=34740 fd=14: SHARED -> RESERVED
DBimpl - LOCK REQUEST: 0x3f44b680 4
[1773159767.850405623] LOCK pid=34740 fd=14: RESERVED -> PENDING
[1773159767.850407234] LOCK pid=34740 fd=14: PENDING -> EXCLUSIVE
DBimpl - LOCK REQUEST: 0x3f44b680 1
DBimpl - LOCK REQUEST: 0x3f44b680 1
DBimpl - UNLOCK REQUEST: 0x3f44b680 1
[1773159767.852132495] UNLOCK pid=34740 fd=14: EXCLUSIVE -> SHARED
DBimpl - UNLOCK REQUEST: 0x3f44b680 0
[1773159767.852136885] UNLOCK pid=34740 fd=14: SHARED -> NO_LOCK
DBimpl - LOCK REQUEST: 0x3f44b680 1
[1773159767.852772623] LOCK pid=34737 fd=8: NO_LOCK -> SHARED (fallback)
[1773159767.852776692] LOCK pid=34737 fd=8: SHARED -> SHARED
DBimpl - UNLOCK REQUEST: 0x3f44b680 0
[1773159767.852906681] UNLOCK pid=34737 fd=8: SHARED -> NO_LOCK
DBimpl - LOCK REQUEST: 0x3f44b680 1
[1773159767.853003258] LOCK pid=34736 fd=6: NO_LOCK -> SHARED (fallback)
[1773159767.853005001] LOCK pid=34736 fd=6: SHARED -> SHARED
DBimpl - LOCK REQUEST: 0x3f44b680 1
[1773159767.853052013] LOCK pid=34737 fd=8: NO_LOCK -> SHARED (fallback)
[1773159767.853053258] LOCK pid=34737 fd=8: SHARED -> SHARED
DBimpl - LOCK REQUEST: 0x3f44b680 1
[1773159767.853065489] LOCK pid=34740 fd=14: NO_LOCK -> SHARED (fallback)
[1773159767.853067326] LOCK pid=34740 fd=14: SHARED -> SHARED
DBimpl - LOCK REQUEST: 0x3f44b680 2
[1773159767.853077704] LOCK pid=34740 fd=14: SHARED -> RESERVED
DBimpl - UNLOCK REQUEST: 0x3f44b680 0
[1773159767.853149361] UNLOCK pid=34737 fd=8: SHARED -> NO_LOCK
DBimpl - UNLOCK REQUEST: 0x3f44b680 0
[1773159767.853160570] UNLOCK pid=34736 fd=6: SHARED -> NO_LOCK
DBimpl - LOCK REQUEST: 0x3f44b680 4
[1773159767.853198351] LOCK pid=34740 fd=14: RESERVED -> PENDING
[1773159767.853199969] LOCK pid=34740 fd=14: PENDING -> EXCLUSIVE
DBimpl - LOCK REQUEST: 0x3f44b680 1
DBimpl - LOCK REQUEST: 0x3f44b680 1
DBimpl - LOCK REQUEST: 0x3f44b680 1
DBimpl - LOCK REQUEST: 0x3f44b680 1
DBimpl - LOCK REQUEST: 0x3f44b680 1
DBimpl - LOCK REQUEST: 0x3f44b680 1
DBimpl - LOCK REQUEST: 0x3f44b680 1
DBimpl - UNLOCK REQUEST: 0x3f44b680 1
[1773159767.856796129] UNLOCK pid=34740 fd=14: EXCLUSIVE -> SHARED
DBimpl - UNLOCK REQUEST: 0x3f44b680 0
[1773159767.856802616] UNLOCK pid=34740 fd=14: SHARED -> NO_LOCK
DBimpl - LOCK REQUEST: 0x3f44b680 1
[1773159767.856912799] LOCK pid=34740 fd=14: NO_LOCK -> SHARED (fallback)
[1773159767.856915046] LOCK pid=34740 fd=14: SHARED -> SHARED
DBimpl - LOCK REQUEST: 0x3f44b680 2
[1773159767.856930616] LOCK pid=34740 fd=14: SHARED -> RESERVED
DBimpl - LOCK REQUEST: 0x3f44b680 4
[1773159767.857121994] LOCK pid=34740 fd=14: RESERVED -> PENDING
[1773159767.857125778] LOCK pid=34740 fd=14: PENDING -> EXCLUSIVE
DBimpl - UNLOCK REQUEST: 0x3f44b680 1
[1773159767.860321416] UNLOCK pid=34740 fd=14: EXCLUSIVE -> SHARED
DBimpl - UNLOCK REQUEST: 0x3f44b680 0
[1773159767.860330555] UNLOCK pid=34740 fd=14: SHARED -> NO_LOCK
DBimpl - LOCK REQUEST: 0x3f44b680 1
[1773159767.860497637] LOCK pid=34740 fd=14: NO_LOCK -> SHARED (fallback)
[1773159767.860500157] LOCK pid=34740 fd=14: SHARED -> SHARED
DBimpl - LOCK REQUEST: 0x3f44b680 2
[1773159767.860516704] LOCK pid=34740 fd=14: SHARED -> RESERVED
DBimpl - LOCK REQUEST: 0x3f44b680 4
[1773159767.860710991] LOCK pid=34740 fd=14: RESERVED -> PENDING
[1773159767.860714056] LOCK pid=34740 fd=14: PENDING -> EXCLUSIVE
DBimpl - LOCK REQUEST: 0x3f44b680 1
DBimpl - LOCK REQUEST: 0x3f44b680 1
DBimpl - UNLOCK REQUEST: 0x3f44b680 1
[1773159767.862573645] UNLOCK pid=34740 fd=14: EXCLUSIVE -> SHARED
DBimpl - UNLOCK REQUEST: 0x3f44b680 0
[1773159767.862581346] UNLOCK pid=34740 fd=14: SHARED -> NO_LOCK
DBimpl - LOCK REQUEST: 0x3f44b680 1
[1773159767.865154253] LOCK pid=34740 fd=14: NO_LOCK -> SHARED (fallback)
[1773159767.865157707] LOCK pid=34740 fd=14: SHARED -> SHARED
DBimpl - LOCK REQUEST: 0x3f44b680 2
[1773159767.865176538] LOCK pid=34740 fd=14: SHARED -> RESERVED
DBimpl - LOCK REQUEST: 0x3f44b680 4
[1773159767.865361788] LOCK pid=34740 fd=14: RESERVED -> PENDING
[1773159767.865364517] LOCK pid=34740 fd=14: PENDING -> EXCLUSIVE
DBimpl - LOCK REQUEST: 0x3f44b680 1
DBimpl - UNLOCK REQUEST: 0x3f44b680 1
[1773159767.867980122] UNLOCK pid=34740 fd=14: EXCLUSIVE -> SHARED
DBimpl - UNLOCK REQUEST: 0x3f44b680 0
[1773159767.867990268] UNLOCK pid=34740 fd=14: SHARED -> NO_LOCK
DBimpl - LOCK REQUEST: 0x3f44b680 1
[1773159767.868638554] LOCK pid=34740 fd=14: NO_LOCK -> SHARED (fallback)
[1773159767.868641500] LOCK pid=34740 fd=14: SHARED -> SHARED
DBimpl - LOCK REQUEST: 0x3f44b680 2
[1773159767.868661547] LOCK pid=34740 fd=14: SHARED -> RESERVED
DBimpl - LOCK REQUEST: 0x3f44b680 4
[1773159767.868857136] LOCK pid=34740 fd=14: RESERVED -> PENDING
[1773159767.868862850] LOCK pid=34740 fd=14: PENDING -> EXCLUSIVE
DBimpl - LOCK REQUEST: 0x3f44b680 1
DBimpl - UNLOCK REQUEST: 0x3f44b680 1
[1773159767.872420041] UNLOCK pid=34740 fd=14: EXCLUSIVE -> SHARED
DBimpl - UNLOCK REQUEST: 0x3f44b680 0
[1773159767.872430322] UNLOCK pid=34740 fd=14: SHARED -> NO_LOCK
DBimpl - LOCK REQUEST: 0x3f44b680 1
[1773159767.872460652] LOCK pid=34737 fd=8: NO_LOCK -> SHARED (fallback)
[1773159767.872463233] LOCK pid=34737 fd=8: SHARED -> SHARED
DBimpl - UNLOCK REQUEST: 0x3f44b680 0
[1773159767.872611186] UNLOCK pid=34737 fd=8: SHARED -> NO_LOCK
DBimpl - LOCK REQUEST: 0x3f44b680 1
[1773159767.874123879] LOCK pid=34740 fd=14: NO_LOCK -> SHARED (fallback)
[1773159767.874127322] LOCK pid=34740 fd=14: SHARED -> SHARED
DBimpl - LOCK REQUEST: 0x3f44b680 1
DBimpl - LOCK REQUEST: 0x3f44b680 2
[1773159767.874141504] LOCK pid=34737 fd=8: NO_LOCK -> SHARED (fallback)
[1773159767.874143623] LOCK pid=34740 fd=14: SHARED -> RESERVED
[1773159767.874144475] LOCK pid=34737 fd=8: SHARED -> SHARED
DBimpl - UNLOCK REQUEST: 0x3f44b680 0
[1773159767.874279841] UNLOCK pid=34737 fd=8: SHARED -> NO_LOCK
DBimpl - LOCK REQUEST: 0x3f44b680 4
[1773159767.874312568] LOCK pid=34740 fd=14: RESERVED -> PENDING
[1773159767.874315495] LOCK pid=34740 fd=14: PENDING -> EXCLUSIVE
DBimpl - LOCK REQUEST: 0x3f44b680 1
DBimpl - LOCK REQUEST: 0x3f44b680 1
DBimpl - UNLOCK REQUEST: 0x3f44b680 1
[1773159767.876806776] UNLOCK pid=34740 fd=14: EXCLUSIVE -> SHARED
DBimpl - UNLOCK REQUEST: 0x3f44b680 0
[1773159767.876813969] UNLOCK pid=34740 fd=14: SHARED -> NO_LOCK
DBimpl - LOCK REQUEST: 0x3f44b680 1
[1773159767.876866378] LOCK pid=34737 fd=8: NO_LOCK -> SHARED (fallback)
[1773159767.876868185] LOCK pid=34737 fd=8: SHARED -> SHARED
DBimpl - UNLOCK REQUEST: 0x3f44b680 0
[1773159767.876956291] UNLOCK pid=34737 fd=8: SHARED -> NO_LOCK
DBimpl - LOCK REQUEST: 0x3f44b680 1
[1773159767.877402319] LOCK pid=34737 fd=8: NO_LOCK -> SHARED (fallback)
[1773159767.877405217] LOCK pid=34737 fd=8: SHARED -> SHARED
DBimpl - UNLOCK REQUEST: 0x3f44b680 0
[1773159767.877497523] UNLOCK pid=34737 fd=8: SHARED -> NO_LOCK
DBimpl - LOCK REQUEST: 0x3f44b680 1
[1773159767.877543538] LOCK pid=34740 fd=14: NO_LOCK -> SHARED (fallback)
[1773159767.877545898] LOCK pid=34740 fd=14: SHARED -> SHARED
DBimpl - LOCK REQUEST: 0x3f44b680 2
[1773159767.877562069] LOCK pid=34740 fd=14: SHARED -> RESERVED
DBimpl - LOCK REQUEST: 0x3f44b680 4
[1773159767.877686188] LOCK pid=34740 fd=14: RESERVED -> PENDING
[1773159767.877689076] LOCK pid=34740 fd=14: PENDING -> EXCLUSIVE
DBimpl - UNLOCK REQUEST: 0x3f44b680 1
[1773159767.879681625] UNLOCK pid=34740 fd=14: EXCLUSIVE -> SHARED
DBimpl - UNLOCK REQUEST: 0x3f44b680 0
[1773159767.879688056] UNLOCK pid=34740 fd=14: SHARED -> NO_LOCK
DBimpl - LOCK REQUEST: 0x3f44b680 1
[1773159767.880417374] LOCK pid=34740 fd=14: NO_LOCK -> SHARED (fallback)
[1773159767.880419226] LOCK pid=34740 fd=14: SHARED -> SHARED
DBimpl - LOCK REQUEST: 0x3f44b680 2
[1773159767.880432208] LOCK pid=34740 fd=14: SHARED -> RESERVED
DBimpl - LOCK REQUEST: 0x3f44b680 4
[1773159767.880548110] LOCK pid=34740 fd=14: RESERVED -> PENDING
[1773159767.880551032] LOCK pid=34740 fd=14: PENDING -> EXCLUSIVE
DBimpl - LOCK REQUEST: 0x3f44b680 1
DBimpl - LOCK REQUEST: 0x3f44b680 1
DBimpl - UNLOCK REQUEST: 0x3f44b680 1
[1773159767.883755349] UNLOCK pid=34740 fd=14: EXCLUSIVE -> SHARED
DBimpl - UNLOCK REQUEST: 0x3f44b680 0
[1773159767.883761789] UNLOCK pid=34740 fd=14: SHARED -> NO_LOCK
DBimpl - LOCK REQUEST: 0x3f44b680 1
[1773159767.884532591] LOCK pid=34740 fd=14: NO_LOCK -> SHARED (fallback)
[1773159767.884534652] LOCK pid=34740 fd=14: SHARED -> SHARED
DBimpl - LOCK REQUEST: 0x3f44b680 2
[1773159767.884548736] LOCK pid=34740 fd=14: SHARED -> RESERVED
DBimpl - LOCK REQUEST: 0x3f44b680 4
[1773159767.884669149] LOCK pid=34740 fd=14: RESERVED -> PENDING
[1773159767.884672050] LOCK pid=34740 fd=14: PENDING -> EXCLUSIVE
DBimpl - LOCK REQUEST: 0x3f44b680 1
DBimpl - LOCK REQUEST: 0x3f44b680 1
DBimpl - LOCK REQUEST: 0x3f44b680 1
DBimpl - UNLOCK REQUEST: 0x3f44b680 1
[1773159767.887051205] UNLOCK pid=34740 fd=14: EXCLUSIVE -> SHARED
DBimpl - UNLOCK REQUEST: 0x3f44b680 0
[1773159767.887060430] UNLOCK pid=34740 fd=14: SHARED -> NO_LOCK
DBimpl - LOCK REQUEST: 0x3f44b680 1
[1773159767.889389118] LOCK pid=34740 fd=14: NO_LOCK -> SHARED (fallback)
[1773159767.889391415] LOCK pid=34740 fd=14: SHARED -> SHARED
DBimpl - LOCK REQUEST: 0x3f44b680 2
[1773159767.889405708] LOCK pid=34740 fd=14: SHARED -> RESERVED
DBimpl - LOCK REQUEST: 0x3f44b680 4
[1773159767.889527105] LOCK pid=34740 fd=14: RESERVED -> PENDING
[1773159767.889530239] LOCK pid=34740 fd=14: PENDING -> EXCLUSIVE
DBimpl - LOCK REQUEST: 0x3f44b680 1
DBimpl - UNLOCK REQUEST: 0x3f44b680 1
[1773159767.892361545] UNLOCK pid=34740 fd=14: EXCLUSIVE -> SHARED
DBimpl - UNLOCK REQUEST: 0x3f44b680 0
[1773159767.892369916] UNLOCK pid=34740 fd=14: SHARED -> NO_LOCK
DBimpl - LOCK REQUEST: 0x3f44b680 1
[1773159767.893616682] LOCK pid=34740 fd=14: NO_LOCK -> SHARED (fallback)
[1773159767.893619733] LOCK pid=34740 fd=14: SHARED -> SHARED
DBimpl - LOCK REQUEST: 0x3f44b680 2
[1773159767.893638126] LOCK pid=34740 fd=14: SHARED -> RESERVED
DBimpl - LOCK REQUEST: 0x3f44b680 4
[1773159767.893812022] LOCK pid=34740 fd=14: RESERVED -> PENDING
[1773159767.893814826] LOCK pid=34740 fd=14: PENDING -> EXCLUSIVE
DBimpl - UNLOCK REQUEST: 0x3f44b680 1
[1773159767.896575710] UNLOCK pid=34740 fd=14: EXCLUSIVE -> SHARED
DBimpl - UNLOCK REQUEST: 0x3f44b680 0
[1773159767.896583569] UNLOCK pid=34740 fd=14: SHARED -> NO_LOCK
DBimpl - LOCK REQUEST: 0x3f44b680 1
[1773159767.897925276] LOCK pid=34740 fd=14: NO_LOCK -> SHARED (fallback)
[1773159767.897930092] LOCK pid=34740 fd=14: SHARED -> SHARED
DBimpl - LOCK REQUEST: 0x3f44b680 2
[1773159767.897943987] LOCK pid=34740 fd=14: SHARED -> RESERVED
DBimpl - LOCK REQUEST: 0x3f44b680 4
[1773159767.898092774] LOCK pid=34740 fd=14: RESERVED -> PENDING
[1773159767.898095789] LOCK pid=34740 fd=14: PENDING -> EXCLUSIVE
DBimpl - LOCK REQUEST: 0x3f44b680 1
DBimpl - UNLOCK REQUEST: 0x3f44b680 1
[1773159767.900422951] UNLOCK pid=34740 fd=14: EXCLUSIVE -> SHARED
DBimpl - UNLOCK REQUEST: 0x3f44b680 0
[1773159767.900429454] UNLOCK pid=34740 fd=14: SHARED -> NO_LOCK
DBimpl - LOCK REQUEST: 0x3f44b680 1
[1773159767.900839760] LOCK pid=34738 fd=10: NO_LOCK -> SHARED (fallback)
[1773159767.900843763] LOCK pid=34738 fd=10: SHARED -> SHARED
DBimpl - LOCK REQUEST: 0x3f44b680 2
[1773159767.900867250] LOCK pid=34738 fd=10: SHARED -> RESERVED
DBimpl - LOCK REQUEST: 0x3f44b680 4
[1773159767.901365482] LOCK pid=34738 fd=10: RESERVED -> PENDING
[1773159767.901368792] LOCK pid=34738 fd=10: PENDING -> EXCLUSIVE
DBimpl - LOCK REQUEST: 0x3f44b680 1
DBimpl - LOCK REQUEST: 0x3f44b680 1
DBimpl - UNLOCK REQUEST: 0x3f44b680 1
[1773159767.903627951] UNLOCK pid=34738 fd=10: EXCLUSIVE -> SHARED
DBimpl - UNLOCK REQUEST: 0x3f44b680 0
[1773159767.903637228] UNLOCK pid=34738 fd=10: SHARED -> NO_LOCK
DBimpl - LOCK REQUEST: 0x3f44b680 1
[1773159767.903950704] LOCK pid=34738 fd=10: NO_LOCK -> SHARED (fallback)
[1773159767.903952491] LOCK pid=34738 fd=10: SHARED -> SHARED
DBimpl - LOCK REQUEST: 0x3f44b680 2
[1773159767.903968088] LOCK pid=34738 fd=10: SHARED -> RESERVED
DBimpl - LOCK REQUEST: 0x3f44b680 4
[1773159767.904449544] LOCK pid=34738 fd=10: RESERVED -> PENDING
[1773159767.904451963] LOCK pid=34738 fd=10: PENDING -> EXCLUSIVE
DBimpl - LOCK REQUEST: 0x3f44b680 1
DBimpl - LOCK REQUEST: 0x3f44b680 1
DBimpl - UNLOCK REQUEST: 0x3f44b680 1
[1773159767.906973162] UNLOCK pid=34738 fd=10: EXCLUSIVE -> SHARED
DBimpl - UNLOCK REQUEST: 0x3f44b680 0
[1773159767.906978736] UNLOCK pid=34738 fd=10: SHARED -> NO_LOCK
DBimpl - LOCK REQUEST: 0x3f44b680 1
[1773159767.907298307] LOCK pid=34738 fd=10: NO_LOCK -> SHARED (fallback)
[1773159767.907302592] LOCK pid=34738 fd=10: SHARED -> SHARED
DBimpl - LOCK REQUEST: 0x3f44b680 2
[1773159767.907346160] LOCK pid=34738 fd=10: SHARED -> RESERVED
DBimpl - LOCK REQUEST: 0x3f44b680 4
[1773159767.907471913] LOCK pid=34738 fd=10: RESERVED -> PENDING
[1773159767.907473995] LOCK pid=34738 fd=10: PENDING -> EXCLUSIVE
DBimpl - UNLOCK REQUEST: 0x3f44b680 1
[1773159767.909231266] UNLOCK pid=34738 fd=10: EXCLUSIVE -> SHARED
DBimpl - UNLOCK REQUEST: 0x3f44b680 0
[1773159767.909240120] UNLOCK pid=34738 fd=10: SHARED -> NO_LOCK
DBimpl - LOCK REQUEST: 0x3f44b680 1
[1773159767.909913315] LOCK pid=34740 fd=14: NO_LOCK -> SHARED (fallback)
[1773159767.909914919] LOCK pid=34740 fd=14: SHARED -> SHARED
DBimpl - LOCK REQUEST: 0x3f44b680 2
[1773159767.909930919] LOCK pid=34740 fd=14: SHARED -> RESERVED
DBimpl - LOCK REQUEST: 0x3f44b680 4
[1773159767.910070798] LOCK pid=34740 fd=14: RESERVED -> PENDING
[1773159767.910072621] LOCK pid=34740 fd=14: PENDING -> EXCLUSIVE
DBimpl - LOCK REQUEST: 0x3f44b680 1
DBimpl - UNLOCK REQUEST: 0x3f44b680 1
[1773159767.911731354] UNLOCK pid=34740 fd=14: EXCLUSIVE -> SHARED
DBimpl - UNLOCK REQUEST: 0x3f44b680 0
[1773159767.911735792] UNLOCK pid=34740 fd=14: SHARED -> NO_LOCK
DBimpl - LOCK REQUEST: 0x3f44b680 1
[1773159767.911830404] LOCK pid=34739 fd=12: NO_LOCK -> SHARED (fallback)
[1773159767.911832526] LOCK pid=34739 fd=12: SHARED -> SHARED
DBimpl - LOCK REQUEST: 0x3f44b680 2
[1773159767.911847676] LOCK pid=34739 fd=12: SHARED -> RESERVED
DBimpl - LOCK REQUEST: 0x3f44b680 1
[1773159767.912196939] LOCK pid=34738 fd=10: NO_LOCK -> SHARED (fallback)
[1773159767.912198306] LOCK pid=34738 fd=10: SHARED -> SHARED
DBimpl - LOCK REQUEST: 0x3f44b680 2
DBimpl - UNLOCK REQUEST: 0x3f44b680 0
[1773159767.912239140] UNLOCK pid=34738 fd=10: SHARED -> NO_LOCK
DBimpl - LOCK REQUEST: 0x3f44b680 1
[1773159767.913239079] LOCK pid=34740 fd=14: NO_LOCK -> SHARED (fallback)
[1773159767.913241133] LOCK pid=34740 fd=14: SHARED -> SHARED
DBimpl - LOCK REQUEST: 0x3f44b680 2
DBimpl - UNLOCK REQUEST: 0x3f44b680 0
[1773159767.913255338] UNLOCK pid=34740 fd=14: SHARED -> NO_LOCK
DBimpl - LOCK REQUEST: 0x3f44b680 4
[1773159767.913662025] LOCK pid=34739 fd=12: RESERVED -> PENDING
[1773159767.913665062] LOCK pid=34739 fd=12: PENDING -> EXCLUSIVE
DBimpl - LOCK REQUEST: 0x3f44b680 1
DBimpl - LOCK REQUEST: 0x3f44b680 1
DBimpl - LOCK REQUEST: 0x3f44b680 1
DBimpl - UNLOCK REQUEST: 0x3f44b680 1
[1773159767.916055763] UNLOCK pid=34739 fd=12: EXCLUSIVE -> SHARED
DBimpl - UNLOCK REQUEST: 0x3f44b680 0
[1773159767.916063342] UNLOCK pid=34739 fd=12: SHARED -> NO_LOCK
DBimpl - LOCK REQUEST: 0x3f44b680 1
[1773159767.916235614] LOCK pid=34739 fd=12: NO_LOCK -> SHARED (fallback)
[1773159767.916237486] LOCK pid=34739 fd=12: SHARED -> SHARED
DBimpl - LOCK REQUEST: 0x3f44b680 2
[1773159767.916250224] LOCK pid=34739 fd=12: SHARED -> RESERVED
DBimpl - LOCK REQUEST: 0x3f44b680 1
[1773159767.916438530] LOCK pid=34740 fd=14: NO_LOCK -> SHARED (fallback)
[1773159767.916440560] LOCK pid=34740 fd=14: SHARED -> SHARED
DBimpl - LOCK REQUEST: 0x3f44b680 2
DBimpl - UNLOCK REQUEST: 0x3f44b680 0
[1773159767.916455199] UNLOCK pid=34740 fd=14: SHARED -> NO_LOCK
DBimpl - LOCK REQUEST: 0x3f44b680 4
[1773159767.916675294] LOCK pid=34739 fd=12: RESERVED -> PENDING
[1773159767.916677929] LOCK pid=34739 fd=12: PENDING -> EXCLUSIVE
DBimpl - UNLOCK REQUEST: 0x3f44b680 1
[1773159767.918360011] UNLOCK pid=34739 fd=12: EXCLUSIVE -> SHARED
DBimpl - UNLOCK REQUEST: 0x3f44b680 0
[1773159767.918367017] UNLOCK pid=34739 fd=12: SHARED -> NO_LOCK
DBimpl - LOCK REQUEST: 0x3f44b680 1
[1773159767.919421966] LOCK pid=34738 fd=10: NO_LOCK -> SHARED (fallback)
[1773159767.919423963] LOCK pid=34738 fd=10: SHARED -> SHARED
DBimpl - LOCK REQUEST: 0x3f44b680 2
[1773159767.919438651] LOCK pid=34738 fd=10: SHARED -> RESERVED
DBimpl - LOCK REQUEST: 0x3f44b680 1
[1773159767.919700714] LOCK pid=34739 fd=12: NO_LOCK -> SHARED (fallback)
[1773159767.919703079] LOCK pid=34739 fd=12: SHARED -> SHARED
DBimpl - LOCK REQUEST: 0x3f44b680 2
DBimpl - UNLOCK REQUEST: 0x3f44b680 0
[1773159767.919727187] UNLOCK pid=34739 fd=12: SHARED -> NO_LOCK
DBimpl - LOCK REQUEST: 0x3f44b680 4
[1773159767.919872646] LOCK pid=34738 fd=10: RESERVED -> PENDING
[1773159767.919874644] LOCK pid=34738 fd=10: PENDING -> EXCLUSIVE
DBimpl - LOCK REQUEST: 0x3f44b680 1
DBimpl - LOCK REQUEST: 0x3f44b680 1
DBimpl - UNLOCK REQUEST: 0x3f44b680 1
[1773159767.921918705] UNLOCK pid=34738 fd=10: EXCLUSIVE -> SHARED
DBimpl - UNLOCK REQUEST: 0x3f44b680 0
[1773159767.921930747] UNLOCK pid=34738 fd=10: SHARED -> NO_LOCK
DBimpl - LOCK REQUEST: 0x3f44b680 1
[1773159767.922037940] LOCK pid=34738 fd=10: NO_LOCK -> SHARED (fallback)
[1773159767.922040038] LOCK pid=34738 fd=10: SHARED -> SHARED
DBimpl - LOCK REQUEST: 0x3f44b680 2
[1773159767.922053789] LOCK pid=34738 fd=10: SHARED -> RESERVED
DBimpl - LOCK REQUEST: 0x3f44b680 4
[1773159767.922245431] LOCK pid=34738 fd=10: RESERVED -> PENDING
[1773159767.922248136] LOCK pid=34738 fd=10: PENDING -> EXCLUSIVE
DBimpl - LOCK REQUEST: 0x3f44b680 1
DBimpl - UNLOCK REQUEST: 0x3f44b680 1
[1773159767.926934773] UNLOCK pid=34738 fd=10: EXCLUSIVE -> SHARED
DBimpl - UNLOCK REQUEST: 0x3f44b680 0
[1773159767.926940682] UNLOCK pid=34738 fd=10: SHARED -> NO_LOCK
DBimpl - LOCK REQUEST: 0x3f44b680 1
[1773159767.927351856] LOCK pid=34738 fd=10: NO_LOCK -> SHARED (fallback)
[1773159767.927353307] LOCK pid=34738 fd=10: SHARED -> SHARED
DBimpl - LOCK REQUEST: 0x3f44b680 2
[1773159767.927363918] LOCK pid=34738 fd=10: SHARED -> RESERVED
DBimpl - LOCK REQUEST: 0x3f44b680 4
[1773159767.927483917] LOCK pid=34738 fd=10: RESERVED -> PENDING
[1773159767.927485829] LOCK pid=34738 fd=10: PENDING -> EXCLUSIVE
DBimpl - LOCK REQUEST: 0x3f44b680 1
DBimpl - UNLOCK REQUEST: 0x3f44b680 1
[1773159767.929875232] UNLOCK pid=34738 fd=10: EXCLUSIVE -> SHARED
DBimpl - UNLOCK REQUEST: 0x3f44b680 0
[1773159767.929879541] UNLOCK pid=34738 fd=10: SHARED -> NO_LOCK
DBimpl - LOCK REQUEST: 0x3f44b680 1
[1773159767.931476912] LOCK pid=34738 fd=10: NO_LOCK -> SHARED (fallback)
[1773159767.931478602] LOCK pid=34738 fd=10: SHARED -> SHARED
DBimpl - LOCK REQUEST: 0x3f44b680 2
[1773159767.931488898] LOCK pid=34738 fd=10: SHARED -> RESERVED
DBimpl - LOCK REQUEST: 0x3f44b680 1
[1773159767.931598379] LOCK pid=34740 fd=14: NO_LOCK -> SHARED (fallback)
[1773159767.931600699] LOCK pid=34740 fd=14: SHARED -> SHARED
DBimpl - LOCK REQUEST: 0x3f44b680 2
DBimpl - UNLOCK REQUEST: 0x3f44b680 0
[1773159767.931618796] UNLOCK pid=34740 fd=14: SHARED -> NO_LOCK
DBimpl - LOCK REQUEST: 0x3f44b680 4
[1773159767.931847992] LOCK pid=34738 fd=10: RESERVED -> PENDING
[1773159767.931850678] LOCK pid=34738 fd=10: PENDING -> EXCLUSIVE
DBimpl - LOCK REQUEST: 0x3f44b680 1
DBimpl - UNLOCK REQUEST: 0x3f44b680 1
[1773159767.934329619] UNLOCK pid=34738 fd=10: EXCLUSIVE -> SHARED
DBimpl - UNLOCK REQUEST: 0x3f44b680 0
[1773159767.934335914] UNLOCK pid=34738 fd=10: SHARED -> NO_LOCK
DBimpl - LOCK REQUEST: 0x3f44b680 1
[1773159767.934605799] LOCK pid=34738 fd=10: NO_LOCK -> SHARED (fallback)
[1773159767.934607411] LOCK pid=34738 fd=10: SHARED -> SHARED
DBimpl - LOCK REQUEST: 0x3f44b680 2
[1773159767.934619343] LOCK pid=34738 fd=10: SHARED -> RESERVED
DBimpl - LOCK REQUEST: 0x3f44b680 4
[1773159767.934777502] LOCK pid=34738 fd=10: RESERVED -> PENDING
[1773159767.934779769] LOCK pid=34738 fd=10: PENDING -> EXCLUSIVE
DBimpl - LOCK REQUEST: 0x3f44b680 1
DBimpl - UNLOCK REQUEST: 0x3f44b680 1
[1773159767.936884853] UNLOCK pid=34738 fd=10: EXCLUSIVE -> SHARED
DBimpl - UNLOCK REQUEST: 0x3f44b680 0
[1773159767.936889555] UNLOCK pid=34738 fd=10: SHARED -> NO_LOCK
DBimpl - LOCK REQUEST: 0x3f44b680 1
[1773159767.937082622] LOCK pid=34738 fd=10: NO_LOCK -> SHARED (fallback)
[1773159767.937083931] LOCK pid=34738 fd=10: SHARED -> SHARED
DBimpl - LOCK REQUEST: 0x3f44b680 2
[1773159767.937093153] LOCK pid=34738 fd=10: SHARED -> RESERVED
DBimpl - LOCK REQUEST: 0x3f44b680 4
[1773159767.937417746] LOCK pid=34738 fd=10: RESERVED -> PENDING
[1773159767.937419800] LOCK pid=34738 fd=10: PENDING -> EXCLUSIVE
DBimpl - LOCK REQUEST: 0x3f44b680 1
DBimpl - UNLOCK REQUEST: 0x3f44b680 1
[1773159767.939008626] UNLOCK pid=34738 fd=10: EXCLUSIVE -> SHARED
DBimpl - UNLOCK REQUEST: 0x3f44b680 0
[1773159767.939013436] UNLOCK pid=34738 fd=10: SHARED -> NO_LOCK
DBimpl - LOCK REQUEST: 0x3f44b680 1
[1773159767.944810044] LOCK pid=34738 fd=10: NO_LOCK -> SHARED (fallback)
[1773159767.944812679] LOCK pid=34738 fd=10: SHARED -> SHARED
DBimpl - LOCK REQUEST: 0x3f44b680 2
[1773159767.944827394] LOCK pid=34738 fd=10: SHARED -> RESERVED
DBimpl - LOCK REQUEST: 0x3f44b680 4
[1773159767.944957618] LOCK pid=34738 fd=10: RESERVED -> PENDING
[1773159767.944959575] LOCK pid=34738 fd=10: PENDING -> EXCLUSIVE
DBimpl - UNLOCK REQUEST: 0x3f44b680 1
[1773159767.946642435] UNLOCK pid=34738 fd=10: EXCLUSIVE -> SHARED
DBimpl - UNLOCK REQUEST: 0x3f44b680 0
[1773159767.946648119] UNLOCK pid=34738 fd=10: SHARED -> NO_LOCK
DBimpl - LOCK REQUEST: 0x3f44b680 1
[1773159767.946695396] LOCK pid=34740 fd=14: NO_LOCK -> SHARED (fallback)
[1773159767.946697824] LOCK pid=34740 fd=14: SHARED -> SHARED
DBimpl - LOCK REQUEST: 0x3f44b680 2
[1773159767.946720129] LOCK pid=34740 fd=14: SHARED -> RESERVED
DBimpl - LOCK REQUEST: 0x3f44b680 1
[1773159767.946740028] LOCK pid=34738 fd=10: NO_LOCK -> SHARED (fallback)
[1773159767.946741650] LOCK pid=34738 fd=10: SHARED -> SHARED
DBimpl - LOCK REQUEST: 0x3f44b680 2
DBimpl - UNLOCK REQUEST: 0x3f44b680 0
[1773159767.946754163] UNLOCK pid=34738 fd=10: SHARED -> NO_LOCK
DBimpl - LOCK REQUEST: 0x3f44b680 4
[1773159767.946894619] LOCK pid=34740 fd=14: RESERVED -> PENDING
[1773159767.946896566] LOCK pid=34740 fd=14: PENDING -> EXCLUSIVE
DBimpl - LOCK REQUEST: 0x3f44b680 1
DBimpl - UNLOCK REQUEST: 0x3f44b680 1
[1773159767.948568904] UNLOCK pid=34740 fd=14: EXCLUSIVE -> SHARED
DBimpl - UNLOCK REQUEST: 0x3f44b680 0
[1773159767.948573059] UNLOCK pid=34740 fd=14: SHARED -> NO_LOCK
DBimpl - LOCK REQUEST: 0x3f44b680 1
[1773159767.949655919] LOCK pid=34740 fd=14: NO_LOCK -> SHARED (fallback)
[1773159767.949657862] LOCK pid=34740 fd=14: SHARED -> SHARED
DBimpl - LOCK REQUEST: 0x3f44b680 2
[1773159767.949672300] LOCK pid=34740 fd=14: SHARED -> RESERVED
DBimpl - LOCK REQUEST: 0x3f44b680 4
[1773159767.949810041] LOCK pid=34740 fd=14: RESERVED -> PENDING
[1773159767.949811820] LOCK pid=34740 fd=14: PENDING -> EXCLUSIVE
DBimpl - LOCK REQUEST: 0x3f44b680 1
DBimpl - UNLOCK REQUEST: 0x3f44b680 1
[1773159767.951541283] UNLOCK pid=34740 fd=14: EXCLUSIVE -> SHARED
DBimpl - UNLOCK REQUEST: 0x3f44b680 0
[1773159767.951546288] UNLOCK pid=34740 fd=14: SHARED -> NO_LOCK
DBimpl - LOCK REQUEST: 0x3f44b680 1
[1773159767.952021149] LOCK pid=34740 fd=14: NO_LOCK -> SHARED (fallback)
[1773159767.952023945] LOCK pid=34740 fd=14: SHARED -> SHARED
DBimpl - LOCK REQUEST: 0x3f44b680 2
[1773159767.952038417] LOCK pid=34740 fd=14: SHARED -> RESERVED
DBimpl - LOCK REQUEST: 0x3f44b680 4
[1773159767.952200486] LOCK pid=34740 fd=14: RESERVED -> PENDING
[1773159767.952203015] LOCK pid=34740 fd=14: PENDING -> EXCLUSIVE
DBimpl - LOCK REQUEST: 0x3f44b680 1
DBimpl - UNLOCK REQUEST: 0x3f44b680 1
[1773159767.953952161] UNLOCK pid=34740 fd=14: EXCLUSIVE -> SHARED
DBimpl - UNLOCK REQUEST: 0x3f44b680 0
[1773159767.953957151] UNLOCK pid=34740 fd=14: SHARED -> NO_LOCK
DBimpl - LOCK REQUEST: 0x3f44b680 1
[1773159767.954939540] LOCK pid=34738 fd=10: NO_LOCK -> SHARED (fallback)
[1773159767.954941072] LOCK pid=34738 fd=10: SHARED -> SHARED
DBimpl - LOCK REQUEST: 0x3f44b680 2
[1773159767.954954357] LOCK pid=34738 fd=10: SHARED -> RESERVED
DBimpl - LOCK REQUEST: 0x3f44b680 4
[1773159767.955322870] LOCK pid=34738 fd=10: RESERVED -> PENDING
[1773159767.955324875] LOCK pid=34738 fd=10: PENDING -> EXCLUSIVE
DBimpl - UNLOCK REQUEST: 0x3f44b680 1
[1773159767.957063813] UNLOCK pid=34738 fd=10: EXCLUSIVE -> SHARED
DBimpl - UNLOCK REQUEST: 0x3f44b680 0
[1773159767.957069266] UNLOCK pid=34738 fd=10: SHARED -> NO_LOCK
DBimpl - LOCK REQUEST: 0x3f44b680 1
[1773159767.957094831] LOCK pid=34736 fd=6: NO_LOCK -> SHARED (fallback)
[1773159767.957097075] LOCK pid=34736 fd=6: SHARED -> SHARED
DBimpl - UNLOCK REQUEST: 0x3f44b680 0
[1773159767.957225970] UNLOCK pid=34736 fd=6: SHARED -> NO_LOCK
DBimpl - LOCK REQUEST: 0x3f44b680 1
[1773159767.957238083] LOCK pid=34738 fd=10: NO_LOCK -> SHARED (fallback)
[1773159767.957240256] LOCK pid=34738 fd=10: SHARED -> SHARED
DBimpl - LOCK REQUEST: 0x3f44b680 2
[1773159767.957249450] LOCK pid=34738 fd=10: SHARED -> RESERVED
DBimpl - LOCK REQUEST: 0x3f44b680 4
[1773159767.957371882] LOCK pid=34738 fd=10: RESERVED -> PENDING
[1773159767.957373662] LOCK pid=34738 fd=10: PENDING -> EXCLUSIVE
DBimpl - LOCK REQUEST: 0x3f44b680 1
DBimpl - LOCK REQUEST: 0x3f44b680 1
DBimpl - UNLOCK REQUEST: 0x3f44b680 1
[1773159767.959054331] UNLOCK pid=34738 fd=10: EXCLUSIVE -> SHARED
DBimpl - UNLOCK REQUEST: 0x3f44b680 0
[1773159767.959058206] UNLOCK pid=34738 fd=10: SHARED -> NO_LOCK
DBimpl - LOCK REQUEST: 0x3f44b680 1
[1773159767.959090344] LOCK pid=34736 fd=6: NO_LOCK -> SHARED (fallback)
[1773159767.959092134] LOCK pid=34736 fd=6: SHARED -> SHARED
DBimpl - UNLOCK REQUEST: 0x3f44b680 0
[1773159767.959192929] UNLOCK pid=34736 fd=6: SHARED -> NO_LOCK
DBimpl - LOCK REQUEST: 0x3f44b680 1
[1773159767.959199559] LOCK pid=34740 fd=14: NO_LOCK -> SHARED (fallback)
[1773159767.959201541] LOCK pid=34740 fd=14: SHARED -> SHARED
DBimpl - LOCK REQUEST: 0x3f44b680 2
[1773159767.959212819] LOCK pid=34740 fd=14: SHARED -> RESERVED
DBimpl - LOCK REQUEST: 0x3f44b680 4
[1773159767.959315189] LOCK pid=34740 fd=14: RESERVED -> PENDING
[1773159767.959317105] LOCK pid=34740 fd=14: PENDING -> EXCLUSIVE
DBimpl - LOCK REQUEST: 0x3f44b680 1
DBimpl - LOCK REQUEST: 0x3f44b680 1
DBimpl - LOCK REQUEST: 0x3f44b680 1
DBimpl - LOCK REQUEST: 0x3f44b680 1
DBimpl - LOCK REQUEST: 0x3f44b680 1
DBimpl - UNLOCK REQUEST: 0x3f44b680 1
[1773159767.961457502] UNLOCK pid=34740 fd=14: EXCLUSIVE -> SHARED
DBimpl - UNLOCK REQUEST: 0x3f44b680 0
[1773159767.961464368] UNLOCK pid=34740 fd=14: SHARED -> NO_LOCK
DBimpl - LOCK REQUEST: 0x3f44b680 1
[1773159767.962543933] LOCK pid=34738 fd=10: NO_LOCK -> SHARED (fallback)
[1773159767.962545471] LOCK pid=34738 fd=10: SHARED -> SHARED
DBimpl - LOCK REQUEST: 0x3f44b680 2
[1773159767.962559677] LOCK pid=34738 fd=10: SHARED -> RESERVED
DBimpl - LOCK REQUEST: 0x3f44b680 1
[1773159767.962739286] LOCK pid=34736 fd=6: NO_LOCK -> SHARED (fallback)
[1773159767.962741409] LOCK pid=34736 fd=6: SHARED -> SHARED
DBimpl - UNLOCK REQUEST: 0x3f44b680 0
[1773159767.962903696] UNLOCK pid=34736 fd=6: SHARED -> NO_LOCK
DBimpl - LOCK REQUEST: 0x3f44b680 1
[1773159767.963056477] LOCK pid=34736 fd=6: NO_LOCK -> SHARED (fallback)
DBimpl - LOCK REQUEST: 0x3f44b680 4
[1773159767.963058257] LOCK pid=34736 fd=6: SHARED -> SHARED
[1773159767.963061381] LOCK pid=34738 fd=10: RESERVED -> PENDING
DBimpl - UNLOCK REQUEST: 0x3f44b680 0
[1773159767.963142004] UNLOCK pid=34736 fd=6: SHARED -> NO_LOCK
DBimpl - LOCK REQUEST: 0x3f44b680 4
[1773159767.964152535] LOCK pid=34738 fd=10: PENDING -> EXCLUSIVE
DBimpl - LOCK REQUEST: 0x3f44b680 1
DBimpl - LOCK REQUEST: 0x3f44b680 1
DBimpl - LOCK REQUEST: 0x3f44b680 1
DBimpl - UNLOCK REQUEST: 0x3f44b680 1
[1773159767.965804049] UNLOCK pid=34738 fd=10: EXCLUSIVE -> SHARED
DBimpl - UNLOCK REQUEST: 0x3f44b680 0
[1773159767.965808496] UNLOCK pid=34738 fd=10: SHARED -> NO_LOCK
DBimpl - LOCK REQUEST: 0x3f44b680 1
[1773159767.966744709] LOCK pid=34736 fd=6: NO_LOCK -> SHARED (fallback)
[1773159767.966746511] LOCK pid=34736 fd=6: SHARED -> SHARED
DBimpl - UNLOCK REQUEST: 0x3f44b680 0
[1773159767.966840268] UNLOCK pid=34736 fd=6: SHARED -> NO_LOCK
DBimpl - LOCK REQUEST: 0x3f44b680 1
[1773159767.966995507] LOCK pid=34738 fd=10: NO_LOCK -> SHARED (fallback)
[1773159767.966996947] LOCK pid=34738 fd=10: SHARED -> SHARED
DBimpl - LOCK REQUEST: 0x3f44b680 2
[1773159767.967004337] LOCK pid=34738 fd=10: SHARED -> RESERVED
DBimpl - LOCK REQUEST: 0x3f44b680 1
[1773159767.967289792] LOCK pid=34740 fd=14: NO_LOCK -> SHARED (fallback)
[1773159767.967292054] LOCK pid=34740 fd=14: SHARED -> SHARED
DBimpl - LOCK REQUEST: 0x3f44b680 2
DBimpl - UNLOCK REQUEST: 0x3f44b680 0
[1773159767.967313299] UNLOCK pid=34740 fd=14: SHARED -> NO_LOCK
DBimpl - LOCK REQUEST: 0x3f44b680 4
[1773159767.967340043] LOCK pid=34738 fd=10: RESERVED -> PENDING
[1773159767.967341872] LOCK pid=34738 fd=10: PENDING -> EXCLUSIVE
DBimpl - LOCK REQUEST: 0x3f44b680 1
DBimpl - LOCK REQUEST: 0x3f44b680 1
DBimpl - UNLOCK REQUEST: 0x3f44b680 1
[1773159767.969479418] UNLOCK pid=34738 fd=10: EXCLUSIVE -> SHARED
DBimpl - UNLOCK REQUEST: 0x3f44b680 0
[1773159767.969483371] UNLOCK pid=34738 fd=10: SHARED -> NO_LOCK
DBimpl - LOCK REQUEST: 0x3f44b680 1
[1773159767.970639981] LOCK pid=34736 fd=6: NO_LOCK -> SHARED (fallback)
[1773159767.970645030] LOCK pid=34736 fd=6: SHARED -> SHARED
DBimpl - UNLOCK REQUEST: 0x3f44b680 0
[1773159767.970741153] UNLOCK pid=34736 fd=6: SHARED -> NO_LOCK
DBimpl - LOCK REQUEST: 0x3f44b680 1
[1773159767.971886399] LOCK pid=34738 fd=10: NO_LOCK -> SHARED (fallback)
[1773159767.971888007] LOCK pid=34738 fd=10: SHARED -> SHARED
DBimpl - LOCK REQUEST: 0x3f44b680 2
[1773159767.971895277] LOCK pid=34738 fd=10: SHARED -> RESERVED
DBimpl - LOCK REQUEST: 0x3f44b680 4
[1773159767.972201115] LOCK pid=34738 fd=10: RESERVED -> PENDING
[1773159767.972202884] LOCK pid=34738 fd=10: PENDING -> EXCLUSIVE
DBimpl - LOCK REQUEST: 0x3f44b680 1
DBimpl - LOCK REQUEST: 0x3f44b680 1
DBimpl - LOCK REQUEST: 0x3f44b680 1
DBimpl - LOCK REQUEST: 0x3f44b680 1
DBimpl - UNLOCK REQUEST: 0x3f44b680 1
[1773159767.974336793] UNLOCK pid=34738 fd=10: EXCLUSIVE -> SHARED
DBimpl - UNLOCK REQUEST: 0x3f44b680 0
[1773159767.974342014] UNLOCK pid=34738 fd=10: SHARED -> NO_LOCK
DBimpl - LOCK REQUEST: 0x3f44b680 1
[1773159767.975391722] LOCK pid=34736 fd=6: NO_LOCK -> SHARED (fallback)
[1773159767.975393767] LOCK pid=34736 fd=6: SHARED -> SHARED
DBimpl - UNLOCK REQUEST: 0x3f44b680 0
[1773159767.975495632] UNLOCK pid=34736 fd=6: SHARED -> NO_LOCK
DBimpl - LOCK REQUEST: 0x3f44b680 1
[1773159767.975807728] LOCK pid=34738 fd=10: NO_LOCK -> SHARED (fallback)
[1773159767.975810631] LOCK pid=34738 fd=10: SHARED -> SHARED
DBimpl - LOCK REQUEST: 0x3f44b680 2
[1773159767.975823580] LOCK pid=34738 fd=10: SHARED -> RESERVED
DBimpl - LOCK REQUEST: 0x3f44b680 4
[1773159767.976215769] LOCK pid=34738 fd=10: RESERVED -> PENDING
[1773159767.976217606] LOCK pid=34738 fd=10: PENDING -> EXCLUSIVE
DBimpl - LOCK REQUEST: 0x3f44b680 1
DBimpl - UNLOCK REQUEST: 0x3f44b680 1
[1773159767.977965467] UNLOCK pid=34738 fd=10: EXCLUSIVE -> SHARED
DBimpl - UNLOCK REQUEST: 0x3f44b680 0
[1773159767.977969417] UNLOCK pid=34738 fd=10: SHARED -> NO_LOCK
DBimpl - LOCK REQUEST: 0x3f44b680 1
[1773159767.978773420] LOCK pid=34738 fd=10: NO_LOCK -> SHARED (fallback)
[1773159767.978774746] LOCK pid=34738 fd=10: SHARED -> SHARED
DBimpl - LOCK REQUEST: 0x3f44b680 2
[1773159767.978782760] LOCK pid=34738 fd=10: SHARED -> RESERVED
DBimpl - LOCK REQUEST: 0x3f44b680 1
[1773159767.978794901] LOCK pid=34736 fd=6: NO_LOCK -> SHARED (fallback)
[1773159767.978796945] LOCK pid=34736 fd=6: SHARED -> SHARED
DBimpl - UNLOCK REQUEST: 0x3f44b680 0
[1773159767.978893269] UNLOCK pid=34736 fd=6: SHARED -> NO_LOCK
DBimpl - LOCK REQUEST: 0x3f44b680 1
[1773159767.979039140] LOCK pid=34736 fd=6: NO_LOCK -> SHARED (fallback)
[1773159767.979040639] LOCK pid=34736 fd=6: SHARED -> SHARED
DBimpl - LOCK REQUEST: 0x3f44b680 4
[1773159767.979091871] LOCK pid=34738 fd=10: RESERVED -> PENDING
DBimpl - UNLOCK REQUEST: 0x3f44b680 0
[1773159767.979112351] UNLOCK pid=34736 fd=6: SHARED -> NO_LOCK
DBimpl - LOCK REQUEST: 0x3f44b680 1
DBimpl - LOCK REQUEST: 0x3f44b680 4
[1773159767.980178059] LOCK pid=34738 fd=10: PENDING -> EXCLUSIVE
DBimpl - LOCK REQUEST: 0x3f44b680 1
DBimpl - UNLOCK REQUEST: 0x3f44b680 1
[1773159767.982318392] UNLOCK pid=34738 fd=10: EXCLUSIVE -> SHARED
DBimpl - UNLOCK REQUEST: 0x3f44b680 0
[1773159767.982322120] UNLOCK pid=34738 fd=10: SHARED -> NO_LOCK
DBimpl - LOCK REQUEST: 0x3f44b680 1
[1773159767.982440041] LOCK pid=34740 fd=14: NO_LOCK -> SHARED (fallback)
[1773159767.982441979] LOCK pid=34740 fd=14: SHARED -> SHARED
DBimpl - LOCK REQUEST: 0x3f44b680 2
[1773159767.982452358] LOCK pid=34740 fd=14: SHARED -> RESERVED
DBimpl - LOCK REQUEST: 0x3f44b680 4
[1773159767.982594622] LOCK pid=34740 fd=14: RESERVED -> PENDING
[1773159767.982596480] LOCK pid=34740 fd=14: PENDING -> EXCLUSIVE
DBimpl - LOCK REQUEST: 0x3f44b680 1
DBimpl - LOCK REQUEST: 0x3f44b680 1
DBimpl - UNLOCK REQUEST: 0x3f44b680 1
[1773159767.984317744] UNLOCK pid=34740 fd=14: EXCLUSIVE -> SHARED
DBimpl - UNLOCK REQUEST: 0x3f44b680 0
[1773159767.984322601] UNLOCK pid=34740 fd=14: SHARED -> NO_LOCK
DBimpl - LOCK REQUEST: 0x3f44b680 1
[1773159767.984406871] LOCK pid=34738 fd=10: NO_LOCK -> SHARED (fallback)
[1773159767.984408410] LOCK pid=34738 fd=10: SHARED -> SHARED
DBimpl - LOCK REQUEST: 0x3f44b680 2
[1773159767.984423197] LOCK pid=34738 fd=10: SHARED -> RESERVED
DBimpl - LOCK REQUEST: 0x3f44b680 1
[1773159767.984748300] LOCK pid=34740 fd=14: NO_LOCK -> SHARED (fallback)
[1773159767.984750440] LOCK pid=34740 fd=14: SHARED -> SHARED
DBimpl - LOCK REQUEST: 0x3f44b680 2
DBimpl - UNLOCK REQUEST: 0x3f44b680 0
[1773159767.984769545] UNLOCK pid=34740 fd=14: SHARED -> NO_LOCK
DBimpl - LOCK REQUEST: 0x3f44b680 4
[1773159767.984841342] LOCK pid=34738 fd=10: RESERVED -> PENDING
[1773159767.984844277] LOCK pid=34738 fd=10: PENDING -> EXCLUSIVE
DBimpl - LOCK REQUEST: 0x3f44b680 1
DBimpl - LOCK REQUEST: 0x3f44b680 1
DBimpl - LOCK REQUEST: 0x3f44b680 1
DBimpl - LOCK REQUEST: 0x3f44b680 1
DBimpl - UNLOCK REQUEST: 0x3f44b680 1
[1773159767.989281098] UNLOCK pid=34738 fd=10: EXCLUSIVE -> SHARED
DBimpl - UNLOCK REQUEST: 0x3f44b680 0
[1773159767.989286950] UNLOCK pid=34738 fd=10: SHARED -> NO_LOCK
DBimpl - LOCK REQUEST: 0x3f44b680 1
[1773159767.989793078] LOCK pid=34738 fd=10: NO_LOCK -> SHARED (fallback)
[1773159767.989794294] LOCK pid=34738 fd=10: SHARED -> SHARED
DBimpl - LOCK REQUEST: 0x3f44b680 2
[1773159767.989802660] LOCK pid=34738 fd=10: SHARED -> RESERVED
DBimpl - LOCK REQUEST: 0x3f44b680 4
[1773159767.990122057] LOCK pid=34738 fd=10: RESERVED -> PENDING
[1773159767.990124169] LOCK pid=34738 fd=10: PENDING -> EXCLUSIVE
DBimpl - UNLOCK REQUEST: 0x3f44b680 1
[1773159767.992461316] UNLOCK pid=34738 fd=10: EXCLUSIVE -> SHARED
DBimpl - UNLOCK REQUEST: 0x3f44b680 0
[1773159767.992465083] UNLOCK pid=34738 fd=10: SHARED -> NO_LOCK
DBimpl - LOCK REQUEST: 0x3f44b680 1
[1773159767.992737935] LOCK pid=34738 fd=10: NO_LOCK -> SHARED (fallback)
[1773159767.992739163] LOCK pid=34738 fd=10: SHARED -> SHARED
DBimpl - LOCK REQUEST: 0x3f44b680 2
[1773159767.992747431] LOCK pid=34738 fd=10: SHARED -> RESERVED
DBimpl - LOCK REQUEST: 0x3f44b680 1
[1773159767.992951896] LOCK pid=34740 fd=14: NO_LOCK -> SHARED (fallback)
[1773159767.992954355] LOCK pid=34740 fd=14: SHARED -> SHARED
DBimpl - LOCK REQUEST: 0x3f44b680 2
DBimpl - UNLOCK REQUEST: 0x3f44b680 0
[1773159767.992974437] UNLOCK pid=34740 fd=14: SHARED -> NO_LOCK
DBimpl - LOCK REQUEST: 0x3f44b680 4
[1773159767.993086022] LOCK pid=34738 fd=10: RESERVED -> PENDING
[1773159767.993087885] LOCK pid=34738 fd=10: PENDING -> EXCLUSIVE
DBimpl - UNLOCK REQUEST: 0x3f44b680 1
[1773159767.994745199] UNLOCK pid=34738 fd=10: EXCLUSIVE -> SHARED
DBimpl - UNLOCK REQUEST: 0x3f44b680 0
[1773159767.994748749] UNLOCK pid=34738 fd=10: SHARED -> NO_LOCK
DBimpl - LOCK REQUEST: 0x3f44b680 1
[1773159767.996170672] LOCK pid=34738 fd=10: NO_LOCK -> SHARED (fallback)
[1773159767.996171946] LOCK pid=34738 fd=10: SHARED -> SHARED
DBimpl - LOCK REQUEST: 0x3f44b680 2
[1773159767.996179602] LOCK pid=34738 fd=10: SHARED -> RESERVED
DBimpl - LOCK REQUEST: 0x3f44b680 4
[1773159767.996261653] LOCK pid=34738 fd=10: RESERVED -> PENDING
[1773159767.996263299] LOCK pid=34738 fd=10: PENDING -> EXCLUSIVE
DBimpl - LOCK REQUEST: 0x3f44b680 1
DBimpl - UNLOCK REQUEST: 0x3f44b680 1
[1773159767.997862333] UNLOCK pid=34738 fd=10: EXCLUSIVE -> SHARED
DBimpl - UNLOCK REQUEST: 0x3f44b680 0
[1773159767.997865719] UNLOCK pid=34738 fd=10: SHARED -> NO_LOCK
DBimpl - LOCK REQUEST: 0x3f44b680 1
[1773159767.997959833] LOCK pid=34738 fd=10: NO_LOCK -> SHARED (fallback)
[1773159767.997961012] LOCK pid=34738 fd=10: SHARED -> SHARED
DBimpl - LOCK REQUEST: 0x3f44b680 2
[1773159767.997968270] LOCK pid=34738 fd=10: SHARED -> RESERVED
DBimpl - LOCK REQUEST: 0x3f44b680 4
[1773159767.998043443] LOCK pid=34738 fd=10: RESERVED -> PENDING
[1773159767.998045004] LOCK pid=34738 fd=10: PENDING -> EXCLUSIVE
DBimpl - LOCK REQUEST: 0x3f44b680 1
DBimpl - UNLOCK REQUEST: 0x3f44b680 1
[1773159768.000252728] UNLOCK pid=34738 fd=10: EXCLUSIVE -> SHARED
DBimpl - UNLOCK REQUEST: 0x3f44b680 0
[1773159768.000256102] UNLOCK pid=34738 fd=10: SHARED -> NO_LOCK
DBimpl - LOCK REQUEST: 0x3f44b680 1
[1773159768.001021659] LOCK pid=34738 fd=10: NO_LOCK -> SHARED (fallback)
[1773159768.001023232] LOCK pid=34738 fd=10: SHARED -> SHARED
DBimpl - LOCK REQUEST: 0x3f44b680 2
[1773159768.001036507] LOCK pid=34738 fd=10: SHARED -> RESERVED
DBimpl - LOCK REQUEST: 0x3f44b680 4
[1773159768.001408503] LOCK pid=34738 fd=10: RESERVED -> PENDING
[1773159768.001410384] LOCK pid=34738 fd=10: PENDING -> EXCLUSIVE
DBimpl - UNLOCK REQUEST: 0x3f44b680 1
[1773159768.003048906] UNLOCK pid=34738 fd=10: EXCLUSIVE -> SHARED
DBimpl - UNLOCK REQUEST: 0x3f44b680 0
[1773159768.003052915] UNLOCK pid=34738 fd=10: SHARED -> NO_LOCK
DBimpl - LOCK REQUEST: 0x3f44b680 1
[1773159768.003060708] LOCK pid=34740 fd=14: NO_LOCK -> SHARED (fallback)
[1773159768.003063217] LOCK pid=34740 fd=14: SHARED -> SHARED
DBimpl - LOCK REQUEST: 0x3f44b680 2
[1773159768.003078221] LOCK pid=34740 fd=14: SHARED -> RESERVED
DBimpl - LOCK REQUEST: 0x3f44b680 4
[1773159768.003236882] LOCK pid=34740 fd=14: RESERVED -> PENDING
[1773159768.003239517] LOCK pid=34740 fd=14: PENDING -> EXCLUSIVE
DBimpl - UNLOCK REQUEST: 0x3f44b680 1
[1773159768.004890064] UNLOCK pid=34740 fd=14: EXCLUSIVE -> SHARED
DBimpl - UNLOCK REQUEST: 0x3f44b680 0
[1773159768.004894853] UNLOCK pid=34740 fd=14: SHARED -> NO_LOCK
DBimpl - LOCK REQUEST: 0x3f44b680 1
[1773159768.006402168] LOCK pid=34738 fd=10: NO_LOCK -> SHARED (fallback)
[1773159768.006403832] LOCK pid=34738 fd=10: SHARED -> SHARED
DBimpl - LOCK REQUEST: 0x3f44b680 2
[1773159768.006415017] LOCK pid=34738 fd=10: SHARED -> RESERVED
DBimpl - LOCK REQUEST: 0x3f44b680 4
[1773159768.006813969] LOCK pid=34738 fd=10: RESERVED -> PENDING
[1773159768.006815779] LOCK pid=34738 fd=10: PENDING -> EXCLUSIVE
DBimpl - LOCK REQUEST: 0x3f44b680 1
DBimpl - LOCK REQUEST: 0x3f44b680 1
DBimpl - UNLOCK REQUEST: 0x3f44b680 1
[1773159768.008906759] UNLOCK pid=34738 fd=10: EXCLUSIVE -> SHARED
DBimpl - UNLOCK REQUEST: 0x3f44b680 0
[1773159768.008910833] UNLOCK pid=34738 fd=10: SHARED -> NO_LOCK
DBimpl - LOCK REQUEST: 0x3f44b680 1
[1773159768.009040077] LOCK pid=34738 fd=10: NO_LOCK -> SHARED (fallback)
[1773159768.009041297] LOCK pid=34738 fd=10: SHARED -> SHARED
DBimpl - LOCK REQUEST: 0x3f44b680 2
[1773159768.009049087] LOCK pid=34738 fd=10: SHARED -> RESERVED
DBimpl - LOCK REQUEST: 0x3f44b680 4
[1773159768.009425173] LOCK pid=34738 fd=10: RESERVED -> PENDING
[1773159768.009426887] LOCK pid=34738 fd=10: PENDING -> EXCLUSIVE
DBimpl - LOCK REQUEST: 0x3f44b680 1
DBimpl - LOCK REQUEST: 0x3f44b680 1
DBimpl - UNLOCK REQUEST: 0x3f44b680 1
[1773159768.011069531] UNLOCK pid=34738 fd=10: EXCLUSIVE -> SHARED
DBimpl - UNLOCK REQUEST: 0x3f44b680 0
[1773159768.011073155] UNLOCK pid=34738 fd=10: SHARED -> NO_LOCK
DBimpl - LOCK REQUEST: 0x3f44b680 1
[1773159768.012835066] LOCK pid=34736 fd=6: NO_LOCK -> SHARED (fallback)
[1773159768.012837198] LOCK pid=34736 fd=6: SHARED -> SHARED
DBimpl - UNLOCK REQUEST: 0x3f44b680 0
[1773159768.012936907] UNLOCK pid=34736 fd=6: SHARED -> NO_LOCK
DBimpl - LOCK REQUEST: 0x3f44b680 1
[1773159768.014131836] LOCK pid=34736 fd=6: NO_LOCK -> SHARED (fallback)
[1773159768.014133111] LOCK pid=34736 fd=6: SHARED -> SHARED
DBimpl - UNLOCK REQUEST: 0x3f44b680 0
[1773159768.014185122] UNLOCK pid=34736 fd=6: SHARED -> NO_LOCK
DBimpl - LOCK REQUEST: 0x3f44b680 1
[1773159768.014788468] LOCK pid=34736 fd=6: NO_LOCK -> SHARED (fallback)
[1773159768.014789610] LOCK pid=34736 fd=6: SHARED -> SHARED
DBimpl - UNLOCK REQUEST: 0x3f44b680 0
[1773159768.014838743] UNLOCK pid=34736 fd=6: SHARED -> NO_LOCK
DBimpl - LOCK REQUEST: 0x3f44b680 1
[1773159768.015151941] LOCK pid=34740 fd=14: NO_LOCK -> SHARED (fallback)
[1773159768.015153573] LOCK pid=34740 fd=14: SHARED -> SHARED
DBimpl - LOCK REQUEST: 0x3f44b680 2
[1773159768.015163931] LOCK pid=34740 fd=14: SHARED -> RESERVED
DBimpl - LOCK REQUEST: 0x3f44b680 4
[1773159768.015272642] LOCK pid=34740 fd=14: RESERVED -> PENDING
[1773159768.015274844] LOCK pid=34740 fd=14: PENDING -> EXCLUSIVE
DBimpl - LOCK REQUEST: 0x3f44b680 1
DBimpl - LOCK REQUEST: 0x3f44b680 1
DBimpl - UNLOCK REQUEST: 0x3f44b680 1
[1773159768.016896338] UNLOCK pid=34740 fd=14: EXCLUSIVE -> SHARED
DBimpl - UNLOCK REQUEST: 0x3f44b680 0
[1773159768.016900227] UNLOCK pid=34740 fd=14: SHARED -> NO_LOCK
DBimpl - LOCK REQUEST: 0x3f44b680 1
[1773159768.017011209] LOCK pid=34738 fd=10: NO_LOCK -> SHARED (fallback)
[1773159768.017013055] LOCK pid=34738 fd=10: SHARED -> SHARED
DBimpl - LOCK REQUEST: 0x3f44b680 2
[1773159768.017024788] LOCK pid=34738 fd=10: SHARED -> RESERVED
DBimpl - LOCK REQUEST: 0x3f44b680 1
[1773159768.017518295] LOCK pid=34736 fd=6: NO_LOCK -> SHARED (fallback)
[1773159768.017520131] LOCK pid=34736 fd=6: SHARED -> SHARED
DBimpl - LOCK REQUEST: 0x3f44b680 4
[1773159768.017536668] LOCK pid=34738 fd=10: RESERVED -> PENDING
DBimpl - UNLOCK REQUEST: 0x3f44b680 0
[1773159768.017607405] UNLOCK pid=34736 fd=6: SHARED -> NO_LOCK
DBimpl - LOCK REQUEST: 0x3f44b680 1
DBimpl - LOCK REQUEST: 0x3f44b680 4
[1773159768.018643142] LOCK pid=34738 fd=10: PENDING -> EXCLUSIVE
DBimpl - LOCK REQUEST: 0x3f44b680 1
DBimpl - LOCK REQUEST: 0x3f44b680 1
DBimpl - LOCK REQUEST: 0x3f44b680 1
DBimpl - UNLOCK REQUEST: 0x3f44b680 1
[1773159768.020807382] UNLOCK pid=34738 fd=10: EXCLUSIVE -> SHARED
DBimpl - UNLOCK REQUEST: 0x3f44b680 0
[1773159768.020811156] UNLOCK pid=34738 fd=10: SHARED -> NO_LOCK
DBimpl - LOCK REQUEST: 0x3f44b680 1
[1773159768.020990201] LOCK pid=34738 fd=10: NO_LOCK -> SHARED (fallback)
[1773159768.020991734] LOCK pid=34738 fd=10: SHARED -> SHARED
DBimpl - LOCK REQUEST: 0x3f44b680 2
[1773159768.020999472] LOCK pid=34738 fd=10: SHARED -> RESERVED
DBimpl - LOCK REQUEST: 0x3f44b680 4
[1773159768.021091713] LOCK pid=34738 fd=10: RESERVED -> PENDING
[1773159768.021093404] LOCK pid=34738 fd=10: PENDING -> EXCLUSIVE
DBimpl - LOCK REQUEST: 0x3f44b680 1
DBimpl - LOCK REQUEST: 0x3f44b680 1
DBimpl - UNLOCK REQUEST: 0x3f44b680 1
[1773159768.022771651] UNLOCK pid=34738 fd=10: EXCLUSIVE -> SHARED
DBimpl - UNLOCK REQUEST: 0x3f44b680 0
[1773159768.022774975] UNLOCK pid=34738 fd=10: SHARED -> NO_LOCK
DBimpl - LOCK REQUEST: 0x3f44b680 1
[1773159768.022877184] LOCK pid=34738 fd=10: NO_LOCK -> SHARED (fallback)
[1773159768.022878422] LOCK pid=34738 fd=10: SHARED -> SHARED
DBimpl - LOCK REQUEST: 0x3f44b680 2
[1773159768.022885914] LOCK pid=34738 fd=10: SHARED -> RESERVED
DBimpl - LOCK REQUEST: 0x3f44b680 4
[1773159768.023226756] LOCK pid=34738 fd=10: RESERVED -> PENDING
[1773159768.023228534] LOCK pid=34738 fd=10: PENDING -> EXCLUSIVE
DBimpl - LOCK REQUEST: 0x3f44b680 1
DBimpl - UNLOCK REQUEST: 0x3f44b680 1
[1773159768.024851637] UNLOCK pid=34738 fd=10: EXCLUSIVE -> SHARED
DBimpl - UNLOCK REQUEST: 0x3f44b680 0
[1773159768.024855285] UNLOCK pid=34738 fd=10: SHARED -> NO_LOCK
DBimpl - LOCK REQUEST: 0x3f44b680 1
[1773159768.025561629] LOCK pid=34738 fd=10: NO_LOCK -> SHARED (fallback)
[1773159768.025562978] LOCK pid=34738 fd=10: SHARED -> SHARED
DBimpl - LOCK REQUEST: 0x3f44b680 2
[1773159768.025570740] LOCK pid=34738 fd=10: SHARED -> RESERVED
DBimpl - LOCK REQUEST: 0x3f44b680 4
[1773159768.025644545] LOCK pid=34738 fd=10: RESERVED -> PENDING
[1773159768.025646187] LOCK pid=34738 fd=10: PENDING -> EXCLUSIVE
DBimpl - LOCK REQUEST: 0x3f44b680 1
DBimpl - LOCK REQUEST: 0x3f44b680 1
DBimpl - UNLOCK REQUEST: 0x3f44b680 1
[1773159768.027747457] UNLOCK pid=34738 fd=10: EXCLUSIVE -> SHARED
DBimpl - UNLOCK REQUEST: 0x3f44b680 0
[1773159768.027751438] UNLOCK pid=34738 fd=10: SHARED -> NO_LOCK
DBimpl - LOCK REQUEST: 0x3f44b680 1
[1773159768.028000765] LOCK pid=34738 fd=10: NO_LOCK -> SHARED (fallback)
[1773159768.028013953] LOCK pid=34738 fd=10: SHARED -> SHARED
DBimpl - LOCK REQUEST: 0x3f44b680 2
[1773159768.028060931] LOCK pid=34738 fd=10: SHARED -> RESERVED
DBimpl - LOCK REQUEST: 0x3f44b680 4
[1773159768.028454243] LOCK pid=34738 fd=10: RESERVED -> PENDING
[1773159768.028456040] LOCK pid=34738 fd=10: PENDING -> EXCLUSIVE
DBimpl - UNLOCK REQUEST: 0x3f44b680 1
[1773159768.030220839] UNLOCK pid=34738 fd=10: EXCLUSIVE -> SHARED
DBimpl - UNLOCK REQUEST: 0x3f44b680 0
[1773159768.030224527] UNLOCK pid=34738 fd=10: SHARED -> NO_LOCK
DBimpl - LOCK REQUEST: 0x3f44b680 1
[1773159768.033281319] LOCK pid=34738 fd=10: NO_LOCK -> SHARED (fallback)
[1773159768.033282710] LOCK pid=34738 fd=10: SHARED -> SHARED
DBimpl - LOCK REQUEST: 0x3f44b680 2
[1773159768.033291020] LOCK pid=34738 fd=10: SHARED -> RESERVED
DBimpl - LOCK REQUEST: 0x3f44b680 4
[1773159768.033385176] LOCK pid=34738 fd=10: RESERVED -> PENDING
[1773159768.033386897] LOCK pid=34738 fd=10: PENDING -> EXCLUSIVE
DBimpl - UNLOCK REQUEST: 0x3f44b680 1
[1773159768.035162767] UNLOCK pid=34738 fd=10: EXCLUSIVE -> SHARED
DBimpl - UNLOCK REQUEST: 0x3f44b680 0
[1773159768.035204486] UNLOCK pid=34738 fd=10: SHARED -> NO_LOCK
DBimpl - LOCK REQUEST: 0x3f44b680 1
[1773159768.035731596] LOCK pid=34738 fd=10: NO_LOCK -> SHARED (fallback)
[1773159768.035732832] LOCK pid=34738 fd=10: SHARED -> SHARED
DBimpl - LOCK REQUEST: 0x3f44b680 2
[1773159768.035740920] LOCK pid=34738 fd=10: SHARED -> RESERVED
DBimpl - LOCK REQUEST: 0x3f44b680 4
[1773159768.036119224] LOCK pid=34738 fd=10: RESERVED -> PENDING
[1773159768.036121082] LOCK pid=34738 fd=10: PENDING -> EXCLUSIVE
DBimpl - LOCK REQUEST: 0x3f44b680 1
DBimpl - LOCK REQUEST: 0x3f44b680 1
DBimpl - UNLOCK REQUEST: 0x3f44b680 1
[1773159768.038151095] UNLOCK pid=34738 fd=10: EXCLUSIVE -> SHARED
DBimpl - UNLOCK REQUEST: 0x3f44b680 0
[1773159768.038154701] UNLOCK pid=34738 fd=10: SHARED -> NO_LOCK
DBimpl - LOCK REQUEST: 0x3f44b680 1
[1773159768.039739380] LOCK pid=34738 fd=10: NO_LOCK -> SHARED (fallback)
[1773159768.039740667] LOCK pid=34738 fd=10: SHARED -> SHARED
DBimpl - LOCK REQUEST: 0x3f44b680 2
[1773159768.039748544] LOCK pid=34738 fd=10: SHARED -> RESERVED
DBimpl - LOCK REQUEST: 0x3f44b680 4
[1773159768.040160691] LOCK pid=34738 fd=10: RESERVED -> PENDING
[1773159768.040162442] LOCK pid=34738 fd=10: PENDING -> EXCLUSIVE
DBimpl - UNLOCK REQUEST: 0x3f44b680 1
[1773159768.041786128] UNLOCK pid=34738 fd=10: EXCLUSIVE -> SHARED
DBimpl - UNLOCK REQUEST: 0x3f44b680 0
[1773159768.041789578] UNLOCK pid=34738 fd=10: SHARED -> NO_LOCK
DBimpl - LOCK REQUEST: 0x3f44b680 1
[1773159768.041887780] LOCK pid=34738 fd=10: NO_LOCK -> SHARED (fallback)
[1773159768.041889187] LOCK pid=34738 fd=10: SHARED -> SHARED
DBimpl - LOCK REQUEST: 0x3f44b680 2
[1773159768.041896448] LOCK pid=34738 fd=10: SHARED -> RESERVED
DBimpl - LOCK REQUEST: 0x3f44b680 4
[1773159768.041983781] LOCK pid=34738 fd=10: RESERVED -> PENDING
[1773159768.041985352] LOCK pid=34738 fd=10: PENDING -> EXCLUSIVE
DBimpl - UNLOCK REQUEST: 0x3f44b680 1
[1773159768.043687812] UNLOCK pid=34738 fd=10: EXCLUSIVE -> SHARED
DBimpl - UNLOCK REQUEST: 0x3f44b680 0
[1773159768.043691884] UNLOCK pid=34738 fd=10: SHARED -> NO_LOCK
DBimpl - LOCK REQUEST: 0x3f44b680 1
[1773159768.043866946] LOCK pid=34738 fd=10: NO_LOCK -> SHARED (fallback)
[1773159768.043868234] LOCK pid=34738 fd=10: SHARED -> SHARED
DBimpl - LOCK REQUEST: 0x3f44b680 2
[1773159768.043875441] LOCK pid=34738 fd=10: SHARED -> RESERVED
DBimpl - LOCK REQUEST: 0x3f44b680 4
[1773159768.044248208] LOCK pid=34738 fd=10: RESERVED -> PENDING
[1773159768.044249943] LOCK pid=34738 fd=10: PENDING -> EXCLUSIVE
DBimpl - UNLOCK REQUEST: 0x3f44b680 1
[1773159768.046717487] UNLOCK pid=34738 fd=10: EXCLUSIVE -> SHARED
DBimpl - UNLOCK REQUEST: 0x3f44b680 0
[1773159768.046720956] UNLOCK pid=34738 fd=10: SHARED -> NO_LOCK
DBimpl - LOCK REQUEST: 0x3f44b680 1
[1773159768.048396939] LOCK pid=34739 fd=12: NO_LOCK -> SHARED (fallback)
[1773159768.048398656] LOCK pid=34739 fd=12: SHARED -> SHARED
DBimpl - LOCK REQUEST: 0x3f44b680 2
[1773159768.048410369] LOCK pid=34739 fd=12: SHARED -> RESERVED
DBimpl - LOCK REQUEST: 0x3f44b680 1
[1773159768.049263675] LOCK pid=34738 fd=10: NO_LOCK -> SHARED (fallback)
[1773159768.049266008] LOCK pid=34738 fd=10: SHARED -> SHARED
DBimpl - LOCK REQUEST: 0x3f44b680 2
DBimpl - UNLOCK REQUEST: 0x3f44b680 0
[1773159768.049285441] UNLOCK pid=34738 fd=10: SHARED -> NO_LOCK
DBimpl - LOCK REQUEST: 0x3f44b680 1
[1773159768.050350439] LOCK pid=34738 fd=10: NO_LOCK -> SHARED (fallback)
[1773159768.050352584] LOCK pid=34738 fd=10: SHARED -> SHARED
DBimpl - LOCK REQUEST: 0x3f44b680 2
DBimpl - UNLOCK REQUEST: 0x3f44b680 0
[1773159768.050366796] UNLOCK pid=34738 fd=10: SHARED -> NO_LOCK
DBimpl - LOCK REQUEST: 0x3f44b680 4
[1773159768.051056110] LOCK pid=34739 fd=12: RESERVED -> PENDING
[1773159768.051058076] LOCK pid=34739 fd=12: PENDING -> EXCLUSIVE
DBimpl - LOCK REQUEST: 0x3f44b680 1
DBimpl - LOCK REQUEST: 0x3f44b680 1
DBimpl - LOCK REQUEST: 0x3f44b680 1
DBimpl - UNLOCK REQUEST: 0x3f44b680 1
[1773159768.055318205] UNLOCK pid=34739 fd=12: EXCLUSIVE -> SHARED
DBimpl - UNLOCK REQUEST: 0x3f44b680 0
[1773159768.055322105] UNLOCK pid=34739 fd=12: SHARED -> NO_LOCK
DBimpl - LOCK REQUEST: 0x3f44b680 1
[1773159768.057522441] LOCK pid=34738 fd=10: NO_LOCK -> SHARED (fallback)
[1773159768.057524220] LOCK pid=34738 fd=10: SHARED -> SHARED
DBimpl - LOCK REQUEST: 0x3f44b680 2
[1773159768.057535292] LOCK pid=34738 fd=10: SHARED -> RESERVED
DBimpl - LOCK REQUEST: 0x3f44b680 4
[1773159768.057954713] LOCK pid=34738 fd=10: RESERVED -> PENDING
[1773159768.057956509] LOCK pid=34738 fd=10: PENDING -> EXCLUSIVE
DBimpl - LOCK REQUEST: 0x3f44b680 1
DBimpl - UNLOCK REQUEST: 0x3f44b680 1
[1773159768.059610550] UNLOCK pid=34738 fd=10: EXCLUSIVE -> SHARED
DBimpl - UNLOCK REQUEST: 0x3f44b680 0
[1773159768.059614314] UNLOCK pid=34738 fd=10: SHARED -> NO_LOCK
DBimpl - LOCK REQUEST: 0x3f44b680 1
[1773159768.060145843] LOCK pid=34738 fd=10: NO_LOCK -> SHARED (fallback)
[1773159768.060147101] LOCK pid=34738 fd=10: SHARED -> SHARED
DBimpl - LOCK REQUEST: 0x3f44b680 2
[1773159768.060154768] LOCK pid=34738 fd=10: SHARED -> RESERVED
DBimpl - LOCK REQUEST: 0x3f44b680 1
[1773159768.060529064] LOCK pid=34739 fd=12: NO_LOCK -> SHARED (fallback)
[1773159768.060531369] LOCK pid=34739 fd=12: SHARED -> SHARED
DBimpl - LOCK REQUEST: 0x3f44b680 1
DBimpl - LOCK REQUEST: 0x3f44b680 2
DBimpl - UNLOCK REQUEST: 0x3f44b680 0
[1773159768.060551705] LOCK pid=34737 fd=8: NO_LOCK -> SHARED (fallback)
[1773159768.060552811] UNLOCK pid=34739 fd=12: SHARED -> NO_LOCK
[1773159768.060554322] LOCK pid=34737 fd=8: SHARED -> SHARED
DBimpl - LOCK REQUEST: 0x3f44b680 4
[1773159768.060612810] LOCK pid=34738 fd=10: RESERVED -> PENDING
DBimpl - UNLOCK REQUEST: 0x3f44b680 0
[1773159768.060803174] UNLOCK pid=34737 fd=8: SHARED -> NO_LOCK
DBimpl - LOCK REQUEST: 0x3f44b680 4
[1773159768.061699047] LOCK pid=34738 fd=10: PENDING -> EXCLUSIVE
DBimpl - LOCK REQUEST: 0x3f44b680 1
DBimpl - LOCK REQUEST: 0x3f44b680 1
DBimpl - LOCK REQUEST: 0x3f44b680 1
DBimpl - UNLOCK REQUEST: 0x3f44b680 1
[1773159768.063866540] UNLOCK pid=34738 fd=10: EXCLUSIVE -> SHARED
DBimpl - UNLOCK REQUEST: 0x3f44b680 0
[1773159768.063873397] UNLOCK pid=34738 fd=10: SHARED -> NO_LOCK
DBimpl - LOCK REQUEST: 0x3f44b680 1
[1773159768.064319834] LOCK pid=34738 fd=10: NO_LOCK -> SHARED (fallback)
[1773159768.064321739] LOCK pid=34738 fd=10: SHARED -> SHARED
DBimpl - LOCK REQUEST: 0x3f44b680 2
[1773159768.064333782] LOCK pid=34738 fd=10: SHARED -> RESERVED
DBimpl - LOCK REQUEST: 0x3f44b680 4
[1773159768.064926262] LOCK pid=34738 fd=10: RESERVED -> PENDING
[1773159768.064929391] LOCK pid=34738 fd=10: PENDING -> EXCLUSIVE
DBimpl - LOCK REQUEST: 0x3f44b680 1
DBimpl - UNLOCK REQUEST: 0x3f44b680 1
[1773159768.066718321] UNLOCK pid=34738 fd=10: EXCLUSIVE -> SHARED
DBimpl - UNLOCK REQUEST: 0x3f44b680 0
[1773159768.066729860] UNLOCK pid=34738 fd=10: SHARED -> NO_LOCK
DBimpl - LOCK REQUEST: 0x3f44b680 1
[1773159768.067696481] LOCK pid=34739 fd=12: NO_LOCK -> SHARED (fallback)
[1773159768.067698224] LOCK pid=34739 fd=12: SHARED -> SHARED
DBimpl - LOCK REQUEST: 0x3f44b680 2
[1773159768.067708402] LOCK pid=34739 fd=12: SHARED -> RESERVED
DBimpl - LOCK REQUEST: 0x3f44b680 1
[1773159768.068692324] LOCK pid=34738 fd=10: NO_LOCK -> SHARED (fallback)
[1773159768.068694131] LOCK pid=34738 fd=10: SHARED -> SHARED
DBimpl - LOCK REQUEST: 0x3f44b680 2
DBimpl - UNLOCK REQUEST: 0x3f44b680 0
[1773159768.068710056] UNLOCK pid=34738 fd=10: SHARED -> NO_LOCK
DBimpl - LOCK REQUEST: 0x3f44b680 4
[1773159768.069203371] LOCK pid=34739 fd=12: RESERVED -> PENDING
[1773159768.069205343] LOCK pid=34739 fd=12: PENDING -> EXCLUSIVE
DBimpl - LOCK REQUEST: 0x3f44b680 1
DBimpl - LOCK REQUEST: 0x3f44b680 1
DBimpl - UNLOCK REQUEST: 0x3f44b680 1
[1773159768.071359246] UNLOCK pid=34739 fd=12: EXCLUSIVE -> SHARED
DBimpl - UNLOCK REQUEST: 0x3f44b680 0
[1773159768.071365413] UNLOCK pid=34739 fd=12: SHARED -> NO_LOCK
DBimpl - LOCK REQUEST: 0x3f44b680 1
[1773159768.071412340] LOCK pid=34740 fd=14: NO_LOCK -> SHARED (fallback)
[1773159768.071414104] LOCK pid=34740 fd=14: SHARED -> SHARED
DBimpl - LOCK REQUEST: 0x3f44b680 2
[1773159768.071427058] LOCK pid=34740 fd=14: SHARED -> RESERVED
DBimpl - LOCK REQUEST: 0x3f44b680 4
[1773159768.071563107] LOCK pid=34740 fd=14: RESERVED -> PENDING
[1773159768.071564999] LOCK pid=34740 fd=14: PENDING -> EXCLUSIVE
DBimpl - LOCK REQUEST: 0x3f44b680 1
DBimpl - LOCK REQUEST: 0x3f44b680 1
DBimpl - LOCK REQUEST: 0x3f44b680 1
DBimpl - LOCK REQUEST: 0x3f44b680 1
DBimpl - UNLOCK REQUEST: 0x3f44b680 1
[1773159768.073670134] UNLOCK pid=34740 fd=14: EXCLUSIVE -> SHARED
DBimpl - UNLOCK REQUEST: 0x3f44b680 0
[1773159768.073675264] UNLOCK pid=34740 fd=14: SHARED -> NO_LOCK
DBimpl - LOCK REQUEST: 0x3f44b680 1
[1773159768.073741232] LOCK pid=34740 fd=14: NO_LOCK -> SHARED (fallback)
[1773159768.073743443] LOCK pid=34740 fd=14: SHARED -> SHARED
DBimpl - LOCK REQUEST: 0x3f44b680 2
[1773159768.073753632] LOCK pid=34740 fd=14: SHARED -> RESERVED
DBimpl - LOCK REQUEST: 0x3f44b680 4
[1773159768.073853990] LOCK pid=34740 fd=14: RESERVED -> PENDING
[1773159768.073855768] LOCK pid=34740 fd=14: PENDING -> EXCLUSIVE
DBimpl - LOCK REQUEST: 0x3f44b680 1
DBimpl - UNLOCK REQUEST: 0x3f44b680 1
[1773159768.075527764] UNLOCK pid=34740 fd=14: EXCLUSIVE -> SHARED
DBimpl - UNLOCK REQUEST: 0x3f44b680 0
[1773159768.075531617] UNLOCK pid=34740 fd=14: SHARED -> NO_LOCK
DBimpl - LOCK REQUEST: 0x3f44b680 1
[1773159768.076459834] LOCK pid=34740 fd=14: NO_LOCK -> SHARED (fallback)
[1773159768.076461200] LOCK pid=34740 fd=14: SHARED -> SHARED
DBimpl - LOCK REQUEST: 0x3f44b680 2
[1773159768.076469623] LOCK pid=34740 fd=14: SHARED -> RESERVED
DBimpl - LOCK REQUEST: 0x3f44b680 4
[1773159768.076559815] LOCK pid=34740 fd=14: RESERVED -> PENDING
[1773159768.076561571] LOCK pid=34740 fd=14: PENDING -> EXCLUSIVE
DBimpl - LOCK REQUEST: 0x3f44b680 1
DBimpl - UNLOCK REQUEST: 0x3f44b680 1
[1773159768.078742852] UNLOCK pid=34740 fd=14: EXCLUSIVE -> SHARED
DBimpl - UNLOCK REQUEST: 0x3f44b680 0
[1773159768.078746751] UNLOCK pid=34740 fd=14: SHARED -> NO_LOCK
DBimpl - LOCK REQUEST: 0x3f44b680 1
[1773159768.079785533] LOCK pid=34740 fd=14: NO_LOCK -> SHARED (fallback)
[1773159768.079786887] LOCK pid=34740 fd=14: SHARED -> SHARED
DBimpl - LOCK REQUEST: 0x3f44b680 2
[1773159768.079794810] LOCK pid=34740 fd=14: SHARED -> RESERVED
DBimpl - LOCK REQUEST: 0x3f44b680 4
[1773159768.079866773] LOCK pid=34740 fd=14: RESERVED -> PENDING
[1773159768.079868484] LOCK pid=34740 fd=14: PENDING -> EXCLUSIVE
DBimpl - LOCK REQUEST: 0x3f44b680 1
DBimpl - LOCK REQUEST: 0x3f44b680 1
DBimpl - UNLOCK REQUEST: 0x3f44b680 1
[1773159768.082121774] UNLOCK pid=34740 fd=14: EXCLUSIVE -> SHARED
DBimpl - UNLOCK REQUEST: 0x3f44b680 0
[1773159768.082129615] UNLOCK pid=34740 fd=14: SHARED -> NO_LOCK
DBimpl - LOCK REQUEST: 0x3f44b680 1
[1773159768.083211241] LOCK pid=34740 fd=14: NO_LOCK -> SHARED (fallback)
[1773159768.083212938] LOCK pid=34740 fd=14: SHARED -> SHARED
DBimpl - LOCK REQUEST: 0x3f44b680 2
[1773159768.083224653] LOCK pid=34740 fd=14: SHARED -> RESERVED
DBimpl - LOCK REQUEST: 0x3f44b680 4
[1773159768.083326166] LOCK pid=34740 fd=14: RESERVED -> PENDING
[1773159768.083327889] LOCK pid=34740 fd=14: PENDING -> EXCLUSIVE
DBimpl - UNLOCK REQUEST: 0x3f44b680 1
[1773159768.084966938] UNLOCK pid=34740 fd=14: EXCLUSIVE -> SHARED
DBimpl - UNLOCK REQUEST: 0x3f44b680 0
[1773159768.084971571] UNLOCK pid=34740 fd=14: SHARED -> NO_LOCK
DBimpl - LOCK REQUEST: 0x3f44b680 1
[1773159768.085187524] LOCK pid=34740 fd=14: NO_LOCK -> SHARED (fallback)
[1773159768.085188761] LOCK pid=34740 fd=14: SHARED -> SHARED
DBimpl - LOCK REQUEST: 0x3f44b680 2
[1773159768.085198395] LOCK pid=34740 fd=14: SHARED -> RESERVED
DBimpl - LOCK REQUEST: 0x3f44b680 4
[1773159768.085273920] LOCK pid=34740 fd=14: RESERVED -> PENDING
[1773159768.085275672] LOCK pid=34740 fd=14: PENDING -> EXCLUSIVE
DBimpl - UNLOCK REQUEST: 0x3f44b680 1
[1773159768.086839765] UNLOCK pid=34740 fd=14: EXCLUSIVE -> SHARED
DBimpl - UNLOCK REQUEST: 0x3f44b680 0
[1773159768.086845410] UNLOCK pid=34740 fd=14: SHARED -> NO_LOCK
DBimpl - LOCK REQUEST: 0x3f44b680 1
[1773159768.086937096] LOCK pid=34738 fd=10: NO_LOCK -> SHARED (fallback)
[1773159768.086938526] LOCK pid=34738 fd=10: SHARED -> SHARED
DBimpl - LOCK REQUEST: 0x3f44b680 2
[1773159768.086950141] LOCK pid=34738 fd=10: SHARED -> RESERVED
DBimpl - LOCK REQUEST: 0x3f44b680 4
[1773159768.087452397] LOCK pid=34738 fd=10: RESERVED -> PENDING
[1773159768.087454339] LOCK pid=34738 fd=10: PENDING -> EXCLUSIVE
DBimpl - LOCK REQUEST: 0x3f44b680 1
DBimpl - LOCK REQUEST: 0x3f44b680 1
DBimpl - UNLOCK REQUEST: 0x3f44b680 1
[1773159768.089086260] UNLOCK pid=34738 fd=10: EXCLUSIVE -> SHARED
DBimpl - UNLOCK REQUEST: 0x3f44b680 0
[1773159768.089090314] UNLOCK pid=34738 fd=10: SHARED -> NO_LOCK
DBimpl - LOCK REQUEST: 0x3f44b680 1
[1773159768.089873741] LOCK pid=34738 fd=10: NO_LOCK -> SHARED (fallback)
[1773159768.089874993] LOCK pid=34738 fd=10: SHARED -> SHARED
DBimpl - LOCK REQUEST: 0x3f44b680 2
[1773159768.089882948] LOCK pid=34738 fd=10: SHARED -> RESERVED
DBimpl - LOCK REQUEST: 0x3f44b680 4
[1773159768.090421804] LOCK pid=34738 fd=10: RESERVED -> PENDING
[1773159768.090423806] LOCK pid=34738 fd=10: PENDING -> EXCLUSIVE
DBimpl - LOCK REQUEST: 0x3f44b680 1
DBimpl - LOCK REQUEST: 0x3f44b680 1
DBimpl - UNLOCK REQUEST: 0x3f44b680 1
[1773159768.092615722] UNLOCK pid=34738 fd=10: EXCLUSIVE -> SHARED
DBimpl - UNLOCK REQUEST: 0x3f44b680 0
[1773159768.092620120] UNLOCK pid=34738 fd=10: SHARED -> NO_LOCK
DBimpl - LOCK REQUEST: 0x3f44b680 1
[1773159768.094480347] LOCK pid=34738 fd=10: NO_LOCK -> SHARED (fallback)
[1773159768.094482042] LOCK pid=34738 fd=10: SHARED -> SHARED
DBimpl - LOCK REQUEST: 0x3f44b680 2
[1773159768.094493273] LOCK pid=34738 fd=10: SHARED -> RESERVED
DBimpl - LOCK REQUEST: 0x3f44b680 4
[1773159768.095114757] LOCK pid=34738 fd=10: RESERVED -> PENDING
[1773159768.095116861] LOCK pid=34738 fd=10: PENDING -> EXCLUSIVE
DBimpl - LOCK REQUEST: 0x3f44b680 1
DBimpl - LOCK REQUEST: 0x3f44b680 1
DBimpl - UNLOCK REQUEST: 0x3f44b680 1
[1773159768.097388532] UNLOCK pid=34738 fd=10: EXCLUSIVE -> SHARED
DBimpl - UNLOCK REQUEST: 0x3f44b680 0
[1773159768.097394296] UNLOCK pid=34738 fd=10: SHARED -> NO_LOCK
DBimpl - LOCK REQUEST: 0x3f44b680 1
[1773159768.097657552] LOCK pid=34738 fd=10: NO_LOCK -> SHARED (fallback)
[1773159768.097659281] LOCK pid=34738 fd=10: SHARED -> SHARED
DBimpl - LOCK REQUEST: 0x3f44b680 2
[1773159768.097668963] LOCK pid=34738 fd=10: SHARED -> RESERVED
DBimpl - LOCK REQUEST: 0x3f44b680 1
[1773159768.097907834] LOCK pid=34736 fd=6: NO_LOCK -> SHARED (fallback)
[1773159768.097910144] LOCK pid=34736 fd=6: SHARED -> SHARED
DBimpl - UNLOCK REQUEST: 0x3f44b680 0
[1773159768.098023379] UNLOCK pid=34736 fd=6: SHARED -> NO_LOCK
DBimpl - LOCK REQUEST: 0x3f44b680 4
[1773159768.098136716] LOCK pid=34738 fd=10: RESERVED -> PENDING
[1773159768.098138675] LOCK pid=34738 fd=10: PENDING -> EXCLUSIVE
DBimpl - LOCK REQUEST: 0x3f44b680 1
DBimpl - LOCK REQUEST: 0x3f44b680 1
DBimpl - UNLOCK REQUEST: 0x3f44b680 1
[1773159768.100400735] UNLOCK pid=34738 fd=10: EXCLUSIVE -> SHARED
DBimpl - UNLOCK REQUEST: 0x3f44b680 0
[1773159768.100406058] UNLOCK pid=34738 fd=10: SHARED -> NO_LOCK
DBimpl - LOCK REQUEST: 0x3f44b680 1
[1773159768.100503562] LOCK pid=34738 fd=10: NO_LOCK -> SHARED (fallback)
[1773159768.100505204] LOCK pid=34738 fd=10: SHARED -> SHARED
DBimpl - LOCK REQUEST: 0x3f44b680 2
[1773159768.100515324] LOCK pid=34738 fd=10: SHARED -> RESERVED
DBimpl - LOCK REQUEST: 0x3f44b680 4
[1773159768.100628678] LOCK pid=34738 fd=10: RESERVED -> PENDING
[1773159768.100630827] LOCK pid=34738 fd=10: PENDING -> EXCLUSIVE
DBimpl - LOCK REQUEST: 0x3f44b680 1
DBimpl - UNLOCK REQUEST: 0x3f44b680 1
[1773159768.102397988] UNLOCK pid=34738 fd=10: EXCLUSIVE -> SHARED
DBimpl - UNLOCK REQUEST: 0x3f44b680 0
[1773159768.102401983] UNLOCK pid=34738 fd=10: SHARED -> NO_LOCK
DBimpl - LOCK REQUEST: 0x3f44b680 1
[1773159768.103979611] LOCK pid=34738 fd=10: NO_LOCK -> SHARED (fallback)
[1773159768.103980893] LOCK pid=34738 fd=10: SHARED -> SHARED
DBimpl - LOCK REQUEST: 0x3f44b680 2
[1773159768.103993249] LOCK pid=34738 fd=10: SHARED -> RESERVED
DBimpl - LOCK REQUEST: 0x3f44b680 4
[1773159768.104478354] LOCK pid=34738 fd=10: RESERVED -> PENDING
[1773159768.104480511] LOCK pid=34738 fd=10: PENDING -> EXCLUSIVE
DBimpl - LOCK REQUEST: 0x3f44b680 1
DBimpl - LOCK REQUEST: 0x3f44b680 1
DBimpl - UNLOCK REQUEST: 0x3f44b680 1
[1773159768.106230152] UNLOCK pid=34738 fd=10: EXCLUSIVE -> SHARED
DBimpl - UNLOCK REQUEST: 0x3f44b680 0
[1773159768.106233937] UNLOCK pid=34738 fd=10: SHARED -> NO_LOCK
DBimpl - LOCK REQUEST: 0x3f44b680 1
[1773159768.106464577] LOCK pid=34736 fd=6: NO_LOCK -> SHARED (fallback)
[1773159768.106466196] LOCK pid=34736 fd=6: SHARED -> SHARED
DBimpl - UNLOCK REQUEST: 0x3f44b680 0
[1773159768.106548570] UNLOCK pid=34736 fd=6: SHARED -> NO_LOCK
DBimpl - LOCK REQUEST: 0x3f44b680 1
[1773159768.106850228] LOCK pid=34738 fd=10: NO_LOCK -> SHARED (fallback)
[1773159768.106851563] LOCK pid=34738 fd=10: SHARED -> SHARED
DBimpl - LOCK REQUEST: 0x3f44b680 2
[1773159768.106858774] LOCK pid=34738 fd=10: SHARED -> RESERVED
DBimpl - LOCK REQUEST: 0x3f44b680 4
[1773159768.107325361] LOCK pid=34738 fd=10: RESERVED -> PENDING
[1773159768.107327165] LOCK pid=34738 fd=10: PENDING -> EXCLUSIVE
DBimpl - LOCK REQUEST: 0x3f44b680 1
DBimpl - UNLOCK REQUEST: 0x3f44b680 1
[1773159768.109740707] UNLOCK pid=34738 fd=10: EXCLUSIVE -> SHARED
DBimpl - UNLOCK REQUEST: 0x3f44b680 0
[1773159768.109744395] UNLOCK pid=34738 fd=10: SHARED -> NO_LOCK
DBimpl - LOCK REQUEST: 0x3f44b680 1
[1773159768.109797802] LOCK pid=34736 fd=6: NO_LOCK -> SHARED (fallback)
[1773159768.109799058] LOCK pid=34736 fd=6: SHARED -> SHARED
DBimpl - UNLOCK REQUEST: 0x3f44b680 0
[1773159768.109873186] UNLOCK pid=34736 fd=6: SHARED -> NO_LOCK
DBimpl - LOCK REQUEST: 0x3f44b680 1
[1773159768.110360505] LOCK pid=34736 fd=6: NO_LOCK -> SHARED (fallback)
[1773159768.110361679] LOCK pid=34736 fd=6: SHARED -> SHARED
DBimpl - UNLOCK REQUEST: 0x3f44b680 0
[1773159768.110414249] UNLOCK pid=34736 fd=6: SHARED -> NO_LOCK
DBimpl - LOCK REQUEST: 0x3f44b680 1
[1773159768.110607753] LOCK pid=34738 fd=10: NO_LOCK -> SHARED (fallback)
[1773159768.110609046] LOCK pid=34738 fd=10: SHARED -> SHARED
DBimpl - LOCK REQUEST: 0x3f44b680 2
[1773159768.110618249] LOCK pid=34738 fd=10: SHARED -> RESERVED
DBimpl - LOCK REQUEST: 0x3f44b680 4
[1773159768.110707614] LOCK pid=34738 fd=10: RESERVED -> PENDING
[1773159768.110709860] LOCK pid=34738 fd=10: PENDING -> EXCLUSIVE
DBimpl - LOCK REQUEST: 0x3f44b680 1
DBimpl - LOCK REQUEST: 0x3f44b680 1
DBimpl - LOCK REQUEST: 0x3f44b680 1
DBimpl - UNLOCK REQUEST: 0x3f44b680 1
[1773159768.114935877] UNLOCK pid=34738 fd=10: EXCLUSIVE -> SHARED
DBimpl - UNLOCK REQUEST: 0x3f44b680 0
[1773159768.114941276] UNLOCK pid=34738 fd=10: SHARED -> NO_LOCK
DBimpl - LOCK REQUEST: 0x3f44b680 1
[1773159768.115307257] LOCK pid=34737 fd=8: NO_LOCK -> SHARED (fallback)
[1773159768.115310800] LOCK pid=34737 fd=8: SHARED -> SHARED
DBimpl - UNLOCK REQUEST: 0x3f44b680 0
[1773159768.115497728] UNLOCK pid=34737 fd=8: SHARED -> NO_LOCK
DBimpl - LOCK REQUEST: 0x3f44b680 1
[1773159768.116437189] LOCK pid=34738 fd=10: NO_LOCK -> SHARED (fallback)
[1773159768.116438533] LOCK pid=34738 fd=10: SHARED -> SHARED
DBimpl - LOCK REQUEST: 0x3f44b680 2
[1773159768.116447517] LOCK pid=34738 fd=10: SHARED -> RESERVED
DBimpl - LOCK REQUEST: 0x3f44b680 4
[1773159768.116978221] LOCK pid=34738 fd=10: RESERVED -> PENDING
[1773159768.116980185] LOCK pid=34738 fd=10: PENDING -> EXCLUSIVE
DBimpl - LOCK REQUEST: 0x3f44b680 1
DBimpl - LOCK REQUEST: 0x3f44b680 1
DBimpl - LOCK REQUEST: 0x3f44b680 1
DBimpl - UNLOCK REQUEST: 0x3f44b680 1
[1773159768.119175977] UNLOCK pid=34738 fd=10: EXCLUSIVE -> SHARED
DBimpl - UNLOCK REQUEST: 0x3f44b680 0
[1773159768.119180809] UNLOCK pid=34738 fd=10: SHARED -> NO_LOCK
DBimpl - LOCK REQUEST: 0x3f44b680 1
[1773159768.120230928] LOCK pid=34738 fd=10: NO_LOCK -> SHARED (fallback)
[1773159768.120232319] LOCK pid=34738 fd=10: SHARED -> SHARED
DBimpl - LOCK REQUEST: 0x3f44b680 2
[1773159768.120241354] LOCK pid=34738 fd=10: SHARED -> RESERVED
DBimpl - LOCK REQUEST: 0x3f44b680 1
[1773159768.120533194] LOCK pid=34737 fd=8: NO_LOCK -> SHARED (fallback)
[1773159768.120535491] LOCK pid=34737 fd=8: SHARED -> SHARED
DBimpl - UNLOCK REQUEST: 0x3f44b680 0
[1773159768.120669360] UNLOCK pid=34737 fd=8: SHARED -> NO_LOCK
DBimpl - LOCK REQUEST: 0x3f44b680 4
[1773159768.120757852] LOCK pid=34738 fd=10: RESERVED -> PENDING
[1773159768.120759809] LOCK pid=34738 fd=10: PENDING -> EXCLUSIVE
DBimpl - LOCK REQUEST: 0x3f44b680 1
DBimpl - LOCK REQUEST: 0x3f44b680 1
DBimpl - LOCK REQUEST: 0x3f44b680 1
DBimpl - UNLOCK REQUEST: 0x3f44b680 1
[1773159768.122893207] UNLOCK pid=34738 fd=10: EXCLUSIVE -> SHARED
DBimpl - UNLOCK REQUEST: 0x3f44b680 0
[1773159768.122897034] UNLOCK pid=34738 fd=10: SHARED -> NO_LOCK
DBimpl - LOCK REQUEST: 0x3f44b680 1
[1773159768.123560094] LOCK pid=34738 fd=10: NO_LOCK -> SHARED (fallback)
[1773159768.123561477] LOCK pid=34738 fd=10: SHARED -> SHARED
DBimpl - LOCK REQUEST: 0x3f44b680 2
[1773159768.123569923] LOCK pid=34738 fd=10: SHARED -> RESERVED
DBimpl - LOCK REQUEST: 0x3f44b680 4
[1773159768.124062867] LOCK pid=34738 fd=10: RESERVED -> PENDING
[1773159768.124064984] LOCK pid=34738 fd=10: PENDING -> EXCLUSIVE
DBimpl - LOCK REQUEST: 0x3f44b680 1
DBimpl - LOCK REQUEST: 0x3f44b680 1
DBimpl - UNLOCK REQUEST: 0x3f44b680 1
[1773159768.126210664] UNLOCK pid=34738 fd=10: EXCLUSIVE -> SHARED
DBimpl - UNLOCK REQUEST: 0x3f44b680 0
[1773159768.126214502] UNLOCK pid=34738 fd=10: SHARED -> NO_LOCK
DBimpl - LOCK REQUEST: 0x3f44b680 1
[1773159768.127602699] LOCK pid=34738 fd=10: NO_LOCK -> SHARED (fallback)
[1773159768.127604327] LOCK pid=34738 fd=10: SHARED -> SHARED
DBimpl - LOCK REQUEST: 0x3f44b680 2
[1773159768.127612648] LOCK pid=34738 fd=10: SHARED -> RESERVED
DBimpl - LOCK REQUEST: 0x3f44b680 4
[1773159768.127694672] LOCK pid=34738 fd=10: RESERVED -> PENDING
[1773159768.127696882] LOCK pid=34738 fd=10: PENDING -> EXCLUSIVE
DBimpl - LOCK REQUEST: 0x3f44b680 1
DBimpl - UNLOCK REQUEST: 0x3f44b680 1
[1773159768.129402401] UNLOCK pid=34738 fd=10: EXCLUSIVE -> SHARED
DBimpl - UNLOCK REQUEST: 0x3f44b680 0
[1773159768.129405882] UNLOCK pid=34738 fd=10: SHARED -> NO_LOCK
DBimpl - LOCK REQUEST: 0x3f44b680 1
[1773159768.129512774] LOCK pid=34737 fd=8: NO_LOCK -> SHARED (fallback)
[1773159768.129515292] LOCK pid=34737 fd=8: SHARED -> SHARED
DBimpl - UNLOCK REQUEST: 0x3f44b680 0
[1773159768.129654324] UNLOCK pid=34737 fd=8: SHARED -> NO_LOCK
DBimpl - LOCK REQUEST: 0x3f44b680 1
[1773159768.129718827] LOCK pid=34738 fd=10: NO_LOCK -> SHARED (fallback)
[1773159768.129720224] LOCK pid=34738 fd=10: SHARED -> SHARED
DBimpl - LOCK REQUEST: 0x3f44b680 2
[1773159768.129731213] LOCK pid=34738 fd=10: SHARED -> RESERVED
DBimpl - LOCK REQUEST: 0x3f44b680 1
[1773159768.130156569] LOCK pid=34737 fd=8: NO_LOCK -> SHARED (fallback)
[1773159768.130158257] LOCK pid=34737 fd=8: SHARED -> SHARED
DBimpl - LOCK REQUEST: 0x3f44b680 4
[1773159768.130249769] LOCK pid=34738 fd=10: RESERVED -> PENDING
DBimpl - UNLOCK REQUEST: 0x3f44b680 0
[1773159768.130297152] UNLOCK pid=34737 fd=8: SHARED -> NO_LOCK
DBimpl - LOCK REQUEST: 0x3f44b680 4
[1773159768.131340568] LOCK pid=34738 fd=10: PENDING -> EXCLUSIVE
DBimpl - UNLOCK REQUEST: 0x3f44b680 1
[1773159768.133078538] UNLOCK pid=34738 fd=10: EXCLUSIVE -> SHARED
DBimpl - UNLOCK REQUEST: 0x3f44b680 0
[1773159768.133082286] UNLOCK pid=34738 fd=10: SHARED -> NO_LOCK
DBimpl - LOCK REQUEST: 0x3f44b680 1
[1773159768.133490110] LOCK pid=34737 fd=8: NO_LOCK -> SHARED (fallback)
[1773159768.133491852] LOCK pid=34737 fd=8: SHARED -> SHARED
DBimpl - UNLOCK REQUEST: 0x3f44b680 0
[1773159768.133625640] UNLOCK pid=34737 fd=8: SHARED -> NO_LOCK
DBimpl - LOCK REQUEST: 0x3f44b680 1
[1773159768.133791186] LOCK pid=34737 fd=8: NO_LOCK -> SHARED (fallback)
[1773159768.133793028] LOCK pid=34737 fd=8: SHARED -> SHARED
DBimpl - UNLOCK REQUEST: 0x3f44b680 0
[1773159768.133906469] UNLOCK pid=34737 fd=8: SHARED -> NO_LOCK
DBimpl - LOCK REQUEST: 0x3f44b680 1
[1773159768.134069013] LOCK pid=34738 fd=10: NO_LOCK -> SHARED (fallback)
[1773159768.134070313] LOCK pid=34738 fd=10: SHARED -> SHARED
DBimpl - LOCK REQUEST: 0x3f44b680 2
[1773159768.134080093] LOCK pid=34738 fd=10: SHARED -> RESERVED
DBimpl - LOCK REQUEST: 0x3f44b680 1
[1773159768.134788536] LOCK pid=34737 fd=8: NO_LOCK -> SHARED (fallback)
[1773159768.134790600] LOCK pid=34737 fd=8: SHARED -> SHARED
DBimpl - LOCK REQUEST: 0x3f44b680 4
[1773159768.134801002] LOCK pid=34738 fd=10: RESERVED -> PENDING
DBimpl - UNLOCK REQUEST: 0x3f44b680 0
[1773159768.134933005] UNLOCK pid=34737 fd=8: SHARED -> NO_LOCK
DBimpl - LOCK REQUEST: 0x3f44b680 4
[1773159768.135860970] LOCK pid=34738 fd=10: PENDING -> EXCLUSIVE
DBimpl - LOCK REQUEST: 0x3f44b680 1
DBimpl - LOCK REQUEST: 0x3f44b680 1
DBimpl - UNLOCK REQUEST: 0x3f44b680 1
[1773159768.138071759] UNLOCK pid=34738 fd=10: EXCLUSIVE -> SHARED
DBimpl - UNLOCK REQUEST: 0x3f44b680 0
[1773159768.138075604] UNLOCK pid=34738 fd=10: SHARED -> NO_LOCK
DBimpl - LOCK REQUEST: 0x3f44b680 1
[1773159768.138397712] LOCK pid=34738 fd=10: NO_LOCK -> SHARED (fallback)
[1773159768.138399027] LOCK pid=34738 fd=10: SHARED -> SHARED
DBimpl - LOCK REQUEST: 0x3f44b680 2
[1773159768.138427926] LOCK pid=34738 fd=10: SHARED -> RESERVED
DBimpl - LOCK REQUEST: 0x3f44b680 4
[1773159768.138948485] LOCK pid=34738 fd=10: RESERVED -> PENDING
[1773159768.138950352] LOCK pid=34738 fd=10: PENDING -> EXCLUSIVE
DBimpl - LOCK REQUEST: 0x3f44b680 1
DBimpl - LOCK REQUEST: 0x3f44b680 1
DBimpl - UNLOCK REQUEST: 0x3f44b680 1
[1773159768.141123960] UNLOCK pid=34738 fd=10: EXCLUSIVE -> SHARED
DBimpl - UNLOCK REQUEST: 0x3f44b680 0
[1773159768.141127872] UNLOCK pid=34738 fd=10: SHARED -> NO_LOCK
DBimpl - LOCK REQUEST: 0x3f44b680 1
[1773159768.141301302] LOCK pid=34738 fd=10: NO_LOCK -> SHARED (fallback)
[1773159768.141302517] LOCK pid=34738 fd=10: SHARED -> SHARED
DBimpl - LOCK REQUEST: 0x3f44b680 2
[1773159768.141310465] LOCK pid=34738 fd=10: SHARED -> RESERVED
DBimpl - LOCK REQUEST: 0x3f44b680 4
[1773159768.141398003] LOCK pid=34738 fd=10: RESERVED -> PENDING
[1773159768.141399876] LOCK pid=34738 fd=10: PENDING -> EXCLUSIVE
DBimpl - UNLOCK REQUEST: 0x3f44b680 1
[1773159768.143034968] UNLOCK pid=34738 fd=10: EXCLUSIVE -> SHARED
DBimpl - UNLOCK REQUEST: 0x3f44b680 0
[1773159768.143038411] UNLOCK pid=34738 fd=10: SHARED -> NO_LOCK
DBimpl - LOCK REQUEST: 0x3f44b680 1
[1773159768.144100731] LOCK pid=34736 fd=6: NO_LOCK -> SHARED (fallback)
[1773159768.144102112] LOCK pid=34736 fd=6: SHARED -> SHARED
DBimpl - UNLOCK REQUEST: 0x3f44b680 0
[1773159768.144201284] UNLOCK pid=34736 fd=6: SHARED -> NO_LOCK
DBimpl - LOCK REQUEST: 0x3f44b680 1
[1773159768.144206423] LOCK pid=34738 fd=10: NO_LOCK -> SHARED (fallback)
[1773159768.144208272] LOCK pid=34738 fd=10: SHARED -> SHARED
DBimpl - LOCK REQUEST: 0x3f44b680 2
[1773159768.144221351] LOCK pid=34738 fd=10: SHARED -> RESERVED
DBimpl - LOCK REQUEST: 0x3f44b680 1
[1773159768.144602964] LOCK pid=34737 fd=8: NO_LOCK -> SHARED (fallback)
[1773159768.144605092] LOCK pid=34737 fd=8: SHARED -> SHARED
DBimpl - UNLOCK REQUEST: 0x3f44b680 0
[1773159768.144743367] UNLOCK pid=34737 fd=8: SHARED -> NO_LOCK
DBimpl - LOCK REQUEST: 0x3f44b680 4
[1773159768.144934175] LOCK pid=34738 fd=10: RESERVED -> PENDING
[1773159768.144935996] LOCK pid=34738 fd=10: PENDING -> EXCLUSIVE
DBimpl - LOCK REQUEST: 0x3f44b680 1
DBimpl - LOCK REQUEST: 0x3f44b680 1
DBimpl - LOCK REQUEST: 0x3f44b680 1
DBimpl - LOCK REQUEST: 0x3f44b680 1
DBimpl - UNLOCK REQUEST: 0x3f44b680 1
[1773159768.147103489] UNLOCK pid=34738 fd=10: EXCLUSIVE -> SHARED
DBimpl - UNLOCK REQUEST: 0x3f44b680 0
[1773159768.147107709] UNLOCK pid=34738 fd=10: SHARED -> NO_LOCK
DBimpl - LOCK REQUEST: 0x3f44b680 1
[1773159768.147350750] LOCK pid=34738 fd=10: NO_LOCK -> SHARED (fallback)
[1773159768.147351957] LOCK pid=34738 fd=10: SHARED -> SHARED
DBimpl - LOCK REQUEST: 0x3f44b680 2
[1773159768.147360600] LOCK pid=34738 fd=10: SHARED -> RESERVED
DBimpl - LOCK REQUEST: 0x3f44b680 4
[1773159768.147869793] LOCK pid=34738 fd=10: RESERVED -> PENDING
[1773159768.147871606] LOCK pid=34738 fd=10: PENDING -> EXCLUSIVE
DBimpl - LOCK REQUEST: 0x3f44b680 1
DBimpl - LOCK REQUEST: 0x3f44b680 1
DBimpl - UNLOCK REQUEST: 0x3f44b680 1
[1773159768.149979458] UNLOCK pid=34738 fd=10: EXCLUSIVE -> SHARED
DBimpl - UNLOCK REQUEST: 0x3f44b680 0
[1773159768.149986269] UNLOCK pid=34738 fd=10: SHARED -> NO_LOCK
DBimpl - LOCK REQUEST: 0x3f44b680 1
[1773159768.150324610] LOCK pid=34738 fd=10: NO_LOCK -> SHARED (fallback)
[1773159768.150325981] LOCK pid=34738 fd=10: SHARED -> SHARED
DBimpl - LOCK REQUEST: 0x3f44b680 2
[1773159768.150334184] LOCK pid=34738 fd=10: SHARED -> RESERVED
DBimpl - LOCK REQUEST: 0x3f44b680 1
[1773159768.150783904] LOCK pid=34739 fd=12: NO_LOCK -> SHARED (fallback)
[1773159768.150785544] LOCK pid=34739 fd=12: SHARED -> SHARED
DBimpl - LOCK REQUEST: 0x3f44b680 2
DBimpl - UNLOCK REQUEST: 0x3f44b680 0
[1773159768.150804574] UNLOCK pid=34739 fd=12: SHARED -> NO_LOCK
DBimpl - LOCK REQUEST: 0x3f44b680 4
[1773159768.150896673] LOCK pid=34738 fd=10: RESERVED -> PENDING
[1773159768.150898559] LOCK pid=34738 fd=10: PENDING -> EXCLUSIVE
DBimpl - UNLOCK REQUEST: 0x3f44b680 1
[1773159768.152517427] UNLOCK pid=34738 fd=10: EXCLUSIVE -> SHARED
DBimpl - UNLOCK REQUEST: 0x3f44b680 0
[1773159768.152521226] UNLOCK pid=34738 fd=10: SHARED -> NO_LOCK
DBimpl - LOCK REQUEST: 0x3f44b680 1
[1773159768.152626534] LOCK pid=34738 fd=10: NO_LOCK -> SHARED (fallback)
[1773159768.152627816] LOCK pid=34738 fd=10: SHARED -> SHARED
DBimpl - LOCK REQUEST: 0x3f44b680 2
[1773159768.152635716] LOCK pid=34738 fd=10: SHARED -> RESERVED
DBimpl - LOCK REQUEST: 0x3f44b680 4
[1773159768.153191601] LOCK pid=34738 fd=10: RESERVED -> PENDING
[1773159768.153193447] LOCK pid=34738 fd=10: PENDING -> EXCLUSIVE
DBimpl - LOCK REQUEST: 0x3f44b680 1
DBimpl - LOCK REQUEST: 0x3f44b680 1
DBimpl - UNLOCK REQUEST: 0x3f44b680 1
[1773159768.155356751] UNLOCK pid=34738 fd=10: EXCLUSIVE -> SHARED
DBimpl - UNLOCK REQUEST: 0x3f44b680 0
[1773159768.155362873] UNLOCK pid=34738 fd=10: SHARED -> NO_LOCK
DBimpl - LOCK REQUEST: 0x3f44b680 1
[1773159768.157578767] LOCK pid=34738 fd=10: NO_LOCK -> SHARED (fallback)
[1773159768.157580445] LOCK pid=34738 fd=10: SHARED -> SHARED
DBimpl - LOCK REQUEST: 0x3f44b680 2
[1773159768.157590102] LOCK pid=34738 fd=10: SHARED -> RESERVED
DBimpl - LOCK REQUEST: 0x3f44b680 4
[1773159768.157675244] LOCK pid=34738 fd=10: RESERVED -> PENDING
[1773159768.157676982] LOCK pid=34738 fd=10: PENDING -> EXCLUSIVE
DBimpl - UNLOCK REQUEST: 0x3f44b680 1
[1773159768.159359495] UNLOCK pid=34738 fd=10: EXCLUSIVE -> SHARED
DBimpl - UNLOCK REQUEST: 0x3f44b680 0
[1773159768.159363096] UNLOCK pid=34738 fd=10: SHARED -> NO_LOCK
DBimpl - LOCK REQUEST: 0x3f44b680 1
[1773159768.159818723] LOCK pid=34738 fd=10: NO_LOCK -> SHARED (fallback)
[1773159768.159819852] LOCK pid=34738 fd=10: SHARED -> SHARED
DBimpl - LOCK REQUEST: 0x3f44b680 2
[1773159768.159827330] LOCK pid=34738 fd=10: SHARED -> RESERVED
DBimpl - LOCK REQUEST: 0x3f44b680 4
[1773159768.160329952] LOCK pid=34738 fd=10: RESERVED -> PENDING
[1773159768.160331846] LOCK pid=34738 fd=10: PENDING -> EXCLUSIVE
DBimpl - UNLOCK REQUEST: 0x3f44b680 1
[1773159768.162095444] UNLOCK pid=34738 fd=10: EXCLUSIVE -> SHARED
DBimpl - UNLOCK REQUEST: 0x3f44b680 0
[1773159768.162098999] UNLOCK pid=34738 fd=10: SHARED -> NO_LOCK
DBimpl - LOCK REQUEST: 0x3f44b680 1
[1773159768.163210475] LOCK pid=34738 fd=10: NO_LOCK -> SHARED (fallback)
[1773159768.163211693] LOCK pid=34738 fd=10: SHARED -> SHARED
DBimpl - LOCK REQUEST: 0x3f44b680 2
[1773159768.163219499] LOCK pid=34738 fd=10: SHARED -> RESERVED
DBimpl - LOCK REQUEST: 0x3f44b680 1
[1773159768.163285146] LOCK pid=34737 fd=8: NO_LOCK -> SHARED (fallback)
[1773159768.163287867] LOCK pid=34737 fd=8: SHARED -> SHARED
DBimpl - UNLOCK REQUEST: 0x3f44b680 0
[1773159768.163435874] UNLOCK pid=34737 fd=8: SHARED -> NO_LOCK
DBimpl - LOCK REQUEST: 0x3f44b680 1
[1773159768.163528614] LOCK pid=34736 fd=6: NO_LOCK -> SHARED (fallback)
[1773159768.163530375] LOCK pid=34736 fd=6: SHARED -> SHARED
DBimpl - UNLOCK REQUEST: 0x3f44b680 0
[1773159768.163668267] UNLOCK pid=34736 fd=6: SHARED -> NO_LOCK
DBimpl - LOCK REQUEST: 0x3f44b680 4
[1773159768.163761342] LOCK pid=34738 fd=10: RESERVED -> PENDING
[1773159768.163763073] LOCK pid=34738 fd=10: PENDING -> EXCLUSIVE
DBimpl - LOCK REQUEST: 0x3f44b680 1
DBimpl - LOCK REQUEST: 0x3f44b680 1
DBimpl - LOCK REQUEST: 0x3f44b680 1
DBimpl - UNLOCK REQUEST: 0x3f44b680 1
[1773159768.165918645] UNLOCK pid=34738 fd=10: EXCLUSIVE -> SHARED
DBimpl - UNLOCK REQUEST: 0x3f44b680 0
[1773159768.165924337] UNLOCK pid=34738 fd=10: SHARED -> NO_LOCK
DBimpl - LOCK REQUEST: 0x3f44b680 1
[1773159768.165951603] LOCK pid=34740 fd=14: NO_LOCK -> SHARED (fallback)
[1773159768.165953842] LOCK pid=34740 fd=14: SHARED -> SHARED
DBimpl - LOCK REQUEST: 0x3f44b680 2
[1773159768.165969309] LOCK pid=34740 fd=14: SHARED -> RESERVED
DBimpl - LOCK REQUEST: 0x3f44b680 4
[1773159768.166107616] LOCK pid=34740 fd=14: RESERVED -> PENDING
[1773159768.166110235] LOCK pid=34740 fd=14: PENDING -> EXCLUSIVE
DBimpl - LOCK REQUEST: 0x3f44b680 1
DBimpl - LOCK REQUEST: 0x3f44b680 1
DBimpl - LOCK REQUEST: 0x3f44b680 1
DBimpl - LOCK REQUEST: 0x3f44b680 1
DBimpl - UNLOCK REQUEST: 0x3f44b680 1
[1773159768.168321896] UNLOCK pid=34740 fd=14: EXCLUSIVE -> SHARED
DBimpl - UNLOCK REQUEST: 0x3f44b680 0
[1773159768.168327770] UNLOCK pid=34740 fd=14: SHARED -> NO_LOCK
DBimpl - LOCK REQUEST: 0x3f44b680 1
[1773159768.168544275] LOCK pid=34737 fd=8: NO_LOCK -> SHARED (fallback)
[1773159768.168546368] LOCK pid=34737 fd=8: SHARED -> SHARED
DBimpl - UNLOCK REQUEST: 0x3f44b680 0
[1773159768.168659123] UNLOCK pid=34737 fd=8: SHARED -> NO_LOCK
DBimpl - LOCK REQUEST: 0x3f44b680 1
[1773159768.169151386] LOCK pid=34737 fd=8: NO_LOCK -> SHARED (fallback)
[1773159768.169152779] LOCK pid=34737 fd=8: SHARED -> SHARED
DBimpl - UNLOCK REQUEST: 0x3f44b680 0
[1773159768.169232498] UNLOCK pid=34737 fd=8: SHARED -> NO_LOCK
DBimpl - LOCK REQUEST: 0x3f44b680 1
[1773159768.169450355] LOCK pid=34738 fd=10: NO_LOCK -> SHARED (fallback)
[1773159768.169452457] LOCK pid=34738 fd=10: SHARED -> SHARED
DBimpl - LOCK REQUEST: 0x3f44b680 2
[1773159768.169465058] LOCK pid=34738 fd=10: SHARED -> RESERVED
DBimpl - LOCK REQUEST: 0x3f44b680 1
[1773159768.169596155] LOCK pid=34740 fd=14: NO_LOCK -> SHARED (fallback)
[1773159768.169597654] LOCK pid=34740 fd=14: SHARED -> SHARED
DBimpl - LOCK REQUEST: 0x3f44b680 2
DBimpl - UNLOCK REQUEST: 0x3f44b680 0
[1773159768.169608600] UNLOCK pid=34740 fd=14: SHARED -> NO_LOCK
DBimpl - LOCK REQUEST: 0x3f44b680 4
[1773159768.170101722] LOCK pid=34738 fd=10: RESERVED -> PENDING
[1773159768.170104793] LOCK pid=34738 fd=10: PENDING -> EXCLUSIVE
DBimpl - LOCK REQUEST: 0x3f44b680 1
DBimpl - LOCK REQUEST: 0x3f44b680 1
DBimpl - LOCK REQUEST: 0x3f44b680 1
DBimpl - LOCK REQUEST: 0x3f44b680 1
DBimpl - LOCK REQUEST: 0x3f44b680 1
DBimpl - LOCK REQUEST: 0x3f44b680 1
DBimpl - UNLOCK REQUEST: 0x3f44b680 1
[1773159768.174384528] UNLOCK pid=34738 fd=10: EXCLUSIVE -> SHARED
DBimpl - UNLOCK REQUEST: 0x3f44b680 0
[1773159768.174388870] UNLOCK pid=34738 fd=10: SHARED -> NO_LOCK
DBimpl - LOCK REQUEST: 0x3f44b680 1
[1773159768.174605261] LOCK pid=34738 fd=10: NO_LOCK -> SHARED (fallback)
[1773159768.174606423] LOCK pid=34738 fd=10: SHARED -> SHARED
DBimpl - LOCK REQUEST: 0x3f44b680 2
[1773159768.174616630] LOCK pid=34738 fd=10: SHARED -> RESERVED
DBimpl - LOCK REQUEST: 0x3f44b680 4
[1773159768.174714766] LOCK pid=34738 fd=10: RESERVED -> PENDING
[1773159768.174716331] LOCK pid=34738 fd=10: PENDING -> EXCLUSIVE
DBimpl - LOCK REQUEST: 0x3f44b680 1
DBimpl - UNLOCK REQUEST: 0x3f44b680 1
[1773159768.177530951] UNLOCK pid=34738 fd=10: EXCLUSIVE -> SHARED
DBimpl - UNLOCK REQUEST: 0x3f44b680 0
[1773159768.177534460] UNLOCK pid=34738 fd=10: SHARED -> NO_LOCK
DBimpl - LOCK REQUEST: 0x3f44b680 1
[1773159768.177626950] LOCK pid=34738 fd=10: NO_LOCK -> SHARED (fallback)
[1773159768.177628137] LOCK pid=34738 fd=10: SHARED -> SHARED
DBimpl - LOCK REQUEST: 0x3f44b680 2
[1773159768.177635983] LOCK pid=34738 fd=10: SHARED -> RESERVED
DBimpl - LOCK REQUEST: 0x3f44b680 1
[1773159768.177789908] LOCK pid=34740 fd=14: NO_LOCK -> SHARED (fallback)
[1773159768.177791387] LOCK pid=34740 fd=14: SHARED -> SHARED
DBimpl - LOCK REQUEST: 0x3f44b680 2
DBimpl - UNLOCK REQUEST: 0x3f44b680 0
[1773159768.177804043] UNLOCK pid=34740 fd=14: SHARED -> NO_LOCK
DBimpl - LOCK REQUEST: 0x3f44b680 4
[1773159768.178171411] LOCK pid=34738 fd=10: RESERVED -> PENDING
[1773159768.178173300] LOCK pid=34738 fd=10: PENDING -> EXCLUSIVE
DBimpl - LOCK REQUEST: 0x3f44b680 1
DBimpl - UNLOCK REQUEST: 0x3f44b680 1
[1773159768.180405966] UNLOCK pid=34738 fd=10: EXCLUSIVE -> SHARED
DBimpl - UNLOCK REQUEST: 0x3f44b680 0
[1773159768.180409801] UNLOCK pid=34738 fd=10: SHARED -> NO_LOCK
DBimpl - LOCK REQUEST: 0x3f44b680 1
[1773159768.180550249] LOCK pid=34738 fd=10: NO_LOCK -> SHARED (fallback)
[1773159768.180551412] LOCK pid=34738 fd=10: SHARED -> SHARED
DBimpl - LOCK REQUEST: 0x3f44b680 2
[1773159768.180559027] LOCK pid=34738 fd=10: SHARED -> RESERVED
DBimpl - LOCK REQUEST: 0x3f44b680 4
[1773159768.181158753] LOCK pid=34738 fd=10: RESERVED -> PENDING
[1773159768.181160570] LOCK pid=34738 fd=10: PENDING -> EXCLUSIVE
DBimpl - LOCK REQUEST: 0x3f44b680 1
DBimpl - UNLOCK REQUEST: 0x3f44b680 1
[1773159768.182827368] UNLOCK pid=34738 fd=10: EXCLUSIVE -> SHARED
DBimpl - UNLOCK REQUEST: 0x3f44b680 0
[1773159768.182833450] UNLOCK pid=34738 fd=10: SHARED -> NO_LOCK
DBimpl - LOCK REQUEST: 0x3f44b680 1
[1773159768.184116905] LOCK pid=34738 fd=10: NO_LOCK -> SHARED (fallback)
[1773159768.184118803] LOCK pid=34738 fd=10: SHARED -> SHARED
DBimpl - LOCK REQUEST: 0x3f44b680 2
[1773159768.184130205] LOCK pid=34738 fd=10: SHARED -> RESERVED
DBimpl - LOCK REQUEST: 0x3f44b680 4
[1773159768.184241483] LOCK pid=34738 fd=10: RESERVED -> PENDING
[1773159768.184244161] LOCK pid=34738 fd=10: PENDING -> EXCLUSIVE
DBimpl - UNLOCK REQUEST: 0x3f44b680 1
[1773159768.185848937] UNLOCK pid=34738 fd=10: EXCLUSIVE -> SHARED
DBimpl - UNLOCK REQUEST: 0x3f44b680 0
[1773159768.185854341] UNLOCK pid=34738 fd=10: SHARED -> NO_LOCK
DBimpl - LOCK REQUEST: 0x3f44b680 1
[1773159768.186418896] LOCK pid=34738 fd=10: NO_LOCK -> SHARED (fallback)
[1773159768.186420700] LOCK pid=34738 fd=10: SHARED -> SHARED
DBimpl - LOCK REQUEST: 0x3f44b680 2
[1773159768.186431696] LOCK pid=34738 fd=10: SHARED -> RESERVED
DBimpl - LOCK REQUEST: 0x3f44b680 4
[1773159768.186550505] LOCK pid=34738 fd=10: RESERVED -> PENDING
[1773159768.186553095] LOCK pid=34738 fd=10: PENDING -> EXCLUSIVE
DBimpl - LOCK REQUEST: 0x3f44b680 1
DBimpl - UNLOCK REQUEST: 0x3f44b680 1
[1773159768.188142133] UNLOCK pid=34738 fd=10: EXCLUSIVE -> SHARED
DBimpl - UNLOCK REQUEST: 0x3f44b680 0
[1773159768.188147611] UNLOCK pid=34738 fd=10: SHARED -> NO_LOCK
DBimpl - LOCK REQUEST: 0x3f44b680 1
[1773159768.188569783] LOCK pid=34737 fd=8: NO_LOCK -> SHARED (fallback)
[1773159768.188571992] LOCK pid=34737 fd=8: SHARED -> SHARED
DBimpl - UNLOCK REQUEST: 0x3f44b680 0
[1773159768.188720625] UNLOCK pid=34737 fd=8: SHARED -> NO_LOCK
DBimpl - LOCK REQUEST: 0x3f44b680 1
[1773159768.189108588] LOCK pid=34738 fd=10: NO_LOCK -> SHARED (fallback)
[1773159768.189110270] LOCK pid=34738 fd=10: SHARED -> SHARED
DBimpl - LOCK REQUEST: 0x3f44b680 2
[1773159768.189120844] LOCK pid=34738 fd=10: SHARED -> RESERVED
DBimpl - LOCK REQUEST: 0x3f44b680 4
[1773159768.189267279] LOCK pid=34738 fd=10: RESERVED -> PENDING
[1773159768.189269852] LOCK pid=34738 fd=10: PENDING -> EXCLUSIVE
DBimpl - LOCK REQUEST: 0x3f44b680 1
DBimpl - LOCK REQUEST: 0x3f44b680 1
DBimpl - UNLOCK REQUEST: 0x3f44b680 1
[1773159768.191409704] UNLOCK pid=34738 fd=10: EXCLUSIVE -> SHARED
DBimpl - UNLOCK REQUEST: 0x3f44b680 0
[1773159768.191415129] UNLOCK pid=34738 fd=10: SHARED -> NO_LOCK
DBimpl - LOCK REQUEST: 0x3f44b680 1
[1773159768.192202632] LOCK pid=34738 fd=10: NO_LOCK -> SHARED (fallback)
[1773159768.192204503] LOCK pid=34738 fd=10: SHARED -> SHARED
DBimpl - LOCK REQUEST: 0x3f44b680 2
[1773159768.192216174] LOCK pid=34738 fd=10: SHARED -> RESERVED
DBimpl - LOCK REQUEST: 0x3f44b680 4
[1773159768.192351826] LOCK pid=34738 fd=10: RESERVED -> PENDING
[1773159768.192354381] LOCK pid=34738 fd=10: PENDING -> EXCLUSIVE
DBimpl - LOCK REQUEST: 0x3f44b680 1
DBimpl - UNLOCK REQUEST: 0x3f44b680 1
[1773159768.194582359] UNLOCK pid=34738 fd=10: EXCLUSIVE -> SHARED
DBimpl - UNLOCK REQUEST: 0x3f44b680 0
[1773159768.194588993] UNLOCK pid=34738 fd=10: SHARED -> NO_LOCK
DBimpl - LOCK REQUEST: 0x3f44b680 1
[1773159768.194739360] LOCK pid=34738 fd=10: NO_LOCK -> SHARED (fallback)
[1773159768.194741055] LOCK pid=34738 fd=10: SHARED -> SHARED
DBimpl - LOCK REQUEST: 0x3f44b680 2
[1773159768.194803189] LOCK pid=34738 fd=10: SHARED -> RESERVED
DBimpl - LOCK REQUEST: 0x3f44b680 4
[1773159768.195527913] LOCK pid=34738 fd=10: RESERVED -> PENDING
[1773159768.195530576] LOCK pid=34738 fd=10: PENDING -> EXCLUSIVE
DBimpl - UNLOCK REQUEST: 0x3f44b680 1
[1773159768.197270198] UNLOCK pid=34738 fd=10: EXCLUSIVE -> SHARED
DBimpl - UNLOCK REQUEST: 0x3f44b680 0
[1773159768.197275795] UNLOCK pid=34738 fd=10: SHARED -> NO_LOCK
DBimpl - LOCK REQUEST: 0x3f44b680 1
[1773159768.197629923] LOCK pid=34736 fd=6: NO_LOCK -> SHARED (fallback)
[1773159768.197631908] LOCK pid=34736 fd=6: SHARED -> SHARED
DBimpl - LOCK REQUEST: 0x3f44b680 1
[1773159768.197681249] LOCK pid=34737 fd=8: NO_LOCK -> SHARED (fallback)
[1773159768.197684550] LOCK pid=34737 fd=8: SHARED -> SHARED
DBimpl - UNLOCK REQUEST: 0x3f44b680 0
[1773159768.197778454] UNLOCK pid=34736 fd=6: SHARED -> NO_LOCK
DBimpl - UNLOCK REQUEST: 0x3f44b680 0
[1773159768.197901530] UNLOCK pid=34737 fd=8: SHARED -> NO_LOCK
DBimpl - LOCK REQUEST: 0x3f44b680 1
[1773159768.198247349] LOCK pid=34737 fd=8: NO_LOCK -> SHARED (fallback)
[1773159768.198249099] LOCK pid=34737 fd=8: SHARED -> SHARED
DBimpl - LOCK REQUEST: 0x3f44b680 1
[1773159768.198275277] LOCK pid=34736 fd=6: NO_LOCK -> SHARED (fallback)
[1773159768.198279072] LOCK pid=34736 fd=6: SHARED -> SHARED
DBimpl - UNLOCK REQUEST: 0x3f44b680 0
[1773159768.198379797] UNLOCK pid=34736 fd=6: SHARED -> NO_LOCK
DBimpl - UNLOCK REQUEST: 0x3f44b680 0
[1773159768.198385729] UNLOCK pid=34737 fd=8: SHARED -> NO_LOCK
DBimpl - LOCK REQUEST: 0x3f44b680 1
[1773159768.198904532] LOCK pid=34738 fd=10: NO_LOCK -> SHARED (fallback)
[1773159768.198906666] LOCK pid=34738 fd=10: SHARED -> SHARED
DBimpl - LOCK REQUEST: 0x3f44b680 2
[1773159768.198918010] LOCK pid=34738 fd=10: SHARED -> RESERVED
DBimpl - LOCK REQUEST: 0x3f44b680 1
[1773159768.199448113] LOCK pid=34737 fd=8: NO_LOCK -> SHARED (fallback)
[1773159768.199449513] LOCK pid=34737 fd=8: SHARED -> SHARED
DBimpl - UNLOCK REQUEST: 0x3f44b680 0
[1773159768.199556393] UNLOCK pid=34737 fd=8: SHARED -> NO_LOCK
DBimpl - LOCK REQUEST: 0x3f44b680 4
[1773159768.199710053] LOCK pid=34738 fd=10: RESERVED -> PENDING
[1773159768.199712844] LOCK pid=34738 fd=10: PENDING -> EXCLUSIVE
DBimpl - LOCK REQUEST: 0x3f44b680 1
DBimpl - LOCK REQUEST: 0x3f44b680 1
DBimpl - LOCK REQUEST: 0x3f44b680 1
DBimpl - LOCK REQUEST: 0x3f44b680 1
DBimpl - UNLOCK REQUEST: 0x3f44b680 1
[1773159768.201849404] UNLOCK pid=34738 fd=10: EXCLUSIVE -> SHARED
DBimpl - UNLOCK REQUEST: 0x3f44b680 0
[1773159768.201855481] UNLOCK pid=34738 fd=10: SHARED -> NO_LOCK
DBimpl - LOCK REQUEST: 0x3f44b680 1
[1773159768.202405347] LOCK pid=34736 fd=6: NO_LOCK -> SHARED (fallback)
[1773159768.202407036] LOCK pid=34736 fd=6: SHARED -> SHARED
DBimpl - UNLOCK REQUEST: 0x3f44b680 0
[1773159768.202485977] UNLOCK pid=34736 fd=6: SHARED -> NO_LOCK
DBimpl - LOCK REQUEST: 0x3f44b680 1
[1773159768.202891773] LOCK pid=34736 fd=6: NO_LOCK -> SHARED (fallback)
[1773159768.202892987] LOCK pid=34736 fd=6: SHARED -> SHARED
DBimpl - LOCK REQUEST: 0x3f44b680 1
[1773159768.202937487] LOCK pid=34740 fd=14: NO_LOCK -> SHARED (fallback)
[1773159768.202939169] LOCK pid=34740 fd=14: SHARED -> SHARED
DBimpl - UNLOCK REQUEST: 0x3f44b680 0
[1773159768.202948845] UNLOCK pid=34736 fd=6: SHARED -> NO_LOCK
DBimpl - LOCK REQUEST: 0x3f44b680 2
[1773159768.202954038] LOCK pid=34740 fd=14: SHARED -> RESERVED
DBimpl - LOCK REQUEST: 0x3f44b680 4
[1773159768.203087805] LOCK pid=34740 fd=14: RESERVED -> PENDING
[1773159768.203089748] LOCK pid=34740 fd=14: PENDING -> EXCLUSIVE
DBimpl - LOCK REQUEST: 0x3f44b680 1
DBimpl - LOCK REQUEST: 0x3f44b680 1
DBimpl - LOCK REQUEST: 0x3f44b680 1
DBimpl - LOCK REQUEST: 0x3f44b680 1
DBimpl - UNLOCK REQUEST: 0x3f44b680 1
[1773159768.205223245] UNLOCK pid=34740 fd=14: EXCLUSIVE -> SHARED
DBimpl - UNLOCK REQUEST: 0x3f44b680 0
[1773159768.205229128] UNLOCK pid=34740 fd=14: SHARED -> NO_LOCK
DBimpl - LOCK REQUEST: 0x3f44b680 1
[1773159768.205677428] LOCK pid=34740 fd=14: NO_LOCK -> SHARED (fallback)
[1773159768.205678644] LOCK pid=34740 fd=14: SHARED -> SHARED
DBimpl - LOCK REQUEST: 0x3f44b680 2
[1773159768.205686869] LOCK pid=34740 fd=14: SHARED -> RESERVED
DBimpl - LOCK REQUEST: 0x3f44b680 4
[1773159768.205762539] LOCK pid=34740 fd=14: RESERVED -> PENDING
[1773159768.205764249] LOCK pid=34740 fd=14: PENDING -> EXCLUSIVE
DBimpl - LOCK REQUEST: 0x3f44b680 1
DBimpl - LOCK REQUEST: 0x3f44b680 1
DBimpl - UNLOCK REQUEST: 0x3f44b680 1
[1773159768.207996405] UNLOCK pid=34740 fd=14: EXCLUSIVE -> SHARED
DBimpl - UNLOCK REQUEST: 0x3f44b680 0
[1773159768.207999836] UNLOCK pid=34740 fd=14: SHARED -> NO_LOCK
DBimpl - LOCK REQUEST: 0x3f44b680 1
[1773159768.208269372] LOCK pid=34736 fd=6: NO_LOCK -> SHARED (fallback)
[1773159768.208270856] LOCK pid=34736 fd=6: SHARED -> SHARED
DBimpl - UNLOCK REQUEST: 0x3f44b680 0
[1773159768.208313313] UNLOCK pid=34736 fd=6: SHARED -> NO_LOCK
DBimpl - LOCK REQUEST: 0x3f44b680 1
[1773159768.208485329] LOCK pid=34737 fd=8: NO_LOCK -> SHARED (fallback)
[1773159768.208486826] LOCK pid=34737 fd=8: SHARED -> SHARED
DBimpl - UNLOCK REQUEST: 0x3f44b680 0
[1773159768.208568311] UNLOCK pid=34737 fd=8: SHARED -> NO_LOCK
DBimpl - LOCK REQUEST: 0x3f44b680 1
[1773159768.208790051] LOCK pid=34740 fd=14: NO_LOCK -> SHARED (fallback)
[1773159768.208791606] LOCK pid=34740 fd=14: SHARED -> SHARED
DBimpl - LOCK REQUEST: 0x3f44b680 2
[1773159768.208798525] LOCK pid=34740 fd=14: SHARED -> RESERVED
DBimpl - LOCK REQUEST: 0x3f44b680 4
[1773159768.208885325] LOCK pid=34740 fd=14: RESERVED -> PENDING
[1773159768.208887224] LOCK pid=34740 fd=14: PENDING -> EXCLUSIVE
DBimpl - LOCK REQUEST: 0x3f44b680 1
DBimpl - LOCK REQUEST: 0x3f44b680 1
DBimpl - LOCK REQUEST: 0x3f44b680 1
DBimpl - LOCK REQUEST: 0x3f44b680 1
DBimpl - UNLOCK REQUEST: 0x3f44b680 1
[1773159768.211061910] UNLOCK pid=34740 fd=14: EXCLUSIVE -> SHARED
DBimpl - UNLOCK REQUEST: 0x3f44b680 0
[1773159768.211065719] UNLOCK pid=34740 fd=14: SHARED -> NO_LOCK
DBimpl - LOCK REQUEST: 0x3f44b680 1
[1773159768.211735135] LOCK pid=34738 fd=10: NO_LOCK -> SHARED (fallback)
[1773159768.211736768] LOCK pid=34738 fd=10: SHARED -> SHARED
DBimpl - LOCK REQUEST: 0x3f44b680 2
[1773159768.211746859] LOCK pid=34738 fd=10: SHARED -> RESERVED
DBimpl - LOCK REQUEST: 0x3f44b680 4
[1773159768.212376344] LOCK pid=34738 fd=10: RESERVED -> PENDING
[1773159768.212378923] LOCK pid=34738 fd=10: PENDING -> EXCLUSIVE
DBimpl - LOCK REQUEST: 0x3f44b680 1
DBimpl - LOCK REQUEST: 0x3f44b680 1
DBimpl - UNLOCK REQUEST: 0x3f44b680 1
[1773159768.214667002] UNLOCK pid=34738 fd=10: EXCLUSIVE -> SHARED
DBimpl - UNLOCK REQUEST: 0x3f44b680 0
[1773159768.214671803] UNLOCK pid=34738 fd=10: SHARED -> NO_LOCK
DBimpl - LOCK REQUEST: 0x3f44b680 1
[1773159768.214880718] LOCK pid=34738 fd=10: NO_LOCK -> SHARED (fallback)
[1773159768.214882018] LOCK pid=34738 fd=10: SHARED -> SHARED
DBimpl - LOCK REQUEST: 0x3f44b680 2
[1773159768.214891138] LOCK pid=34738 fd=10: SHARED -> RESERVED
DBimpl - LOCK REQUEST: 0x3f44b680 4
[1773159768.216151562] LOCK pid=34738 fd=10: RESERVED -> PENDING
[1773159768.216155129] LOCK pid=34738 fd=10: PENDING -> EXCLUSIVE
DBimpl - LOCK REQUEST: 0x3f44b680 1
DBimpl - LOCK REQUEST: 0x3f44b680 1
DBimpl - UNLOCK REQUEST: 0x3f44b680 1
[1773159768.218390705] UNLOCK pid=34738 fd=10: EXCLUSIVE -> SHARED
DBimpl - UNLOCK REQUEST: 0x3f44b680 0
[1773159768.218399009] UNLOCK pid=34738 fd=10: SHARED -> NO_LOCK
DBimpl - LOCK REQUEST: 0x3f44b680 1
[1773159768.218834602] LOCK pid=34738 fd=10: NO_LOCK -> SHARED (fallback)
[1773159768.218836399] LOCK pid=34738 fd=10: SHARED -> SHARED
DBimpl - LOCK REQUEST: 0x3f44b680 2
[1773159768.218851405] LOCK pid=34738 fd=10: SHARED -> RESERVED
DBimpl - LOCK REQUEST: 0x3f44b680 4
[1773159768.219069349] LOCK pid=34738 fd=10: RESERVED -> PENDING
[1773159768.219072246] LOCK pid=34738 fd=10: PENDING -> EXCLUSIVE
DBimpl - LOCK REQUEST: 0x3f44b680 1
DBimpl - UNLOCK REQUEST: 0x3f44b680 1
[1773159768.221089688] UNLOCK pid=34738 fd=10: EXCLUSIVE -> SHARED
DBimpl - UNLOCK REQUEST: 0x3f44b680 0
[1773159768.221094184] UNLOCK pid=34738 fd=10: SHARED -> NO_LOCK
DBimpl - LOCK REQUEST: 0x3f44b680 1
[1773159768.221332769] LOCK pid=34740 fd=14: NO_LOCK -> SHARED (fallback)
[1773159768.221334310] LOCK pid=34740 fd=14: SHARED -> SHARED
DBimpl - LOCK REQUEST: 0x3f44b680 2
[1773159768.221347705] LOCK pid=34740 fd=14: SHARED -> RESERVED
DBimpl - LOCK REQUEST: 0x3f44b680 4
[1773159768.221465279] LOCK pid=34740 fd=14: RESERVED -> PENDING
[1773159768.221467260] LOCK pid=34740 fd=14: PENDING -> EXCLUSIVE
DBimpl - LOCK REQUEST: 0x3f44b680 1
DBimpl - UNLOCK REQUEST: 0x3f44b680 1
[1773159768.223191492] UNLOCK pid=34740 fd=14: EXCLUSIVE -> SHARED
DBimpl - UNLOCK REQUEST: 0x3f44b680 0
[1773159768.223200210] UNLOCK pid=34740 fd=14: SHARED -> NO_LOCK
DBimpl - LOCK REQUEST: 0x3f44b680 1
[1773159768.223363007] LOCK pid=34738 fd=10: NO_LOCK -> SHARED (fallback)
[1773159768.223364431] LOCK pid=34738 fd=10: SHARED -> SHARED
DBimpl - LOCK REQUEST: 0x3f44b680 2
[1773159768.223375369] LOCK pid=34738 fd=10: SHARED -> RESERVED
DBimpl - LOCK REQUEST: 0x3f44b680 1
[1773159768.224038360] LOCK pid=34740 fd=14: NO_LOCK -> SHARED (fallback)
[1773159768.224040202] LOCK pid=34740 fd=14: SHARED -> SHARED
DBimpl - LOCK REQUEST: 0x3f44b680 2
DBimpl - UNLOCK REQUEST: 0x3f44b680 0
[1773159768.224057936] UNLOCK pid=34740 fd=14: SHARED -> NO_LOCK
DBimpl - LOCK REQUEST: 0x3f44b680 4
[1773159768.224139603] LOCK pid=34738 fd=10: RESERVED -> PENDING
[1773159768.224141486] LOCK pid=34738 fd=10: PENDING -> EXCLUSIVE
DBimpl - LOCK REQUEST: 0x3f44b680 1
DBimpl - UNLOCK REQUEST: 0x3f44b680 1
[1773159768.225810641] UNLOCK pid=34738 fd=10: EXCLUSIVE -> SHARED
DBimpl - UNLOCK REQUEST: 0x3f44b680 0
[1773159768.225820855] UNLOCK pid=34738 fd=10: SHARED -> NO_LOCK
DBimpl - LOCK REQUEST: 0x3f44b680 1
[1773159768.226493143] LOCK pid=34738 fd=10: NO_LOCK -> SHARED (fallback)
[1773159768.226494567] LOCK pid=34738 fd=10: SHARED -> SHARED
DBimpl - LOCK REQUEST: 0x3f44b680 2
[1773159768.226504428] LOCK pid=34738 fd=10: SHARED -> RESERVED
DBimpl - LOCK REQUEST: 0x3f44b680 1
DBimpl - LOCK REQUEST: 0x3f44b680 4
[1773159768.227190089] LOCK pid=34740 fd=14: NO_LOCK -> SHARED (fallback)
[1773159768.227192563] LOCK pid=34740 fd=14: SHARED -> SHARED
DBimpl - LOCK REQUEST: 0x3f44b680 2
DBimpl - UNLOCK REQUEST: 0x3f44b680 0
[1773159768.227213020] UNLOCK pid=34740 fd=14: SHARED -> NO_LOCK
DBimpl - LOCK REQUEST: 0x3f44b680 1
DBimpl - LOCK REQUEST: 0x3f44b680 1
[1773159768.227783067] LOCK pid=34737 fd=8: NO_LOCK -> SHARED (fallback)
[1773159768.227783171] LOCK pid=34736 fd=6: NO_LOCK -> SHARED (fallback)
[1773159768.227785638] LOCK pid=34737 fd=8: SHARED -> SHARED
[1773159768.227786349] LOCK pid=34736 fd=6: SHARED -> SHARED
DBimpl - UNLOCK REQUEST: 0x3f44b680 0
[1773159768.227844299] UNLOCK pid=34736 fd=6: SHARED -> NO_LOCK
DBimpl - UNLOCK REQUEST: 0x3f44b680 0
[1773159768.227936384] UNLOCK pid=34737 fd=8: SHARED -> NO_LOCK
DBimpl - LOCK REQUEST: 0x3f44b680 4
[1773159768.228275671] LOCK pid=34738 fd=10: RESERVED -> PENDING
[1773159768.228277358] LOCK pid=34738 fd=10: PENDING -> EXCLUSIVE
DBimpl - LOCK REQUEST: 0x3f44b680 1
DBimpl - LOCK REQUEST: 0x3f44b680 1
DBimpl - LOCK REQUEST: 0x3f44b680 1
DBimpl - LOCK REQUEST: 0x3f44b680 1
DBimpl - LOCK REQUEST: 0x3f44b680 1
DBimpl - LOCK REQUEST: 0x3f44b680 1
DBimpl - LOCK REQUEST: 0x3f44b680 1
DBimpl - UNLOCK REQUEST: 0x3f44b680 1
[1773159768.232521715] UNLOCK pid=34738 fd=10: EXCLUSIVE -> SHARED
DBimpl - UNLOCK REQUEST: 0x3f44b680 0
[1773159768.232526993] UNLOCK pid=34738 fd=10: SHARED -> NO_LOCK
DBimpl - LOCK REQUEST: 0x3f44b680 1
[1773159768.232877218] LOCK pid=34738 fd=10: NO_LOCK -> SHARED (fallback)
[1773159768.232878639] LOCK pid=34738 fd=10: SHARED -> SHARED
DBimpl - LOCK REQUEST: 0x3f44b680 2
[1773159768.232886939] LOCK pid=34738 fd=10: SHARED -> RESERVED
DBimpl - LOCK REQUEST: 0x3f44b680 4
[1773159768.233556445] LOCK pid=34738 fd=10: RESERVED -> PENDING
[1773159768.233558167] LOCK pid=34738 fd=10: PENDING -> EXCLUSIVE
DBimpl - UNLOCK REQUEST: 0x3f44b680 1
[1773159768.236103137] UNLOCK pid=34738 fd=10: EXCLUSIVE -> SHARED
DBimpl - UNLOCK REQUEST: 0x3f44b680 0
[1773159768.236107858] UNLOCK pid=34738 fd=10: SHARED -> NO_LOCK
DBimpl - LOCK REQUEST: 0x3f44b680 1
[1773159768.236365176] LOCK pid=34738 fd=10: NO_LOCK -> SHARED (fallback)
[1773159768.236366356] LOCK pid=34738 fd=10: SHARED -> SHARED
DBimpl - LOCK REQUEST: 0x3f44b680 2
[1773159768.236375557] LOCK pid=34738 fd=10: SHARED -> RESERVED
DBimpl - LOCK REQUEST: 0x3f44b680 1
[1773159768.236506093] LOCK pid=34736 fd=6: NO_LOCK -> SHARED (fallback)
[1773159768.236508059] LOCK pid=34736 fd=6: SHARED -> SHARED
DBimpl - UNLOCK REQUEST: 0x3f44b680 0
[1773159768.236578803] UNLOCK pid=34736 fd=6: SHARED -> NO_LOCK
DBimpl - LOCK REQUEST: 0x3f44b680 1
[1773159768.236908167] LOCK pid=34737 fd=8: NO_LOCK -> SHARED (fallback)
[1773159768.236910599] LOCK pid=34737 fd=8: SHARED -> SHARED
DBimpl - UNLOCK REQUEST: 0x3f44b680 0
[1773159768.237009485] UNLOCK pid=34737 fd=8: SHARED -> NO_LOCK
DBimpl - LOCK REQUEST: 0x3f44b680 4
[1773159768.237032229] LOCK pid=34738 fd=10: RESERVED -> PENDING
[1773159768.237034051] LOCK pid=34738 fd=10: PENDING -> EXCLUSIVE
DBimpl - LOCK REQUEST: 0x3f44b680 1
DBimpl - LOCK REQUEST: 0x3f44b680 1
DBimpl - UNLOCK REQUEST: 0x3f44b680 1
[1773159768.238792449] UNLOCK pid=34738 fd=10: EXCLUSIVE -> SHARED
DBimpl - UNLOCK REQUEST: 0x3f44b680 0
[1773159768.238796434] UNLOCK pid=34738 fd=10: SHARED -> NO_LOCK
DBimpl - LOCK REQUEST: 0x3f44b680 1
[1773159768.239540377] LOCK pid=34738 fd=10: NO_LOCK -> SHARED (fallback)
[1773159768.239541572] LOCK pid=34738 fd=10: SHARED -> SHARED
DBimpl - LOCK REQUEST: 0x3f44b680 2
[1773159768.239549707] LOCK pid=34738 fd=10: SHARED -> RESERVED
DBimpl - LOCK REQUEST: 0x3f44b680 4
[1773159768.239630225] LOCK pid=34738 fd=10: RESERVED -> PENDING
[1773159768.239631747] LOCK pid=34738 fd=10: PENDING -> EXCLUSIVE
DBimpl - LOCK REQUEST: 0x3f44b680 1
DBimpl - LOCK REQUEST: 0x3f44b680 1
DBimpl - UNLOCK REQUEST: 0x3f44b680 1
[1773159768.241393179] UNLOCK pid=34738 fd=10: EXCLUSIVE -> SHARED
DBimpl - UNLOCK REQUEST: 0x3f44b680 0
[1773159768.241398607] UNLOCK pid=34738 fd=10: SHARED -> NO_LOCK
DBimpl - LOCK REQUEST: 0x3f44b680 1
[1773159768.241807236] LOCK pid=34737 fd=8: NO_LOCK -> SHARED (fallback)
[1773159768.241809058] LOCK pid=34737 fd=8: SHARED -> SHARED
DBimpl - UNLOCK REQUEST: 0x3f44b680 0
[1773159768.241920884] UNLOCK pid=34737 fd=8: SHARED -> NO_LOCK
DBimpl - LOCK REQUEST: 0x3f44b680 1
[1773159768.242040141] LOCK pid=34737 fd=8: NO_LOCK -> SHARED (fallback)
[1773159768.242041587] LOCK pid=34737 fd=8: SHARED -> SHARED
DBimpl - UNLOCK REQUEST: 0x3f44b680 0
[1773159768.242095906] UNLOCK pid=34737 fd=8: SHARED -> NO_LOCK
DBimpl - LOCK REQUEST: 0x3f44b680 1
[1773159768.242367456] LOCK pid=34740 fd=14: NO_LOCK -> SHARED (fallback)
[1773159768.242368773] LOCK pid=34740 fd=14: SHARED -> SHARED
DBimpl - LOCK REQUEST: 0x3f44b680 2
[1773159768.242377595] LOCK pid=34740 fd=14: SHARED -> RESERVED
DBimpl - LOCK REQUEST: 0x3f44b680 4
[1773159768.242506409] LOCK pid=34740 fd=14: RESERVED -> PENDING
[1773159768.242508239] LOCK pid=34740 fd=14: PENDING -> EXCLUSIVE
DBimpl - LOCK REQUEST: 0x3f44b680 1
DBimpl - LOCK REQUEST: 0x3f44b680 1
DBimpl - LOCK REQUEST: 0x3f44b680 1
DBimpl - LOCK REQUEST: 0x3f44b680 1
DBimpl - UNLOCK REQUEST: 0x3f44b680 1
[1773159768.244684007] UNLOCK pid=34740 fd=14: EXCLUSIVE -> SHARED
DBimpl - UNLOCK REQUEST: 0x3f44b680 0
[1773159768.244688151] UNLOCK pid=34740 fd=14: SHARED -> NO_LOCK
DBimpl - LOCK REQUEST: 0x3f44b680 1
[1773159768.245108656] LOCK pid=34740 fd=14: NO_LOCK -> SHARED (fallback)
[1773159768.245110169] LOCK pid=34740 fd=14: SHARED -> SHARED
DBimpl - LOCK REQUEST: 0x3f44b680 2
[1773159768.245119125] LOCK pid=34740 fd=14: SHARED -> RESERVED
DBimpl - LOCK REQUEST: 0x3f44b680 4
[1773159768.245198509] LOCK pid=34740 fd=14: RESERVED -> PENDING
[1773159768.245200257] LOCK pid=34740 fd=14: PENDING -> EXCLUSIVE
DBimpl - LOCK REQUEST: 0x3f44b680 1
DBimpl - LOCK REQUEST: 0x3f44b680 1
DBimpl - LOCK REQUEST: 0x3f44b680 1
DBimpl - UNLOCK REQUEST: 0x3f44b680 1
[1773159768.246879448] UNLOCK pid=34740 fd=14: EXCLUSIVE -> SHARED
DBimpl - UNLOCK REQUEST: 0x3f44b680 0
[1773159768.246883345] UNLOCK pid=34740 fd=14: SHARED -> NO_LOCK
DBimpl - LOCK REQUEST: 0x3f44b680 1
[1773159768.246998195] LOCK pid=34740 fd=14: NO_LOCK -> SHARED (fallback)
[1773159768.246999401] LOCK pid=34740 fd=14: SHARED -> SHARED
DBimpl - LOCK REQUEST: 0x3f44b680 2
[1773159768.247007715] LOCK pid=34740 fd=14: SHARED -> RESERVED
DBimpl - LOCK REQUEST: 0x3f44b680 4
[1773159768.247076198] LOCK pid=34740 fd=14: RESERVED -> PENDING
[1773159768.247077891] LOCK pid=34740 fd=14: PENDING -> EXCLUSIVE
DBimpl - UNLOCK REQUEST: 0x3f44b680 1
[1773159768.248696995] UNLOCK pid=34740 fd=14: EXCLUSIVE -> SHARED
DBimpl - UNLOCK REQUEST: 0x3f44b680 0
[1773159768.248700554] UNLOCK pid=34740 fd=14: SHARED -> NO_LOCK
DBimpl - LOCK REQUEST: 0x3f44b680 1
[1773159768.249799172] LOCK pid=34740 fd=14: NO_LOCK -> SHARED (fallback)
[1773159768.249800353] LOCK pid=34740 fd=14: SHARED -> SHARED
DBimpl - LOCK REQUEST: 0x3f44b680 2
[1773159768.249807950] LOCK pid=34740 fd=14: SHARED -> RESERVED
DBimpl - LOCK REQUEST: 0x3f44b680 4
[1773159768.249870870] LOCK pid=34740 fd=14: RESERVED -> PENDING
[1773159768.249872509] LOCK pid=34740 fd=14: PENDING -> EXCLUSIVE
DBimpl - LOCK REQUEST: 0x3f44b680 1
DBimpl - LOCK REQUEST: 0x3f44b680 1
DBimpl - LOCK REQUEST: 0x3f44b680 1
DBimpl - UNLOCK REQUEST: 0x3f44b680 1
[1773159768.251599522] UNLOCK pid=34740 fd=14: EXCLUSIVE -> SHARED
DBimpl - UNLOCK REQUEST: 0x3f44b680 0
[1773159768.251603512] UNLOCK pid=34740 fd=14: SHARED -> NO_LOCK
DBimpl - LOCK REQUEST: 0x3f44b680 1
[1773159768.251717146] LOCK pid=34740 fd=14: NO_LOCK -> SHARED (fallback)
[1773159768.251718599] LOCK pid=34740 fd=14: SHARED -> SHARED
DBimpl - LOCK REQUEST: 0x3f44b680 2
[1773159768.251730668] LOCK pid=34740 fd=14: SHARED -> RESERVED
DBimpl - LOCK REQUEST: 0x3f44b680 4
[1773159768.251802053] LOCK pid=34740 fd=14: RESERVED -> PENDING
[1773159768.251803699] LOCK pid=34740 fd=14: PENDING -> EXCLUSIVE
DBimpl - UNLOCK REQUEST: 0x3f44b680 1
[1773159768.253396280] UNLOCK pid=34740 fd=14: EXCLUSIVE -> SHARED
DBimpl - UNLOCK REQUEST: 0x3f44b680 0
[1773159768.253400139] UNLOCK pid=34740 fd=14: SHARED -> NO_LOCK
DBimpl - LOCK REQUEST: 0x3f44b680 1
[1773159768.253771989] LOCK pid=34740 fd=14: NO_LOCK -> SHARED (fallback)
[1773159768.253773158] LOCK pid=34740 fd=14: SHARED -> SHARED
DBimpl - LOCK REQUEST: 0x3f44b680 2
[1773159768.253781127] LOCK pid=34740 fd=14: SHARED -> RESERVED
DBimpl - LOCK REQUEST: 0x3f44b680 4
[1773159768.253847195] LOCK pid=34740 fd=14: RESERVED -> PENDING
[1773159768.253848808] LOCK pid=34740 fd=14: PENDING -> EXCLUSIVE
DBimpl - UNLOCK REQUEST: 0x3f44b680 1
[1773159768.255441744] UNLOCK pid=34740 fd=14: EXCLUSIVE -> SHARED
DBimpl - UNLOCK REQUEST: 0x3f44b680 0
[1773159768.255445293] UNLOCK pid=34740 fd=14: SHARED -> NO_LOCK
DBimpl - LOCK REQUEST: 0x3f44b680 1
[1773159768.255931904] LOCK pid=34736 fd=6: NO_LOCK -> SHARED (fallback)
[1773159768.255933922] LOCK pid=34736 fd=6: SHARED -> SHARED
DBimpl - UNLOCK REQUEST: 0x3f44b680 0
[1773159768.255996726] UNLOCK pid=34736 fd=6: SHARED -> NO_LOCK
DBimpl - LOCK REQUEST: 0x3f44b680 1
[1773159768.256184923] LOCK pid=34736 fd=6: NO_LOCK -> SHARED (fallback)
[1773159768.256186067] LOCK pid=34736 fd=6: SHARED -> SHARED
DBimpl - UNLOCK REQUEST: 0x3f44b680 0
[1773159768.256211530] UNLOCK pid=34736 fd=6: SHARED -> NO_LOCK
DBimpl - LOCK REQUEST: 0x3f44b680 1
[1773159768.256364197] LOCK pid=34736 fd=6: NO_LOCK -> SHARED (fallback)
[1773159768.256365409] LOCK pid=34736 fd=6: SHARED -> SHARED
DBimpl - UNLOCK REQUEST: 0x3f44b680 0
[1773159768.256388092] UNLOCK pid=34736 fd=6: SHARED -> NO_LOCK
DBimpl - LOCK REQUEST: 0x3f44b680 1
[1773159768.256721106] LOCK pid=34740 fd=14: NO_LOCK -> SHARED (fallback)
[1773159768.256722571] LOCK pid=34740 fd=14: SHARED -> SHARED
DBimpl - LOCK REQUEST: 0x3f44b680 2
[1773159768.256736121] LOCK pid=34740 fd=14: SHARED -> RESERVED
DBimpl - LOCK REQUEST: 0x3f44b680 4
[1773159768.256815629] LOCK pid=34740 fd=14: RESERVED -> PENDING
[1773159768.256817440] LOCK pid=34740 fd=14: PENDING -> EXCLUSIVE
DBimpl - LOCK REQUEST: 0x3f44b680 1
DBimpl - UNLOCK REQUEST: 0x3f44b680 1
[1773159768.258454610] UNLOCK pid=34740 fd=14: EXCLUSIVE -> SHARED
DBimpl - UNLOCK REQUEST: 0x3f44b680 0
[1773159768.258459036] UNLOCK pid=34740 fd=14: SHARED -> NO_LOCK
DBimpl - LOCK REQUEST: 0x3f44b680 1
[1773159768.258468926] LOCK pid=34736 fd=6: NO_LOCK -> SHARED (fallback)
[1773159768.258470985] LOCK pid=34736 fd=6: SHARED -> SHARED
DBimpl - UNLOCK REQUEST: 0x3f44b680 0
[1773159768.258526302] UNLOCK pid=34736 fd=6: SHARED -> NO_LOCK
DBimpl - LOCK REQUEST: 0x3f44b680 1
[1773159768.258611305] LOCK pid=34740 fd=14: NO_LOCK -> SHARED (fallback)
[1773159768.258612498] LOCK pid=34740 fd=14: SHARED -> SHARED
DBimpl - LOCK REQUEST: 0x3f44b680 2
[1773159768.258620143] LOCK pid=34740 fd=14: SHARED -> RESERVED
DBimpl - LOCK REQUEST: 0x3f44b680 4
[1773159768.258689512] LOCK pid=34740 fd=14: RESERVED -> PENDING
[1773159768.258691267] LOCK pid=34740 fd=14: PENDING -> EXCLUSIVE
DBimpl - LOCK REQUEST: 0x3f44b680 1
DBimpl - LOCK REQUEST: 0x3f44b680 1
DBimpl - UNLOCK REQUEST: 0x3f44b680 1
[1773159768.260781365] UNLOCK pid=34740 fd=14: EXCLUSIVE -> SHARED
DBimpl - UNLOCK REQUEST: 0x3f44b680 0
[1773159768.260785644] UNLOCK pid=34740 fd=14: SHARED -> NO_LOCK
DBimpl - LOCK REQUEST: 0x3f44b680 1
[1773159768.260971787] LOCK pid=34740 fd=14: NO_LOCK -> SHARED (fallback)
[1773159768.260972921] LOCK pid=34740 fd=14: SHARED -> SHARED
DBimpl - LOCK REQUEST: 0x3f44b680 2
[1773159768.260980859] LOCK pid=34740 fd=14: SHARED -> RESERVED
DBimpl - LOCK REQUEST: 0x3f44b680 4
[1773159768.261046578] LOCK pid=34740 fd=14: RESERVED -> PENDING
[1773159768.261048239] LOCK pid=34740 fd=14: PENDING -> EXCLUSIVE
DBimpl - LOCK REQUEST: 0x3f44b680 1
DBimpl - LOCK REQUEST: 0x3f44b680 1
DBimpl - LOCK REQUEST: 0x3f44b680 1
DBimpl - UNLOCK REQUEST: 0x3f44b680 1
[1773159768.263153553] UNLOCK pid=34740 fd=14: EXCLUSIVE -> SHARED
DBimpl - UNLOCK REQUEST: 0x3f44b680 0
[1773159768.263157270] UNLOCK pid=34740 fd=14: SHARED -> NO_LOCK
DBimpl - LOCK REQUEST: 0x3f44b680 1
[1773159768.263715151] LOCK pid=34740 fd=14: NO_LOCK -> SHARED (fallback)
[1773159768.263716273] LOCK pid=34740 fd=14: SHARED -> SHARED
DBimpl - LOCK REQUEST: 0x3f44b680 2
[1773159768.263728144] LOCK pid=34740 fd=14: SHARED -> RESERVED
DBimpl - LOCK REQUEST: 0x3f44b680 4
[1773159768.263792986] LOCK pid=34740 fd=14: RESERVED -> PENDING
[1773159768.263794602] LOCK pid=34740 fd=14: PENDING -> EXCLUSIVE
DBimpl - UNLOCK REQUEST: 0x3f44b680 1
[1773159768.265392635] UNLOCK pid=34740 fd=14: EXCLUSIVE -> SHARED
DBimpl - UNLOCK REQUEST: 0x3f44b680 0
[1773159768.265399390] UNLOCK pid=34740 fd=14: SHARED -> NO_LOCK
DBimpl - LOCK REQUEST: 0x3f44b680 1
[1773159768.265483212] LOCK pid=34740 fd=14: NO_LOCK -> SHARED (fallback)
[1773159768.265485030] LOCK pid=34740 fd=14: SHARED -> SHARED
DBimpl - LOCK REQUEST: 0x3f44b680 2
[1773159768.265496728] LOCK pid=34740 fd=14: SHARED -> RESERVED
DBimpl - LOCK REQUEST: 0x3f44b680 4
[1773159768.265609397] LOCK pid=34740 fd=14: RESERVED -> PENDING
[1773159768.265612016] LOCK pid=34740 fd=14: PENDING -> EXCLUSIVE
DBimpl - LOCK REQUEST: 0x3f44b680 1
DBimpl - UNLOCK REQUEST: 0x3f44b680 1
[1773159768.267315445] UNLOCK pid=34740 fd=14: EXCLUSIVE -> SHARED
DBimpl - UNLOCK REQUEST: 0x3f44b680 0
[1773159768.267319500] UNLOCK pid=34740 fd=14: SHARED -> NO_LOCK
DBimpl - LOCK REQUEST: 0x3f44b680 1
[1773159768.268374504] LOCK pid=34740 fd=14: NO_LOCK -> SHARED (fallback)
[1773159768.268376145] LOCK pid=34740 fd=14: SHARED -> SHARED
DBimpl - LOCK REQUEST: 0x3f44b680 2
[1773159768.268387792] LOCK pid=34740 fd=14: SHARED -> RESERVED
DBimpl - LOCK REQUEST: 0x3f44b680 4
[1773159768.268469936] LOCK pid=34740 fd=14: RESERVED -> PENDING
[1773159768.268471636] LOCK pid=34740 fd=14: PENDING -> EXCLUSIVE
DBimpl - UNLOCK REQUEST: 0x3f44b680 1
[1773159768.270195566] UNLOCK pid=34740 fd=14: EXCLUSIVE -> SHARED
DBimpl - UNLOCK REQUEST: 0x3f44b680 0
[1773159768.270200111] UNLOCK pid=34740 fd=14: SHARED -> NO_LOCK
DBimpl - LOCK REQUEST: 0x3f44b680 1
[1773159768.271429013] LOCK pid=34740 fd=14: NO_LOCK -> SHARED (fallback)
[1773159768.271434082] LOCK pid=34740 fd=14: SHARED -> SHARED
DBimpl - LOCK REQUEST: 0x3f44b680 2
[1773159768.271444100] LOCK pid=34740 fd=14: SHARED -> RESERVED
DBimpl - LOCK REQUEST: 0x3f44b680 4
[1773159768.271513782] LOCK pid=34740 fd=14: RESERVED -> PENDING
[1773159768.271515435] LOCK pid=34740 fd=14: PENDING -> EXCLUSIVE
DBimpl - UNLOCK REQUEST: 0x3f44b680 1
[1773159768.273137038] UNLOCK pid=34740 fd=14: EXCLUSIVE -> SHARED
DBimpl - UNLOCK REQUEST: 0x3f44b680 0
[1773159768.273140587] UNLOCK pid=34740 fd=14: SHARED -> NO_LOCK
DBimpl - LOCK REQUEST: 0x3f44b680 1
[1773159768.274794840] LOCK pid=34740 fd=14: NO_LOCK -> SHARED (fallback)
[1773159768.274797173] LOCK pid=34740 fd=14: SHARED -> SHARED
DBimpl - LOCK REQUEST: 0x3f44b680 2
[1773159768.274813544] LOCK pid=34740 fd=14: SHARED -> RESERVED
DBimpl - LOCK REQUEST: 0x3f44b680 4
[1773159768.274911504] LOCK pid=34740 fd=14: RESERVED -> PENDING
[1773159768.274913533] LOCK pid=34740 fd=14: PENDING -> EXCLUSIVE
DBimpl - LOCK REQUEST: 0x3f44b680 1
DBimpl - UNLOCK REQUEST: 0x3f44b680 1
[1773159768.276689079] UNLOCK pid=34740 fd=14: EXCLUSIVE -> SHARED
DBimpl - UNLOCK REQUEST: 0x3f44b680 0
[1773159768.276693828] UNLOCK pid=34740 fd=14: SHARED -> NO_LOCK
DBimpl - LOCK REQUEST: 0x3f44b680 1
[1773159768.276765166] LOCK pid=34737 fd=8: NO_LOCK -> SHARED (fallback)
[1773159768.276767800] LOCK pid=34737 fd=8: SHARED -> SHARED
DBimpl - UNLOCK REQUEST: 0x3f44b680 0
[1773159768.276911010] UNLOCK pid=34737 fd=8: SHARED -> NO_LOCK
DBimpl - LOCK REQUEST: 0x3f44b680 1
[1773159768.277295995] LOCK pid=34736 fd=6: NO_LOCK -> SHARED (fallback)
[1773159768.277297781] LOCK pid=34736 fd=6: SHARED -> SHARED
DBimpl - UNLOCK REQUEST: 0x3f44b680 0
[1773159768.277360436] UNLOCK pid=34736 fd=6: SHARED -> NO_LOCK
DBimpl - LOCK REQUEST: 0x3f44b680 1
[1773159768.277541628] LOCK pid=34737 fd=8: NO_LOCK -> SHARED (fallback)
[1773159768.277542983] LOCK pid=34737 fd=8: SHARED -> SHARED
DBimpl - UNLOCK REQUEST: 0x3f44b680 0
DBimpl - LOCK REQUEST: 0x3f44b680 1
[1773159768.277615287] UNLOCK pid=34737 fd=8: SHARED -> NO_LOCK
[1773159768.277617644] LOCK pid=34740 fd=14: NO_LOCK -> SHARED (fallback)
[1773159768.277619092] LOCK pid=34740 fd=14: SHARED -> SHARED
DBimpl - LOCK REQUEST: 0x3f44b680 2
[1773159768.277626199] LOCK pid=34740 fd=14: SHARED -> RESERVED
DBimpl - LOCK REQUEST: 0x3f44b680 4
[1773159768.277703712] LOCK pid=34740 fd=14: RESERVED -> PENDING
[1773159768.277705345] LOCK pid=34740 fd=14: PENDING -> EXCLUSIVE
DBimpl - LOCK REQUEST: 0x3f44b680 1
DBimpl - LOCK REQUEST: 0x3f44b680 1
DBimpl - LOCK REQUEST: 0x3f44b680 1
DBimpl - LOCK REQUEST: 0x3f44b680 1
DBimpl - UNLOCK REQUEST: 0x3f44b680 1
[1773159768.280076477] UNLOCK pid=34740 fd=14: EXCLUSIVE -> SHARED
DBimpl - UNLOCK REQUEST: 0x3f44b680 0
[1773159768.280083793] UNLOCK pid=34740 fd=14: SHARED -> NO_LOCK
DBimpl - LOCK REQUEST: 0x3f44b680 1
[1773159768.281167638] LOCK pid=34736 fd=6: NO_LOCK -> SHARED (fallback)
[1773159768.281170425] LOCK pid=34736 fd=6: SHARED -> SHARED
DBimpl - UNLOCK REQUEST: 0x3f44b680 0
[1773159768.281239991] UNLOCK pid=34736 fd=6: SHARED -> NO_LOCK
DBimpl - LOCK REQUEST: 0x3f44b680 1
[1773159768.281290577] LOCK pid=34740 fd=14: NO_LOCK -> SHARED (fallback)
[1773159768.281292369] LOCK pid=34740 fd=14: SHARED -> SHARED
DBimpl - LOCK REQUEST: 0x3f44b680 2
[1773159768.281304428] LOCK pid=34740 fd=14: SHARED -> RESERVED
DBimpl - LOCK REQUEST: 0x3f44b680 1
[1773159768.281327828] LOCK pid=34737 fd=8: NO_LOCK -> SHARED (fallback)
[1773159768.281329270] LOCK pid=34737 fd=8: SHARED -> SHARED
DBimpl - UNLOCK REQUEST: 0x3f44b680 0
[1773159768.281407529] UNLOCK pid=34737 fd=8: SHARED -> NO_LOCK
DBimpl - LOCK REQUEST: 0x3f44b680 4
[1773159768.281423069] LOCK pid=34740 fd=14: RESERVED -> PENDING
[1773159768.281425986] LOCK pid=34740 fd=14: PENDING -> EXCLUSIVE
DBimpl - LOCK REQUEST: 0x3f44b680 1
DBimpl - LOCK REQUEST: 0x3f44b680 1
DBimpl - LOCK REQUEST: 0x3f44b680 1
DBimpl - LOCK REQUEST: 0x3f44b680 1
DBimpl - UNLOCK REQUEST: 0x3f44b680 1
[1773159768.284331509] UNLOCK pid=34740 fd=14: EXCLUSIVE -> SHARED
DBimpl - UNLOCK REQUEST: 0x3f44b680 0
[1773159768.284341711] UNLOCK pid=34740 fd=14: SHARED -> NO_LOCK
DBimpl - LOCK REQUEST: 0x3f44b680 1
[1773159768.284680080] LOCK pid=34740 fd=14: NO_LOCK -> SHARED (fallback)
[1773159768.284681769] LOCK pid=34740 fd=14: SHARED -> SHARED
DBimpl - LOCK REQUEST: 0x3f44b680 2
[1773159768.284695356] LOCK pid=34740 fd=14: SHARED -> RESERVED
DBimpl - LOCK REQUEST: 0x3f44b680 4
[1773159768.284819486] LOCK pid=34740 fd=14: RESERVED -> PENDING
[1773159768.284821407] LOCK pid=34740 fd=14: PENDING -> EXCLUSIVE
DBimpl - LOCK REQUEST: 0x3f44b680 1
DBimpl - LOCK REQUEST: 0x3f44b680 1
DBimpl - UNLOCK REQUEST: 0x3f44b680 1
[1773159768.289113840] UNLOCK pid=34740 fd=14: EXCLUSIVE -> SHARED
DBimpl - UNLOCK REQUEST: 0x3f44b680 0
[1773159768.289119668] UNLOCK pid=34740 fd=14: SHARED -> NO_LOCK
DBimpl - LOCK REQUEST: 0x3f44b680 1
[1773159768.290188747] LOCK pid=34737 fd=8: NO_LOCK -> SHARED (fallback)
[1773159768.290192013] LOCK pid=34737 fd=8: SHARED -> SHARED
DBimpl - UNLOCK REQUEST: 0x3f44b680 0
[1773159768.290350495] UNLOCK pid=34737 fd=8: SHARED -> NO_LOCK
DBimpl - LOCK REQUEST: 0x3f44b680 1
[1773159768.291217020] LOCK pid=34737 fd=8: NO_LOCK -> SHARED (fallback)
[1773159768.291218595] LOCK pid=34737 fd=8: SHARED -> SHARED
DBimpl - UNLOCK REQUEST: 0x3f44b680 0
[1773159768.291281696] UNLOCK pid=34737 fd=8: SHARED -> NO_LOCK
DBimpl - LOCK REQUEST: 0x3f44b680 1
[1773159768.291328419] LOCK pid=34740 fd=14: NO_LOCK -> SHARED (fallback)
[1773159768.291329824] LOCK pid=34740 fd=14: SHARED -> SHARED
DBimpl - LOCK REQUEST: 0x3f44b680 2
[1773159768.291339075] LOCK pid=34740 fd=14: SHARED -> RESERVED
DBimpl - LOCK REQUEST: 0x3f44b680 4
[1773159768.291436335] LOCK pid=34740 fd=14: RESERVED -> PENDING
[1773159768.291438363] LOCK pid=34740 fd=14: PENDING -> EXCLUSIVE
DBimpl - LOCK REQUEST: 0x3f44b680 1
DBimpl - LOCK REQUEST: 0x3f44b680 1
DBimpl - LOCK REQUEST: 0x3f44b680 1
DBimpl - UNLOCK REQUEST: 0x3f44b680 1
[1773159768.293688721] UNLOCK pid=34740 fd=14: EXCLUSIVE -> SHARED
DBimpl - UNLOCK REQUEST: 0x3f44b680 0
[1773159768.293693422] UNLOCK pid=34740 fd=14: SHARED -> NO_LOCK
DBimpl - LOCK REQUEST: 0x3f44b680 1
[1773159768.294798637] LOCK pid=34737 fd=8: NO_LOCK -> SHARED (fallback)
[1773159768.294801436] LOCK pid=34737 fd=8: SHARED -> SHARED
DBimpl - UNLOCK REQUEST: 0x3f44b680 0
[1773159768.294918972] UNLOCK pid=34737 fd=8: SHARED -> NO_LOCK
DBimpl - LOCK REQUEST: 0x3f44b680 1
[1773159768.295952091] LOCK pid=34740 fd=14: NO_LOCK -> SHARED (fallback)
[1773159768.295953637] LOCK pid=34740 fd=14: SHARED -> SHARED
DBimpl - LOCK REQUEST: 0x3f44b680 2
[1773159768.295966361] LOCK pid=34740 fd=14: SHARED -> RESERVED
DBimpl - LOCK REQUEST: 0x3f44b680 1
[1773159768.296020886] LOCK pid=34737 fd=8: NO_LOCK -> SHARED (fallback)
[1773159768.296022372] LOCK pid=34737 fd=8: SHARED -> SHARED
DBimpl - UNLOCK REQUEST: 0x3f44b680 0
[1773159768.296083629] UNLOCK pid=34737 fd=8: SHARED -> NO_LOCK
DBimpl - LOCK REQUEST: 0x3f44b680 4
[1773159768.296100047] LOCK pid=34740 fd=14: RESERVED -> PENDING
[1773159768.296102715] LOCK pid=34740 fd=14: PENDING -> EXCLUSIVE
DBimpl - LOCK REQUEST: 0x3f44b680 1
DBimpl - LOCK REQUEST: 0x3f44b680 1
DBimpl - LOCK REQUEST: 0x3f44b680 1
DBimpl - UNLOCK REQUEST: 0x3f44b680 1
[1773159768.298347592] UNLOCK pid=34740 fd=14: EXCLUSIVE -> SHARED
DBimpl - UNLOCK REQUEST: 0x3f44b680 0
[1773159768.298352265] UNLOCK pid=34740 fd=14: SHARED -> NO_LOCK
DBimpl - LOCK REQUEST: 0x3f44b680 1
[1773159768.298839301] LOCK pid=34740 fd=14: NO_LOCK -> SHARED (fallback)
[1773159768.298840504] LOCK pid=34740 fd=14: SHARED -> SHARED
DBimpl - LOCK REQUEST: 0x3f44b680 2
[1773159768.298849463] LOCK pid=34740 fd=14: SHARED -> RESERVED
DBimpl - LOCK REQUEST: 0x3f44b680 4
[1773159768.298931171] LOCK pid=34740 fd=14: RESERVED -> PENDING
[1773159768.298932767] LOCK pid=34740 fd=14: PENDING -> EXCLUSIVE
DBimpl - LOCK REQUEST: 0x3f44b680 1
DBimpl - UNLOCK REQUEST: 0x3f44b680 1
[1773159768.300599820] UNLOCK pid=34740 fd=14: EXCLUSIVE -> SHARED
DBimpl - UNLOCK REQUEST: 0x3f44b680 0
[1773159768.300603575] UNLOCK pid=34740 fd=14: SHARED -> NO_LOCK
DBimpl - LOCK REQUEST: 0x3f44b680 1
[1773159768.301112306] LOCK pid=34739 fd=12: NO_LOCK -> SHARED (fallback)
[1773159768.301115274] LOCK pid=34739 fd=12: SHARED -> SHARED
DBimpl - LOCK REQUEST: 0x3f44b680 2
[1773159768.301135258] LOCK pid=34739 fd=12: SHARED -> RESERVED
DBimpl - LOCK REQUEST: 0x3f44b680 1
[1773159768.301584638] LOCK pid=34736 fd=6: NO_LOCK -> SHARED (fallback)
[1773159768.301587203] LOCK pid=34736 fd=6: SHARED -> SHARED
DBimpl - UNLOCK REQUEST: 0x3f44b680 0
[1773159768.301676126] UNLOCK pid=34736 fd=6: SHARED -> NO_LOCK
DBimpl - LOCK REQUEST: 0x3f44b680 1
[1773159768.302164992] LOCK pid=34736 fd=6: NO_LOCK -> SHARED (fallback)
[1773159768.302167384] LOCK pid=34736 fd=6: SHARED -> SHARED
DBimpl - UNLOCK REQUEST: 0x3f44b680 0
[1773159768.302220038] UNLOCK pid=34736 fd=6: SHARED -> NO_LOCK
DBimpl - LOCK REQUEST: 0x3f44b680 1
[1773159768.302911318] LOCK pid=34736 fd=6: NO_LOCK -> SHARED (fallback)
[1773159768.302913403] LOCK pid=34736 fd=6: SHARED -> SHARED
DBimpl - UNLOCK REQUEST: 0x3f44b680 0
[1773159768.302957048] UNLOCK pid=34736 fd=6: SHARED -> NO_LOCK
DBimpl - LOCK REQUEST: 0x3f44b680 1
[1773159768.304404918] LOCK pid=34736 fd=6: NO_LOCK -> SHARED (fallback)
[1773159768.304406819] LOCK pid=34736 fd=6: SHARED -> SHARED
DBimpl - UNLOCK REQUEST: 0x3f44b680 0
[1773159768.304459169] UNLOCK pid=34736 fd=6: SHARED -> NO_LOCK
DBimpl - LOCK REQUEST: 0x3f44b680 1
[1773159768.304591836] LOCK pid=34736 fd=6: NO_LOCK -> SHARED (fallback)
[1773159768.304593985] LOCK pid=34736 fd=6: SHARED -> SHARED
DBimpl - UNLOCK REQUEST: 0x3f44b680 0
[1773159768.304635998] UNLOCK pid=34736 fd=6: SHARED -> NO_LOCK
DBimpl - LOCK REQUEST: 0x3f44b680 1
[1773159768.304989917] LOCK pid=34740 fd=14: NO_LOCK -> SHARED (fallback)
[1773159768.304991880] LOCK pid=34740 fd=14: SHARED -> SHARED
DBimpl - LOCK REQUEST: 0x3f44b680 2
DBimpl - UNLOCK REQUEST: 0x3f44b680 0
[1773159768.305006443] UNLOCK pid=34740 fd=14: SHARED -> NO_LOCK
DBimpl - LOCK REQUEST: 0x3f44b680 1
[1773159768.305438896] LOCK pid=34737 fd=8: NO_LOCK -> SHARED (fallback)
[1773159768.305440859] LOCK pid=34737 fd=8: SHARED -> SHARED
DBimpl - UNLOCK REQUEST: 0x3f44b680 0
[1773159768.305566396] UNLOCK pid=34737 fd=8: SHARED -> NO_LOCK
DBimpl - LOCK REQUEST: 0x3f44b680 1
[1773159768.306098436] LOCK pid=34740 fd=14: NO_LOCK -> SHARED (fallback)
[1773159768.306100037] LOCK pid=34740 fd=14: SHARED -> SHARED
DBimpl - LOCK REQUEST: 0x3f44b680 2
DBimpl - UNLOCK REQUEST: 0x3f44b680 0
[1773159768.306111803] UNLOCK pid=34740 fd=14: SHARED -> NO_LOCK
DBimpl - LOCK REQUEST: 0x3f44b680 1
[1773159768.306652442] LOCK pid=34736 fd=6: NO_LOCK -> SHARED (fallback)
[1773159768.306654996] LOCK pid=34736 fd=6: SHARED -> SHARED
DBimpl - LOCK REQUEST: 0x3f44b680 1
[1773159768.306681185] LOCK pid=34737 fd=8: NO_LOCK -> SHARED (fallback)
[1773159768.306685122] LOCK pid=34737 fd=8: SHARED -> SHARED
DBimpl - UNLOCK REQUEST: 0x3f44b680 0
[1773159768.306702791] UNLOCK pid=34736 fd=6: SHARED -> NO_LOCK
DBimpl - UNLOCK REQUEST: 0x3f44b680 0
[1773159768.306805978] UNLOCK pid=34737 fd=8: SHARED -> NO_LOCK
DBimpl - LOCK REQUEST: 0x3f44b680 1
[1773159768.308213721] LOCK pid=34740 fd=14: NO_LOCK -> SHARED (fallback)
[1773159768.308216176] LOCK pid=34740 fd=14: SHARED -> SHARED
DBimpl - LOCK REQUEST: 0x3f44b680 2
DBimpl - UNLOCK REQUEST: 0x3f44b680 0
[1773159768.308236135] UNLOCK pid=34740 fd=14: SHARED -> NO_LOCK
DBimpl - LOCK REQUEST: 0x3f44b680 1
[1773159768.308374120] LOCK pid=34736 fd=6: NO_LOCK -> SHARED (fallback)
[1773159768.308376473] LOCK pid=34736 fd=6: SHARED -> SHARED
DBimpl - UNLOCK REQUEST: 0x3f44b680 0
[1773159768.308434622] UNLOCK pid=34736 fd=6: SHARED -> NO_LOCK
DBimpl - LOCK REQUEST: 0x3f44b680 1
[1773159768.308845764] LOCK pid=34736 fd=6: NO_LOCK -> SHARED (fallback)
[1773159768.308847798] LOCK pid=34736 fd=6: SHARED -> SHARED
DBimpl - UNLOCK REQUEST: 0x3f44b680 0
[1773159768.308897311] UNLOCK pid=34736 fd=6: SHARED -> NO_LOCK
DBimpl - LOCK REQUEST: 0x3f44b680 1
[1773159768.309879575] LOCK pid=34736 fd=6: NO_LOCK -> SHARED (fallback)
[1773159768.309882880] LOCK pid=34736 fd=6: SHARED -> SHARED
DBimpl - LOCK REQUEST: 0x3f44b680 4
DBimpl - UNLOCK REQUEST: 0x3f44b680 0
[1773159768.309943724] UNLOCK pid=34736 fd=6: SHARED -> NO_LOCK
[1773159768.309943546] LOCK pid=34739 fd=12: RESERVED -> PENDING
[1773159768.309947524] LOCK pid=34739 fd=12: PENDING -> EXCLUSIVE
DBimpl - LOCK REQUEST: 0x3f44b680 1
DBimpl - LOCK REQUEST: 0x3f44b680 1
DBimpl - LOCK REQUEST: 0x3f44b680 1
DBimpl - LOCK REQUEST: 0x3f44b680 1
DBimpl - LOCK REQUEST: 0x3f44b680 1
DBimpl - LOCK REQUEST: 0x3f44b680 1
DBimpl - LOCK REQUEST: 0x3f44b680 1
DBimpl - UNLOCK REQUEST: 0x3f44b680 1
[1773159768.317412889] UNLOCK pid=34739 fd=12: EXCLUSIVE -> SHARED
DBimpl - UNLOCK REQUEST: 0x3f44b680 0
[1773159768.317423970] UNLOCK pid=34739 fd=12: SHARED -> NO_LOCK
DBimpl - LOCK REQUEST: 0x3f44b680 1
[1773159768.318115670] LOCK pid=34739 fd=12: NO_LOCK -> SHARED (fallback)
[1773159768.318118765] LOCK pid=34739 fd=12: SHARED -> SHARED
DBimpl - LOCK REQUEST: 0x3f44b680 2
[1773159768.318137980] LOCK pid=34739 fd=12: SHARED -> RESERVED
DBimpl - LOCK REQUEST: 0x3f44b680 1
[1773159768.319069158] LOCK pid=34736 fd=6: NO_LOCK -> SHARED (fallback)
[1773159768.319072725] LOCK pid=34736 fd=6: SHARED -> SHARED
DBimpl - UNLOCK REQUEST: 0x3f44b680 0
[1773159768.319435729] UNLOCK pid=34736 fd=6: SHARED -> NO_LOCK
DBimpl - LOCK REQUEST: 0x3f44b680 4
[1773159768.319669457] LOCK pid=34739 fd=12: RESERVED -> PENDING
[1773159768.319672667] LOCK pid=34739 fd=12: PENDING -> EXCLUSIVE
DBimpl - UNLOCK REQUEST: 0x3f44b680 1
[1773159768.319679383] UNLOCK pid=34739 fd=12: EXCLUSIVE -> SHARED
DBimpl - UNLOCK REQUEST: 0x3f44b680 0
[1773159768.319685179] UNLOCK pid=34739 fd=12: SHARED -> NO_LOCK
DBimpl - LOCK REQUEST: 0x3f44b680 1
[1773159768.320341316] LOCK pid=34736 fd=6: NO_LOCK -> SHARED (fallback)
[1773159768.320343215] LOCK pid=34736 fd=6: SHARED -> SHARED
DBimpl - UNLOCK REQUEST: 0x3f44b680 0
[1773159768.320524058] UNLOCK pid=34736 fd=6: SHARED -> NO_LOCK
DBimpl - LOCK REQUEST: 0x3f44b680 1
[1773159768.320680054] LOCK pid=34739 fd=12: NO_LOCK -> SHARED (fallback)
[1773159768.320681494] LOCK pid=34739 fd=12: SHARED -> SHARED
DBimpl - LOCK REQUEST: 0x3f44b680 2
[1773159768.320691687] LOCK pid=34739 fd=12: SHARED -> RESERVED
DBimpl - LOCK REQUEST: 0x3f44b680 1
[1773159768.321454615] LOCK pid=34738 fd=10: NO_LOCK -> SHARED (fallback)
[1773159768.321456948] LOCK pid=34738 fd=10: SHARED -> SHARED
DBimpl - LOCK REQUEST: 0x3f44b680 2
DBimpl - UNLOCK REQUEST: 0x3f44b680 0
[1773159768.321488883] UNLOCK pid=34738 fd=10: SHARED -> NO_LOCK
DBimpl - LOCK REQUEST: 0x3f44b680 1
DBimpl - LOCK REQUEST: 0x3f44b680 1
[1773159768.321958657] LOCK pid=34736 fd=6: NO_LOCK -> SHARED (fallback)
[1773159768.321961930] LOCK pid=34736 fd=6: SHARED -> SHARED
[1773159768.321965454] LOCK pid=34737 fd=8: NO_LOCK -> SHARED (fallback)
[1773159768.321967720] LOCK pid=34737 fd=8: SHARED -> SHARED
DBimpl - UNLOCK REQUEST: 0x3f44b680 0
[1773159768.322276607] UNLOCK pid=34736 fd=6: SHARED -> NO_LOCK
DBimpl - UNLOCK REQUEST: 0x3f44b680 0
[1773159768.322391922] UNLOCK pid=34737 fd=8: SHARED -> NO_LOCK
DBimpl - LOCK REQUEST: 0x3f44b680 1
[1773159768.323396044] LOCK pid=34740 fd=14: NO_LOCK -> SHARED (fallback)
[1773159768.323399332] LOCK pid=34740 fd=14: SHARED -> SHARED
DBimpl - LOCK REQUEST: 0x3f44b680 2
DBimpl - UNLOCK REQUEST: 0x3f44b680 0
[1773159768.323421529] UNLOCK pid=34740 fd=14: SHARED -> NO_LOCK
DBimpl - LOCK REQUEST: 0x3f44b680 1
[1773159768.324156955] LOCK pid=34736 fd=6: NO_LOCK -> SHARED (fallback)
[1773159768.324168368] LOCK pid=34736 fd=6: SHARED -> SHARED
DBimpl - UNLOCK REQUEST: 0x3f44b680 0
[1773159768.324599373] UNLOCK pid=34736 fd=6: SHARED -> NO_LOCK
DBimpl - LOCK REQUEST: 0x3f44b680 1
[1773159768.324992835] LOCK pid=34736 fd=6: NO_LOCK -> SHARED (fallback)
[1773159768.324994983] LOCK pid=34736 fd=6: SHARED -> SHARED
DBimpl - UNLOCK REQUEST: 0x3f44b680 0
DBimpl - LOCK REQUEST: 0x3f44b680 1
[1773159768.325311241] UNLOCK pid=34736 fd=6: SHARED -> NO_LOCK
[1773159768.325316813] LOCK pid=34737 fd=8: NO_LOCK -> SHARED (fallback)
[1773159768.325318846] LOCK pid=34737 fd=8: SHARED -> SHARED
DBimpl - UNLOCK REQUEST: 0x3f44b680 0
[1773159768.325533255] UNLOCK pid=34737 fd=8: SHARED -> NO_LOCK
DBimpl - LOCK REQUEST: 0x3f44b680 1
[1773159768.326102945] LOCK pid=34737 fd=8: NO_LOCK -> SHARED (fallback)
[1773159768.326105341] LOCK pid=34737 fd=8: SHARED -> SHARED
DBimpl - UNLOCK REQUEST: 0x3f44b680 0
[1773159768.326358161] UNLOCK pid=34737 fd=8: SHARED -> NO_LOCK
DBimpl - LOCK REQUEST: 0x3f44b680 1
[1773159768.327762575] LOCK pid=34736 fd=6: NO_LOCK -> SHARED (fallback)
[1773159768.327765407] LOCK pid=34736 fd=6: SHARED -> SHARED
DBimpl - LOCK REQUEST: 0x3f44b680 1
[1773159768.327986901] LOCK pid=34737 fd=8: NO_LOCK -> SHARED (fallback)
[1773159768.327989894] LOCK pid=34737 fd=8: SHARED -> SHARED
DBimpl - UNLOCK REQUEST: 0x3f44b680 0
[1773159768.328082740] UNLOCK pid=34736 fd=6: SHARED -> NO_LOCK
DBimpl - UNLOCK REQUEST: 0x3f44b680 0
[1773159768.328192317] UNLOCK pid=34737 fd=8: SHARED -> NO_LOCK
DBimpl - LOCK REQUEST: 0x3f44b680 4
[1773159768.331238002] LOCK pid=34739 fd=12: RESERVED -> PENDING
[1773159768.331241735] LOCK pid=34739 fd=12: PENDING -> EXCLUSIVE
DBimpl - UNLOCK REQUEST: 0x3f44b680 1
[1773159768.331247644] UNLOCK pid=34739 fd=12: EXCLUSIVE -> SHARED
DBimpl - UNLOCK REQUEST: 0x3f44b680 0
[1773159768.331252750] UNLOCK pid=34739 fd=12: SHARED -> NO_LOCK
DBimpl - LOCK REQUEST: 0x3f44b680 1
[1773159768.331938728] LOCK pid=34736 fd=6: NO_LOCK -> SHARED (fallback)
[1773159768.331940389] LOCK pid=34736 fd=6: SHARED -> SHARED
DBimpl - UNLOCK REQUEST: 0x3f44b680 0
[1773159768.332109714] UNLOCK pid=34736 fd=6: SHARED -> NO_LOCK
DBimpl - LOCK REQUEST: 0x3f44b680 1
[1773159768.332330107] LOCK pid=34739 fd=12: NO_LOCK -> SHARED (fallback)
[1773159768.332331464] LOCK pid=34739 fd=12: SHARED -> SHARED
DBimpl - LOCK REQUEST: 0x3f44b680 2
[1773159768.332339908] LOCK pid=34739 fd=12: SHARED -> RESERVED
DBimpl - LOCK REQUEST: 0x3f44b680 1
[1773159768.332537270] LOCK pid=34736 fd=6: NO_LOCK -> SHARED (fallback)
[1773159768.332539352] LOCK pid=34736 fd=6: SHARED -> SHARED
DBimpl - LOCK REQUEST: 0x3f44b680 1
[1773159768.332830690] LOCK pid=34737 fd=8: NO_LOCK -> SHARED (fallback)
[1773159768.332832830] LOCK pid=34737 fd=8: SHARED -> SHARED
DBimpl - UNLOCK REQUEST: 0x3f44b680 0
[1773159768.332851356] UNLOCK pid=34736 fd=6: SHARED -> NO_LOCK
DBimpl - UNLOCK REQUEST: 0x3f44b680 0
[1773159768.333067915] UNLOCK pid=34737 fd=8: SHARED -> NO_LOCK
DBimpl - LOCK REQUEST: 0x3f44b680 1
[1773159768.333217662] LOCK pid=34737 fd=8: NO_LOCK -> SHARED (fallback)
[1773159768.333219094] LOCK pid=34737 fd=8: SHARED -> SHARED
DBimpl - LOCK REQUEST: 0x3f44b680 1
[1773159768.333389497] LOCK pid=34736 fd=6: NO_LOCK -> SHARED (fallback)
DBimpl - UNLOCK REQUEST: 0x3f44b680 0
[1773159768.333391482] LOCK pid=34736 fd=6: SHARED -> SHARED
[1773159768.333394448] UNLOCK pid=34737 fd=8: SHARED -> NO_LOCK
DBimpl - UNLOCK REQUEST: 0x3f44b680 0
[1773159768.333688116] UNLOCK pid=34736 fd=6: SHARED -> NO_LOCK
DBimpl - LOCK REQUEST: 0x3f44b680 1
[1773159768.333970164] LOCK pid=34737 fd=8: NO_LOCK -> SHARED (fallback)
[1773159768.333971410] LOCK pid=34737 fd=8: SHARED -> SHARED
DBimpl - UNLOCK REQUEST: 0x3f44b680 0
[1773159768.334174295] UNLOCK pid=34737 fd=8: SHARED -> NO_LOCK
DBimpl - LOCK REQUEST: 0x3f44b680 1
[1773159768.334271307] LOCK pid=34737 fd=8: NO_LOCK -> SHARED (fallback)
[1773159768.334272600] LOCK pid=34737 fd=8: SHARED -> SHARED
DBimpl - UNLOCK REQUEST: 0x3f44b680 0
[1773159768.334480942] UNLOCK pid=34737 fd=8: SHARED -> NO_LOCK
DBimpl - LOCK REQUEST: 0x3f44b680 1
[1773159768.334541321] LOCK pid=34736 fd=6: NO_LOCK -> SHARED (fallback)
[1773159768.334543453] LOCK pid=34736 fd=6: SHARED -> SHARED
DBimpl - UNLOCK REQUEST: 0x3f44b680 0
[1773159768.334874255] UNLOCK pid=34736 fd=6: SHARED -> NO_LOCK
DBimpl - LOCK REQUEST: 0x3f44b680 1
[1773159768.335628114] LOCK pid=34737 fd=8: NO_LOCK -> SHARED (fallback)
[1773159768.335630748] LOCK pid=34737 fd=8: SHARED -> SHARED
DBimpl - UNLOCK REQUEST: 0x3f44b680 0
[1773159768.335842072] UNLOCK pid=34737 fd=8: SHARED -> NO_LOCK
DBimpl - LOCK REQUEST: 0x3f44b680 1
[1773159768.336338027] LOCK pid=34736 fd=6: NO_LOCK -> SHARED (fallback)
[1773159768.336340264] LOCK pid=34736 fd=6: SHARED -> SHARED
DBimpl - UNLOCK REQUEST: 0x3f44b680 0
[1773159768.336646079] UNLOCK pid=34736 fd=6: SHARED -> NO_LOCK
DBimpl - LOCK REQUEST: 0x3f44b680 1
[1773159768.338379954] LOCK pid=34737 fd=8: NO_LOCK -> SHARED (fallback)
[1773159768.338382063] LOCK pid=34737 fd=8: SHARED -> SHARED
DBimpl - LOCK REQUEST: 0x3f44b680 1
[1773159768.338495163] LOCK pid=34740 fd=14: NO_LOCK -> SHARED (fallback)
[1773159768.338497539] LOCK pid=34740 fd=14: SHARED -> SHARED
DBimpl - LOCK REQUEST: 0x3f44b680 2
DBimpl - LOCK REQUEST: 0x3f44b680 1
DBimpl - UNLOCK REQUEST: 0x3f44b680 0
[1773159768.338516433] UNLOCK pid=34740 fd=14: SHARED -> NO_LOCK
[1773159768.338517911] LOCK pid=34736 fd=6: NO_LOCK -> SHARED (fallback)
[1773159768.338520960] LOCK pid=34736 fd=6: SHARED -> SHARED
DBimpl - UNLOCK REQUEST: 0x3f44b680 0
[1773159768.338774837] UNLOCK pid=34737 fd=8: SHARED -> NO_LOCK
DBimpl - UNLOCK REQUEST: 0x3f44b680 0
[1773159768.338865002] UNLOCK pid=34736 fd=6: SHARED -> NO_LOCK
DBimpl - LOCK REQUEST: 0x3f44b680 1
[1773159768.339089914] LOCK pid=34736 fd=6: NO_LOCK -> SHARED (fallback)
[1773159768.339091325] LOCK pid=34736 fd=6: SHARED -> SHARED
DBimpl - UNLOCK REQUEST: 0x3f44b680 0
[1773159768.339250174] UNLOCK pid=34736 fd=6: SHARED -> NO_LOCK
DBimpl - LOCK REQUEST: 0x3f44b680 1
[1773159768.339316862] LOCK pid=34737 fd=8: NO_LOCK -> SHARED (fallback)
[1773159768.339318279] LOCK pid=34737 fd=8: SHARED -> SHARED
DBimpl - LOCK REQUEST: 0x3f44b680 1
[1773159768.339401283] LOCK pid=34736 fd=6: NO_LOCK -> SHARED (fallback)
[1773159768.339403325] LOCK pid=34736 fd=6: SHARED -> SHARED
DBimpl - UNLOCK REQUEST: 0x3f44b680 0
[1773159768.339592475] UNLOCK pid=34737 fd=8: SHARED -> NO_LOCK
DBimpl - UNLOCK REQUEST: 0x3f44b680 0
[1773159768.339657903] UNLOCK pid=34736 fd=6: SHARED -> NO_LOCK
DBimpl - LOCK REQUEST: 0x3f44b680 1
[1773159768.340427754] LOCK pid=34737 fd=8: NO_LOCK -> SHARED (fallback)
[1773159768.340429422] LOCK pid=34737 fd=8: SHARED -> SHARED
DBimpl - UNLOCK REQUEST: 0x3f44b680 0
[1773159768.340613288] UNLOCK pid=34737 fd=8: SHARED -> NO_LOCK
DBimpl - LOCK REQUEST: 0x3f44b680 1
[1773159768.341261125] LOCK pid=34736 fd=6: NO_LOCK -> SHARED (fallback)
[1773159768.341263188] LOCK pid=34736 fd=6: SHARED -> SHARED
DBimpl - UNLOCK REQUEST: 0x3f44b680 0
[1773159768.341427826] UNLOCK pid=34736 fd=6: SHARED -> NO_LOCK
DBimpl - LOCK REQUEST: 0x3f44b680 1
[1773159768.341934278] LOCK pid=34736 fd=6: NO_LOCK -> SHARED (fallback)
[1773159768.341935756] LOCK pid=34736 fd=6: SHARED -> SHARED
DBimpl - UNLOCK REQUEST: 0x3f44b680 0
[1773159768.342094136] UNLOCK pid=34736 fd=6: SHARED -> NO_LOCK
DBimpl - LOCK REQUEST: 0x3f44b680 1
[1773159768.342325399] LOCK pid=34737 fd=8: NO_LOCK -> SHARED (fallback)
[1773159768.342326926] LOCK pid=34737 fd=8: SHARED -> SHARED
DBimpl - UNLOCK REQUEST: 0x3f44b680 0
[1773159768.342508282] UNLOCK pid=34737 fd=8: SHARED -> NO_LOCK
DBimpl - LOCK REQUEST: 0x3f44b680 1
[1773159768.342840415] LOCK pid=34736 fd=6: NO_LOCK -> SHARED (fallback)
[1773159768.342842120] LOCK pid=34736 fd=6: SHARED -> SHARED
DBimpl - UNLOCK REQUEST: 0x3f44b680 0
[1773159768.343010518] UNLOCK pid=34736 fd=6: SHARED -> NO_LOCK
DBimpl - LOCK REQUEST: 0x3f44b680 1
[1773159768.343875812] LOCK pid=34736 fd=6: NO_LOCK -> SHARED (fallback)
[1773159768.343877385] LOCK pid=34736 fd=6: SHARED -> SHARED
DBimpl - UNLOCK REQUEST: 0x3f44b680 0
[1773159768.344028909] UNLOCK pid=34736 fd=6: SHARED -> NO_LOCK
DBimpl - LOCK REQUEST: 0x3f44b680 1
[1773159768.344052444] LOCK pid=34737 fd=8: NO_LOCK -> SHARED (fallback)
[1773159768.344053786] LOCK pid=34737 fd=8: SHARED -> SHARED
DBimpl - UNLOCK REQUEST: 0x3f44b680 0
[1773159768.344226738] UNLOCK pid=34737 fd=8: SHARED -> NO_LOCK
DBimpl - LOCK REQUEST: 0x3f44b680 1
[1773159768.344612877] LOCK pid=34736 fd=6: NO_LOCK -> SHARED (fallback)
[1773159768.344614511] LOCK pid=34736 fd=6: SHARED -> SHARED
DBimpl - LOCK REQUEST: 0x3f44b680 1
[1773159768.344696746] LOCK pid=34737 fd=8: NO_LOCK -> SHARED (fallback)
[1773159768.344698787] LOCK pid=34737 fd=8: SHARED -> SHARED
DBimpl - UNLOCK REQUEST: 0x3f44b680 0
[1773159768.345079213] UNLOCK pid=34736 fd=6: SHARED -> NO_LOCK
DBimpl - UNLOCK REQUEST: 0x3f44b680 0
[1773159768.345181356] UNLOCK pid=34737 fd=8: SHARED -> NO_LOCK
DBimpl - LOCK REQUEST: 0x3f44b680 1
[1773159768.345318566] LOCK pid=34737 fd=8: NO_LOCK -> SHARED (fallback)
[1773159768.345319887] LOCK pid=34737 fd=8: SHARED -> SHARED
DBimpl - UNLOCK REQUEST: 0x3f44b680 0
[1773159768.345490177] UNLOCK pid=34737 fd=8: SHARED -> NO_LOCK
DBimpl - LOCK REQUEST: 0x3f44b680 4
[1773159768.345649234] LOCK pid=34739 fd=12: RESERVED -> PENDING
[1773159768.345651848] LOCK pid=34739 fd=12: PENDING -> EXCLUSIVE
DBimpl - UNLOCK REQUEST: 0x3f44b680 1
[1773159768.345656560] UNLOCK pid=34739 fd=12: EXCLUSIVE -> SHARED
DBimpl - UNLOCK REQUEST: 0x3f44b680 0
[1773159768.345660856] UNLOCK pid=34739 fd=12: SHARED -> NO_LOCK
DBimpl - LOCK REQUEST: 0x3f44b680 1
[1773159768.345854613] LOCK pid=34737 fd=8: NO_LOCK -> SHARED (fallback)
[1773159768.345856620] LOCK pid=34737 fd=8: SHARED -> SHARED
DBimpl - UNLOCK REQUEST: 0x3f44b680 0
[1773159768.346061824] UNLOCK pid=34737 fd=8: SHARED -> NO_LOCK
DBimpl - LOCK REQUEST: 0x3f44b680 1
[1773159768.346521990] LOCK pid=34737 fd=8: NO_LOCK -> SHARED (fallback)
[1773159768.346523194] LOCK pid=34737 fd=8: SHARED -> SHARED
DBimpl - LOCK REQUEST: 0x3f44b680 1
[1773159768.346571848] LOCK pid=34738 fd=10: NO_LOCK -> SHARED (fallback)
[1773159768.346575775] LOCK pid=34738 fd=10: SHARED -> SHARED
DBimpl - LOCK REQUEST: 0x3f44b680 2
[1773159768.346592944] LOCK pid=34738 fd=10: SHARED -> RESERVED
DBimpl - UNLOCK REQUEST: 0x3f44b680 0
[1773159768.346712251] UNLOCK pid=34737 fd=8: SHARED -> NO_LOCK
DBimpl - LOCK REQUEST: 0x3f44b680 4
[1773159768.346798608] LOCK pid=34738 fd=10: RESERVED -> PENDING
[1773159768.346800428] LOCK pid=34738 fd=10: PENDING -> EXCLUSIVE
DBimpl - LOCK REQUEST: 0x3f44b680 1
DBimpl - LOCK REQUEST: 0x3f44b680 1
DBimpl - LOCK REQUEST: 0x3f44b680 1
DBimpl - LOCK REQUEST: 0x3f44b680 1
DBimpl - LOCK REQUEST: 0x3f44b680 1
DBimpl - LOCK REQUEST: 0x3f44b680 1
DBimpl - UNLOCK REQUEST: 0x3f44b680 1
[1773159768.349175368] UNLOCK pid=34738 fd=10: EXCLUSIVE -> SHARED
DBimpl - UNLOCK REQUEST: 0x3f44b680 0
[1773159768.349180335] UNLOCK pid=34738 fd=10: SHARED -> NO_LOCK
DBimpl - LOCK REQUEST: 0x3f44b680 1
[1773159768.349993827] LOCK pid=34739 fd=12: NO_LOCK -> SHARED (fallback)
[1773159768.349996013] LOCK pid=34739 fd=12: SHARED -> SHARED
DBimpl - LOCK REQUEST: 0x3f44b680 2
[1773159768.350009104] LOCK pid=34739 fd=12: SHARED -> RESERVED
DBimpl - LOCK REQUEST: 0x3f44b680 1
[1773159768.350372323] LOCK pid=34736 fd=6: NO_LOCK -> SHARED (fallback)
[1773159768.350374262] LOCK pid=34736 fd=6: SHARED -> SHARED
DBimpl - LOCK REQUEST: 0x3f44b680 1
[1773159768.350457144] LOCK pid=34737 fd=8: NO_LOCK -> SHARED (fallback)
[1773159768.350459497] LOCK pid=34737 fd=8: SHARED -> SHARED
DBimpl - UNLOCK REQUEST: 0x3f44b680 0
[1773159768.350685596] UNLOCK pid=34736 fd=6: SHARED -> NO_LOCK
DBimpl - UNLOCK REQUEST: 0x3f44b680 0
[1773159768.350777572] UNLOCK pid=34737 fd=8: SHARED -> NO_LOCK
DBimpl - LOCK REQUEST: 0x3f44b680 1
[1773159768.351161814] LOCK pid=34737 fd=8: NO_LOCK -> SHARED (fallback)
[1773159768.351164408] LOCK pid=34737 fd=8: SHARED -> SHARED
DBimpl - UNLOCK REQUEST: 0x3f44b680 0
[1773159768.351525415] UNLOCK pid=34737 fd=8: SHARED -> NO_LOCK
DBimpl - LOCK REQUEST: 0x3f44b680 1
[1773159768.352554466] LOCK pid=34738 fd=10: NO_LOCK -> SHARED (fallback)
[1773159768.352557670] LOCK pid=34738 fd=10: SHARED -> SHARED
DBimpl - LOCK REQUEST: 0x3f44b680 2
DBimpl - UNLOCK REQUEST: 0x3f44b680 0
[1773159768.352579927] UNLOCK pid=34738 fd=10: SHARED -> NO_LOCK
DBimpl - LOCK REQUEST: 0x3f44b680 1
[1773159768.352856590] LOCK pid=34737 fd=8: NO_LOCK -> SHARED (fallback)
[1773159768.352859257] LOCK pid=34737 fd=8: SHARED -> SHARED
DBimpl - UNLOCK REQUEST: 0x3f44b680 0
[1773159768.353378213] UNLOCK pid=34737 fd=8: SHARED -> NO_LOCK
DBimpl - LOCK REQUEST: 0x3f44b680 1
[1773159768.353649429] LOCK pid=34738 fd=10: NO_LOCK -> SHARED (fallback)
[1773159768.353651817] LOCK pid=34738 fd=10: SHARED -> SHARED
DBimpl - LOCK REQUEST: 0x3f44b680 2
DBimpl - UNLOCK REQUEST: 0x3f44b680 0
[1773159768.353677657] UNLOCK pid=34738 fd=10: SHARED -> NO_LOCK
DBimpl - LOCK REQUEST: 0x3f44b680 1
[1773159768.353700746] LOCK pid=34737 fd=8: NO_LOCK -> SHARED (fallback)
[1773159768.353702667] LOCK pid=34737 fd=8: SHARED -> SHARED
DBimpl - UNLOCK REQUEST: 0x3f44b680 0
[1773159768.354047740] UNLOCK pid=34737 fd=8: SHARED -> NO_LOCK
DBimpl - LOCK REQUEST: 0x3f44b680 1
[1773159768.354463896] LOCK pid=34737 fd=8: NO_LOCK -> SHARED (fallback)
[1773159768.354465822] LOCK pid=34737 fd=8: SHARED -> SHARED
DBimpl - UNLOCK REQUEST: 0x3f44b680 0
[1773159768.354663040] UNLOCK pid=34737 fd=8: SHARED -> NO_LOCK
DBimpl - LOCK REQUEST: 0x3f44b680 1
[1773159768.354958639] LOCK pid=34737 fd=8: NO_LOCK -> SHARED (fallback)
[1773159768.354960185] LOCK pid=34737 fd=8: SHARED -> SHARED
DBimpl - UNLOCK REQUEST: 0x3f44b680 0
[1773159768.355143481] UNLOCK pid=34737 fd=8: SHARED -> NO_LOCK
DBimpl - LOCK REQUEST: 0x3f44b680 1
[1773159768.355530590] LOCK pid=34737 fd=8: NO_LOCK -> SHARED (fallback)
[1773159768.355532754] LOCK pid=34737 fd=8: SHARED -> SHARED
DBimpl - LOCK REQUEST: 0x3f44b680 1
[1773159768.355756743] LOCK pid=34738 fd=10: NO_LOCK -> SHARED (fallback)
[1773159768.355759281] LOCK pid=34738 fd=10: SHARED -> SHARED
DBimpl - LOCK REQUEST: 0x3f44b680 2
DBimpl - UNLOCK REQUEST: 0x3f44b680 0
[1773159768.355792879] UNLOCK pid=34738 fd=10: SHARED -> NO_LOCK
DBimpl - UNLOCK REQUEST: 0x3f44b680 0
[1773159768.355816208] UNLOCK pid=34737 fd=8: SHARED -> NO_LOCK
DBimpl - LOCK REQUEST: 0x3f44b680 1
[1773159768.355968432] LOCK pid=34736 fd=6: NO_LOCK -> SHARED (fallback)
[1773159768.355970140] LOCK pid=34736 fd=6: SHARED -> SHARED
DBimpl - UNLOCK REQUEST: 0x3f44b680 0
[1773159768.356235735] UNLOCK pid=34736 fd=6: SHARED -> NO_LOCK
DBimpl - LOCK REQUEST: 0x3f44b680 1
[1773159768.356471253] LOCK pid=34737 fd=8: NO_LOCK -> SHARED (fallback)
[1773159768.356473480] LOCK pid=34737 fd=8: SHARED -> SHARED
DBimpl - UNLOCK REQUEST: 0x3f44b680 0
[1773159768.356742008] UNLOCK pid=34737 fd=8: SHARED -> NO_LOCK
DBimpl - LOCK REQUEST: 0x3f44b680 1
[1773159768.358635147] LOCK pid=34740 fd=14: NO_LOCK -> SHARED (fallback)
[1773159768.358637641] LOCK pid=34740 fd=14: SHARED -> SHARED
DBimpl - LOCK REQUEST: 0x3f44b680 2
DBimpl - UNLOCK REQUEST: 0x3f44b680 0
[1773159768.358654925] UNLOCK pid=34740 fd=14: SHARED -> NO_LOCK
DBimpl - LOCK REQUEST: 0x3f44b680 1
[1773159768.359146190] LOCK pid=34737 fd=8: NO_LOCK -> SHARED (fallback)
[1773159768.359147748] LOCK pid=34737 fd=8: SHARED -> SHARED
DBimpl - UNLOCK REQUEST: 0x3f44b680 0
[1773159768.359328158] UNLOCK pid=34737 fd=8: SHARED -> NO_LOCK
DBimpl - LOCK REQUEST: 0x3f44b680 1
[1773159768.359437276] LOCK pid=34736 fd=6: NO_LOCK -> SHARED (fallback)
[1773159768.359438764] LOCK pid=34736 fd=6: SHARED -> SHARED
DBimpl - UNLOCK REQUEST: 0x3f44b680 0
[1773159768.359598207] UNLOCK pid=34736 fd=6: SHARED -> NO_LOCK
DBimpl - LOCK REQUEST: 0x3f44b680 4
[1773159768.359672673] LOCK pid=34739 fd=12: RESERVED -> PENDING
[1773159768.359676948] LOCK pid=34739 fd=12: PENDING -> EXCLUSIVE
DBimpl - UNLOCK REQUEST: 0x3f44b680 1
[1773159768.359684616] UNLOCK pid=34739 fd=12: EXCLUSIVE -> SHARED
DBimpl - UNLOCK REQUEST: 0x3f44b680 0
[1773159768.359691001] UNLOCK pid=34739 fd=12: SHARED -> NO_LOCK
DBimpl - LOCK REQUEST: 0x3f44b680 1
[1773159768.359975240] LOCK pid=34737 fd=8: NO_LOCK -> SHARED (fallback)
[1773159768.359976507] LOCK pid=34737 fd=8: SHARED -> SHARED
DBimpl - LOCK REQUEST: 0x3f44b680 1
[1773159768.360055082] LOCK pid=34736 fd=6: NO_LOCK -> SHARED (fallback)
[1773159768.360057333] LOCK pid=34736 fd=6: SHARED -> SHARED
DBimpl - UNLOCK REQUEST: 0x3f44b680 0
[1773159768.360255568] UNLOCK pid=34737 fd=8: SHARED -> NO_LOCK
DBimpl - UNLOCK REQUEST: 0x3f44b680 0
[1773159768.360316611] UNLOCK pid=34736 fd=6: SHARED -> NO_LOCK
DBimpl - LOCK REQUEST: 0x3f44b680 1
[1773159768.360405161] LOCK pid=34739 fd=12: NO_LOCK -> SHARED (fallback)
[1773159768.360407291] LOCK pid=34739 fd=12: SHARED -> SHARED
DBimpl - LOCK REQUEST: 0x3f44b680 2
[1773159768.360421499] LOCK pid=34739 fd=12: SHARED -> RESERVED
DBimpl - LOCK REQUEST: 0x3f44b680 1
[1773159768.360761529] LOCK pid=34736 fd=6: NO_LOCK -> SHARED (fallback)
[1773159768.360763368] LOCK pid=34736 fd=6: SHARED -> SHARED
DBimpl - LOCK REQUEST: 0x3f44b680 1
[1773159768.360862971] LOCK pid=34738 fd=10: NO_LOCK -> SHARED (fallback)
[1773159768.360865056] LOCK pid=34738 fd=10: SHARED -> SHARED
DBimpl - LOCK REQUEST: 0x3f44b680 2
DBimpl - UNLOCK REQUEST: 0x3f44b680 0
[1773159768.360880720] UNLOCK pid=34738 fd=10: SHARED -> NO_LOCK
DBimpl - UNLOCK REQUEST: 0x3f44b680 0
[1773159768.360999822] UNLOCK pid=34736 fd=6: SHARED -> NO_LOCK
DBimpl - LOCK REQUEST: 0x3f44b680 1
[1773159768.362055372] LOCK pid=34736 fd=6: NO_LOCK -> SHARED (fallback)
[1773159768.362057294] LOCK pid=34736 fd=6: SHARED -> SHARED
DBimpl - UNLOCK REQUEST: 0x3f44b680 0
[1773159768.362270037] UNLOCK pid=34736 fd=6: SHARED -> NO_LOCK
DBimpl - LOCK REQUEST: 0x3f44b680 1
[1773159768.363315949] LOCK pid=34736 fd=6: NO_LOCK -> SHARED (fallback)
[1773159768.363318782] LOCK pid=34736 fd=6: SHARED -> SHARED
DBimpl - UNLOCK REQUEST: 0x3f44b680 0
[1773159768.363640710] UNLOCK pid=34736 fd=6: SHARED -> NO_LOCK
DBimpl - LOCK REQUEST: 0x3f44b680 1
[1773159768.365770414] LOCK pid=34737 fd=8: NO_LOCK -> SHARED (fallback)
[1773159768.365772721] LOCK pid=34737 fd=8: SHARED -> SHARED
DBimpl - UNLOCK REQUEST: 0x3f44b680 0
[1773159768.366139380] UNLOCK pid=34737 fd=8: SHARED -> NO_LOCK
DBimpl - LOCK REQUEST: 0x3f44b680 1
[1773159768.366285638] LOCK pid=34737 fd=8: NO_LOCK -> SHARED (fallback)
[1773159768.366287504] LOCK pid=34737 fd=8: SHARED -> SHARED
DBimpl - LOCK REQUEST: 0x3f44b680 1
[1773159768.366598224] LOCK pid=34736 fd=6: NO_LOCK -> SHARED (fallback)
[1773159768.366649361] LOCK pid=34736 fd=6: SHARED -> SHARED
DBimpl - UNLOCK REQUEST: 0x3f44b680 0
[1773159768.366656684] UNLOCK pid=34737 fd=8: SHARED -> NO_LOCK
DBimpl - UNLOCK REQUEST: 0x3f44b680 0
[1773159768.366950785] UNLOCK pid=34736 fd=6: SHARED -> NO_LOCK
DBimpl - LOCK REQUEST: 0x3f44b680 1
[1773159768.368511416] LOCK pid=34736 fd=6: NO_LOCK -> SHARED (fallback)
[1773159768.368513538] LOCK pid=34736 fd=6: SHARED -> SHARED
DBimpl - UNLOCK REQUEST: 0x3f44b680 0
[1773159768.368921758] UNLOCK pid=34736 fd=6: SHARED -> NO_LOCK
DBimpl - LOCK REQUEST: 0x3f44b680 1
[1773159768.369313182] LOCK pid=34737 fd=8: NO_LOCK -> SHARED (fallback)
[1773159768.369315607] LOCK pid=34737 fd=8: SHARED -> SHARED
DBimpl - UNLOCK REQUEST: 0x3f44b680 0
[1773159768.369643538] UNLOCK pid=34737 fd=8: SHARED -> NO_LOCK
DBimpl - LOCK REQUEST: 0x3f44b680 1
[1773159768.369847007] LOCK pid=34737 fd=8: NO_LOCK -> SHARED (fallback)
[1773159768.369852382] LOCK pid=34737 fd=8: SHARED -> SHARED
DBimpl - LOCK REQUEST: 0x3f44b680 1
[1773159768.369868295] LOCK pid=34736 fd=6: NO_LOCK -> SHARED (fallback)
[1773159768.369870614] LOCK pid=34736 fd=6: SHARED -> SHARED
DBimpl - UNLOCK REQUEST: 0x3f44b680 0
[1773159768.370146297] UNLOCK pid=34736 fd=6: SHARED -> NO_LOCK
DBimpl - UNLOCK REQUEST: 0x3f44b680 0
[1773159768.370161460] UNLOCK pid=34737 fd=8: SHARED -> NO_LOCK
DBimpl - LOCK REQUEST: 0x3f44b680 1
[1773159768.370426010] LOCK pid=34737 fd=8: NO_LOCK -> SHARED (fallback)
[1773159768.370428085] LOCK pid=34737 fd=8: SHARED -> SHARED
DBimpl - LOCK REQUEST: 0x3f44b680 1
[1773159768.370752502] LOCK pid=34736 fd=6: NO_LOCK -> SHARED (fallback)
[1773159768.370754778] LOCK pid=34736 fd=6: SHARED -> SHARED
DBimpl - UNLOCK REQUEST: 0x3f44b680 0
[1773159768.370899666] UNLOCK pid=34737 fd=8: SHARED -> NO_LOCK
DBimpl - LOCK REQUEST: 0x3f44b680 1
[1773159768.370953597] LOCK pid=34738 fd=10: NO_LOCK -> SHARED (fallback)
[1773159768.370956217] LOCK pid=34738 fd=10: SHARED -> SHARED
DBimpl - LOCK REQUEST: 0x3f44b680 2
DBimpl - UNLOCK REQUEST: 0x3f44b680 0
[1773159768.370972617] UNLOCK pid=34738 fd=10: SHARED -> NO_LOCK
DBimpl - UNLOCK REQUEST: 0x3f44b680 0
[1773159768.371042259] UNLOCK pid=34736 fd=6: SHARED -> NO_LOCK
DBimpl - LOCK REQUEST: 0x3f44b680 1
[1773159768.371759679] LOCK pid=34737 fd=8: NO_LOCK -> SHARED (fallback)
[1773159768.371808171] LOCK pid=34737 fd=8: SHARED -> SHARED
DBimpl - UNLOCK REQUEST: 0x3f44b680 0
[1773159768.372188264] UNLOCK pid=34737 fd=8: SHARED -> NO_LOCK
DBimpl - LOCK REQUEST: 0x3f44b680 1
[1773159768.373158547] LOCK pid=34736 fd=6: NO_LOCK -> SHARED (fallback)
[1773159768.373203301] LOCK pid=34736 fd=6: SHARED -> SHARED
DBimpl - UNLOCK REQUEST: 0x3f44b680 0
[1773159768.373485318] UNLOCK pid=34736 fd=6: SHARED -> NO_LOCK
DBimpl - LOCK REQUEST: 0x3f44b680 1
[1773159768.373559960] LOCK pid=34737 fd=8: NO_LOCK -> SHARED (fallback)
[1773159768.373561857] LOCK pid=34737 fd=8: SHARED -> SHARED
DBimpl - UNLOCK REQUEST: 0x3f44b680 0
[1773159768.373879869] UNLOCK pid=34737 fd=8: SHARED -> NO_LOCK
DBimpl - LOCK REQUEST: 0x3f44b680 1
[1773159768.374037897] LOCK pid=34736 fd=6: NO_LOCK -> SHARED (fallback)
[1773159768.374091209] LOCK pid=34736 fd=6: SHARED -> SHARED
DBimpl - UNLOCK REQUEST: 0x3f44b680 0
[1773159768.374405686] UNLOCK pid=34736 fd=6: SHARED -> NO_LOCK
DBimpl - LOCK REQUEST: 0x3f44b680 1
[1773159768.375199723] LOCK pid=34736 fd=6: NO_LOCK -> SHARED (fallback)
[1773159768.375203122] LOCK pid=34736 fd=6: SHARED -> SHARED
DBimpl - UNLOCK REQUEST: 0x3f44b680 0
[1773159768.375475277] UNLOCK pid=34736 fd=6: SHARED -> NO_LOCK
DBimpl - LOCK REQUEST: 0x3f44b680 1
[1773159768.375550127] LOCK pid=34737 fd=8: NO_LOCK -> SHARED (fallback)
[1773159768.375552041] LOCK pid=34737 fd=8: SHARED -> SHARED
DBimpl - UNLOCK REQUEST: 0x3f44b680 0
[1773159768.375865290] UNLOCK pid=34737 fd=8: SHARED -> NO_LOCK
DBimpl - LOCK REQUEST: 0x3f44b680 1
[1773159768.376548967] LOCK pid=34736 fd=6: NO_LOCK -> SHARED (fallback)
[1773159768.376550825] LOCK pid=34736 fd=6: SHARED -> SHARED
DBimpl - UNLOCK REQUEST: 0x3f44b680 0
[1773159768.377312577] UNLOCK pid=34736 fd=6: SHARED -> NO_LOCK
DBimpl - LOCK REQUEST: 0x3f44b680 1
[1773159768.377603796] LOCK pid=34737 fd=8: NO_LOCK -> SHARED (fallback)
[1773159768.377606784] LOCK pid=34737 fd=8: SHARED -> SHARED
DBimpl - UNLOCK REQUEST: 0x3f44b680 0
[1773159768.377915934] UNLOCK pid=34737 fd=8: SHARED -> NO_LOCK
DBimpl - LOCK REQUEST: 0x3f44b680 1
[1773159768.378294935] LOCK pid=34736 fd=6: NO_LOCK -> SHARED (fallback)
[1773159768.378296892] LOCK pid=34736 fd=6: SHARED -> SHARED
DBimpl - UNLOCK REQUEST: 0x3f44b680 0
[1773159768.378569954] UNLOCK pid=34736 fd=6: SHARED -> NO_LOCK
DBimpl - LOCK REQUEST: 0x3f44b680 1
[1773159768.379503881] LOCK pid=34737 fd=8: NO_LOCK -> SHARED (fallback)
[1773159768.379553091] LOCK pid=34737 fd=8: SHARED -> SHARED
DBimpl - UNLOCK REQUEST: 0x3f44b680 0
[1773159768.379913292] UNLOCK pid=34737 fd=8: SHARED -> NO_LOCK
DBimpl - LOCK REQUEST: 0x3f44b680 1
[1773159768.380352937] LOCK pid=34737 fd=8: NO_LOCK -> SHARED (fallback)
[1773159768.380398639] LOCK pid=34737 fd=8: SHARED -> SHARED
DBimpl - UNLOCK REQUEST: 0x3f44b680 0
[1773159768.380704160] UNLOCK pid=34737 fd=8: SHARED -> NO_LOCK
DBimpl - LOCK REQUEST: 0x3f44b680 1
[1773159768.380778299] LOCK pid=34736 fd=6: NO_LOCK -> SHARED (fallback)
[1773159768.380780267] LOCK pid=34736 fd=6: SHARED -> SHARED
DBimpl - UNLOCK REQUEST: 0x3f44b680 0
[1773159768.381046352] UNLOCK pid=34736 fd=6: SHARED -> NO_LOCK
DBimpl - LOCK REQUEST: 0x3f44b680 1
[1773159768.381114912] LOCK pid=34737 fd=8: NO_LOCK -> SHARED (fallback)
[1773159768.381116870] LOCK pid=34737 fd=8: SHARED -> SHARED
DBimpl - UNLOCK REQUEST: 0x3f44b680 0
[1773159768.381411300] UNLOCK pid=34737 fd=8: SHARED -> NO_LOCK
DBimpl - LOCK REQUEST: 0x3f44b680 1
[1773159768.382422796] LOCK pid=34736 fd=6: NO_LOCK -> SHARED (fallback)
[1773159768.382470874] LOCK pid=34736 fd=6: SHARED -> SHARED
DBimpl - UNLOCK REQUEST: 0x3f44b680 0
[1773159768.382745776] UNLOCK pid=34736 fd=6: SHARED -> NO_LOCK
DBimpl - LOCK REQUEST: 0x3f44b680 1
[1773159768.383060533] LOCK pid=34737 fd=8: NO_LOCK -> SHARED (fallback)
[1773159768.383062590] LOCK pid=34737 fd=8: SHARED -> SHARED
DBimpl - UNLOCK REQUEST: 0x3f44b680 0
[1773159768.383367545] UNLOCK pid=34737 fd=8: SHARED -> NO_LOCK
DBimpl - LOCK REQUEST: 0x3f44b680 1
[1773159768.383388289] LOCK pid=34736 fd=6: NO_LOCK -> SHARED (fallback)
[1773159768.383390076] LOCK pid=34736 fd=6: SHARED -> SHARED
DBimpl - UNLOCK REQUEST: 0x3f44b680 0
[1773159768.383671091] UNLOCK pid=34736 fd=6: SHARED -> NO_LOCK
DBimpl - LOCK REQUEST: 0x3f44b680 1
[1773159768.383733615] LOCK pid=34740 fd=14: NO_LOCK -> SHARED (fallback)
[1773159768.383737512] LOCK pid=34740 fd=14: SHARED -> SHARED
DBimpl - LOCK REQUEST: 0x3f44b680 2
DBimpl - UNLOCK REQUEST: 0x3f44b680 0
[1773159768.383754391] UNLOCK pid=34740 fd=14: SHARED -> NO_LOCK
DBimpl - LOCK REQUEST: 0x3f44b680 1
[1773159768.384144921] LOCK pid=34737 fd=8: NO_LOCK -> SHARED (fallback)
[1773159768.384146794] LOCK pid=34737 fd=8: SHARED -> SHARED
DBimpl - UNLOCK REQUEST: 0x3f44b680 0
[1773159768.384451119] UNLOCK pid=34737 fd=8: SHARED -> NO_LOCK
DBimpl - LOCK REQUEST: 0x3f44b680 1
[1773159768.384471578] LOCK pid=34736 fd=6: NO_LOCK -> SHARED (fallback)
[1773159768.384473394] LOCK pid=34736 fd=6: SHARED -> SHARED
DBimpl - UNLOCK REQUEST: 0x3f44b680 0
[1773159768.384759472] UNLOCK pid=34736 fd=6: SHARED -> NO_LOCK
DBimpl - LOCK REQUEST: 0x3f44b680 4
[1773159768.385328398] LOCK pid=34739 fd=12: RESERVED -> PENDING
DBimpl - LOCK REQUEST: 0x3f44b680 1
DBimpl - LOCK REQUEST: 0x3f44b680 1
[1773159768.385395126] LOCK pid=34739 fd=12: PENDING -> EXCLUSIVE
DBimpl - UNLOCK REQUEST: 0x3f44b680 1
[1773159768.385553647] UNLOCK pid=34739 fd=12: EXCLUSIVE -> SHARED
DBimpl - UNLOCK REQUEST: 0x3f44b680 0
[1773159768.385560422] UNLOCK pid=34739 fd=12: SHARED -> NO_LOCK
DBimpl - LOCK REQUEST: 0x3f44b680 1
[1773159768.386046900] LOCK pid=34738 fd=10: NO_LOCK -> SHARED (fallback)
[1773159768.386049313] LOCK pid=34738 fd=10: SHARED -> SHARED
DBimpl - LOCK REQUEST: 0x3f44b680 2
[1773159768.386063109] LOCK pid=34738 fd=10: SHARED -> RESERVED
DBimpl - LOCK REQUEST: 0x3f44b680 4
[1773159768.386283692] LOCK pid=34738 fd=10: RESERVED -> PENDING
[1773159768.386286519] LOCK pid=34738 fd=10: PENDING -> EXCLUSIVE
DBimpl - LOCK REQUEST: 0x3f44b680 1
DBimpl - LOCK REQUEST: 0x3f44b680 1
DBimpl - LOCK REQUEST: 0x3f44b680 1
DBimpl - LOCK REQUEST: 0x3f44b680 1
DBimpl - LOCK REQUEST: 0x3f44b680 1
DBimpl - LOCK REQUEST: 0x3f44b680 1
DBimpl - UNLOCK REQUEST: 0x3f44b680 1
[1773159768.389248125] UNLOCK pid=34738 fd=10: EXCLUSIVE -> SHARED
DBimpl - UNLOCK REQUEST: 0x3f44b680 0
[1773159768.389254902] UNLOCK pid=34738 fd=10: SHARED -> NO_LOCK
DBimpl - LOCK REQUEST: 0x3f44b680 1
[1773159768.389754701] LOCK pid=34738 fd=10: NO_LOCK -> SHARED (fallback)
[1773159768.389757088] LOCK pid=34738 fd=10: SHARED -> SHARED
DBimpl - LOCK REQUEST: 0x3f44b680 2
[1773159768.389769775] LOCK pid=34738 fd=10: SHARED -> RESERVED
DBimpl - LOCK REQUEST: 0x3f44b680 4
[1773159768.391339689] LOCK pid=34738 fd=10: RESERVED -> PENDING
[1773159768.391343230] LOCK pid=34738 fd=10: PENDING -> EXCLUSIVE
DBimpl - LOCK REQUEST: 0x3f44b680 1
DBimpl - LOCK REQUEST: 0x3f44b680 1
DBimpl - LOCK REQUEST: 0x3f44b680 1
DBimpl - UNLOCK REQUEST: 0x3f44b680 1
[1773159768.393853174] UNLOCK pid=34738 fd=10: EXCLUSIVE -> SHARED
DBimpl - UNLOCK REQUEST: 0x3f44b680 0
[1773159768.393860630] UNLOCK pid=34738 fd=10: SHARED -> NO_LOCK
DBimpl - LOCK REQUEST: 0x3f44b680 1
[1773159768.394228536] LOCK pid=34738 fd=10: NO_LOCK -> SHARED (fallback)
[1773159768.394230741] LOCK pid=34738 fd=10: SHARED -> SHARED
DBimpl - LOCK REQUEST: 0x3f44b680 2
[1773159768.394243432] LOCK pid=34738 fd=10: SHARED -> RESERVED
DBimpl - LOCK REQUEST: 0x3f44b680 4
[1773159768.394452180] LOCK pid=34738 fd=10: RESERVED -> PENDING
[1773159768.394455154] LOCK pid=34738 fd=10: PENDING -> EXCLUSIVE
DBimpl - UNLOCK REQUEST: 0x3f44b680 1
[1773159768.396195152] UNLOCK pid=34738 fd=10: EXCLUSIVE -> SHARED
DBimpl - UNLOCK REQUEST: 0x3f44b680 0
[1773159768.396201311] UNLOCK pid=34738 fd=10: SHARED -> NO_LOCK
DBimpl - LOCK REQUEST: 0x3f44b680 1
[1773159768.396720112] LOCK pid=34739 fd=12: NO_LOCK -> SHARED (fallback)
[1773159768.396722653] LOCK pid=34739 fd=12: SHARED -> SHARED
DBimpl - LOCK REQUEST: 0x3f44b680 2
[1773159768.396745483] LOCK pid=34739 fd=12: SHARED -> RESERVED
DBimpl - LOCK REQUEST: 0x3f44b680 1
[1773159768.397234531] LOCK pid=34738 fd=10: NO_LOCK -> SHARED (fallback)
[1773159768.397236678] LOCK pid=34738 fd=10: SHARED -> SHARED
DBimpl - LOCK REQUEST: 0x3f44b680 2
DBimpl - UNLOCK REQUEST: 0x3f44b680 0
[1773159768.397253707] UNLOCK pid=34738 fd=10: SHARED -> NO_LOCK
DBimpl - LOCK REQUEST: 0x3f44b680 1
[1773159768.398321682] LOCK pid=34738 fd=10: NO_LOCK -> SHARED (fallback)
[1773159768.398323980] LOCK pid=34738 fd=10: SHARED -> SHARED
DBimpl - LOCK REQUEST: 0x3f44b680 2
DBimpl - UNLOCK REQUEST: 0x3f44b680 0
[1773159768.398337206] UNLOCK pid=34738 fd=10: SHARED -> NO_LOCK
DBimpl - LOCK REQUEST: 0x3f44b680 1
[1773159768.400524526] LOCK pid=34738 fd=10: NO_LOCK -> SHARED (fallback)
[1773159768.400528460] LOCK pid=34738 fd=10: SHARED -> SHARED
DBimpl - LOCK REQUEST: 0x3f44b680 2
DBimpl - UNLOCK REQUEST: 0x3f44b680 0
[1773159768.400555705] UNLOCK pid=34738 fd=10: SHARED -> NO_LOCK
DBimpl - LOCK REQUEST: 0x3f44b680 1
[1773159768.403848612] LOCK pid=34737 fd=8: NO_LOCK -> SHARED (fallback)
[1773159768.403852443] LOCK pid=34737 fd=8: SHARED -> SHARED
DBimpl - LOCK REQUEST: 0x3f44b680 1
[1773159768.403959601] LOCK pid=34736 fd=6: NO_LOCK -> SHARED (fallback)
[1773159768.403963575] LOCK pid=34736 fd=6: SHARED -> SHARED
DBimpl - UNLOCK REQUEST: 0x3f44b680 0
[1773159768.404190558] UNLOCK pid=34737 fd=8: SHARED -> NO_LOCK
DBimpl - UNLOCK REQUEST: 0x3f44b680 0
[1773159768.404228272] UNLOCK pid=34736 fd=6: SHARED -> NO_LOCK
DBimpl - LOCK REQUEST: 0x3f44b680 1
[1773159768.404834852] LOCK pid=34736 fd=6: NO_LOCK -> SHARED (fallback)
[1773159768.404836785] LOCK pid=34736 fd=6: SHARED -> SHARED
DBimpl - UNLOCK REQUEST: 0x3f44b680 0
[1773159768.405095603] UNLOCK pid=34736 fd=6: SHARED -> NO_LOCK
DBimpl - LOCK REQUEST: 0x3f44b680 1
[1773159768.405624920] LOCK pid=34738 fd=10: NO_LOCK -> SHARED (fallback)
[1773159768.405626527] LOCK pid=34738 fd=10: SHARED -> SHARED
DBimpl - LOCK REQUEST: 0x3f44b680 2
DBimpl - UNLOCK REQUEST: 0x3f44b680 0
[1773159768.405637083] UNLOCK pid=34738 fd=10: SHARED -> NO_LOCK
DBimpl - LOCK REQUEST: 0x3f44b680 1
[1773159768.406499560] LOCK pid=34736 fd=6: NO_LOCK -> SHARED (fallback)
[1773159768.406501091] LOCK pid=34736 fd=6: SHARED -> SHARED
DBimpl - UNLOCK REQUEST: 0x3f44b680 0
[1773159768.406677095] UNLOCK pid=34736 fd=6: SHARED -> NO_LOCK
DBimpl - LOCK REQUEST: 0x3f44b680 1
[1773159768.407197388] LOCK pid=34737 fd=8: NO_LOCK -> SHARED (fallback)
[1773159768.407199849] LOCK pid=34737 fd=8: SHARED -> SHARED
DBimpl - UNLOCK REQUEST: 0x3f44b680 0
[1773159768.407442164] UNLOCK pid=34737 fd=8: SHARED -> NO_LOCK
DBimpl - LOCK REQUEST: 0x3f44b680 1
[1773159768.407643305] LOCK pid=34736 fd=6: NO_LOCK -> SHARED (fallback)
[1773159768.407644777] LOCK pid=34736 fd=6: SHARED -> SHARED
DBimpl - UNLOCK REQUEST: 0x3f44b680 0
[1773159768.407867584] UNLOCK pid=34736 fd=6: SHARED -> NO_LOCK
DBimpl - LOCK REQUEST: 0x3f44b680 1
[1773159768.408827190] LOCK pid=34740 fd=14: NO_LOCK -> SHARED (fallback)
[1773159768.408829598] LOCK pid=34740 fd=14: SHARED -> SHARED
DBimpl - LOCK REQUEST: 0x3f44b680 2
DBimpl - UNLOCK REQUEST: 0x3f44b680 0
[1773159768.408852955] UNLOCK pid=34740 fd=14: SHARED -> NO_LOCK
DBimpl - LOCK REQUEST: 0x3f44b680 1
[1773159768.409920946] LOCK pid=34737 fd=8: NO_LOCK -> SHARED (fallback)
[1773159768.409923368] LOCK pid=34737 fd=8: SHARED -> SHARED
DBimpl - UNLOCK REQUEST: 0x3f44b680 0
[1773159768.410150133] UNLOCK pid=34737 fd=8: SHARED -> NO_LOCK
DBimpl - LOCK REQUEST: 0x3f44b680 1
[1773159768.410296308] LOCK pid=34737 fd=8: NO_LOCK -> SHARED (fallback)
[1773159768.410298055] LOCK pid=34737 fd=8: SHARED -> SHARED
DBimpl - UNLOCK REQUEST: 0x3f44b680 0
[1773159768.410502693] UNLOCK pid=34737 fd=8: SHARED -> NO_LOCK
DBimpl - LOCK REQUEST: 0x3f44b680 1
[1773159768.411239407] LOCK pid=34736 fd=6: NO_LOCK -> SHARED (fallback)
[1773159768.411243629] LOCK pid=34736 fd=6: SHARED -> SHARED
DBimpl - LOCK REQUEST: 0x3f44b680 4
[1773159768.411498121] LOCK pid=34739 fd=12: RESERVED -> PENDING
DBimpl - UNLOCK REQUEST: 0x3f44b680 0
[1773159768.411684566] UNLOCK pid=34736 fd=6: SHARED -> NO_LOCK
DBimpl - LOCK REQUEST: 0x3f44b680 1
DBimpl - LOCK REQUEST: 0x3f44b680 1
DBimpl - LOCK REQUEST: 0x3f44b680 4
[1773159768.412572502] LOCK pid=34739 fd=12: PENDING -> EXCLUSIVE
DBimpl - UNLOCK REQUEST: 0x3f44b680 1
[1773159768.412589781] UNLOCK pid=34739 fd=12: EXCLUSIVE -> SHARED
DBimpl - UNLOCK REQUEST: 0x3f44b680 0
[1773159768.412598392] UNLOCK pid=34739 fd=12: SHARED -> NO_LOCK
DBimpl - LOCK REQUEST: 0x3f44b680 1
[1773159768.412939401] LOCK pid=34739 fd=12: NO_LOCK -> SHARED (fallback)
[1773159768.412941489] LOCK pid=34739 fd=12: SHARED -> SHARED
DBimpl - LOCK REQUEST: 0x3f44b680 1
[1773159768.412953712] LOCK pid=34736 fd=6: NO_LOCK -> SHARED (fallback)
DBimpl - LOCK REQUEST: 0x3f44b680 2
[1773159768.412955261] LOCK pid=34736 fd=6: SHARED -> SHARED
[1773159768.412957457] LOCK pid=34739 fd=12: SHARED -> RESERVED
DBimpl - UNLOCK REQUEST: 0x3f44b680 0
[1773159768.413162308] UNLOCK pid=34736 fd=6: SHARED -> NO_LOCK
DBimpl - LOCK REQUEST: 0x3f44b680 1
[1773159768.413527766] LOCK pid=34737 fd=8: NO_LOCK -> SHARED (fallback)
[1773159768.413529947] LOCK pid=34737 fd=8: SHARED -> SHARED
DBimpl - UNLOCK REQUEST: 0x3f44b680 0
[1773159768.413748428] UNLOCK pid=34737 fd=8: SHARED -> NO_LOCK
DBimpl - LOCK REQUEST: 0x3f44b680 1
[1773159768.413856850] LOCK pid=34736 fd=6: NO_LOCK -> SHARED (fallback)
[1773159768.413858153] LOCK pid=34736 fd=6: SHARED -> SHARED
DBimpl - UNLOCK REQUEST: 0x3f44b680 0
[1773159768.413996372] UNLOCK pid=34736 fd=6: SHARED -> NO_LOCK
DBimpl - LOCK REQUEST: 0x3f44b680 1
[1773159768.414221812] LOCK pid=34737 fd=8: NO_LOCK -> SHARED (fallback)
[1773159768.414223723] LOCK pid=34737 fd=8: SHARED -> SHARED
DBimpl - LOCK REQUEST: 0x3f44b680 1
[1773159768.414373109] LOCK pid=34736 fd=6: NO_LOCK -> SHARED (fallback)
[1773159768.414374181] LOCK pid=34736 fd=6: SHARED -> SHARED
DBimpl - UNLOCK REQUEST: 0x3f44b680 0
[1773159768.414449541] UNLOCK pid=34737 fd=8: SHARED -> NO_LOCK
DBimpl - UNLOCK REQUEST: 0x3f44b680 0
[1773159768.414511734] UNLOCK pid=34736 fd=6: SHARED -> NO_LOCK
DBimpl - LOCK REQUEST: 0x3f44b680 1
[1773159768.414691104] LOCK pid=34736 fd=6: NO_LOCK -> SHARED (fallback)
[1773159768.414692123] LOCK pid=34736 fd=6: SHARED -> SHARED
DBimpl - UNLOCK REQUEST: 0x3f44b680 0
[1773159768.414840960] UNLOCK pid=34736 fd=6: SHARED -> NO_LOCK
DBimpl - LOCK REQUEST: 0x3f44b680 1
[1773159768.415735824] LOCK pid=34738 fd=10: NO_LOCK -> SHARED (fallback)
[1773159768.415737995] LOCK pid=34738 fd=10: SHARED -> SHARED
DBimpl - LOCK REQUEST: 0x3f44b680 2
DBimpl - UNLOCK REQUEST: 0x3f44b680 0
[1773159768.415746884] UNLOCK pid=34738 fd=10: SHARED -> NO_LOCK
DBimpl - LOCK REQUEST: 0x3f44b680 1
[1773159768.417271825] LOCK pid=34736 fd=6: NO_LOCK -> SHARED (fallback)
[1773159768.417273066] LOCK pid=34736 fd=6: SHARED -> SHARED
DBimpl - UNLOCK REQUEST: 0x3f44b680 0
[1773159768.417416168] UNLOCK pid=34736 fd=6: SHARED -> NO_LOCK
DBimpl - LOCK REQUEST: 0x3f44b680 1
[1773159768.417701139] LOCK pid=34737 fd=8: NO_LOCK -> SHARED (fallback)
[1773159768.417702944] LOCK pid=34737 fd=8: SHARED -> SHARED
DBimpl - UNLOCK REQUEST: 0x3f44b680 0
[1773159768.417970019] UNLOCK pid=34737 fd=8: SHARED -> NO_LOCK
DBimpl - LOCK REQUEST: 0x3f44b680 1
[1773159768.418941211] LOCK pid=34737 fd=8: NO_LOCK -> SHARED (fallback)
[1773159768.418944275] LOCK pid=34737 fd=8: SHARED -> SHARED
DBimpl - UNLOCK REQUEST: 0x3f44b680 0
[1773159768.419190744] UNLOCK pid=34737 fd=8: SHARED -> NO_LOCK
DBimpl - LOCK REQUEST: 0x3f44b680 1
[1773159768.419564860] LOCK pid=34736 fd=6: NO_LOCK -> SHARED (fallback)
[1773159768.419567547] LOCK pid=34736 fd=6: SHARED -> SHARED
DBimpl - UNLOCK REQUEST: 0x3f44b680 0
[1773159768.419768487] UNLOCK pid=34736 fd=6: SHARED -> NO_LOCK
DBimpl - LOCK REQUEST: 0x3f44b680 1
[1773159768.421206076] LOCK pid=34737 fd=8: NO_LOCK -> SHARED (fallback)
[1773159768.421207955] LOCK pid=34737 fd=8: SHARED -> SHARED
DBimpl - UNLOCK REQUEST: 0x3f44b680 0
[1773159768.421409960] UNLOCK pid=34737 fd=8: SHARED -> NO_LOCK
DBimpl - LOCK REQUEST: 0x3f44b680 1
[1773159768.421820574] LOCK pid=34736 fd=6: NO_LOCK -> SHARED (fallback)
[1773159768.421821860] LOCK pid=34736 fd=6: SHARED -> SHARED
DBimpl - UNLOCK REQUEST: 0x3f44b680 0
[1773159768.421965602] UNLOCK pid=34736 fd=6: SHARED -> NO_LOCK
DBimpl - LOCK REQUEST: 0x3f44b680 1
[1773159768.422537962] LOCK pid=34737 fd=8: NO_LOCK -> SHARED (fallback)
[1773159768.422547229] LOCK pid=34737 fd=8: SHARED -> SHARED
DBimpl - UNLOCK REQUEST: 0x3f44b680 0
[1773159768.422750366] UNLOCK pid=34737 fd=8: SHARED -> NO_LOCK
DBimpl - LOCK REQUEST: 0x3f44b680 1
[1773159768.423243335] LOCK pid=34736 fd=6: NO_LOCK -> SHARED (fallback)
[1773159768.423245137] LOCK pid=34736 fd=6: SHARED -> SHARED
DBimpl - UNLOCK REQUEST: 0x3f44b680 0
[1773159768.423435982] UNLOCK pid=34736 fd=6: SHARED -> NO_LOCK
DBimpl - LOCK REQUEST: 0x3f44b680 1
[1773159768.423456387] LOCK pid=34737 fd=8: NO_LOCK -> SHARED (fallback)
[1773159768.423458743] LOCK pid=34737 fd=8: SHARED -> SHARED
DBimpl - UNLOCK REQUEST: 0x3f44b680 0
[1773159768.423656287] UNLOCK pid=34737 fd=8: SHARED -> NO_LOCK
DBimpl - LOCK REQUEST: 0x3f44b680 1
[1773159768.424668641] LOCK pid=34736 fd=6: NO_LOCK -> SHARED (fallback)
[1773159768.424669816] LOCK pid=34736 fd=6: SHARED -> SHARED
DBimpl - UNLOCK REQUEST: 0x3f44b680 0
[1773159768.424812246] UNLOCK pid=34736 fd=6: SHARED -> NO_LOCK
DBimpl - LOCK REQUEST: 0x3f44b680 1
[1773159768.424920928] LOCK pid=34737 fd=8: NO_LOCK -> SHARED (fallback)
[1773159768.424922591] LOCK pid=34737 fd=8: SHARED -> SHARED
DBimpl - UNLOCK REQUEST: 0x3f44b680 0
[1773159768.425125579] UNLOCK pid=34737 fd=8: SHARED -> NO_LOCK
DBimpl - LOCK REQUEST: 0x3f44b680 1
[1773159768.427620497] LOCK pid=34736 fd=6: NO_LOCK -> SHARED (fallback)
[1773159768.427622529] LOCK pid=34736 fd=6: SHARED -> SHARED
DBimpl - UNLOCK REQUEST: 0x3f44b680 0
[1773159768.427793871] UNLOCK pid=34736 fd=6: SHARED -> NO_LOCK
DBimpl - LOCK REQUEST: 0x3f44b680 4
[1773159768.427814085] LOCK pid=34739 fd=12: RESERVED -> PENDING
[1773159768.427820362] LOCK pid=34739 fd=12: PENDING -> EXCLUSIVE
DBimpl - UNLOCK REQUEST: 0x3f44b680 1
[1773159768.427827503] UNLOCK pid=34739 fd=12: EXCLUSIVE -> SHARED
DBimpl - UNLOCK REQUEST: 0x3f44b680 0
[1773159768.427835163] UNLOCK pid=34739 fd=12: SHARED -> NO_LOCK
DBimpl - LOCK REQUEST: 0x3f44b680 1
[1773159768.427936760] LOCK pid=34736 fd=6: NO_LOCK -> SHARED (fallback)
[1773159768.427938063] LOCK pid=34736 fd=6: SHARED -> SHARED
DBimpl - UNLOCK REQUEST: 0x3f44b680 0
[1773159768.428080849] UNLOCK pid=34736 fd=6: SHARED -> NO_LOCK
DBimpl - LOCK REQUEST: 0x3f44b680 1
[1773159768.428322052] LOCK pid=34737 fd=8: NO_LOCK -> SHARED (fallback)
[1773159768.428323837] LOCK pid=34737 fd=8: SHARED -> SHARED
DBimpl - UNLOCK REQUEST: 0x3f44b680 0
[1773159768.428543219] UNLOCK pid=34737 fd=8: SHARED -> NO_LOCK
DBimpl - LOCK REQUEST: 0x3f44b680 1
[1773159768.428963817] LOCK pid=34737 fd=8: NO_LOCK -> SHARED (fallback)
[1773159768.428965566] LOCK pid=34737 fd=8: SHARED -> SHARED
DBimpl - UNLOCK REQUEST: 0x3f44b680 0
[1773159768.429183020] UNLOCK pid=34737 fd=8: SHARED -> NO_LOCK
DBimpl - LOCK REQUEST: 0x3f44b680 1
[1773159768.430772102] LOCK pid=34737 fd=8: NO_LOCK -> SHARED (fallback)
[1773159768.430773961] LOCK pid=34737 fd=8: SHARED -> SHARED
DBimpl - LOCK REQUEST: 0x3f44b680 1
[1773159768.430817352] LOCK pid=34738 fd=10: NO_LOCK -> SHARED (fallback)
[1773159768.430821561] LOCK pid=34738 fd=10: SHARED -> SHARED
DBimpl - LOCK REQUEST: 0x3f44b680 2
[1773159768.430833113] LOCK pid=34738 fd=10: SHARED -> RESERVED
DBimpl - UNLOCK REQUEST: 0x3f44b680 0
[1773159768.431058969] UNLOCK pid=34737 fd=8: SHARED -> NO_LOCK
DBimpl - LOCK REQUEST: 0x3f44b680 1
[1773159768.431199658] LOCK pid=34739 fd=12: NO_LOCK -> SHARED (fallback)
[1773159768.431202434] LOCK pid=34739 fd=12: SHARED -> SHARED
DBimpl - LOCK REQUEST: 0x3f44b680 2
DBimpl - UNLOCK REQUEST: 0x3f44b680 0
[1773159768.431225943] UNLOCK pid=34739 fd=12: SHARED -> NO_LOCK
DBimpl - LOCK REQUEST: 0x3f44b680 4
[1773159768.431688143] LOCK pid=34738 fd=10: RESERVED -> PENDING
[1773159768.431690056] LOCK pid=34738 fd=10: PENDING -> EXCLUSIVE
DBimpl - LOCK REQUEST: 0x3f44b680 1
DBimpl - LOCK REQUEST: 0x3f44b680 1
DBimpl - LOCK REQUEST: 0x3f44b680 1
DBimpl - LOCK REQUEST: 0x3f44b680 1
DBimpl - UNLOCK REQUEST: 0x3f44b680 1
[1773159768.434239418] UNLOCK pid=34738 fd=10: EXCLUSIVE -> SHARED
DBimpl - UNLOCK REQUEST: 0x3f44b680 0
[1773159768.434244845] UNLOCK pid=34738 fd=10: SHARED -> NO_LOCK
DBimpl - LOCK REQUEST: 0x3f44b680 1
[1773159768.434363194] LOCK pid=34739 fd=12: NO_LOCK -> SHARED (fallback)
[1773159768.434366169] LOCK pid=34739 fd=12: SHARED -> SHARED
DBimpl - LOCK REQUEST: 0x3f44b680 2
[1773159768.434386523] LOCK pid=34739 fd=12: SHARED -> RESERVED
DBimpl - LOCK REQUEST: 0x3f44b680 1
[1773159768.435682821] LOCK pid=34736 fd=6: NO_LOCK -> SHARED (fallback)
[1773159768.435684728] LOCK pid=34736 fd=6: SHARED -> SHARED
DBimpl - LOCK REQUEST: 0x3f44b680 1
[1773159768.435691655] LOCK pid=34737 fd=8: NO_LOCK -> SHARED (fallback)
[1773159768.435693783] LOCK pid=34737 fd=8: SHARED -> SHARED
DBimpl - UNLOCK REQUEST: 0x3f44b680 0
[1773159768.435869779] UNLOCK pid=34736 fd=6: SHARED -> NO_LOCK
DBimpl - UNLOCK REQUEST: 0x3f44b680 0
[1773159768.436023856] UNLOCK pid=34737 fd=8: SHARED -> NO_LOCK
DBimpl - LOCK REQUEST: 0x3f44b680 1
[1773159768.436240787] LOCK pid=34737 fd=8: NO_LOCK -> SHARED (fallback)
[1773159768.436242461] LOCK pid=34737 fd=8: SHARED -> SHARED
DBimpl - LOCK REQUEST: 0x3f44b680 1
[1773159768.436352574] LOCK pid=34736 fd=6: NO_LOCK -> SHARED (fallback)
[1773159768.436353780] LOCK pid=34736 fd=6: SHARED -> SHARED
DBimpl - UNLOCK REQUEST: 0x3f44b680 0
[1773159768.436470548] UNLOCK pid=34737 fd=8: SHARED -> NO_LOCK
DBimpl - UNLOCK REQUEST: 0x3f44b680 0
[1773159768.436499021] UNLOCK pid=34736 fd=6: SHARED -> NO_LOCK
DBimpl - LOCK REQUEST: 0x3f44b680 1
[1773159768.436813727] LOCK pid=34738 fd=10: NO_LOCK -> SHARED (fallback)
[1773159768.436815158] LOCK pid=34738 fd=10: SHARED -> SHARED
DBimpl - LOCK REQUEST: 0x3f44b680 2
DBimpl - UNLOCK REQUEST: 0x3f44b680 0
[1773159768.436824039] UNLOCK pid=34738 fd=10: SHARED -> NO_LOCK
DBimpl - LOCK REQUEST: 0x3f44b680 1
[1773159768.437037373] LOCK pid=34736 fd=6: NO_LOCK -> SHARED (fallback)
[1773159768.437038665] LOCK pid=34736 fd=6: SHARED -> SHARED
DBimpl - UNLOCK REQUEST: 0x3f44b680 0
[1773159768.437198008] UNLOCK pid=34736 fd=6: SHARED -> NO_LOCK
DBimpl - LOCK REQUEST: 0x3f44b680 1
[1773159768.437529561] LOCK pid=34737 fd=8: NO_LOCK -> SHARED (fallback)
[1773159768.437531908] LOCK pid=34737 fd=8: SHARED -> SHARED
DBimpl - UNLOCK REQUEST: 0x3f44b680 0
[1773159768.437751109] UNLOCK pid=34737 fd=8: SHARED -> NO_LOCK
DBimpl - LOCK REQUEST: 0x3f44b680 1
DBimpl - LOCK REQUEST: 0x3f44b680 1
[1773159768.437885681] LOCK pid=34736 fd=6: NO_LOCK -> SHARED (fallback)
[1773159768.437885507] LOCK pid=34738 fd=10: NO_LOCK -> SHARED (fallback)
[1773159768.437887705] LOCK pid=34736 fd=6: SHARED -> SHARED
[1773159768.437889462] LOCK pid=34738 fd=10: SHARED -> SHARED
DBimpl - LOCK REQUEST: 0x3f44b680 2
DBimpl - UNLOCK REQUEST: 0x3f44b680 0
[1773159768.437909659] UNLOCK pid=34738 fd=10: SHARED -> NO_LOCK
DBimpl - UNLOCK REQUEST: 0x3f44b680 0
[1773159768.438082589] UNLOCK pid=34736 fd=6: SHARED -> NO_LOCK
DBimpl - LOCK REQUEST: 0x3f44b680 1
[1773159768.439422466] LOCK pid=34736 fd=6: NO_LOCK -> SHARED (fallback)
[1773159768.439424177] LOCK pid=34736 fd=6: SHARED -> SHARED
DBimpl - UNLOCK REQUEST: 0x3f44b680 0
[1773159768.439602913] UNLOCK pid=34736 fd=6: SHARED -> NO_LOCK
DBimpl - LOCK REQUEST: 0x3f44b680 1
[1773159768.439790678] LOCK pid=34736 fd=6: NO_LOCK -> SHARED (fallback)
[1773159768.439792392] LOCK pid=34736 fd=6: SHARED -> SHARED
DBimpl - LOCK REQUEST: 0x3f44b680 1
[1773159768.439978139] LOCK pid=34738 fd=10: NO_LOCK -> SHARED (fallback)
[1773159768.439980259] LOCK pid=34738 fd=10: SHARED -> SHARED
DBimpl - LOCK REQUEST: 0x3f44b680 2
DBimpl - UNLOCK REQUEST: 0x3f44b680 0
[1773159768.439995932] UNLOCK pid=34738 fd=10: SHARED -> NO_LOCK
DBimpl - UNLOCK REQUEST: 0x3f44b680 0
[1773159768.440004335] UNLOCK pid=34736 fd=6: SHARED -> NO_LOCK
DBimpl - LOCK REQUEST: 0x3f44b680 1
[1773159768.440043761] LOCK pid=34737 fd=8: NO_LOCK -> SHARED (fallback)
[1773159768.440046586] LOCK pid=34737 fd=8: SHARED -> SHARED
DBimpl - UNLOCK REQUEST: 0x3f44b680 0
[1773159768.440253173] UNLOCK pid=34737 fd=8: SHARED -> NO_LOCK
DBimpl - LOCK REQUEST: 0x3f44b680 1
[1773159768.440502799] LOCK pid=34736 fd=6: NO_LOCK -> SHARED (fallback)
[1773159768.440504387] LOCK pid=34736 fd=6: SHARED -> SHARED
DBimpl - UNLOCK REQUEST: 0x3f44b680 0
[1773159768.440688596] UNLOCK pid=34736 fd=6: SHARED -> NO_LOCK
DBimpl - LOCK REQUEST: 0x3f44b680 1
[1773159768.440879258] LOCK pid=34737 fd=8: NO_LOCK -> SHARED (fallback)
[1773159768.440880634] LOCK pid=34737 fd=8: SHARED -> SHARED
DBimpl - UNLOCK REQUEST: 0x3f44b680 0
[1773159768.441051801] UNLOCK pid=34737 fd=8: SHARED -> NO_LOCK
DBimpl - LOCK REQUEST: 0x3f44b680 1
[1773159768.441775718] LOCK pid=34737 fd=8: NO_LOCK -> SHARED (fallback)
[1773159768.441777008] LOCK pid=34737 fd=8: SHARED -> SHARED
DBimpl - UNLOCK REQUEST: 0x3f44b680 0
[1773159768.441941146] UNLOCK pid=34737 fd=8: SHARED -> NO_LOCK
DBimpl - LOCK REQUEST: 0x3f44b680 1
[1773159768.443140709] LOCK pid=34737 fd=8: NO_LOCK -> SHARED (fallback)
[1773159768.443141967] LOCK pid=34737 fd=8: SHARED -> SHARED
DBimpl - UNLOCK REQUEST: 0x3f44b680 0
[1773159768.443302491] UNLOCK pid=34737 fd=8: SHARED -> NO_LOCK
DBimpl - LOCK REQUEST: 0x3f44b680 1
[1773159768.443632456] LOCK pid=34737 fd=8: NO_LOCK -> SHARED (fallback)
[1773159768.443633640] LOCK pid=34737 fd=8: SHARED -> SHARED
DBimpl - LOCK REQUEST: 0x3f44b680 1
[1773159768.443644358] LOCK pid=34736 fd=6: NO_LOCK -> SHARED (fallback)
[1773159768.443646326] LOCK pid=34736 fd=6: SHARED -> SHARED
DBimpl - UNLOCK REQUEST: 0x3f44b680 0
[1773159768.443799467] UNLOCK pid=34737 fd=8: SHARED -> NO_LOCK
DBimpl - UNLOCK REQUEST: 0x3f44b680 0
[1773159768.443862966] UNLOCK pid=34736 fd=6: SHARED -> NO_LOCK
DBimpl - LOCK REQUEST: 0x3f44b680 1
[1773159768.444042062] LOCK pid=34737 fd=8: NO_LOCK -> SHARED (fallback)
[1773159768.444043215] LOCK pid=34737 fd=8: SHARED -> SHARED
DBimpl - UNLOCK REQUEST: 0x3f44b680 0
[1773159768.444202770] UNLOCK pid=34737 fd=8: SHARED -> NO_LOCK
DBimpl - LOCK REQUEST: 0x3f44b680 1
[1773159768.444371994] LOCK pid=34736 fd=6: NO_LOCK -> SHARED (fallback)
[1773159768.444373624] LOCK pid=34736 fd=6: SHARED -> SHARED
DBimpl - UNLOCK REQUEST: 0x3f44b680 0
[1773159768.444553479] UNLOCK pid=34736 fd=6: SHARED -> NO_LOCK
DBimpl - LOCK REQUEST: 0x3f44b680 1
[1773159768.444713798] LOCK pid=34737 fd=8: NO_LOCK -> SHARED (fallback)
[1773159768.444714907] LOCK pid=34737 fd=8: SHARED -> SHARED
DBimpl - UNLOCK REQUEST: 0x3f44b680 0
[1773159768.444998281] UNLOCK pid=34737 fd=8: SHARED -> NO_LOCK
DBimpl - LOCK REQUEST: 0x3f44b680 1
[1773159768.445055784] LOCK pid=34738 fd=10: NO_LOCK -> SHARED (fallback)
[1773159768.445056930] LOCK pid=34738 fd=10: SHARED -> SHARED
DBimpl - LOCK REQUEST: 0x3f44b680 2
DBimpl - UNLOCK REQUEST: 0x3f44b680 0
[1773159768.445064952] UNLOCK pid=34738 fd=10: SHARED -> NO_LOCK
DBimpl - LOCK REQUEST: 0x3f44b680 1
[1773159768.445079983] LOCK pid=34736 fd=6: NO_LOCK -> SHARED (fallback)
[1773159768.445081796] LOCK pid=34736 fd=6: SHARED -> SHARED
DBimpl - UNLOCK REQUEST: 0x3f44b680 0
DBimpl - LOCK REQUEST: 0x3f44b680 1
[1773159768.445262151] UNLOCK pid=34736 fd=6: SHARED -> NO_LOCK
[1773159768.445263276] LOCK pid=34737 fd=8: NO_LOCK -> SHARED (fallback)
[1773159768.445265052] LOCK pid=34737 fd=8: SHARED -> SHARED
DBimpl - LOCK REQUEST: 0x3f44b680 1
[1773159768.445375759] LOCK pid=34736 fd=6: NO_LOCK -> SHARED (fallback)
[1773159768.445377415] LOCK pid=34736 fd=6: SHARED -> SHARED
DBimpl - UNLOCK REQUEST: 0x3f44b680 0
[1773159768.445426985] UNLOCK pid=34737 fd=8: SHARED -> NO_LOCK
DBimpl - UNLOCK REQUEST: 0x3f44b680 0
[1773159768.445574671] UNLOCK pid=34736 fd=6: SHARED -> NO_LOCK
DBimpl - LOCK REQUEST: 0x3f44b680 1
[1773159768.446124889] LOCK pid=34737 fd=8: NO_LOCK -> SHARED (fallback)
[1773159768.446127234] LOCK pid=34737 fd=8: SHARED -> SHARED
DBimpl - LOCK REQUEST: 0x3f44b680 1
[1773159768.446145194] LOCK pid=34736 fd=6: NO_LOCK -> SHARED (fallback)
[1773159768.446147101] LOCK pid=34736 fd=6: SHARED -> SHARED
DBimpl - UNLOCK REQUEST: 0x3f44b680 0
[1773159768.446321000] UNLOCK pid=34736 fd=6: SHARED -> NO_LOCK
DBimpl - UNLOCK REQUEST: 0x3f44b680 0
[1773159768.446439088] UNLOCK pid=34737 fd=8: SHARED -> NO_LOCK
DBimpl - LOCK REQUEST: 0x3f44b680 1
[1773159768.446628462] LOCK pid=34737 fd=8: NO_LOCK -> SHARED (fallback)
[1773159768.446630289] LOCK pid=34737 fd=8: SHARED -> SHARED
DBimpl - UNLOCK REQUEST: 0x3f44b680 0
[1773159768.446948544] UNLOCK pid=34737 fd=8: SHARED -> NO_LOCK
DBimpl - LOCK REQUEST: 0x3f44b680 4
[1773159768.447028632] LOCK pid=34739 fd=12: RESERVED -> PENDING
[1773159768.447030850] LOCK pid=34739 fd=12: PENDING -> EXCLUSIVE
DBimpl - UNLOCK REQUEST: 0x3f44b680 1
[1773159768.447035170] UNLOCK pid=34739 fd=12: EXCLUSIVE -> SHARED
DBimpl - UNLOCK REQUEST: 0x3f44b680 0
[1773159768.447038738] UNLOCK pid=34739 fd=12: SHARED -> NO_LOCK
DBimpl - LOCK REQUEST: 0x3f44b680 1
[1773159768.447121546] LOCK pid=34736 fd=6: NO_LOCK -> SHARED (fallback)
[1773159768.447123233] LOCK pid=34736 fd=6: SHARED -> SHARED
DBimpl - UNLOCK REQUEST: 0x3f44b680 0
[1773159768.447302508] UNLOCK pid=34736 fd=6: SHARED -> NO_LOCK
DBimpl - LOCK REQUEST: 0x3f44b680 1
[1773159768.448079086] LOCK pid=34737 fd=8: NO_LOCK -> SHARED (fallback)
[1773159768.448080395] LOCK pid=34737 fd=8: SHARED -> SHARED
DBimpl - UNLOCK REQUEST: 0x3f44b680 0
[1773159768.448242608] UNLOCK pid=34737 fd=8: SHARED -> NO_LOCK
DBimpl - LOCK REQUEST: 0x3f44b680 1
[1773159768.448276282] LOCK pid=34736 fd=6: NO_LOCK -> SHARED (fallback)
[1773159768.448278029] LOCK pid=34736 fd=6: SHARED -> SHARED
DBimpl - LOCK REQUEST: 0x3f44b680 1
[1773159768.448387964] LOCK pid=34739 fd=12: NO_LOCK -> SHARED (fallback)
[1773159768.448389731] LOCK pid=34739 fd=12: SHARED -> SHARED
DBimpl - LOCK REQUEST: 0x3f44b680 2
[1773159768.448397566] LOCK pid=34739 fd=12: SHARED -> RESERVED
DBimpl - UNLOCK REQUEST: 0x3f44b680 0
[1773159768.448514336] UNLOCK pid=34736 fd=6: SHARED -> NO_LOCK
DBimpl - LOCK REQUEST: 0x3f44b680 1
[1773159768.449370805] LOCK pid=34737 fd=8: NO_LOCK -> SHARED (fallback)
[1773159768.449372968] LOCK pid=34737 fd=8: SHARED -> SHARED
DBimpl - UNLOCK REQUEST: 0x3f44b680 0
[1773159768.449685765] UNLOCK pid=34737 fd=8: SHARED -> NO_LOCK
DBimpl - LOCK REQUEST: 0x3f44b680 1
[1773159768.450331140] LOCK pid=34736 fd=6: NO_LOCK -> SHARED (fallback)
[1773159768.450332856] LOCK pid=34736 fd=6: SHARED -> SHARED
DBimpl - UNLOCK REQUEST: 0x3f44b680 0
[1773159768.450513534] UNLOCK pid=34736 fd=6: SHARED -> NO_LOCK
DBimpl - LOCK REQUEST: 0x3f44b680 1
[1773159768.450728165] LOCK pid=34736 fd=6: NO_LOCK -> SHARED (fallback)
[1773159768.450729987] LOCK pid=34736 fd=6: SHARED -> SHARED
DBimpl - LOCK REQUEST: 0x3f44b680 1
[1773159768.450839217] LOCK pid=34737 fd=8: NO_LOCK -> SHARED (fallback)
[1773159768.450841265] LOCK pid=34737 fd=8: SHARED -> SHARED
DBimpl - UNLOCK REQUEST: 0x3f44b680 0
[1773159768.450956234] UNLOCK pid=34736 fd=6: SHARED -> NO_LOCK
DBimpl - UNLOCK REQUEST: 0x3f44b680 0
[1773159768.451150826] UNLOCK pid=34737 fd=8: SHARED -> NO_LOCK
DBimpl - LOCK REQUEST: 0x3f44b680 1
[1773159768.452947412] LOCK pid=34737 fd=8: NO_LOCK -> SHARED (fallback)
[1773159768.452949834] LOCK pid=34737 fd=8: SHARED -> SHARED
DBimpl - UNLOCK REQUEST: 0x3f44b680 0
[1773159768.453268787] UNLOCK pid=34737 fd=8: SHARED -> NO_LOCK
DBimpl - LOCK REQUEST: 0x3f44b680 1
[1773159768.454115495] LOCK pid=34736 fd=6: NO_LOCK -> SHARED (fallback)
[1773159768.454117591] LOCK pid=34736 fd=6: SHARED -> SHARED
DBimpl - UNLOCK REQUEST: 0x3f44b680 0
[1773159768.454317891] UNLOCK pid=34736 fd=6: SHARED -> NO_LOCK
DBimpl - LOCK REQUEST: 0x3f44b680 1
[1773159768.454381414] LOCK pid=34737 fd=8: NO_LOCK -> SHARED (fallback)
[1773159768.454383176] LOCK pid=34737 fd=8: SHARED -> SHARED
DBimpl - UNLOCK REQUEST: 0x3f44b680 0
[1773159768.454610004] UNLOCK pid=34737 fd=8: SHARED -> NO_LOCK
DBimpl - LOCK REQUEST: 0x3f44b680 1
[1773159768.454630268] LOCK pid=34736 fd=6: NO_LOCK -> SHARED (fallback)
[1773159768.454632202] LOCK pid=34736 fd=6: SHARED -> SHARED
DBimpl - UNLOCK REQUEST: 0x3f44b680 0
[1773159768.454807408] UNLOCK pid=34736 fd=6: SHARED -> NO_LOCK
DBimpl - LOCK REQUEST: 0x3f44b680 1
[1773159768.454862196] LOCK pid=34737 fd=8: NO_LOCK -> SHARED (fallback)
[1773159768.454863399] LOCK pid=34737 fd=8: SHARED -> SHARED
DBimpl - LOCK REQUEST: 0x3f44b680 1
[1773159768.455029985] LOCK pid=34736 fd=6: NO_LOCK -> SHARED (fallback)
DBimpl - UNLOCK REQUEST: 0x3f44b680 0
[1773159768.455031813] LOCK pid=34736 fd=6: SHARED -> SHARED
[1773159768.455040878] UNLOCK pid=34737 fd=8: SHARED -> NO_LOCK
DBimpl - LOCK REQUEST: 0x3f44b680 1
[1773159768.455133545] LOCK pid=34738 fd=10: NO_LOCK -> SHARED (fallback)
[1773159768.455136533] LOCK pid=34738 fd=10: SHARED -> SHARED
DBimpl - LOCK REQUEST: 0x3f44b680 2
DBimpl - UNLOCK REQUEST: 0x3f44b680 0
[1773159768.455152194] UNLOCK pid=34738 fd=10: SHARED -> NO_LOCK
DBimpl - UNLOCK REQUEST: 0x3f44b680 0
[1773159768.455272939] UNLOCK pid=34736 fd=6: SHARED -> NO_LOCK
DBimpl - LOCK REQUEST: 0x3f44b680 1
[1773159768.455897072] LOCK pid=34736 fd=6: NO_LOCK -> SHARED (fallback)
[1773159768.455898668] LOCK pid=34736 fd=6: SHARED -> SHARED
DBimpl - LOCK REQUEST: 0x3f44b680 4
[1773159768.455951952] LOCK pid=34739 fd=12: RESERVED -> PENDING
DBimpl - UNLOCK REQUEST: 0x3f44b680 0
[1773159768.456097128] UNLOCK pid=34736 fd=6: SHARED -> NO_LOCK
DBimpl - LOCK REQUEST: 0x3f44b680 1
DBimpl - LOCK REQUEST: 0x3f44b680 1
DBimpl - LOCK REQUEST: 0x3f44b680 4
[1773159768.457033629] LOCK pid=34739 fd=12: PENDING -> EXCLUSIVE
DBimpl - UNLOCK REQUEST: 0x3f44b680 1
[1773159768.457038821] UNLOCK pid=34739 fd=12: EXCLUSIVE -> SHARED
DBimpl - UNLOCK REQUEST: 0x3f44b680 0
[1773159768.457042286] UNLOCK pid=34739 fd=12: SHARED -> NO_LOCK
DBimpl - LOCK REQUEST: 0x3f44b680 1
[1773159768.457763551] LOCK pid=34737 fd=8: NO_LOCK -> SHARED (fallback)
[1773159768.457765183] LOCK pid=34737 fd=8: SHARED -> SHARED
DBimpl - UNLOCK REQUEST: 0x3f44b680 0
[1773159768.457948274] UNLOCK pid=34737 fd=8: SHARED -> NO_LOCK
DBimpl - LOCK REQUEST: 0x3f44b680 1
[1773159768.458018479] LOCK pid=34736 fd=6: NO_LOCK -> SHARED (fallback)
[1773159768.458020645] LOCK pid=34736 fd=6: SHARED -> SHARED
DBimpl - UNLOCK REQUEST: 0x3f44b680 0
[1773159768.458212653] UNLOCK pid=34736 fd=6: SHARED -> NO_LOCK
DBimpl - LOCK REQUEST: 0x3f44b680 1
[1773159768.458644007] LOCK pid=34737 fd=8: NO_LOCK -> SHARED (fallback)
[1773159768.458645505] LOCK pid=34737 fd=8: SHARED -> SHARED
DBimpl - LOCK REQUEST: 0x3f44b680 1
[1773159768.458801449] LOCK pid=34739 fd=12: NO_LOCK -> SHARED (fallback)
[1773159768.458802886] LOCK pid=34739 fd=12: SHARED -> SHARED
DBimpl - LOCK REQUEST: 0x3f44b680 2
DBimpl - UNLOCK REQUEST: 0x3f44b680 0
[1773159768.458815109] LOCK pid=34739 fd=12: SHARED -> RESERVED
[1773159768.458816918] UNLOCK pid=34737 fd=8: SHARED -> NO_LOCK
DBimpl - LOCK REQUEST: 0x3f44b680 1
[1773159768.459230881] LOCK pid=34737 fd=8: NO_LOCK -> SHARED (fallback)
[1773159768.459232011] LOCK pid=34737 fd=8: SHARED -> SHARED
DBimpl - UNLOCK REQUEST: 0x3f44b680 0
[1773159768.459396586] UNLOCK pid=34737 fd=8: SHARED -> NO_LOCK
DBimpl - LOCK REQUEST: 0x3f44b680 1
[1773159768.459773530] LOCK pid=34736 fd=6: NO_LOCK -> SHARED (fallback)
[1773159768.459775379] LOCK pid=34736 fd=6: SHARED -> SHARED
DBimpl - LOCK REQUEST: 0x3f44b680 1
[1773159768.459879390] LOCK pid=34737 fd=8: NO_LOCK -> SHARED (fallback)
[1773159768.459880578] LOCK pid=34737 fd=8: SHARED -> SHARED
DBimpl - UNLOCK REQUEST: 0x3f44b680 0
[1773159768.460006498] UNLOCK pid=34736 fd=6: SHARED -> NO_LOCK
DBimpl - UNLOCK REQUEST: 0x3f44b680 0
[1773159768.460045074] UNLOCK pid=34737 fd=8: SHARED -> NO_LOCK
DBimpl - LOCK REQUEST: 0x3f44b680 1
[1773159768.460301645] LOCK pid=34736 fd=6: NO_LOCK -> SHARED (fallback)
[1773159768.460303330] LOCK pid=34736 fd=6: SHARED -> SHARED
DBimpl - UNLOCK REQUEST: 0x3f44b680 0
[1773159768.460487828] UNLOCK pid=34736 fd=6: SHARED -> NO_LOCK
DBimpl - LOCK REQUEST: 0x3f44b680 1
[1773159768.460824592] LOCK pid=34736 fd=6: NO_LOCK -> SHARED (fallback)
[1773159768.460826247] LOCK pid=34736 fd=6: SHARED -> SHARED
DBimpl - LOCK REQUEST: 0x3f44b680 1
[1773159768.460862498] LOCK pid=34737 fd=8: NO_LOCK -> SHARED (fallback)
[1773159768.460864447] LOCK pid=34737 fd=8: SHARED -> SHARED
DBimpl - UNLOCK REQUEST: 0x3f44b680 0
[1773159768.461029821] UNLOCK pid=34736 fd=6: SHARED -> NO_LOCK
DBimpl - UNLOCK REQUEST: 0x3f44b680 0
[1773159768.461049096] UNLOCK pid=34737 fd=8: SHARED -> NO_LOCK
DBimpl - LOCK REQUEST: 0x3f44b680 1
[1773159768.461139253] LOCK pid=34737 fd=8: NO_LOCK -> SHARED (fallback)
[1773159768.461145182] LOCK pid=34737 fd=8: SHARED -> SHARED
DBimpl - UNLOCK REQUEST: 0x3f44b680 0
[1773159768.461308747] UNLOCK pid=34737 fd=8: SHARED -> NO_LOCK
DBimpl - LOCK REQUEST: 0x3f44b680 4
[1773159768.461465667] LOCK pid=34739 fd=12: RESERVED -> PENDING
[1773159768.461467561] LOCK pid=34739 fd=12: PENDING -> EXCLUSIVE
DBimpl - UNLOCK REQUEST: 0x3f44b680 1
[1773159768.461471317] UNLOCK pid=34739 fd=12: EXCLUSIVE -> SHARED
DBimpl - UNLOCK REQUEST: 0x3f44b680 0
[1773159768.461474415] UNLOCK pid=34739 fd=12: SHARED -> NO_LOCK
DBimpl - LOCK REQUEST: 0x3f44b680 1
[1773159768.461881896] LOCK pid=34737 fd=8: NO_LOCK -> SHARED (fallback)
[1773159768.461883231] LOCK pid=34737 fd=8: SHARED -> SHARED
DBimpl - LOCK REQUEST: 0x3f44b680 1
DBimpl - LOCK REQUEST: 0x3f44b680 1
[1773159768.461894136] LOCK pid=34736 fd=6: NO_LOCK -> SHARED (fallback)
[1773159768.461894990] LOCK pid=34739 fd=12: NO_LOCK -> SHARED (fallback)
[1773159768.461896145] LOCK pid=34736 fd=6: SHARED -> SHARED
[1773159768.461896809] LOCK pid=34739 fd=12: SHARED -> SHARED
DBimpl - LOCK REQUEST: 0x3f44b680 2
[1773159768.461904822] LOCK pid=34739 fd=12: SHARED -> RESERVED
DBimpl - UNLOCK REQUEST: 0x3f44b680 0
[1773159768.462054238] UNLOCK pid=34737 fd=8: SHARED -> NO_LOCK
DBimpl - UNLOCK REQUEST: 0x3f44b680 0
[1773159768.462096898] UNLOCK pid=34736 fd=6: SHARED -> NO_LOCK
DBimpl - LOCK REQUEST: 0x3f44b680 1
[1773159768.462635920] LOCK pid=34737 fd=8: NO_LOCK -> SHARED (fallback)
[1773159768.462637130] LOCK pid=34737 fd=8: SHARED -> SHARED
DBimpl - UNLOCK REQUEST: 0x3f44b680 0
[1773159768.462817348] UNLOCK pid=34737 fd=8: SHARED -> NO_LOCK
DBimpl - LOCK REQUEST: 0x3f44b680 1
[1773159768.463221617] LOCK pid=34736 fd=6: NO_LOCK -> SHARED (fallback)
[1773159768.463223313] LOCK pid=34736 fd=6: SHARED -> SHARED
DBimpl - UNLOCK REQUEST: 0x3f44b680 0
[1773159768.463407531] UNLOCK pid=34736 fd=6: SHARED -> NO_LOCK
DBimpl - LOCK REQUEST: 0x3f44b680 1
[1773159768.463652641] LOCK pid=34736 fd=6: NO_LOCK -> SHARED (fallback)
[1773159768.463654313] LOCK pid=34736 fd=6: SHARED -> SHARED
DBimpl - UNLOCK REQUEST: 0x3f44b680 0
[1773159768.463839735] UNLOCK pid=34736 fd=6: SHARED -> NO_LOCK
DBimpl - LOCK REQUEST: 0x3f44b680 4
[1773159768.464256170] LOCK pid=34739 fd=12: RESERVED -> PENDING
[1773159768.464258144] LOCK pid=34739 fd=12: PENDING -> EXCLUSIVE
DBimpl - UNLOCK REQUEST: 0x3f44b680 1
[1773159768.464261615] UNLOCK pid=34739 fd=12: EXCLUSIVE -> SHARED
DBimpl - UNLOCK REQUEST: 0x3f44b680 0
[1773159768.464264850] UNLOCK pid=34739 fd=12: SHARED -> NO_LOCK
DBimpl - LOCK REQUEST: 0x3f44b680 1
[1773159768.464509256] LOCK pid=34739 fd=12: NO_LOCK -> SHARED (fallback)
[1773159768.464510386] LOCK pid=34739 fd=12: SHARED -> SHARED
DBimpl - LOCK REQUEST: 0x3f44b680 2
[1773159768.464518066] LOCK pid=34739 fd=12: SHARED -> RESERVED
DBimpl - LOCK REQUEST: 0x3f44b680 1
[1773159768.465057951] LOCK pid=34736 fd=6: NO_LOCK -> SHARED (fallback)
[1773159768.465059532] LOCK pid=34736 fd=6: SHARED -> SHARED
DBimpl - LOCK REQUEST: 0x3f44b680 1
[1773159768.465120141] LOCK pid=34737 fd=8: NO_LOCK -> SHARED (fallback)
[1773159768.465121414] LOCK pid=34737 fd=8: SHARED -> SHARED
DBimpl - UNLOCK REQUEST: 0x3f44b680 0
[1773159768.465257635] UNLOCK pid=34736 fd=6: SHARED -> NO_LOCK
DBimpl - UNLOCK REQUEST: 0x3f44b680 0
[1773159768.465305854] UNLOCK pid=34737 fd=8: SHARED -> NO_LOCK
DBimpl - LOCK REQUEST: 0x3f44b680 1
[1773159768.465476693] LOCK pid=34736 fd=6: NO_LOCK -> SHARED (fallback)
[1773159768.465478327] LOCK pid=34736 fd=6: SHARED -> SHARED
DBimpl - UNLOCK REQUEST: 0x3f44b680 0
[1773159768.465661164] UNLOCK pid=34736 fd=6: SHARED -> NO_LOCK
DBimpl - LOCK REQUEST: 0x3f44b680 1
[1773159768.465943817] LOCK pid=34736 fd=6: NO_LOCK -> SHARED (fallback)
[1773159768.465945478] LOCK pid=34736 fd=6: SHARED -> SHARED
DBimpl - UNLOCK REQUEST: 0x3f44b680 0
[1773159768.466128974] UNLOCK pid=34736 fd=6: SHARED -> NO_LOCK
DBimpl - LOCK REQUEST: 0x3f44b680 1
[1773159768.466843260] LOCK pid=34737 fd=8: NO_LOCK -> SHARED (fallback)
[1773159768.466844639] LOCK pid=34737 fd=8: SHARED -> SHARED
DBimpl - UNLOCK REQUEST: 0x3f44b680 0
[1773159768.467009927] UNLOCK pid=34737 fd=8: SHARED -> NO_LOCK
DBimpl - LOCK REQUEST: 0x3f44b680 1
[1773159768.470231020] LOCK pid=34738 fd=10: NO_LOCK -> SHARED (fallback)
[1773159768.470234973] LOCK pid=34738 fd=10: SHARED -> SHARED
DBimpl - LOCK REQUEST: 0x3f44b680 2
DBimpl - UNLOCK REQUEST: 0x3f44b680 0
[1773159768.470266641] UNLOCK pid=34738 fd=10: SHARED -> NO_LOCK
DBimpl - LOCK REQUEST: 0x3f44b680 1
[1773159768.471003922] LOCK pid=34737 fd=8: NO_LOCK -> SHARED (fallback)
[1773159768.471006568] LOCK pid=34737 fd=8: SHARED -> SHARED
DBimpl - UNLOCK REQUEST: 0x3f44b680 0
[1773159768.471264198] UNLOCK pid=34737 fd=8: SHARED -> NO_LOCK
DBimpl - LOCK REQUEST: 0x3f44b680 1
[1773159768.472001704] LOCK pid=34737 fd=8: NO_LOCK -> SHARED (fallback)
[1773159768.472003250] LOCK pid=34737 fd=8: SHARED -> SHARED
DBimpl - LOCK REQUEST: 0x3f44b680 1
[1773159768.472173095] LOCK pid=34736 fd=6: NO_LOCK -> SHARED (fallback)
[1773159768.472176670] LOCK pid=34736 fd=6: SHARED -> SHARED
DBimpl - UNLOCK REQUEST: 0x3f44b680 0
[1773159768.472191963] UNLOCK pid=34737 fd=8: SHARED -> NO_LOCK
DBimpl - UNLOCK REQUEST: 0x3f44b680 0
[1773159768.472404360] UNLOCK pid=34736 fd=6: SHARED -> NO_LOCK
DBimpl - LOCK REQUEST: 0x3f44b680 1
[1773159768.472821432] LOCK pid=34737 fd=8: NO_LOCK -> SHARED (fallback)
[1773159768.472822697] LOCK pid=34737 fd=8: SHARED -> SHARED
DBimpl - UNLOCK REQUEST: 0x3f44b680 0
[1773159768.473011545] UNLOCK pid=34737 fd=8: SHARED -> NO_LOCK
DBimpl - LOCK REQUEST: 0x3f44b680 1
[1773159768.473650267] LOCK pid=34737 fd=8: NO_LOCK -> SHARED (fallback)
[1773159768.473651452] LOCK pid=34737 fd=8: SHARED -> SHARED
DBimpl - UNLOCK REQUEST: 0x3f44b680 0
[1773159768.473824720] UNLOCK pid=34737 fd=8: SHARED -> NO_LOCK
DBimpl - LOCK REQUEST: 0x3f44b680 1
[1773159768.474557535] LOCK pid=34736 fd=6: NO_LOCK -> SHARED (fallback)
[1773159768.474560070] LOCK pid=34736 fd=6: SHARED -> SHARED
DBimpl - UNLOCK REQUEST: 0x3f44b680 0
[1773159768.474767887] UNLOCK pid=34736 fd=6: SHARED -> NO_LOCK
DBimpl - LOCK REQUEST: 0x3f44b680 1
[1773159768.475293054] LOCK pid=34736 fd=6: NO_LOCK -> SHARED (fallback)
[1773159768.475294974] LOCK pid=34736 fd=6: SHARED -> SHARED
DBimpl - UNLOCK REQUEST: 0x3f44b680 0
[1773159768.475484875] UNLOCK pid=34736 fd=6: SHARED -> NO_LOCK
DBimpl - LOCK REQUEST: 0x3f44b680 4
[1773159768.475925124] LOCK pid=34739 fd=12: RESERVED -> PENDING
[1773159768.475927209] LOCK pid=34739 fd=12: PENDING -> EXCLUSIVE
DBimpl - UNLOCK REQUEST: 0x3f44b680 1
[1773159768.475930827] UNLOCK pid=34739 fd=12: EXCLUSIVE -> SHARED
DBimpl - UNLOCK REQUEST: 0x3f44b680 0
[1773159768.475934276] UNLOCK pid=34739 fd=12: SHARED -> NO_LOCK
DBimpl - LOCK REQUEST: 0x3f44b680 1
[1773159768.476568110] LOCK pid=34736 fd=6: NO_LOCK -> SHARED (fallback)
[1773159768.476569859] LOCK pid=34736 fd=6: SHARED -> SHARED
DBimpl - UNLOCK REQUEST: 0x3f44b680 0
[1773159768.476763735] UNLOCK pid=34736 fd=6: SHARED -> NO_LOCK
DBimpl - LOCK REQUEST: 0x3f44b680 1
DBimpl - LOCK REQUEST: 0x3f44b680 1
[1773159768.476855312] LOCK pid=34739 fd=12: NO_LOCK -> SHARED (fallback)
[1773159768.476855126] LOCK pid=34737 fd=8: NO_LOCK -> SHARED (fallback)
[1773159768.476857320] LOCK pid=34739 fd=12: SHARED -> SHARED
[1773159768.476858436] LOCK pid=34737 fd=8: SHARED -> SHARED
DBimpl - LOCK REQUEST: 0x3f44b680 2
[1773159768.476870218] LOCK pid=34739 fd=12: SHARED -> RESERVED
DBimpl - LOCK REQUEST: 0x3f44b680 1
[1773159768.477073739] LOCK pid=34736 fd=6: NO_LOCK -> SHARED (fallback)
[1773159768.477075436] LOCK pid=34736 fd=6: SHARED -> SHARED
DBimpl - UNLOCK REQUEST: 0x3f44b680 0
[1773159768.477139641] UNLOCK pid=34737 fd=8: SHARED -> NO_LOCK
DBimpl - UNLOCK REQUEST: 0x3f44b680 0
[1773159768.477273914] UNLOCK pid=34736 fd=6: SHARED -> NO_LOCK
DBimpl - LOCK REQUEST: 0x3f44b680 1
[1773159768.477487626] LOCK pid=34737 fd=8: NO_LOCK -> SHARED (fallback)
[1773159768.477488830] LOCK pid=34737 fd=8: SHARED -> SHARED
DBimpl - UNLOCK REQUEST: 0x3f44b680 0
[1773159768.477663194] UNLOCK pid=34737 fd=8: SHARED -> NO_LOCK
DBimpl - LOCK REQUEST: 0x3f44b680 1
[1773159768.478145861] LOCK pid=34737 fd=8: NO_LOCK -> SHARED (fallback)
[1773159768.478147481] LOCK pid=34737 fd=8: SHARED -> SHARED
DBimpl - UNLOCK REQUEST: 0x3f44b680 0
DBimpl - LOCK REQUEST: 0x3f44b680 1
[1773159768.478320903] UNLOCK pid=34737 fd=8: SHARED -> NO_LOCK
[1773159768.478324055] LOCK pid=34736 fd=6: NO_LOCK -> SHARED (fallback)
[1773159768.478325918] LOCK pid=34736 fd=6: SHARED -> SHARED
DBimpl - UNLOCK REQUEST: 0x3f44b680 0
[1773159768.478511853] UNLOCK pid=34736 fd=6: SHARED -> NO_LOCK
DBimpl - LOCK REQUEST: 0x3f44b680 1
[1773159768.480211219] LOCK pid=34737 fd=8: NO_LOCK -> SHARED (fallback)
[1773159768.480212583] LOCK pid=34737 fd=8: SHARED -> SHARED
DBimpl - UNLOCK REQUEST: 0x3f44b680 0
[1773159768.480387993] UNLOCK pid=34737 fd=8: SHARED -> NO_LOCK
DBimpl - LOCK REQUEST: 0x3f44b680 1
[1773159768.480764948] LOCK pid=34737 fd=8: NO_LOCK -> SHARED (fallback)
[1773159768.480766096] LOCK pid=34737 fd=8: SHARED -> SHARED
DBimpl - UNLOCK REQUEST: 0x3f44b680 0
[1773159768.480930235] UNLOCK pid=34737 fd=8: SHARED -> NO_LOCK
DBimpl - LOCK REQUEST: 0x3f44b680 1
[1773159768.481003039] LOCK pid=34736 fd=6: NO_LOCK -> SHARED (fallback)
[1773159768.481005952] LOCK pid=34736 fd=6: SHARED -> SHARED
DBimpl - UNLOCK REQUEST: 0x3f44b680 0
[1773159768.481222472] UNLOCK pid=34736 fd=6: SHARED -> NO_LOCK
DBimpl - LOCK REQUEST: 0x3f44b680 1
[1773159768.481397665] LOCK pid=34736 fd=6: NO_LOCK -> SHARED (fallback)
[1773159768.481399432] LOCK pid=34736 fd=6: SHARED -> SHARED
DBimpl - UNLOCK REQUEST: 0x3f44b680 0
[1773159768.481587862] UNLOCK pid=34736 fd=6: SHARED -> NO_LOCK
DBimpl - LOCK REQUEST: 0x3f44b680 1
[1773159768.481661604] LOCK pid=34736 fd=6: NO_LOCK -> SHARED (fallback)
[1773159768.481663240] LOCK pid=34736 fd=6: SHARED -> SHARED
DBimpl - UNLOCK REQUEST: 0x3f44b680 0
[1773159768.481850884] UNLOCK pid=34736 fd=6: SHARED -> NO_LOCK
DBimpl - LOCK REQUEST: 0x3f44b680 1
[1773159768.482062682] LOCK pid=34736 fd=6: NO_LOCK -> SHARED (fallback)
[1773159768.482064492] LOCK pid=34736 fd=6: SHARED -> SHARED
DBimpl - UNLOCK REQUEST: 0x3f44b680 0
[1773159768.482268784] UNLOCK pid=34736 fd=6: SHARED -> NO_LOCK
DBimpl - LOCK REQUEST: 0x3f44b680 1
[1773159768.482731210] LOCK pid=34737 fd=8: NO_LOCK -> SHARED (fallback)
[1773159768.482734299] LOCK pid=34737 fd=8: SHARED -> SHARED
DBimpl - UNLOCK REQUEST: 0x3f44b680 0
[1773159768.482970539] UNLOCK pid=34737 fd=8: SHARED -> NO_LOCK
DBimpl - LOCK REQUEST: 0x3f44b680 1
[1773159768.483199310] LOCK pid=34737 fd=8: NO_LOCK -> SHARED (fallback)
[1773159768.483200583] LOCK pid=34737 fd=8: SHARED -> SHARED
DBimpl - LOCK REQUEST: 0x3f44b680 1
[1773159768.483292784] LOCK pid=34736 fd=6: NO_LOCK -> SHARED (fallback)
[1773159768.483294571] LOCK pid=34736 fd=6: SHARED -> SHARED
DBimpl - UNLOCK REQUEST: 0x3f44b680 0
[1773159768.483381463] UNLOCK pid=34737 fd=8: SHARED -> NO_LOCK
DBimpl - UNLOCK REQUEST: 0x3f44b680 0
[1773159768.483504352] UNLOCK pid=34736 fd=6: SHARED -> NO_LOCK
DBimpl - LOCK REQUEST: 0x3f44b680 4
[1773159768.483812676] LOCK pid=34739 fd=12: RESERVED -> PENDING
[1773159768.483814672] LOCK pid=34739 fd=12: PENDING -> EXCLUSIVE
DBimpl - UNLOCK REQUEST: 0x3f44b680 1
[1773159768.483818289] UNLOCK pid=34739 fd=12: EXCLUSIVE -> SHARED
DBimpl - UNLOCK REQUEST: 0x3f44b680 0
[1773159768.483821634] UNLOCK pid=34739 fd=12: SHARED -> NO_LOCK
DBimpl - LOCK REQUEST: 0x3f44b680 1
[1773159768.483936869] LOCK pid=34736 fd=6: NO_LOCK -> SHARED (fallback)
[1773159768.483938518] LOCK pid=34736 fd=6: SHARED -> SHARED
DBimpl - LOCK REQUEST: 0x3f44b680 1
[1773159768.484000285] LOCK pid=34740 fd=14: NO_LOCK -> SHARED (fallback)
[1773159768.484001942] LOCK pid=34740 fd=14: SHARED -> SHARED
DBimpl - LOCK REQUEST: 0x3f44b680 2
[1773159768.484014556] LOCK pid=34740 fd=14: SHARED -> RESERVED
DBimpl - LOCK REQUEST: 0x3f44b680 1
[1773159768.484166481] LOCK pid=34739 fd=12: NO_LOCK -> SHARED (fallback)
[1773159768.484168636] LOCK pid=34739 fd=12: SHARED -> SHARED
DBimpl - LOCK REQUEST: 0x3f44b680 2
DBimpl - UNLOCK REQUEST: 0x3f44b680 0
[1773159768.484185844] UNLOCK pid=34739 fd=12: SHARED -> NO_LOCK
DBimpl - LOCK REQUEST: 0x3f44b680 4
[1773159768.484207058] LOCK pid=34740 fd=14: RESERVED -> PENDING
DBimpl - UNLOCK REQUEST: 0x3f44b680 0
[1773159768.484227527] UNLOCK pid=34736 fd=6: SHARED -> NO_LOCK
DBimpl - LOCK REQUEST: 0x3f44b680 1
DBimpl - LOCK REQUEST: 0x3f44b680 1
DBimpl - LOCK REQUEST: 0x3f44b680 4
[1773159768.485274999] LOCK pid=34740 fd=14: PENDING -> EXCLUSIVE
DBimpl - LOCK REQUEST: 0x3f44b680 1
DBimpl - LOCK REQUEST: 0x3f44b680 1
DBimpl - LOCK REQUEST: 0x3f44b680 1
DBimpl - LOCK REQUEST: 0x3f44b680 1
DBimpl - LOCK REQUEST: 0x3f44b680 1
DBimpl - UNLOCK REQUEST: 0x3f44b680 1
[1773159768.488042649] UNLOCK pid=34740 fd=14: EXCLUSIVE -> SHARED
DBimpl - UNLOCK REQUEST: 0x3f44b680 0
[1773159768.488047422] UNLOCK pid=34740 fd=14: SHARED -> NO_LOCK
DBimpl - LOCK REQUEST: 0x3f44b680 1
[1773159768.488513140] LOCK pid=34736 fd=6: NO_LOCK -> SHARED (fallback)
[1773159768.488515951] LOCK pid=34736 fd=6: SHARED -> SHARED
DBimpl - UNLOCK REQUEST: 0x3f44b680 0
[1773159768.488714645] UNLOCK pid=34736 fd=6: SHARED -> NO_LOCK
DBimpl - LOCK REQUEST: 0x3f44b680 1
[1773159768.488833826] LOCK pid=34736 fd=6: NO_LOCK -> SHARED (fallback)
[1773159768.488835771] LOCK pid=34736 fd=6: SHARED -> SHARED
DBimpl - UNLOCK REQUEST: 0x3f44b680 0
[1773159768.489019670] UNLOCK pid=34736 fd=6: SHARED -> NO_LOCK
DBimpl - LOCK REQUEST: 0x3f44b680 1
[1773159768.489552503] LOCK pid=34740 fd=14: NO_LOCK -> SHARED (fallback)
[1773159768.489553884] LOCK pid=34740 fd=14: SHARED -> SHARED
DBimpl - LOCK REQUEST: 0x3f44b680 2
[1773159768.489563697] LOCK pid=34740 fd=14: SHARED -> RESERVED
DBimpl - LOCK REQUEST: 0x3f44b680 4
[1773159768.489676043] LOCK pid=34740 fd=14: RESERVED -> PENDING
[1773159768.489677763] LOCK pid=34740 fd=14: PENDING -> EXCLUSIVE
DBimpl - LOCK REQUEST: 0x3f44b680 1
DBimpl - LOCK REQUEST: 0x3f44b680 1
DBimpl - LOCK REQUEST: 0x3f44b680 1
DBimpl - UNLOCK REQUEST: 0x3f44b680 1
[1773159768.491860739] UNLOCK pid=34740 fd=14: EXCLUSIVE -> SHARED
DBimpl - UNLOCK REQUEST: 0x3f44b680 0
[1773159768.491867189] UNLOCK pid=34740 fd=14: SHARED -> NO_LOCK
DBimpl - LOCK REQUEST: 0x3f44b680 1
[1773159768.492318430] LOCK pid=34740 fd=14: NO_LOCK -> SHARED (fallback)
[1773159768.492320086] LOCK pid=34740 fd=14: SHARED -> SHARED
DBimpl - LOCK REQUEST: 0x3f44b680 2
[1773159768.492332814] LOCK pid=34740 fd=14: SHARED -> RESERVED
DBimpl - LOCK REQUEST: 0x3f44b680 1
[1773159768.492417759] LOCK pid=34739 fd=12: NO_LOCK -> SHARED (fallback)
[1773159768.492420030] LOCK pid=34739 fd=12: SHARED -> SHARED
DBimpl - LOCK REQUEST: 0x3f44b680 2
DBimpl - UNLOCK REQUEST: 0x3f44b680 0
[1773159768.492435997] UNLOCK pid=34739 fd=12: SHARED -> NO_LOCK
DBimpl - LOCK REQUEST: 0x3f44b680 4
[1773159768.492478785] LOCK pid=34740 fd=14: RESERVED -> PENDING
[1773159768.492481673] LOCK pid=34740 fd=14: PENDING -> EXCLUSIVE
DBimpl - LOCK REQUEST: 0x3f44b680 1
DBimpl - LOCK REQUEST: 0x3f44b680 1
DBimpl - UNLOCK REQUEST: 0x3f44b680 1
[1773159768.494710487] UNLOCK pid=34740 fd=14: EXCLUSIVE -> SHARED
DBimpl - UNLOCK REQUEST: 0x3f44b680 0
[1773159768.494717303] UNLOCK pid=34740 fd=14: SHARED -> NO_LOCK
DBimpl - LOCK REQUEST: 0x3f44b680 1
[1773159768.494897008] LOCK pid=34740 fd=14: NO_LOCK -> SHARED (fallback)
[1773159768.494898309] LOCK pid=34740 fd=14: SHARED -> SHARED
DBimpl - LOCK REQUEST: 0x3f44b680 2
[1773159768.494908987] LOCK pid=34740 fd=14: SHARED -> RESERVED
DBimpl - LOCK REQUEST: 0x3f44b680 4
[1773159768.495019326] LOCK pid=34740 fd=14: RESERVED -> PENDING
[1773159768.495021320] LOCK pid=34740 fd=14: PENDING -> EXCLUSIVE
DBimpl - UNLOCK REQUEST: 0x3f44b680 1
[1773159768.497123951] UNLOCK pid=34740 fd=14: EXCLUSIVE -> SHARED
DBimpl - UNLOCK REQUEST: 0x3f44b680 0
[1773159768.497131262] UNLOCK pid=34740 fd=14: SHARED -> NO_LOCK
DBimpl - LOCK REQUEST: 0x3f44b680 1
[1773159768.497314841] LOCK pid=34740 fd=14: NO_LOCK -> SHARED (fallback)
[1773159768.497316605] LOCK pid=34740 fd=14: SHARED -> SHARED
DBimpl - LOCK REQUEST: 0x3f44b680 2
[1773159768.497327582] LOCK pid=34740 fd=14: SHARED -> RESERVED
DBimpl - LOCK REQUEST: 0x3f44b680 4
[1773159768.497452726] LOCK pid=34740 fd=14: RESERVED -> PENDING
[1773159768.497456956] LOCK pid=34740 fd=14: PENDING -> EXCLUSIVE
DBimpl - LOCK REQUEST: 0x3f44b680 1
DBimpl - UNLOCK REQUEST: 0x3f44b680 1
[1773159768.499863765] UNLOCK pid=34740 fd=14: EXCLUSIVE -> SHARED
DBimpl - UNLOCK REQUEST: 0x3f44b680 0
[1773159768.499872189] UNLOCK pid=34740 fd=14: SHARED -> NO_LOCK
DBimpl - LOCK REQUEST: 0x3f44b680 1
[1773159768.500769314] LOCK pid=34740 fd=14: NO_LOCK -> SHARED (fallback)
[1773159768.500773408] LOCK pid=34740 fd=14: SHARED -> SHARED
DBimpl - LOCK REQUEST: 0x3f44b680 2
[1773159768.500791158] LOCK pid=34740 fd=14: SHARED -> RESERVED
DBimpl - LOCK REQUEST: 0x3f44b680 4
[1773159768.501010020] LOCK pid=34740 fd=14: RESERVED -> PENDING
[1773159768.501013267] LOCK pid=34740 fd=14: PENDING -> EXCLUSIVE
DBimpl - LOCK REQUEST: 0x3f44b680 1
DBimpl - LOCK REQUEST: 0x3f44b680 1
DBimpl - UNLOCK REQUEST: 0x3f44b680 1
[1773159768.504675913] UNLOCK pid=34740 fd=14: EXCLUSIVE -> SHARED
DBimpl - UNLOCK REQUEST: 0x3f44b680 0
[1773159768.504684086] UNLOCK pid=34740 fd=14: SHARED -> NO_LOCK
DBimpl - LOCK REQUEST: 0x3f44b680 1
[1773159768.505234968] LOCK pid=34740 fd=14: NO_LOCK -> SHARED (fallback)
[1773159768.505237602] LOCK pid=34740 fd=14: SHARED -> SHARED
DBimpl - LOCK REQUEST: 0x3f44b680 2
[1773159768.505254253] LOCK pid=34740 fd=14: SHARED -> RESERVED
DBimpl - LOCK REQUEST: 0x3f44b680 4
[1773159768.505442853] LOCK pid=34740 fd=14: RESERVED -> PENDING
[1773159768.505445651] LOCK pid=34740 fd=14: PENDING -> EXCLUSIVE
DBimpl - UNLOCK REQUEST: 0x3f44b680 1
[1773159768.507606708] UNLOCK pid=34740 fd=14: EXCLUSIVE -> SHARED
DBimpl - UNLOCK REQUEST: 0x3f44b680 0
[1773159768.507613926] UNLOCK pid=34740 fd=14: SHARED -> NO_LOCK
DBimpl - LOCK REQUEST: 0x3f44b680 1
[1773159768.508142485] LOCK pid=34736 fd=6: NO_LOCK -> SHARED (fallback)
[1773159768.508146388] LOCK pid=34736 fd=6: SHARED -> SHARED
DBimpl - LOCK REQUEST: 0x3f44b680 1
[1773159768.508233137] LOCK pid=34740 fd=14: NO_LOCK -> SHARED (fallback)
[1773159768.508235273] LOCK pid=34740 fd=14: SHARED -> SHARED
DBimpl - LOCK REQUEST: 0x3f44b680 2
[1773159768.508246498] LOCK pid=34740 fd=14: SHARED -> RESERVED
DBimpl - UNLOCK REQUEST: 0x3f44b680 0
[1773159768.508345043] UNLOCK pid=34736 fd=6: SHARED -> NO_LOCK
DBimpl - LOCK REQUEST: 0x3f44b680 4
[1773159768.508391993] LOCK pid=34740 fd=14: RESERVED -> PENDING
[1773159768.508395051] LOCK pid=34740 fd=14: PENDING -> EXCLUSIVE
DBimpl - LOCK REQUEST: 0x3f44b680 1
DBimpl - LOCK REQUEST: 0x3f44b680 1
DBimpl - LOCK REQUEST: 0x3f44b680 1
DBimpl - LOCK REQUEST: 0x3f44b680 1
DBimpl - UNLOCK REQUEST: 0x3f44b680 1
[1773159768.518026153] UNLOCK pid=34740 fd=14: EXCLUSIVE -> SHARED
DBimpl - UNLOCK REQUEST: 0x3f44b680 0
[1773159768.518046826] UNLOCK pid=34740 fd=14: SHARED -> NO_LOCK
DBimpl - LOCK REQUEST: 0x3f44b680 1
[1773159768.518112382] LOCK pid=34738 fd=10: NO_LOCK -> SHARED (fallback)
[1773159768.518115790] LOCK pid=34738 fd=10: SHARED -> SHARED
DBimpl - LOCK REQUEST: 0x3f44b680 2
[1773159768.518137787] LOCK pid=34738 fd=10: SHARED -> RESERVED
DBimpl - LOCK REQUEST: 0x3f44b680 1
[1773159768.518683451] LOCK pid=34739 fd=12: NO_LOCK -> SHARED (fallback)
[1773159768.518686514] LOCK pid=34739 fd=12: SHARED -> SHARED
DBimpl - LOCK REQUEST: 0x3f44b680 2
DBimpl - UNLOCK REQUEST: 0x3f44b680 0
[1773159768.518708915] UNLOCK pid=34739 fd=12: SHARED -> NO_LOCK
DBimpl - LOCK REQUEST: 0x3f44b680 1
[1773159768.518823635] LOCK pid=34737 fd=8: NO_LOCK -> SHARED (fallback)
[1773159768.518827387] LOCK pid=34737 fd=8: SHARED -> SHARED
DBimpl - UNLOCK REQUEST: 0x3f44b680 0
[1773159768.519008323] UNLOCK pid=34737 fd=8: SHARED -> NO_LOCK
DBimpl - LOCK REQUEST: 0x3f44b680 1
DBimpl - LOCK REQUEST: 0x3f44b680 4
[1773159768.519466260] LOCK pid=34737 fd=8: NO_LOCK -> SHARED (fallback)
[1773159768.519466601] LOCK pid=34738 fd=10: RESERVED -> PENDING
[1773159768.519469367] LOCK pid=34737 fd=8: SHARED -> SHARED
DBimpl - UNLOCK REQUEST: 0x3f44b680 0
[1773159768.519598693] UNLOCK pid=34737 fd=8: SHARED -> NO_LOCK
DBimpl - LOCK REQUEST: 0x3f44b680 1
DBimpl - LOCK REQUEST: 0x3f44b680 4
[1773159768.520541597] LOCK pid=34738 fd=10: PENDING -> EXCLUSIVE
DBimpl - LOCK REQUEST: 0x3f44b680 1
DBimpl - LOCK REQUEST: 0x3f44b680 1
DBimpl - LOCK REQUEST: 0x3f44b680 1
DBimpl - UNLOCK REQUEST: 0x3f44b680 1
[1773159768.523133223] UNLOCK pid=34738 fd=10: EXCLUSIVE -> SHARED
DBimpl - UNLOCK REQUEST: 0x3f44b680 0
[1773159768.523142378] UNLOCK pid=34738 fd=10: SHARED -> NO_LOCK
DBimpl - LOCK REQUEST: 0x3f44b680 1
[1773159768.523458402] LOCK pid=34737 fd=8: NO_LOCK -> SHARED (fallback)
[1773159768.523462364] LOCK pid=34737 fd=8: SHARED -> SHARED
DBimpl - UNLOCK REQUEST: 0x3f44b680 0
[1773159768.523638843] UNLOCK pid=34737 fd=8: SHARED -> NO_LOCK
DBimpl - LOCK REQUEST: 0x3f44b680 1
[1773159768.523735099] LOCK pid=34740 fd=14: NO_LOCK -> SHARED (fallback)
[1773159768.523737778] LOCK pid=34740 fd=14: SHARED -> SHARED
DBimpl - LOCK REQUEST: 0x3f44b680 2
[1773159768.523754593] LOCK pid=34740 fd=14: SHARED -> RESERVED
DBimpl - LOCK REQUEST: 0x3f44b680 4
[1773159768.523916692] LOCK pid=34740 fd=14: RESERVED -> PENDING
[1773159768.523919438] LOCK pid=34740 fd=14: PENDING -> EXCLUSIVE
DBimpl - LOCK REQUEST: 0x3f44b680 1
DBimpl - LOCK REQUEST: 0x3f44b680 1
DBimpl - LOCK REQUEST: 0x3f44b680 1
DBimpl - LOCK REQUEST: 0x3f44b680 1
DBimpl - UNLOCK REQUEST: 0x3f44b680 1
[1773159768.526255290] UNLOCK pid=34740 fd=14: EXCLUSIVE -> SHARED
DBimpl - UNLOCK REQUEST: 0x3f44b680 0
[1773159768.526261735] UNLOCK pid=34740 fd=14: SHARED -> NO_LOCK
DBimpl - LOCK REQUEST: 0x3f44b680 1
[1773159768.527317734] LOCK pid=34736 fd=6: NO_LOCK -> SHARED (fallback)
[1773159768.527320776] LOCK pid=34736 fd=6: SHARED -> SHARED
DBimpl - UNLOCK REQUEST: 0x3f44b680 0
[1773159768.527412365] UNLOCK pid=34736 fd=6: SHARED -> NO_LOCK
DBimpl - LOCK REQUEST: 0x3f44b680 1
[1773159768.527756321] LOCK pid=34737 fd=8: NO_LOCK -> SHARED (fallback)
[1773159768.527805776] LOCK pid=34737 fd=8: SHARED -> SHARED
DBimpl - LOCK REQUEST: 0x3f44b680 1
[1773159768.527917246] LOCK pid=34740 fd=14: NO_LOCK -> SHARED (fallback)
[1773159768.527919129] LOCK pid=34740 fd=14: SHARED -> SHARED
DBimpl - LOCK REQUEST: 0x3f44b680 2
[1773159768.527931194] LOCK pid=34740 fd=14: SHARED -> RESERVED
DBimpl - UNLOCK REQUEST: 0x3f44b680 0
[1773159768.527943327] UNLOCK pid=34737 fd=8: SHARED -> NO_LOCK
DBimpl - LOCK REQUEST: 0x3f44b680 4
[1773159768.528048772] LOCK pid=34740 fd=14: RESERVED -> PENDING
[1773159768.528051696] LOCK pid=34740 fd=14: PENDING -> EXCLUSIVE
DBimpl - LOCK REQUEST: 0x3f44b680 1
DBimpl - LOCK REQUEST: 0x3f44b680 1
DBimpl - LOCK REQUEST: 0x3f44b680 1
DBimpl - LOCK REQUEST: 0x3f44b680 1
DBimpl - LOCK REQUEST: 0x3f44b680 1
DBimpl - UNLOCK REQUEST: 0x3f44b680 1
[1773159768.530805474] UNLOCK pid=34740 fd=14: EXCLUSIVE -> SHARED
DBimpl - UNLOCK REQUEST: 0x3f44b680 0
[1773159768.530812942] UNLOCK pid=34740 fd=14: SHARED -> NO_LOCK
DBimpl - LOCK REQUEST: 0x3f44b680 1
[1773159768.531659784] LOCK pid=34737 fd=8: NO_LOCK -> SHARED (fallback)
[1773159768.531664888] LOCK pid=34737 fd=8: SHARED -> SHARED
DBimpl - UNLOCK REQUEST: 0x3f44b680 0
[1773159768.531873381] UNLOCK pid=34737 fd=8: SHARED -> NO_LOCK
DBimpl - LOCK REQUEST: 0x3f44b680 1
[1773159768.532149168] LOCK pid=34737 fd=8: NO_LOCK -> SHARED (fallback)
[1773159768.532151376] LOCK pid=34737 fd=8: SHARED -> SHARED
DBimpl - LOCK REQUEST: 0x3f44b680 1
[1773159768.532224733] LOCK pid=34740 fd=14: NO_LOCK -> SHARED (fallback)
[1773159768.532226188] LOCK pid=34740 fd=14: SHARED -> SHARED
DBimpl - LOCK REQUEST: 0x3f44b680 2
[1773159768.532239784] LOCK pid=34740 fd=14: SHARED -> RESERVED
DBimpl - UNLOCK REQUEST: 0x3f44b680 0
[1773159768.532252598] UNLOCK pid=34737 fd=8: SHARED -> NO_LOCK
DBimpl - LOCK REQUEST: 0x3f44b680 4
[1773159768.532372527] LOCK pid=34740 fd=14: RESERVED -> PENDING
[1773159768.532374448] LOCK pid=34740 fd=14: PENDING -> EXCLUSIVE
DBimpl - LOCK REQUEST: 0x3f44b680 1
DBimpl - LOCK REQUEST: 0x3f44b680 1
DBimpl - UNLOCK REQUEST: 0x3f44b680 1
[1773159768.534552235] UNLOCK pid=34740 fd=14: EXCLUSIVE -> SHARED
DBimpl - UNLOCK REQUEST: 0x3f44b680 0
[1773159768.534557292] UNLOCK pid=34740 fd=14: SHARED -> NO_LOCK
DBimpl - LOCK REQUEST: 0x3f44b680 1
[1773159768.535140577] LOCK pid=34740 fd=14: NO_LOCK -> SHARED (fallback)
[1773159768.535148702] LOCK pid=34740 fd=14: SHARED -> SHARED
DBimpl - LOCK REQUEST: 0x3f44b680 2
[1773159768.535160701] LOCK pid=34740 fd=14: SHARED -> RESERVED
DBimpl - LOCK REQUEST: 0x3f44b680 4
[1773159768.535295369] LOCK pid=34740 fd=14: RESERVED -> PENDING
[1773159768.535297326] LOCK pid=34740 fd=14: PENDING -> EXCLUSIVE
DBimpl - UNLOCK REQUEST: 0x3f44b680 1
[1773159768.536956731] UNLOCK pid=34740 fd=14: EXCLUSIVE -> SHARED
DBimpl - UNLOCK REQUEST: 0x3f44b680 0
[1773159768.536960779] UNLOCK pid=34740 fd=14: SHARED -> NO_LOCK
DBimpl - LOCK REQUEST: 0x3f44b680 1
[1773159768.537183945] LOCK pid=34737 fd=8: NO_LOCK -> SHARED (fallback)
[1773159768.537186706] LOCK pid=34737 fd=8: SHARED -> SHARED
DBimpl - UNLOCK REQUEST: 0x3f44b680 0
[1773159768.537302654] UNLOCK pid=34737 fd=8: SHARED -> NO_LOCK
DBimpl - LOCK REQUEST: 0x3f44b680 1
[1773159768.537802188] LOCK pid=34736 fd=6: NO_LOCK -> SHARED (fallback)
[1773159768.537804942] LOCK pid=34736 fd=6: SHARED -> SHARED
DBimpl - UNLOCK REQUEST: 0x3f44b680 0
[1773159768.537905349] UNLOCK pid=34736 fd=6: SHARED -> NO_LOCK
DBimpl - LOCK REQUEST: 0x3f44b680 1
[1773159768.538077498] LOCK pid=34740 fd=14: NO_LOCK -> SHARED (fallback)
[1773159768.538078794] LOCK pid=34740 fd=14: SHARED -> SHARED
DBimpl - LOCK REQUEST: 0x3f44b680 2
[1773159768.538086720] LOCK pid=34740 fd=14: SHARED -> RESERVED
DBimpl - LOCK REQUEST: 0x3f44b680 4
[1773159768.538164198] LOCK pid=34740 fd=14: RESERVED -> PENDING
[1773159768.538166289] LOCK pid=34740 fd=14: PENDING -> EXCLUSIVE
DBimpl - LOCK REQUEST: 0x3f44b680 1
DBimpl - LOCK REQUEST: 0x3f44b680 1
DBimpl - LOCK REQUEST: 0x3f44b680 1
DBimpl - LOCK REQUEST: 0x3f44b680 1
DBimpl - LOCK REQUEST: 0x3f44b680 1
DBimpl - UNLOCK REQUEST: 0x3f44b680 1
[1773159768.540835162] UNLOCK pid=34740 fd=14: EXCLUSIVE -> SHARED
DBimpl - UNLOCK REQUEST: 0x3f44b680 0
[1773159768.540844873] UNLOCK pid=34740 fd=14: SHARED -> NO_LOCK
DBimpl - LOCK REQUEST: 0x3f44b680 1
[1773159768.541267389] LOCK pid=34740 fd=14: NO_LOCK -> SHARED (fallback)
[1773159768.541269677] LOCK pid=34740 fd=14: SHARED -> SHARED
DBimpl - LOCK REQUEST: 0x3f44b680 2
[1773159768.541283929] LOCK pid=34740 fd=14: SHARED -> RESERVED
DBimpl - LOCK REQUEST: 0x3f44b680 4
[1773159768.541434972] LOCK pid=34740 fd=14: RESERVED -> PENDING
[1773159768.541437817] LOCK pid=34740 fd=14: PENDING -> EXCLUSIVE
DBimpl - LOCK REQUEST: 0x3f44b680 1
DBimpl - LOCK REQUEST: 0x3f44b680 1
DBimpl - LOCK REQUEST: 0x3f44b680 1
DBimpl - UNLOCK REQUEST: 0x3f44b680 1
[1773159768.544040398] UNLOCK pid=34740 fd=14: EXCLUSIVE -> SHARED
DBimpl - UNLOCK REQUEST: 0x3f44b680 0
[1773159768.544047351] UNLOCK pid=34740 fd=14: SHARED -> NO_LOCK
DBimpl - LOCK REQUEST: 0x3f44b680 1
[1773159768.544872603] LOCK pid=34740 fd=14: NO_LOCK -> SHARED (fallback)
[1773159768.544874302] LOCK pid=34740 fd=14: SHARED -> SHARED
DBimpl - LOCK REQUEST: 0x3f44b680 2
[1773159768.544898475] LOCK pid=34740 fd=14: SHARED -> RESERVED
DBimpl - LOCK REQUEST: 0x3f44b680 4
[1773159768.545118011] LOCK pid=34740 fd=14: RESERVED -> PENDING
[1773159768.545121281] LOCK pid=34740 fd=14: PENDING -> EXCLUSIVE
DBimpl - LOCK REQUEST: 0x3f44b680 1
DBimpl - UNLOCK REQUEST: 0x3f44b680 1
[1773159768.546906609] UNLOCK pid=34740 fd=14: EXCLUSIVE -> SHARED
DBimpl - UNLOCK REQUEST: 0x3f44b680 0
[1773159768.546912383] UNLOCK pid=34740 fd=14: SHARED -> NO_LOCK
DBimpl - LOCK REQUEST: 0x3f44b680 1
[1773159768.546993044] LOCK pid=34737 fd=8: NO_LOCK -> SHARED (fallback)
[1773159768.546996428] LOCK pid=34737 fd=8: SHARED -> SHARED
DBimpl - LOCK REQUEST: 0x3f44b680 1
[1773159768.547085117] LOCK pid=34740 fd=14: NO_LOCK -> SHARED (fallback)
[1773159768.547086497] LOCK pid=34740 fd=14: SHARED -> SHARED
DBimpl - LOCK REQUEST: 0x3f44b680 2
[1773159768.547094881] LOCK pid=34740 fd=14: SHARED -> RESERVED
DBimpl - UNLOCK REQUEST: 0x3f44b680 0
DBimpl - LOCK REQUEST: 0x3f44b680 4
[1773159768.547185030] UNLOCK pid=34737 fd=8: SHARED -> NO_LOCK
[1773159768.547185997] LOCK pid=34740 fd=14: RESERVED -> PENDING
[1773159768.547188811] LOCK pid=34740 fd=14: PENDING -> EXCLUSIVE
DBimpl - LOCK REQUEST: 0x3f44b680 1
DBimpl - LOCK REQUEST: 0x3f44b680 1
DBimpl - UNLOCK REQUEST: 0x3f44b680 1
[1773159768.549333916] UNLOCK pid=34740 fd=14: EXCLUSIVE -> SHARED
DBimpl - UNLOCK REQUEST: 0x3f44b680 0
[1773159768.549337847] UNLOCK pid=34740 fd=14: SHARED -> NO_LOCK
DBimpl - LOCK REQUEST: 0x3f44b680 1
[1773159768.549681675] LOCK pid=34740 fd=14: NO_LOCK -> SHARED (fallback)
[1773159768.549682904] LOCK pid=34740 fd=14: SHARED -> SHARED
DBimpl - LOCK REQUEST: 0x3f44b680 2
[1773159768.549691593] LOCK pid=34740 fd=14: SHARED -> RESERVED
DBimpl - LOCK REQUEST: 0x3f44b680 4
[1773159768.549775516] LOCK pid=34740 fd=14: RESERVED -> PENDING
[1773159768.549777243] LOCK pid=34740 fd=14: PENDING -> EXCLUSIVE
DBimpl - LOCK REQUEST: 0x3f44b680 1
DBimpl - UNLOCK REQUEST: 0x3f44b680 1
[1773159768.551387445] UNLOCK pid=34740 fd=14: EXCLUSIVE -> SHARED
DBimpl - UNLOCK REQUEST: 0x3f44b680 0
[1773159768.551394230] UNLOCK pid=34740 fd=14: SHARED -> NO_LOCK
DBimpl - LOCK REQUEST: 0x3f44b680 1
[1773159768.552181783] LOCK pid=34740 fd=14: NO_LOCK -> SHARED (fallback)
[1773159768.552183567] LOCK pid=34740 fd=14: SHARED -> SHARED
DBimpl - LOCK REQUEST: 0x3f44b680 2
[1773159768.552195153] LOCK pid=34740 fd=14: SHARED -> RESERVED
DBimpl - LOCK REQUEST: 0x3f44b680 4
[1773159768.552302808] LOCK pid=34740 fd=14: RESERVED -> PENDING
[1773159768.552304657] LOCK pid=34740 fd=14: PENDING -> EXCLUSIVE
DBimpl - UNLOCK REQUEST: 0x3f44b680 1
[1773159768.553925263] UNLOCK pid=34740 fd=14: EXCLUSIVE -> SHARED
DBimpl - UNLOCK REQUEST: 0x3f44b680 0
[1773159768.553929582] UNLOCK pid=34740 fd=14: SHARED -> NO_LOCK
DBimpl - LOCK REQUEST: 0x3f44b680 1
[1773159768.555254685] LOCK pid=34740 fd=14: NO_LOCK -> SHARED (fallback)
[1773159768.555256567] LOCK pid=34740 fd=14: SHARED -> SHARED
DBimpl - LOCK REQUEST: 0x3f44b680 2
[1773159768.555267011] LOCK pid=34740 fd=14: SHARED -> RESERVED
DBimpl - LOCK REQUEST: 0x3f44b680 4
[1773159768.555361670] LOCK pid=34740 fd=14: RESERVED -> PENDING
[1773159768.555363826] LOCK pid=34740 fd=14: PENDING -> EXCLUSIVE
DBimpl - LOCK REQUEST: 0x3f44b680 1
DBimpl - LOCK REQUEST: 0x3f44b680 1
DBimpl - LOCK REQUEST: 0x3f44b680 1
DBimpl - UNLOCK REQUEST: 0x3f44b680 1
[1773159768.561278467] UNLOCK pid=34740 fd=14: EXCLUSIVE -> SHARED
DBimpl - UNLOCK REQUEST: 0x3f44b680 0
[1773159768.561288563] UNLOCK pid=34740 fd=14: SHARED -> NO_LOCK
DBimpl - LOCK REQUEST: 0x3f44b680 1
[1773159768.562935017] LOCK pid=34740 fd=14: NO_LOCK -> SHARED (fallback)
[1773159768.562937721] LOCK pid=34740 fd=14: SHARED -> SHARED
DBimpl - LOCK REQUEST: 0x3f44b680 2
[1773159768.562957318] LOCK pid=34740 fd=14: SHARED -> RESERVED
DBimpl - LOCK REQUEST: 0x3f44b680 4
[1773159768.563144534] LOCK pid=34740 fd=14: RESERVED -> PENDING
[1773159768.563147468] LOCK pid=34740 fd=14: PENDING -> EXCLUSIVE
DBimpl - LOCK REQUEST: 0x3f44b680 1
DBimpl - LOCK REQUEST: 0x3f44b680 1
DBimpl - UNLOCK REQUEST: 0x3f44b680 1
[1773159768.567569113] UNLOCK pid=34740 fd=14: EXCLUSIVE -> SHARED
DBimpl - UNLOCK REQUEST: 0x3f44b680 0
[1773159768.567576807] UNLOCK pid=34740 fd=14: SHARED -> NO_LOCK
DBimpl - LOCK REQUEST: 0x3f44b680 1
[1773159768.570334802] LOCK pid=34740 fd=14: NO_LOCK -> SHARED (fallback)
[1773159768.570339941] LOCK pid=34740 fd=14: SHARED -> SHARED
DBimpl - LOCK REQUEST: 0x3f44b680 2
[1773159768.570362692] LOCK pid=34740 fd=14: SHARED -> RESERVED
DBimpl - LOCK REQUEST: 0x3f44b680 4
[1773159768.570579434] LOCK pid=34740 fd=14: RESERVED -> PENDING
[1773159768.570582272] LOCK pid=34740 fd=14: PENDING -> EXCLUSIVE
DBimpl - LOCK REQUEST: 0x3f44b680 1
DBimpl - UNLOCK REQUEST: 0x3f44b680 1
[1773159768.573668070] UNLOCK pid=34740 fd=14: EXCLUSIVE -> SHARED
DBimpl - UNLOCK REQUEST: 0x3f44b680 0
[1773159768.573674965] UNLOCK pid=34740 fd=14: SHARED -> NO_LOCK
DBimpl - LOCK REQUEST: 0x3f44b680 1
[1773159768.574056711] LOCK pid=34740 fd=14: NO_LOCK -> SHARED (fallback)
[1773159768.574059185] LOCK pid=34740 fd=14: SHARED -> SHARED
DBimpl - LOCK REQUEST: 0x3f44b680 2
[1773159768.574073233] LOCK pid=34740 fd=14: SHARED -> RESERVED
DBimpl - LOCK REQUEST: 0x3f44b680 4
[1773159768.574208886] LOCK pid=34740 fd=14: RESERVED -> PENDING
[1773159768.574214107] LOCK pid=34740 fd=14: PENDING -> EXCLUSIVE
DBimpl - UNLOCK REQUEST: 0x3f44b680 1
[1773159768.577096976] UNLOCK pid=34740 fd=14: EXCLUSIVE -> SHARED
DBimpl - UNLOCK REQUEST: 0x3f44b680 0
[1773159768.577103853] UNLOCK pid=34740 fd=14: SHARED -> NO_LOCK
DBimpl - LOCK REQUEST: 0x3f44b680 1
[1773159768.577892178] LOCK pid=34740 fd=14: NO_LOCK -> SHARED (fallback)
[1773159768.577894524] LOCK pid=34740 fd=14: SHARED -> SHARED
DBimpl - LOCK REQUEST: 0x3f44b680 2
[1773159768.577909339] LOCK pid=34740 fd=14: SHARED -> RESERVED
DBimpl - LOCK REQUEST: 0x3f44b680 4
[1773159768.578039091] LOCK pid=34740 fd=14: RESERVED -> PENDING
[1773159768.578041828] LOCK pid=34740 fd=14: PENDING -> EXCLUSIVE
DBimpl - UNLOCK REQUEST: 0x3f44b680 1
[1773159768.579943493] UNLOCK pid=34740 fd=14: EXCLUSIVE -> SHARED
DBimpl - UNLOCK REQUEST: 0x3f44b680 0
[1773159768.579950352] UNLOCK pid=34740 fd=14: SHARED -> NO_LOCK
DBimpl - LOCK REQUEST: 0x3f44b680 1
[1773159768.580038423] LOCK pid=34740 fd=14: NO_LOCK -> SHARED (fallback)
[1773159768.580040510] LOCK pid=34740 fd=14: SHARED -> SHARED
DBimpl - LOCK REQUEST: 0x3f44b680 2
[1773159768.580053068] LOCK pid=34740 fd=14: SHARED -> RESERVED
DBimpl - LOCK REQUEST: 0x3f44b680 4
[1773159768.580173113] LOCK pid=34740 fd=14: RESERVED -> PENDING
[1773159768.580175637] LOCK pid=34740 fd=14: PENDING -> EXCLUSIVE
DBimpl - LOCK REQUEST: 0x3f44b680 1
DBimpl - LOCK REQUEST: 0x3f44b680 1
DBimpl - UNLOCK REQUEST: 0x3f44b680 1
[1773159768.583233990] UNLOCK pid=34740 fd=14: EXCLUSIVE -> SHARED
DBimpl - UNLOCK REQUEST: 0x3f44b680 0
[1773159768.583242288] UNLOCK pid=34740 fd=14: SHARED -> NO_LOCK
DBimpl - LOCK REQUEST: 0x3f44b680 1
[1773159768.584296654] LOCK pid=34740 fd=14: NO_LOCK -> SHARED (fallback)
[1773159768.584298993] LOCK pid=34740 fd=14: SHARED -> SHARED
DBimpl - LOCK REQUEST: 0x3f44b680 2
[1773159768.584314913] LOCK pid=34740 fd=14: SHARED -> RESERVED
DBimpl - LOCK REQUEST: 0x3f44b680 4
[1773159768.584468273] LOCK pid=34740 fd=14: RESERVED -> PENDING
[1773159768.584471099] LOCK pid=34740 fd=14: PENDING -> EXCLUSIVE
DBimpl - UNLOCK REQUEST: 0x3f44b680 1
[1773159768.587570055] UNLOCK pid=34740 fd=14: EXCLUSIVE -> SHARED
DBimpl - UNLOCK REQUEST: 0x3f44b680 0
[1773159768.587577088] UNLOCK pid=34740 fd=14: SHARED -> NO_LOCK
DBimpl - LOCK REQUEST: 0x3f44b680 1
[1773159768.587878217] LOCK pid=34740 fd=14: NO_LOCK -> SHARED (fallback)
[1773159768.587880291] LOCK pid=34740 fd=14: SHARED -> SHARED
DBimpl - LOCK REQUEST: 0x3f44b680 2
[1773159768.587895004] LOCK pid=34740 fd=14: SHARED -> RESERVED
DBimpl - LOCK REQUEST: 0x3f44b680 4
[1773159768.588027519] LOCK pid=34740 fd=14: RESERVED -> PENDING
[1773159768.588030791] LOCK pid=34740 fd=14: PENDING -> EXCLUSIVE
DBimpl - LOCK REQUEST: 0x3f44b680 1
DBimpl - UNLOCK REQUEST: 0x3f44b680 1
[1773159768.590184638] UNLOCK pid=34740 fd=14: EXCLUSIVE -> SHARED
DBimpl - UNLOCK REQUEST: 0x3f44b680 0
[1773159768.590190401] UNLOCK pid=34740 fd=14: SHARED -> NO_LOCK
DBimpl - LOCK REQUEST: 0x3f44b680 1
[1773159768.590380576] LOCK pid=34740 fd=14: NO_LOCK -> SHARED (fallback)
[1773159768.590381982] LOCK pid=34740 fd=14: SHARED -> SHARED
DBimpl - LOCK REQUEST: 0x3f44b680 2
[1773159768.590392739] LOCK pid=34740 fd=14: SHARED -> RESERVED
DBimpl - LOCK REQUEST: 0x3f44b680 4
[1773159768.590502711] LOCK pid=34740 fd=14: RESERVED -> PENDING
[1773159768.590504591] LOCK pid=34740 fd=14: PENDING -> EXCLUSIVE
DBimpl - LOCK REQUEST: 0x3f44b680 1
DBimpl - UNLOCK REQUEST: 0x3f44b680 1
[1773159768.592355038] UNLOCK pid=34740 fd=14: EXCLUSIVE -> SHARED
DBimpl - UNLOCK REQUEST: 0x3f44b680 0
[1773159768.592432292] UNLOCK pid=34740 fd=14: SHARED -> NO_LOCK
DBimpl - LOCK REQUEST: 0x3f44b680 1
[1773159768.593599574] LOCK pid=34740 fd=14: NO_LOCK -> SHARED (fallback)
[1773159768.593602071] LOCK pid=34740 fd=14: SHARED -> SHARED
DBimpl - LOCK REQUEST: 0x3f44b680 2
[1773159768.593619272] LOCK pid=34740 fd=14: SHARED -> RESERVED
DBimpl - LOCK REQUEST: 0x3f44b680 4
[1773159768.593802647] LOCK pid=34740 fd=14: RESERVED -> PENDING
[1773159768.593805369] LOCK pid=34740 fd=14: PENDING -> EXCLUSIVE
DBimpl - UNLOCK REQUEST: 0x3f44b680 1
[1773159768.595745802] UNLOCK pid=34740 fd=14: EXCLUSIVE -> SHARED
DBimpl - UNLOCK REQUEST: 0x3f44b680 0
[1773159768.595754232] UNLOCK pid=34740 fd=14: SHARED -> NO_LOCK
DBimpl - LOCK REQUEST: 0x3f44b680 1
[1773159768.597459762] LOCK pid=34740 fd=14: NO_LOCK -> SHARED (fallback)
[1773159768.597462830] LOCK pid=34740 fd=14: SHARED -> SHARED
DBimpl - LOCK REQUEST: 0x3f44b680 2
[1773159768.597486650] LOCK pid=34740 fd=14: SHARED -> RESERVED
DBimpl - LOCK REQUEST: 0x3f44b680 4
[1773159768.597676325] LOCK pid=34740 fd=14: RESERVED -> PENDING
[1773159768.597679431] LOCK pid=34740 fd=14: PENDING -> EXCLUSIVE
DBimpl - UNLOCK REQUEST: 0x3f44b680 1
[1773159768.599766150] UNLOCK pid=34740 fd=14: EXCLUSIVE -> SHARED
DBimpl - UNLOCK REQUEST: 0x3f44b680 0
[1773159768.599774877] UNLOCK pid=34740 fd=14: SHARED -> NO_LOCK
DBimpl - LOCK REQUEST: 0x3f44b680 1
[1773159768.600761119] LOCK pid=34740 fd=14: NO_LOCK -> SHARED (fallback)
[1773159768.600763702] LOCK pid=34740 fd=14: SHARED -> SHARED
DBimpl - LOCK REQUEST: 0x3f44b680 2
[1773159768.600781015] LOCK pid=34740 fd=14: SHARED -> RESERVED
DBimpl - LOCK REQUEST: 0x3f44b680 1
DBimpl - LOCK REQUEST: 0x3f44b680 4
[1773159768.600944666] LOCK pid=34740 fd=14: RESERVED -> PENDING
[1773159768.600947693] LOCK pid=34740 fd=14: PENDING -> EXCLUSIVE
DBimpl - UNLOCK REQUEST: 0x3f44b680 1
[1773159768.602639281] UNLOCK pid=34740 fd=14: EXCLUSIVE -> SHARED
DBimpl - UNLOCK REQUEST: 0x3f44b680 0
[1773159768.602644265] UNLOCK pid=34740 fd=14: SHARED -> NO_LOCK
DBimpl - LOCK REQUEST: 0x3f44b680 1
[1773159768.602826253] LOCK pid=34740 fd=14: NO_LOCK -> SHARED (fallback)
[1773159768.602827738] LOCK pid=34740 fd=14: SHARED -> SHARED
DBimpl - LOCK REQUEST: 0x3f44b680 2
[1773159768.602837612] LOCK pid=34740 fd=14: SHARED -> RESERVED
DBimpl - LOCK REQUEST: 0x3f44b680 4
[1773159768.602945214] LOCK pid=34740 fd=14: RESERVED -> PENDING
[1773159768.602947461] LOCK pid=34740 fd=14: PENDING -> EXCLUSIVE
DBimpl - UNLOCK REQUEST: 0x3f44b680 1
[1773159768.604810017] UNLOCK pid=34740 fd=14: EXCLUSIVE -> SHARED
DBimpl - UNLOCK REQUEST: 0x3f44b680 0
[1773159768.604817468] UNLOCK pid=34740 fd=14: SHARED -> NO_LOCK
DBimpl - LOCK REQUEST: 0x3f44b680 1
[1773159768.605521507] LOCK pid=34740 fd=14: NO_LOCK -> SHARED (fallback)
[1773159768.605523531] LOCK pid=34740 fd=14: SHARED -> SHARED
DBimpl - LOCK REQUEST: 0x3f44b680 2
[1773159768.605537400] LOCK pid=34740 fd=14: SHARED -> RESERVED
DBimpl - LOCK REQUEST: 0x3f44b680 4
[1773159768.605662467] LOCK pid=34740 fd=14: RESERVED -> PENDING
[1773159768.605665386] LOCK pid=34740 fd=14: PENDING -> EXCLUSIVE
DBimpl - LOCK REQUEST: 0x3f44b680 1
DBimpl - UNLOCK REQUEST: 0x3f44b680 1
[1773159768.607947331] UNLOCK pid=34740 fd=14: EXCLUSIVE -> SHARED
DBimpl - UNLOCK REQUEST: 0x3f44b680 0
[1773159768.607955120] UNLOCK pid=34740 fd=14: SHARED -> NO_LOCK
DBimpl - LOCK REQUEST: 0x3f44b680 1
[1773159768.608138314] LOCK pid=34740 fd=14: NO_LOCK -> SHARED (fallback)
[1773159768.608140513] LOCK pid=34740 fd=14: SHARED -> SHARED
DBimpl - LOCK REQUEST: 0x3f44b680 2
[1773159768.608154123] LOCK pid=34740 fd=14: SHARED -> RESERVED
DBimpl - LOCK REQUEST: 0x3f44b680 4
[1773159768.608288957] LOCK pid=34740 fd=14: RESERVED -> PENDING
[1773159768.608291916] LOCK pid=34740 fd=14: PENDING -> EXCLUSIVE
DBimpl - UNLOCK REQUEST: 0x3f44b680 1
[1773159768.610015859] UNLOCK pid=34740 fd=14: EXCLUSIVE -> SHARED
DBimpl - UNLOCK REQUEST: 0x3f44b680 0
[1773159768.610022309] UNLOCK pid=34740 fd=14: SHARED -> NO_LOCK
DBimpl - LOCK REQUEST: 0x3f44b680 1
[1773159768.610409479] LOCK pid=34740 fd=14: NO_LOCK -> SHARED (fallback)
[1773159768.610411249] LOCK pid=34740 fd=14: SHARED -> SHARED
DBimpl - LOCK REQUEST: 0x3f44b680 2
[1773159768.610422819] LOCK pid=34740 fd=14: SHARED -> RESERVED
DBimpl - LOCK REQUEST: 0x3f44b680 4
[1773159768.610533590] LOCK pid=34740 fd=14: RESERVED -> PENDING
[1773159768.610536360] LOCK pid=34740 fd=14: PENDING -> EXCLUSIVE
DBimpl - UNLOCK REQUEST: 0x3f44b680 1
[1773159768.612218409] UNLOCK pid=34740 fd=14: EXCLUSIVE -> SHARED
DBimpl - UNLOCK REQUEST: 0x3f44b680 0
[1773159768.612227415] UNLOCK pid=34740 fd=14: SHARED -> NO_LOCK
DBimpl - LOCK REQUEST: 0x3f44b680 1
[1773159768.614009648] LOCK pid=34739 fd=12: NO_LOCK -> SHARED (fallback)
[1773159768.614011919] LOCK pid=34739 fd=12: SHARED -> SHARED
DBimpl - LOCK REQUEST: 0x3f44b680 2
[1773159768.614039459] LOCK pid=34739 fd=12: SHARED -> RESERVED
DBimpl - LOCK REQUEST: 0x3f44b680 1
[1773159768.615589558] LOCK pid=34740 fd=14: NO_LOCK -> SHARED (fallback)
[1773159768.615591650] LOCK pid=34740 fd=14: SHARED -> SHARED
DBimpl - LOCK REQUEST: 0x3f44b680 2
DBimpl - UNLOCK REQUEST: 0x3f44b680 0
[1773159768.615607778] UNLOCK pid=34740 fd=14: SHARED -> NO_LOCK
DBimpl - LOCK REQUEST: 0x3f44b680 1
[1773159768.616704138] LOCK pid=34740 fd=14: NO_LOCK -> SHARED (fallback)
[1773159768.616705892] LOCK pid=34740 fd=14: SHARED -> SHARED
DBimpl - LOCK REQUEST: 0x3f44b680 2
DBimpl - UNLOCK REQUEST: 0x3f44b680 0
[1773159768.616719186] UNLOCK pid=34740 fd=14: SHARED -> NO_LOCK
DBimpl - LOCK REQUEST: 0x3f44b680 1
[1773159768.616921973] LOCK pid=34736 fd=6: NO_LOCK -> SHARED (fallback)
[1773159768.616925063] LOCK pid=34736 fd=6: SHARED -> SHARED
DBimpl - UNLOCK REQUEST: 0x3f44b680 0
[1773159768.617032381] UNLOCK pid=34736 fd=6: SHARED -> NO_LOCK
DBimpl - LOCK REQUEST: 0x3f44b680 1
[1773159768.618766735] LOCK pid=34740 fd=14: NO_LOCK -> SHARED (fallback)
[1773159768.618768638] LOCK pid=34740 fd=14: SHARED -> SHARED
DBimpl - LOCK REQUEST: 0x3f44b680 2
DBimpl - UNLOCK REQUEST: 0x3f44b680 0
[1773159768.618783773] UNLOCK pid=34740 fd=14: SHARED -> NO_LOCK
DBimpl - LOCK REQUEST: 0x3f44b680 1
[1773159768.619784163] LOCK pid=34736 fd=6: NO_LOCK -> SHARED (fallback)
[1773159768.619786816] LOCK pid=34736 fd=6: SHARED -> SHARED
DBimpl - UNLOCK REQUEST: 0x3f44b680 0
[1773159768.619858553] UNLOCK pid=34736 fd=6: SHARED -> NO_LOCK
DBimpl - LOCK REQUEST: 0x3f44b680 4
[1773159768.621506791] LOCK pid=34739 fd=12: RESERVED -> PENDING
[1773159768.621509087] LOCK pid=34739 fd=12: PENDING -> EXCLUSIVE
DBimpl - LOCK REQUEST: 0x3f44b680 1
DBimpl - UNLOCK REQUEST: 0x3f44b680 1
[1773159768.623443373] UNLOCK pid=34739 fd=12: EXCLUSIVE -> SHARED
DBimpl - UNLOCK REQUEST: 0x3f44b680 0
[1773159768.623448547] UNLOCK pid=34739 fd=12: SHARED -> NO_LOCK
DBimpl - LOCK REQUEST: 0x3f44b680 1
[1773159768.623850014] LOCK pid=34736 fd=6: NO_LOCK -> SHARED (fallback)
[1773159768.623853571] LOCK pid=34736 fd=6: SHARED -> SHARED
DBimpl - LOCK REQUEST: 0x3f44b680 1
[1773159768.623882762] LOCK pid=34740 fd=14: NO_LOCK -> SHARED (fallback)
[1773159768.623885609] LOCK pid=34740 fd=14: SHARED -> SHARED
DBimpl - LOCK REQUEST: 0x3f44b680 2
[1773159768.623900174] LOCK pid=34740 fd=14: SHARED -> RESERVED
DBimpl - LOCK REQUEST: 0x3f44b680 4
[1773159768.624120444] LOCK pid=34740 fd=14: RESERVED -> PENDING
DBimpl - UNLOCK REQUEST: 0x3f44b680 0
[1773159768.624195664] UNLOCK pid=34736 fd=6: SHARED -> NO_LOCK
DBimpl - LOCK REQUEST: 0x3f44b680 1
DBimpl - LOCK REQUEST: 0x3f44b680 4
[1773159768.625186318] LOCK pid=34740 fd=14: PENDING -> EXCLUSIVE
DBimpl - LOCK REQUEST: 0x3f44b680 1
DBimpl - LOCK REQUEST: 0x3f44b680 1
DBimpl - LOCK REQUEST: 0x3f44b680 1
DBimpl - UNLOCK REQUEST: 0x3f44b680 1
[1773159768.626839605] UNLOCK pid=34740 fd=14: EXCLUSIVE -> SHARED
DBimpl - UNLOCK REQUEST: 0x3f44b680 0
[1773159768.626846747] UNLOCK pid=34740 fd=14: SHARED -> NO_LOCK
DBimpl - LOCK REQUEST: 0x3f44b680 1
[1773159768.627103900] LOCK pid=34736 fd=6: NO_LOCK -> SHARED (fallback)
[1773159768.627106632] LOCK pid=34736 fd=6: SHARED -> SHARED
DBimpl - UNLOCK REQUEST: 0x3f44b680 0
[1773159768.627402667] UNLOCK pid=34736 fd=6: SHARED -> NO_LOCK
DBimpl - LOCK REQUEST: 0x3f44b680 1
[1773159768.627617683] LOCK pid=34740 fd=14: NO_LOCK -> SHARED (fallback)
[1773159768.627619431] LOCK pid=34740 fd=14: SHARED -> SHARED
DBimpl - LOCK REQUEST: 0x3f44b680 2
[1773159768.627630560] LOCK pid=34740 fd=14: SHARED -> RESERVED
DBimpl - LOCK REQUEST: 0x3f44b680 4
[1773159768.627778223] LOCK pid=34740 fd=14: RESERVED -> PENDING
[1773159768.627780848] LOCK pid=34740 fd=14: PENDING -> EXCLUSIVE
DBimpl - LOCK REQUEST: 0x3f44b680 1
DBimpl - LOCK REQUEST: 0x3f44b680 1
DBimpl - LOCK REQUEST: 0x3f44b680 1
DBimpl - UNLOCK REQUEST: 0x3f44b680 1
[1773159768.630109826] UNLOCK pid=34740 fd=14: EXCLUSIVE -> SHARED
DBimpl - UNLOCK REQUEST: 0x3f44b680 0
[1773159768.630115608] UNLOCK pid=34740 fd=14: SHARED -> NO_LOCK
DBimpl - LOCK REQUEST: 0x3f44b680 1
[1773159768.630421248] LOCK pid=34740 fd=14: NO_LOCK -> SHARED (fallback)
[1773159768.630423121] LOCK pid=34740 fd=14: SHARED -> SHARED
DBimpl - LOCK REQUEST: 0x3f44b680 2
[1773159768.630434682] LOCK pid=34740 fd=14: SHARED -> RESERVED
DBimpl - LOCK REQUEST: 0x3f44b680 4
[1773159768.630584193] LOCK pid=34740 fd=14: RESERVED -> PENDING
[1773159768.630586808] LOCK pid=34740 fd=14: PENDING -> EXCLUSIVE
DBimpl - LOCK REQUEST: 0x3f44b680 1
DBimpl - LOCK REQUEST: 0x3f44b680 1
DBimpl - UNLOCK REQUEST: 0x3f44b680 1
[1773159768.632845679] UNLOCK pid=34740 fd=14: EXCLUSIVE -> SHARED
DBimpl - UNLOCK REQUEST: 0x3f44b680 0
[1773159768.632852665] UNLOCK pid=34740 fd=14: SHARED -> NO_LOCK
DBimpl - LOCK REQUEST: 0x3f44b680 1
[1773159768.633188317] LOCK pid=34739 fd=12: NO_LOCK -> SHARED (fallback)
[1773159768.633190075] LOCK pid=34739 fd=12: SHARED -> SHARED
DBimpl - LOCK REQUEST: 0x3f44b680 2
[1773159768.633202919] LOCK pid=34739 fd=12: SHARED -> RESERVED
DBimpl - LOCK REQUEST: 0x3f44b680 1
[1773159768.633380525] LOCK pid=34740 fd=14: NO_LOCK -> SHARED (fallback)
[1773159768.633382804] LOCK pid=34740 fd=14: SHARED -> SHARED
DBimpl - LOCK REQUEST: 0x3f44b680 2
DBimpl - UNLOCK REQUEST: 0x3f44b680 0
[1773159768.633400200] UNLOCK pid=34740 fd=14: SHARED -> NO_LOCK
DBimpl - LOCK REQUEST: 0x3f44b680 1
[1773159768.634470310] LOCK pid=34740 fd=14: NO_LOCK -> SHARED (fallback)
[1773159768.634473116] LOCK pid=34740 fd=14: SHARED -> SHARED
DBimpl - LOCK REQUEST: 0x3f44b680 2
DBimpl - UNLOCK REQUEST: 0x3f44b680 0
[1773159768.634495883] UNLOCK pid=34740 fd=14: SHARED -> NO_LOCK
DBimpl - LOCK REQUEST: 0x3f44b680 4
[1773159768.635734993] LOCK pid=34739 fd=12: RESERVED -> PENDING
[1773159768.635737022] LOCK pid=34739 fd=12: PENDING -> EXCLUSIVE
DBimpl - LOCK REQUEST: 0x3f44b680 1
DBimpl - LOCK REQUEST: 0x3f44b680 1
DBimpl - UNLOCK REQUEST: 0x3f44b680 1
[1773159768.637389250] UNLOCK pid=34739 fd=12: EXCLUSIVE -> SHARED
DBimpl - UNLOCK REQUEST: 0x3f44b680 0
[1773159768.637393188] UNLOCK pid=34739 fd=12: SHARED -> NO_LOCK
DBimpl - LOCK REQUEST: 0x3f44b680 1
[1773159768.638114117] LOCK pid=34739 fd=12: NO_LOCK -> SHARED (fallback)
[1773159768.638115450] LOCK pid=34739 fd=12: SHARED -> SHARED
DBimpl - LOCK REQUEST: 0x3f44b680 2
[1773159768.638123632] LOCK pid=34739 fd=12: SHARED -> RESERVED
DBimpl - LOCK REQUEST: 0x3f44b680 1
[1773159768.641638672] LOCK pid=34740 fd=14: NO_LOCK -> SHARED (fallback)
[1773159768.641641849] LOCK pid=34740 fd=14: SHARED -> SHARED
DBimpl - LOCK REQUEST: 0x3f44b680 2
DBimpl - UNLOCK REQUEST: 0x3f44b680 0
[1773159768.641661752] UNLOCK pid=34740 fd=14: SHARED -> NO_LOCK
DBimpl - LOCK REQUEST: 0x3f44b680 4
[1773159768.646499238] LOCK pid=34739 fd=12: RESERVED -> PENDING
[1773159768.646501790] LOCK pid=34739 fd=12: PENDING -> EXCLUSIVE
DBimpl - UNLOCK REQUEST: 0x3f44b680 1
[1773159768.646506506] UNLOCK pid=34739 fd=12: EXCLUSIVE -> SHARED
DBimpl - UNLOCK REQUEST: 0x3f44b680 0
[1773159768.646510285] UNLOCK pid=34739 fd=12: SHARED -> NO_LOCK
DBimpl - LOCK REQUEST: 0x3f44b680 1
[1773159768.646882852] LOCK pid=34736 fd=6: NO_LOCK -> SHARED (fallback)
[1773159768.646884388] LOCK pid=34736 fd=6: SHARED -> SHARED
DBimpl - UNLOCK REQUEST: 0x3f44b680 0
[1773159768.647063689] UNLOCK pid=34736 fd=6: SHARED -> NO_LOCK
DBimpl - LOCK REQUEST: 0x3f44b680 1
[1773159768.647947312] LOCK pid=34739 fd=12: NO_LOCK -> SHARED (fallback)
[1773159768.647948692] LOCK pid=34739 fd=12: SHARED -> SHARED
DBimpl - LOCK REQUEST: 0x3f44b680 2
[1773159768.647957421] LOCK pid=34739 fd=12: SHARED -> RESERVED
DBimpl - LOCK REQUEST: 0x3f44b680 1
[1773159768.648448414] LOCK pid=34736 fd=6: NO_LOCK -> SHARED (fallback)
[1773159768.648450593] LOCK pid=34736 fd=6: SHARED -> SHARED
DBimpl - UNLOCK REQUEST: 0x3f44b680 0
[1773159768.648760192] UNLOCK pid=34736 fd=6: SHARED -> NO_LOCK
DBimpl - LOCK REQUEST: 0x3f44b680 1
[1773159768.648925174] LOCK pid=34736 fd=6: NO_LOCK -> SHARED (fallback)
[1773159768.648927077] LOCK pid=34736 fd=6: SHARED -> SHARED
DBimpl - UNLOCK REQUEST: 0x3f44b680 0
[1773159768.649231941] UNLOCK pid=34736 fd=6: SHARED -> NO_LOCK
DBimpl - LOCK REQUEST: 0x3f44b680 1
[1773159768.650521188] LOCK pid=34736 fd=6: NO_LOCK -> SHARED (fallback)
[1773159768.650523239] LOCK pid=34736 fd=6: SHARED -> SHARED
DBimpl - UNLOCK REQUEST: 0x3f44b680 0
[1773159768.650822339] UNLOCK pid=34736 fd=6: SHARED -> NO_LOCK
DBimpl - LOCK REQUEST: 0x3f44b680 1
[1773159768.651085009] LOCK pid=34737 fd=8: NO_LOCK -> SHARED (fallback)
[1773159768.651087435] LOCK pid=34737 fd=8: SHARED -> SHARED
DBimpl - UNLOCK REQUEST: 0x3f44b680 0
[1773159768.651355567] UNLOCK pid=34737 fd=8: SHARED -> NO_LOCK
DBimpl - LOCK REQUEST: 0x3f44b680 1
[1773159768.651625768] LOCK pid=34737 fd=8: NO_LOCK -> SHARED (fallback)
[1773159768.651627496] LOCK pid=34737 fd=8: SHARED -> SHARED
DBimpl - LOCK REQUEST: 0x3f44b680 1
[1773159768.651742211] LOCK pid=34740 fd=14: NO_LOCK -> SHARED (fallback)
[1773159768.651745077] LOCK pid=34740 fd=14: SHARED -> SHARED
DBimpl - LOCK REQUEST: 0x3f44b680 2
DBimpl - UNLOCK REQUEST: 0x3f44b680 0
[1773159768.651765151] UNLOCK pid=34740 fd=14: SHARED -> NO_LOCK
DBimpl - LOCK REQUEST: 0x3f44b680 1
[1773159768.651827824] LOCK pid=34736 fd=6: NO_LOCK -> SHARED (fallback)
DBimpl - UNLOCK REQUEST: 0x3f44b680 0
[1773159768.651830052] LOCK pid=34736 fd=6: SHARED -> SHARED
[1773159768.651833199] UNLOCK pid=34737 fd=8: SHARED -> NO_LOCK
DBimpl - LOCK REQUEST: 0x3f44b680 1
[1773159768.651921394] LOCK pid=34737 fd=8: NO_LOCK -> SHARED (fallback)
[1773159768.651922618] LOCK pid=34737 fd=8: SHARED -> SHARED
DBimpl - UNLOCK REQUEST: 0x3f44b680 0
[1773159768.652274262] UNLOCK pid=34737 fd=8: SHARED -> NO_LOCK
DBimpl - UNLOCK REQUEST: 0x3f44b680 0
[1773159768.652337659] UNLOCK pid=34736 fd=6: SHARED -> NO_LOCK
DBimpl - LOCK REQUEST: 0x3f44b680 1
[1773159768.652476111] LOCK pid=34736 fd=6: NO_LOCK -> SHARED (fallback)
[1773159768.652478113] LOCK pid=34736 fd=6: SHARED -> SHARED
DBimpl - LOCK REQUEST: 0x3f44b680 1
[1773159768.652612327] LOCK pid=34737 fd=8: NO_LOCK -> SHARED (fallback)
[1773159768.652613440] LOCK pid=34737 fd=8: SHARED -> SHARED
DBimpl - UNLOCK REQUEST: 0x3f44b680 0
[1773159768.652782769] UNLOCK pid=34736 fd=6: SHARED -> NO_LOCK
DBimpl - UNLOCK REQUEST: 0x3f44b680 0
[1773159768.652796505] UNLOCK pid=34737 fd=8: SHARED -> NO_LOCK
DBimpl - LOCK REQUEST: 0x3f44b680 1
[1773159768.654140199] LOCK pid=34737 fd=8: NO_LOCK -> SHARED (fallback)
[1773159768.654142172] LOCK pid=34737 fd=8: SHARED -> SHARED
DBimpl - UNLOCK REQUEST: 0x3f44b680 0
[1773159768.654428853] UNLOCK pid=34737 fd=8: SHARED -> NO_LOCK
DBimpl - LOCK REQUEST: 0x3f44b680 1
[1773159768.654939117] LOCK pid=34736 fd=6: NO_LOCK -> SHARED (fallback)
[1773159768.654941964] LOCK pid=34736 fd=6: SHARED -> SHARED
DBimpl - LOCK REQUEST: 0x3f44b680 1
[1773159768.655250883] LOCK pid=34737 fd=8: NO_LOCK -> SHARED (fallback)
[1773159768.655253314] LOCK pid=34737 fd=8: SHARED -> SHARED
DBimpl - UNLOCK REQUEST: 0x3f44b680 0
[1773159768.655262587] UNLOCK pid=34736 fd=6: SHARED -> NO_LOCK
DBimpl - UNLOCK REQUEST: 0x3f44b680 0
[1773159768.655459403] UNLOCK pid=34737 fd=8: SHARED -> NO_LOCK
DBimpl - LOCK REQUEST: 0x3f44b680 1
[1773159768.656027691] LOCK pid=34738 fd=10: NO_LOCK -> SHARED (fallback)
[1773159768.656029942] LOCK pid=34738 fd=10: SHARED -> SHARED
DBimpl - LOCK REQUEST: 0x3f44b680 2
DBimpl - UNLOCK REQUEST: 0x3f44b680 0
[1773159768.656044669] UNLOCK pid=34738 fd=10: SHARED -> NO_LOCK
DBimpl - LOCK REQUEST: 0x3f44b680 1
[1773159768.658629961] LOCK pid=34737 fd=8: NO_LOCK -> SHARED (fallback)
[1773159768.658631979] LOCK pid=34737 fd=8: SHARED -> SHARED
DBimpl - UNLOCK REQUEST: 0x3f44b680 0
[1773159768.658833589] UNLOCK pid=34737 fd=8: SHARED -> NO_LOCK
DBimpl - LOCK REQUEST: 0x3f44b680 1
[1773159768.659431775] LOCK pid=34737 fd=8: NO_LOCK -> SHARED (fallback)
[1773159768.659433164] LOCK pid=34737 fd=8: SHARED -> SHARED
DBimpl - LOCK REQUEST: 0x3f44b680 1
[1773159768.659590272] LOCK pid=34736 fd=6: NO_LOCK -> SHARED (fallback)
[1773159768.659592983] LOCK pid=34736 fd=6: SHARED -> SHARED
DBimpl - UNLOCK REQUEST: 0x3f44b680 0
[1773159768.659620490] UNLOCK pid=34737 fd=8: SHARED -> NO_LOCK
DBimpl - LOCK REQUEST: 0x3f44b680 1
[1773159768.659837274] LOCK pid=34737 fd=8: NO_LOCK -> SHARED (fallback)
[1773159768.659838448] LOCK pid=34737 fd=8: SHARED -> SHARED
DBimpl - UNLOCK REQUEST: 0x3f44b680 0
[1773159768.659920918] UNLOCK pid=34736 fd=6: SHARED -> NO_LOCK
DBimpl - UNLOCK REQUEST: 0x3f44b680 0
[1773159768.660020328] UNLOCK pid=34737 fd=8: SHARED -> NO_LOCK
DBimpl - LOCK REQUEST: 0x3f44b680 1
[1773159768.660365099] LOCK pid=34736 fd=6: NO_LOCK -> SHARED (fallback)
[1773159768.660367292] LOCK pid=34736 fd=6: SHARED -> SHARED
DBimpl - UNLOCK REQUEST: 0x3f44b680 0
[1773159768.660669653] UNLOCK pid=34736 fd=6: SHARED -> NO_LOCK
DBimpl - LOCK REQUEST: 0x3f44b680 1
[1773159768.660798947] LOCK pid=34737 fd=8: NO_LOCK -> SHARED (fallback)
[1773159768.660800296] LOCK pid=34737 fd=8: SHARED -> SHARED
DBimpl - UNLOCK REQUEST: 0x3f44b680 0
[1773159768.660974946] UNLOCK pid=34737 fd=8: SHARED -> NO_LOCK
DBimpl - LOCK REQUEST: 0x3f44b680 1
[1773159768.662085355] LOCK pid=34737 fd=8: NO_LOCK -> SHARED (fallback)
[1773159768.662086662] LOCK pid=34737 fd=8: SHARED -> SHARED
DBimpl - UNLOCK REQUEST: 0x3f44b680 0
[1773159768.662293513] UNLOCK pid=34737 fd=8: SHARED -> NO_LOCK
DBimpl - LOCK REQUEST: 0x3f44b680 1
[1773159768.662447157] LOCK pid=34736 fd=6: NO_LOCK -> SHARED (fallback)
[1773159768.662449054] LOCK pid=34736 fd=6: SHARED -> SHARED
DBimpl - UNLOCK REQUEST: 0x3f44b680 0
[1773159768.662749516] UNLOCK pid=34736 fd=6: SHARED -> NO_LOCK
DBimpl - LOCK REQUEST: 0x3f44b680 4
[1773159768.662985716] LOCK pid=34739 fd=12: RESERVED -> PENDING
[1773159768.662988322] LOCK pid=34739 fd=12: PENDING -> EXCLUSIVE
DBimpl - UNLOCK REQUEST: 0x3f44b680 1
[1773159768.662992445] UNLOCK pid=34739 fd=12: EXCLUSIVE -> SHARED
DBimpl - UNLOCK REQUEST: 0x3f44b680 0
[1773159768.662996304] UNLOCK pid=34739 fd=12: SHARED -> NO_LOCK
DBimpl - LOCK REQUEST: 0x3f44b680 1
[1773159768.663541905] LOCK pid=34736 fd=6: NO_LOCK -> SHARED (fallback)
[1773159768.663543217] LOCK pid=34736 fd=6: SHARED -> SHARED
DBimpl - UNLOCK REQUEST: 0x3f44b680 0
[1773159768.663687386] UNLOCK pid=34736 fd=6: SHARED -> NO_LOCK
DBimpl - LOCK REQUEST: 0x3f44b680 1
[1773159768.663851273] LOCK pid=34736 fd=6: NO_LOCK -> SHARED (fallback)
[1773159768.663852398] LOCK pid=34736 fd=6: SHARED -> SHARED
DBimpl - UNLOCK REQUEST: 0x3f44b680 0
[1773159768.663996960] UNLOCK pid=34736 fd=6: SHARED -> NO_LOCK
DBimpl - UNLOCK REQUEST: 0x3f44b680 0
DBimpl - LOCK REQUEST: 0x3f44b680 1
[1773159768.664172566] LOCK pid=34739 fd=12: NO_LOCK -> SHARED (fallback)
[1773159768.664174696] LOCK pid=34739 fd=12: SHARED -> SHARED
DBimpl - LOCK REQUEST: 0x3f44b680 2
[1773159768.664187891] LOCK pid=34739 fd=12: SHARED -> RESERVED
DBimpl - LOCK REQUEST: 0x3f44b680 1
[1773159768.665356831] LOCK pid=34737 fd=8: NO_LOCK -> SHARED (fallback)
[1773159768.665358935] LOCK pid=34737 fd=8: SHARED -> SHARED
DBimpl - UNLOCK REQUEST: 0x3f44b680 0
[1773159768.665563455] UNLOCK pid=34737 fd=8: SHARED -> NO_LOCK
DBimpl - LOCK REQUEST: 0x3f44b680 1
[1773159768.666836026] LOCK pid=34740 fd=14: NO_LOCK -> SHARED (fallback)
[1773159768.666837534] LOCK pid=34740 fd=14: SHARED -> SHARED
DBimpl - LOCK REQUEST: 0x3f44b680 2
DBimpl - UNLOCK REQUEST: 0x3f44b680 0
[1773159768.666855717] UNLOCK pid=34740 fd=14: SHARED -> NO_LOCK
DBimpl - LOCK REQUEST: 0x3f44b680 1
[1773159768.667422077] LOCK pid=34737 fd=8: NO_LOCK -> SHARED (fallback)
[1773159768.667424575] LOCK pid=34737 fd=8: SHARED -> SHARED
DBimpl - UNLOCK REQUEST: 0x3f44b680 0
[1773159768.667660091] UNLOCK pid=34737 fd=8: SHARED -> NO_LOCK
DBimpl - LOCK REQUEST: 0x3f44b680 1
[1773159768.668041751] LOCK pid=34737 fd=8: NO_LOCK -> SHARED (fallback)
[1773159768.668044005] LOCK pid=34737 fd=8: SHARED -> SHARED
DBimpl - UNLOCK REQUEST: 0x3f44b680 0
[1773159768.668262229] UNLOCK pid=34737 fd=8: SHARED -> NO_LOCK
DBimpl - LOCK REQUEST: 0x3f44b680 1
[1773159768.668871745] LOCK pid=34737 fd=8: NO_LOCK -> SHARED (fallback)
[1773159768.668873725] LOCK pid=34737 fd=8: SHARED -> SHARED
DBimpl - UNLOCK REQUEST: 0x3f44b680 0
[1773159768.669085442] UNLOCK pid=34737 fd=8: SHARED -> NO_LOCK
DBimpl - LOCK REQUEST: 0x3f44b680 1
[1773159768.670144507] LOCK pid=34737 fd=8: NO_LOCK -> SHARED (fallback)
[1773159768.670145733] LOCK pid=34737 fd=8: SHARED -> SHARED
DBimpl - UNLOCK REQUEST: 0x3f44b680 0
[1773159768.670337569] UNLOCK pid=34737 fd=8: SHARED -> NO_LOCK
DBimpl - LOCK REQUEST: 0x3f44b680 1
[1773159768.670734901] LOCK pid=34737 fd=8: NO_LOCK -> SHARED (fallback)
[1773159768.670737043] LOCK pid=34737 fd=8: SHARED -> SHARED
DBimpl - UNLOCK REQUEST: 0x3f44b680 0
[1773159768.671055888] UNLOCK pid=34737 fd=8: SHARED -> NO_LOCK
DBimpl - LOCK REQUEST: 0x3f44b680 1
[1773159768.671538821] LOCK pid=34737 fd=8: NO_LOCK -> SHARED (fallback)
[1773159768.671540935] LOCK pid=34737 fd=8: SHARED -> SHARED
DBimpl - UNLOCK REQUEST: 0x3f44b680 0
[1773159768.671826314] UNLOCK pid=34737 fd=8: SHARED -> NO_LOCK
DBimpl - LOCK REQUEST: 0x3f44b680 1
[1773159768.671945972] LOCK pid=34737 fd=8: NO_LOCK -> SHARED (fallback)
[1773159768.671947243] LOCK pid=34737 fd=8: SHARED -> SHARED
DBimpl - UNLOCK REQUEST: 0x3f44b680 0
[1773159768.672165902] UNLOCK pid=34737 fd=8: SHARED -> NO_LOCK
DBimpl - LOCK REQUEST: 0x3f44b680 1
[1773159768.674302299] LOCK pid=34737 fd=8: NO_LOCK -> SHARED (fallback)
[1773159768.674304223] LOCK pid=34737 fd=8: SHARED -> SHARED
DBimpl - UNLOCK REQUEST: 0x3f44b680 0
[1773159768.674498938] UNLOCK pid=34737 fd=8: SHARED -> NO_LOCK
DBimpl - LOCK REQUEST: 0x3f44b680 1
[1773159768.674789470] LOCK pid=34737 fd=8: NO_LOCK -> SHARED (fallback)
[1773159768.674790883] LOCK pid=34737 fd=8: SHARED -> SHARED
DBimpl - UNLOCK REQUEST: 0x3f44b680 0
[1773159768.674986338] UNLOCK pid=34737 fd=8: SHARED -> NO_LOCK
DBimpl - LOCK REQUEST: 0x3f44b680 1
[1773159768.678559528] LOCK pid=34737 fd=8: NO_LOCK -> SHARED (fallback)
[1773159768.678560844] LOCK pid=34737 fd=8: SHARED -> SHARED
DBimpl - UNLOCK REQUEST: 0x3f44b680 0
[1773159768.678722352] UNLOCK pid=34737 fd=8: SHARED -> NO_LOCK
DBimpl - LOCK REQUEST: 0x3f44b680 4
[1773159768.679495103] LOCK pid=34739 fd=12: RESERVED -> PENDING
[1773159768.679497738] LOCK pid=34739 fd=12: PENDING -> EXCLUSIVE
DBimpl - UNLOCK REQUEST: 0x3f44b680 1
[1773159768.679502212] UNLOCK pid=34739 fd=12: EXCLUSIVE -> SHARED
DBimpl - UNLOCK REQUEST: 0x3f44b680 0
[1773159768.679506461] UNLOCK pid=34739 fd=12: SHARED -> NO_LOCK
DBimpl - LOCK REQUEST: 0x3f44b680 1
[1773159768.679738435] LOCK pid=34739 fd=12: NO_LOCK -> SHARED (fallback)
[1773159768.679739748] LOCK pid=34739 fd=12: SHARED -> SHARED
DBimpl - LOCK REQUEST: 0x3f44b680 2
[1773159768.679762681] LOCK pid=34739 fd=12: SHARED -> RESERVED
DBimpl - LOCK REQUEST: 0x3f44b680 1
[1773159768.681587501] LOCK pid=34737 fd=8: NO_LOCK -> SHARED (fallback)
[1773159768.681590081] LOCK pid=34737 fd=8: SHARED -> SHARED
DBimpl - UNLOCK REQUEST: 0x3f44b680 0
[1773159768.681799249] UNLOCK pid=34737 fd=8: SHARED -> NO_LOCK
DBimpl - LOCK REQUEST: 0x3f44b680 1
[1773159768.685758707] LOCK pid=34737 fd=8: NO_LOCK -> SHARED (fallback)
[1773159768.685760526] LOCK pid=34737 fd=8: SHARED -> SHARED
DBimpl - UNLOCK REQUEST: 0x3f44b680 0
[1773159768.685957593] UNLOCK pid=34737 fd=8: SHARED -> NO_LOCK
DBimpl - LOCK REQUEST: 0x3f44b680 1
[1773159768.686774826] LOCK pid=34737 fd=8: NO_LOCK -> SHARED (fallback)
[1773159768.686776144] LOCK pid=34737 fd=8: SHARED -> SHARED
DBimpl - LOCK REQUEST: 0x3f44b680 1
[1773159768.686941273] LOCK pid=34740 fd=14: NO_LOCK -> SHARED (fallback)
[1773159768.686944599] LOCK pid=34740 fd=14: SHARED -> SHARED
DBimpl - UNLOCK REQUEST: 0x3f44b680 0
[1773159768.686956860] UNLOCK pid=34737 fd=8: SHARED -> NO_LOCK
DBimpl - LOCK REQUEST: 0x3f44b680 2
DBimpl - UNLOCK REQUEST: 0x3f44b680 0
[1773159768.686967038] UNLOCK pid=34740 fd=14: SHARED -> NO_LOCK
DBimpl - LOCK REQUEST: 0x3f44b680 1
[1773159768.687411114] LOCK pid=34737 fd=8: NO_LOCK -> SHARED (fallback)
[1773159768.687412374] LOCK pid=34737 fd=8: SHARED -> SHARED
DBimpl - UNLOCK REQUEST: 0x3f44b680 0
[1773159768.687587865] UNLOCK pid=34737 fd=8: SHARED -> NO_LOCK
DBimpl - LOCK REQUEST: 0x3f44b680 4
[1773159768.687842104] LOCK pid=34739 fd=12: RESERVED -> PENDING
[1773159768.687843968] LOCK pid=34739 fd=12: PENDING -> EXCLUSIVE
DBimpl - UNLOCK REQUEST: 0x3f44b680 1
[1773159768.687848130] UNLOCK pid=34739 fd=12: EXCLUSIVE -> SHARED
DBimpl - UNLOCK REQUEST: 0x3f44b680 0
[1773159768.687851719] UNLOCK pid=34739 fd=12: SHARED -> NO_LOCK
DBimpl - LOCK REQUEST: 0x3f44b680 1
[1773159768.687922278] LOCK pid=34739 fd=12: NO_LOCK -> SHARED (fallback)
[1773159768.687923482] LOCK pid=34739 fd=12: SHARED -> SHARED
DBimpl - LOCK REQUEST: 0x3f44b680 2
[1773159768.687931501] LOCK pid=34739 fd=12: SHARED -> RESERVED
DBimpl - LOCK REQUEST: 0x3f44b680 1
[1773159768.688228218] LOCK pid=34737 fd=8: NO_LOCK -> SHARED (fallback)
[1773159768.688229310] LOCK pid=34737 fd=8: SHARED -> SHARED
DBimpl - UNLOCK REQUEST: 0x3f44b680 0
[1773159768.688392782] UNLOCK pid=34737 fd=8: SHARED -> NO_LOCK
DBimpl - LOCK REQUEST: 0x3f44b680 1
[1773159768.689396456] LOCK pid=34737 fd=8: NO_LOCK -> SHARED (fallback)
[1773159768.689397702] LOCK pid=34737 fd=8: SHARED -> SHARED
DBimpl - UNLOCK REQUEST: 0x3f44b680 0
[1773159768.689570319] UNLOCK pid=34737 fd=8: SHARED -> NO_LOCK
DBimpl - LOCK REQUEST: 0x3f44b680 1
[1773159768.691849587] LOCK pid=34737 fd=8: NO_LOCK -> SHARED (fallback)
[1773159768.691851764] LOCK pid=34737 fd=8: SHARED -> SHARED
DBimpl - UNLOCK REQUEST: 0x3f44b680 0
[1773159768.692054316] UNLOCK pid=34737 fd=8: SHARED -> NO_LOCK
DBimpl - LOCK REQUEST: 0x3f44b680 1
[1773159768.692522730] LOCK pid=34737 fd=8: NO_LOCK -> SHARED (fallback)
[1773159768.692523982] LOCK pid=34737 fd=8: SHARED -> SHARED
DBimpl - UNLOCK REQUEST: 0x3f44b680 0
[1773159768.692692803] UNLOCK pid=34737 fd=8: SHARED -> NO_LOCK
DBimpl - UNLOCK REQUEST: 0x3f44b680 0
DBimpl - LOCK REQUEST: 0x3f44b680 4
[1773159768.697643092] LOCK pid=34739 fd=12: RESERVED -> PENDING
[1773159768.697645666] LOCK pid=34739 fd=12: PENDING -> EXCLUSIVE
DBimpl - UNLOCK REQUEST: 0x3f44b680 1
[1773159768.697650640] UNLOCK pid=34739 fd=12: EXCLUSIVE -> SHARED
DBimpl - UNLOCK REQUEST: 0x3f44b680 0
[1773159768.697655518] UNLOCK pid=34739 fd=12: SHARED -> NO_LOCK
DBimpl - LOCK REQUEST: 0x3f44b680 1
[1773159768.698843947] LOCK pid=34739 fd=12: NO_LOCK -> SHARED (fallback)
[1773159768.698846765] LOCK pid=34739 fd=12: SHARED -> SHARED
DBimpl - LOCK REQUEST: 0x3f44b680 2
[1773159768.698860122] LOCK pid=34739 fd=12: SHARED -> RESERVED
DBimpl - LOCK REQUEST: 0x3f44b680 4
[1773159768.700629193] LOCK pid=34739 fd=12: RESERVED -> PENDING
[1773159768.700631844] LOCK pid=34739 fd=12: PENDING -> EXCLUSIVE
DBimpl - UNLOCK REQUEST: 0x3f44b680 1
[1773159768.700637662] UNLOCK pid=34739 fd=12: EXCLUSIVE -> SHARED
DBimpl - UNLOCK REQUEST: 0x3f44b680 0
[1773159768.700643187] UNLOCK pid=34739 fd=12: SHARED -> NO_LOCK
DBimpl - LOCK REQUEST: 0x3f44b680 1
[1773159768.701548321] LOCK pid=34739 fd=12: NO_LOCK -> SHARED (fallback)
[1773159768.701550325] LOCK pid=34739 fd=12: SHARED -> SHARED
DBimpl - LOCK REQUEST: 0x3f44b680 2
[1773159768.701561162] LOCK pid=34739 fd=12: SHARED -> RESERVED
DBimpl - LOCK REQUEST: 0x3f44b680 1
[1773159768.706141947] LOCK pid=34738 fd=10: NO_LOCK -> SHARED (fallback)
[1773159768.706144224] LOCK pid=34738 fd=10: SHARED -> SHARED
DBimpl - LOCK REQUEST: 0x3f44b680 2
DBimpl - UNLOCK REQUEST: 0x3f44b680 0
[1773159768.706159771] UNLOCK pid=34738 fd=10: SHARED -> NO_LOCK
DBimpl - LOCK REQUEST: 0x3f44b680 1
[1773159768.712047187] LOCK pid=34740 fd=14: NO_LOCK -> SHARED (fallback)
[1773159768.712050264] LOCK pid=34740 fd=14: SHARED -> SHARED
DBimpl - LOCK REQUEST: 0x3f44b680 2
DBimpl - UNLOCK REQUEST: 0x3f44b680 0
[1773159768.712071974] UNLOCK pid=34740 fd=14: SHARED -> NO_LOCK
DBimpl - LOCK REQUEST: 0x3f44b680 4
[1773159768.714190664] LOCK pid=34739 fd=12: RESERVED -> PENDING
[1773159768.714193508] LOCK pid=34739 fd=12: PENDING -> EXCLUSIVE
DBimpl - UNLOCK REQUEST: 0x3f44b680 1
[1773159768.714199290] UNLOCK pid=34739 fd=12: EXCLUSIVE -> SHARED
DBimpl - UNLOCK REQUEST: 0x3f44b680 0
[1773159768.714212490] UNLOCK pid=34739 fd=12: SHARED -> NO_LOCK
DBimpl - LOCK REQUEST: 0x3f44b680 1
[1773159768.714418685] LOCK pid=34739 fd=12: NO_LOCK -> SHARED (fallback)
[1773159768.714420617] LOCK pid=34739 fd=12: SHARED -> SHARED
DBimpl - LOCK REQUEST: 0x3f44b680 2
[1773159768.714431022] LOCK pid=34739 fd=12: SHARED -> RESERVED
DBimpl - LOCK REQUEST: 0x3f44b680 4
[1773159768.724365390] LOCK pid=34739 fd=12: RESERVED -> PENDING
[1773159768.724368167] LOCK pid=34739 fd=12: PENDING -> EXCLUSIVE
DBimpl - UNLOCK REQUEST: 0x3f44b680 1
[1773159768.724373627] UNLOCK pid=34739 fd=12: EXCLUSIVE -> SHARED
DBimpl - UNLOCK REQUEST: 0x3f44b680 0
[1773159768.724377995] UNLOCK pid=34739 fd=12: SHARED -> NO_LOCK
DBimpl - LOCK REQUEST: 0x3f44b680 1
[1773159768.724925276] LOCK pid=34739 fd=12: NO_LOCK -> SHARED (fallback)
[1773159768.724927232] LOCK pid=34739 fd=12: SHARED -> SHARED
DBimpl - LOCK REQUEST: 0x3f44b680 2
[1773159768.724946636] LOCK pid=34739 fd=12: SHARED -> RESERVED
DBimpl - LOCK REQUEST: 0x3f44b680 4
[1773159768.734119105] LOCK pid=34739 fd=12: RESERVED -> PENDING
[1773159768.734122020] LOCK pid=34739 fd=12: PENDING -> EXCLUSIVE
DBimpl - UNLOCK REQUEST: 0x3f44b680 1
[1773159768.734126935] UNLOCK pid=34739 fd=12: EXCLUSIVE -> SHARED
DBimpl - UNLOCK REQUEST: 0x3f44b680 0
[1773159768.734131953] UNLOCK pid=34739 fd=12: SHARED -> NO_LOCK
DBimpl - LOCK REQUEST: 0x3f44b680 1
[1773159768.734707607] LOCK pid=34739 fd=12: NO_LOCK -> SHARED (fallback)
[1773159768.734709212] LOCK pid=34739 fd=12: SHARED -> SHARED
DBimpl - LOCK REQUEST: 0x3f44b680 2
[1773159768.734718620] LOCK pid=34739 fd=12: SHARED -> RESERVED
DBimpl - LOCK REQUEST: 0x3f44b680 1
[1773159768.737150602] LOCK pid=34740 fd=14: NO_LOCK -> SHARED (fallback)
[1773159768.737153569] LOCK pid=34740 fd=14: SHARED -> SHARED
DBimpl - LOCK REQUEST: 0x3f44b680 2
DBimpl - UNLOCK REQUEST: 0x3f44b680 0
[1773159768.737172700] UNLOCK pid=34740 fd=14: SHARED -> NO_LOCK
DBimpl - LOCK REQUEST: 0x3f44b680 4
[1773159768.746881861] LOCK pid=34739 fd=12: RESERVED -> PENDING
[1773159768.746884711] LOCK pid=34739 fd=12: PENDING -> EXCLUSIVE
DBimpl - UNLOCK REQUEST: 0x3f44b680 1
[1773159768.746890015] UNLOCK pid=34739 fd=12: EXCLUSIVE -> SHARED
DBimpl - UNLOCK REQUEST: 0x3f44b680 0
[1773159768.746895058] UNLOCK pid=34739 fd=12: SHARED -> NO_LOCK
DBimpl - LOCK REQUEST: 0x3f44b680 1
[1773159768.747298313] LOCK pid=34739 fd=12: NO_LOCK -> SHARED (fallback)
[1773159768.747300194] LOCK pid=34739 fd=12: SHARED -> SHARED
DBimpl - LOCK REQUEST: 0x3f44b680 2
[1773159768.747310701] LOCK pid=34739 fd=12: SHARED -> RESERVED
DBimpl - LOCK REQUEST: 0x3f44b680 4
[1773159768.751144747] LOCK pid=34739 fd=12: RESERVED -> PENDING
[1773159768.751147326] LOCK pid=34739 fd=12: PENDING -> EXCLUSIVE
DBimpl - UNLOCK REQUEST: 0x3f44b680 1
[1773159768.751152211] UNLOCK pid=34739 fd=12: EXCLUSIVE -> SHARED
DBimpl - UNLOCK REQUEST: 0x3f44b680 0
[1773159768.751157143] UNLOCK pid=34739 fd=12: SHARED -> NO_LOCK
DBimpl - LOCK REQUEST: 0x3f44b680 1
[1773159768.752826885] LOCK pid=34739 fd=12: NO_LOCK -> SHARED (fallback)
[1773159768.752828796] LOCK pid=34739 fd=12: SHARED -> SHARED
DBimpl - LOCK REQUEST: 0x3f44b680 2
[1773159768.752839888] LOCK pid=34739 fd=12: SHARED -> RESERVED
DBimpl - LOCK REQUEST: 0x3f44b680 1
[1773159768.756240968] LOCK pid=34738 fd=10: NO_LOCK -> SHARED (fallback)
[1773159768.756243280] LOCK pid=34738 fd=10: SHARED -> SHARED
DBimpl - LOCK REQUEST: 0x3f44b680 2
DBimpl - UNLOCK REQUEST: 0x3f44b680 0
[1773159768.756258658] UNLOCK pid=34738 fd=10: SHARED -> NO_LOCK
DBimpl - LOCK REQUEST: 0x3f44b680 4
[1773159768.758837939] LOCK pid=34739 fd=12: RESERVED -> PENDING
[1773159768.758840354] LOCK pid=34739 fd=12: PENDING -> EXCLUSIVE
DBimpl - UNLOCK REQUEST: 0x3f44b680 1
[1773159768.758845186] UNLOCK pid=34739 fd=12: EXCLUSIVE -> SHARED
DBimpl - UNLOCK REQUEST: 0x3f44b680 0
[1773159768.758849829] UNLOCK pid=34739 fd=12: SHARED -> NO_LOCK
DBimpl - LOCK REQUEST: 0x3f44b680 1
[1773159768.759198808] LOCK pid=34739 fd=12: NO_LOCK -> SHARED (fallback)
[1773159768.759200522] LOCK pid=34739 fd=12: SHARED -> SHARED
DBimpl - LOCK REQUEST: 0x3f44b680 2
[1773159768.759217806] LOCK pid=34739 fd=12: SHARED -> RESERVED
DBimpl - LOCK REQUEST: 0x3f44b680 4
[1773159768.762073146] LOCK pid=34739 fd=12: RESERVED -> PENDING
[1773159768.762075515] LOCK pid=34739 fd=12: PENDING -> EXCLUSIVE
DBimpl - UNLOCK REQUEST: 0x3f44b680 1
[1773159768.762080078] UNLOCK pid=34739 fd=12: EXCLUSIVE -> SHARED
DBimpl - UNLOCK REQUEST: 0x3f44b680 0
[1773159768.762084554] UNLOCK pid=34739 fd=12: SHARED -> NO_LOCK
DBimpl - LOCK REQUEST: 0x3f44b680 1
[1773159768.762248344] LOCK pid=34740 fd=14: NO_LOCK -> SHARED (fallback)
[1773159768.762251003] LOCK pid=34740 fd=14: SHARED -> SHARED
DBimpl - LOCK REQUEST: 0x3f44b680 2
[1773159768.762266965] LOCK pid=34740 fd=14: SHARED -> RESERVED
DBimpl - LOCK REQUEST: 0x3f44b680 4
[1773159768.762536506] LOCK pid=34740 fd=14: RESERVED -> PENDING
[1773159768.762539660] LOCK pid=34740 fd=14: PENDING -> EXCLUSIVE
DBimpl - LOCK REQUEST: 0x3f44b680 1
DBimpl - LOCK REQUEST: 0x3f44b680 1
DBimpl - LOCK REQUEST: 0x3f44b680 1
DBimpl - UNLOCK REQUEST: 0x3f44b680 1
[1773159768.770428293] UNLOCK pid=34740 fd=14: EXCLUSIVE -> SHARED
DBimpl - UNLOCK REQUEST: 0x3f44b680 0
[1773159768.770435371] UNLOCK pid=34740 fd=14: SHARED -> NO_LOCK
DBimpl - LOCK REQUEST: 0x3f44b680 1
[1773159768.770679582] LOCK pid=34740 fd=14: NO_LOCK -> SHARED (fallback)
[1773159768.770681033] LOCK pid=34740 fd=14: SHARED -> SHARED
DBimpl - LOCK REQUEST: 0x3f44b680 2
[1773159768.770691277] LOCK pid=34740 fd=14: SHARED -> RESERVED
DBimpl - LOCK REQUEST: 0x3f44b680 4
[1773159768.770821982] LOCK pid=34740 fd=14: RESERVED -> PENDING
[1773159768.770823912] LOCK pid=34740 fd=14: PENDING -> EXCLUSIVE
DBimpl - UNLOCK REQUEST: 0x3f44b680 1
[1773159768.772690750] UNLOCK pid=34740 fd=14: EXCLUSIVE -> SHARED
DBimpl - UNLOCK REQUEST: 0x3f44b680 0
[1773159768.772696614] UNLOCK pid=34740 fd=14: SHARED -> NO_LOCK
DBimpl - LOCK REQUEST: 0x3f44b680 1
[1773159768.772906384] LOCK pid=34739 fd=12: NO_LOCK -> SHARED (fallback)
[1773159768.772908978] LOCK pid=34739 fd=12: SHARED -> SHARED
DBimpl - LOCK REQUEST: 0x3f44b680 2
[1773159768.772925672] LOCK pid=34739 fd=12: SHARED -> RESERVED
DBimpl - LOCK REQUEST: 0x3f44b680 1
[1773159768.774544368] LOCK pid=34740 fd=14: NO_LOCK -> SHARED (fallback)
[1773159768.774545797] LOCK pid=34740 fd=14: SHARED -> SHARED
DBimpl - LOCK REQUEST: 0x3f44b680 2
DBimpl - UNLOCK REQUEST: 0x3f44b680 0
[1773159768.774557198] UNLOCK pid=34740 fd=14: SHARED -> NO_LOCK
DBimpl - LOCK REQUEST: 0x3f44b680 1
[1773159768.775634971] LOCK pid=34740 fd=14: NO_LOCK -> SHARED (fallback)
[1773159768.775636077] LOCK pid=34740 fd=14: SHARED -> SHARED
DBimpl - LOCK REQUEST: 0x3f44b680 2
DBimpl - UNLOCK REQUEST: 0x3f44b680 0
[1773159768.775645142] UNLOCK pid=34740 fd=14: SHARED -> NO_LOCK
DBimpl - LOCK REQUEST: 0x3f44b680 1
[1773159768.777729254] LOCK pid=34740 fd=14: NO_LOCK -> SHARED (fallback)
[1773159768.777731466] LOCK pid=34740 fd=14: SHARED -> SHARED
DBimpl - LOCK REQUEST: 0x3f44b680 2
DBimpl - UNLOCK REQUEST: 0x3f44b680 0
[1773159768.777748862] UNLOCK pid=34740 fd=14: SHARED -> NO_LOCK
DBimpl - LOCK REQUEST: 0x3f44b680 4
[1773159768.780174078] LOCK pid=34739 fd=12: RESERVED -> PENDING
[1773159768.780177142] LOCK pid=34739 fd=12: PENDING -> EXCLUSIVE
DBimpl - LOCK REQUEST: 0x3f44b680 1
DBimpl - UNLOCK REQUEST: 0x3f44b680 1
[1773159768.782960808] UNLOCK pid=34739 fd=12: EXCLUSIVE -> SHARED
DBimpl - UNLOCK REQUEST: 0x3f44b680 0
[1773159768.782970701] UNLOCK pid=34739 fd=12: SHARED -> NO_LOCK
DBimpl - LOCK REQUEST: 0x3f44b680 1
[1773159768.784568938] LOCK pid=34739 fd=12: NO_LOCK -> SHARED (fallback)
[1773159768.784571038] LOCK pid=34739 fd=12: SHARED -> SHARED
DBimpl - LOCK REQUEST: 0x3f44b680 2
[1773159768.784588989] LOCK pid=34739 fd=12: SHARED -> RESERVED
DBimpl - LOCK REQUEST: 0x3f44b680 1
[1773159768.792922124] LOCK pid=34740 fd=14: NO_LOCK -> SHARED (fallback)
[1773159768.792926057] LOCK pid=34740 fd=14: SHARED -> SHARED
DBimpl - LOCK REQUEST: 0x3f44b680 2
DBimpl - UNLOCK REQUEST: 0x3f44b680 0
[1773159768.792956836] UNLOCK pid=34740 fd=14: SHARED -> NO_LOCK
DBimpl - LOCK REQUEST: 0x3f44b680 4
[1773159768.797559910] LOCK pid=34739 fd=12: RESERVED -> PENDING
[1773159768.797563735] LOCK pid=34739 fd=12: PENDING -> EXCLUSIVE
DBimpl - UNLOCK REQUEST: 0x3f44b680 1
[1773159768.797571596] UNLOCK pid=34739 fd=12: EXCLUSIVE -> SHARED
DBimpl - UNLOCK REQUEST: 0x3f44b680 0
[1773159768.797579147] UNLOCK pid=34739 fd=12: SHARED -> NO_LOCK
DBimpl - LOCK REQUEST: 0x3f44b680 1
[1773159768.798235009] LOCK pid=34739 fd=12: NO_LOCK -> SHARED (fallback)
[1773159768.798237440] LOCK pid=34739 fd=12: SHARED -> SHARED
DBimpl - LOCK REQUEST: 0x3f44b680 2
[1773159768.798254096] LOCK pid=34739 fd=12: SHARED -> RESERVED
DBimpl - LOCK REQUEST: 0x3f44b680 1
[1773159768.808058244] LOCK pid=34740 fd=14: NO_LOCK -> SHARED (fallback)
[1773159768.808061578] LOCK pid=34740 fd=14: SHARED -> SHARED
DBimpl - LOCK REQUEST: 0x3f44b680 2
DBimpl - UNLOCK REQUEST: 0x3f44b680 0
[1773159768.808083155] UNLOCK pid=34740 fd=14: SHARED -> NO_LOCK
DBimpl - LOCK REQUEST: 0x3f44b680 4
[1773159768.813221789] LOCK pid=34739 fd=12: RESERVED -> PENDING
[1773159768.813225328] LOCK pid=34739 fd=12: PENDING -> EXCLUSIVE
DBimpl - UNLOCK REQUEST: 0x3f44b680 1
[1773159768.813231504] UNLOCK pid=34739 fd=12: EXCLUSIVE -> SHARED
DBimpl - UNLOCK REQUEST: 0x3f44b680 0
[1773159768.813237220] UNLOCK pid=34739 fd=12: SHARED -> NO_LOCK
DBimpl - LOCK REQUEST: 0x3f44b680 1
[1773159768.813374630] LOCK pid=34739 fd=12: NO_LOCK -> SHARED (fallback)
[1773159768.813376601] LOCK pid=34739 fd=12: SHARED -> SHARED
DBimpl - LOCK REQUEST: 0x3f44b680 2
[1773159768.813389040] LOCK pid=34739 fd=12: SHARED -> RESERVED
DBimpl - LOCK REQUEST: 0x3f44b680 4
[1773159768.827555499] LOCK pid=34739 fd=12: RESERVED -> PENDING
[1773159768.827558659] LOCK pid=34739 fd=12: PENDING -> EXCLUSIVE
DBimpl - UNLOCK REQUEST: 0x3f44b680 1
[1773159768.827564597] UNLOCK pid=34739 fd=12: EXCLUSIVE -> SHARED
DBimpl - UNLOCK REQUEST: 0x3f44b680 0
[1773159768.827569906] UNLOCK pid=34739 fd=12: SHARED -> NO_LOCK
DBimpl - LOCK REQUEST: 0x3f44b680 1
[1773159768.827826176] LOCK pid=34739 fd=12: NO_LOCK -> SHARED (fallback)
[1773159768.827828140] LOCK pid=34739 fd=12: SHARED -> SHARED
DBimpl - LOCK REQUEST: 0x3f44b680 2
[1773159768.827842019] LOCK pid=34739 fd=12: SHARED -> RESERVED
DBimpl - LOCK REQUEST: 0x3f44b680 1
[1773159768.828191761] LOCK pid=34740 fd=14: NO_LOCK -> SHARED (fallback)
[1773159768.828194979] LOCK pid=34740 fd=14: SHARED -> SHARED
DBimpl - LOCK REQUEST: 0x3f44b680 2
DBimpl - UNLOCK REQUEST: 0x3f44b680 0
[1773159768.828226060] UNLOCK pid=34740 fd=14: SHARED -> NO_LOCK
DBimpl - LOCK REQUEST: 0x3f44b680 4
[1773159768.829811431] LOCK pid=34739 fd=12: RESERVED -> PENDING
[1773159768.829813783] LOCK pid=34739 fd=12: PENDING -> EXCLUSIVE
DBimpl - UNLOCK REQUEST: 0x3f44b680 1
[1773159768.829818135] UNLOCK pid=34739 fd=12: EXCLUSIVE -> SHARED
DBimpl - UNLOCK REQUEST: 0x3f44b680 0
[1773159768.829822635] UNLOCK pid=34739 fd=12: SHARED -> NO_LOCK
DBimpl - LOCK REQUEST: 0x3f44b680 1
[1773159768.830116947] LOCK pid=34739 fd=12: NO_LOCK -> SHARED (fallback)
[1773159768.830118656] LOCK pid=34739 fd=12: SHARED -> SHARED
DBimpl - LOCK REQUEST: 0x3f44b680 2
[1773159768.830127785] LOCK pid=34739 fd=12: SHARED -> RESERVED
DBimpl - LOCK REQUEST: 0x3f44b680 4
[1773159768.838339024] LOCK pid=34739 fd=12: RESERVED -> PENDING
[1773159768.838341925] LOCK pid=34739 fd=12: PENDING -> EXCLUSIVE
DBimpl - UNLOCK REQUEST: 0x3f44b680 1
[1773159768.838347294] UNLOCK pid=34739 fd=12: EXCLUSIVE -> SHARED
DBimpl - UNLOCK REQUEST: 0x3f44b680 0
[1773159768.838352360] UNLOCK pid=34739 fd=12: SHARED -> NO_LOCK
DBimpl - LOCK REQUEST: 0x3f44b680 1
[1773159768.841476228] LOCK pid=34739 fd=12: NO_LOCK -> SHARED (fallback)
[1773159768.841478995] LOCK pid=34739 fd=12: SHARED -> SHARED
DBimpl - LOCK REQUEST: 0x3f44b680 2
[1773159768.841495866] LOCK pid=34739 fd=12: SHARED -> RESERVED
DBimpl - LOCK REQUEST: 0x3f44b680 1
[1773159768.853325738] LOCK pid=34740 fd=14: NO_LOCK -> SHARED (fallback)
[1773159768.853329115] LOCK pid=34740 fd=14: SHARED -> SHARED
DBimpl - LOCK REQUEST: 0x3f44b680 2
DBimpl - UNLOCK REQUEST: 0x3f44b680 0
[1773159768.853361923] UNLOCK pid=34740 fd=14: SHARED -> NO_LOCK
DBimpl - LOCK REQUEST: 0x3f44b680 4
[1773159768.853939544] LOCK pid=34739 fd=12: RESERVED -> PENDING
[1773159768.853942399] LOCK pid=34739 fd=12: PENDING -> EXCLUSIVE
DBimpl - UNLOCK REQUEST: 0x3f44b680 1
[1773159768.853948937] UNLOCK pid=34739 fd=12: EXCLUSIVE -> SHARED
DBimpl - UNLOCK REQUEST: 0x3f44b680 0
[1773159768.853954774] UNLOCK pid=34739 fd=12: SHARED -> NO_LOCK
DBimpl - LOCK REQUEST: 0x3f44b680 1
[1773159768.854621616] LOCK pid=34739 fd=12: NO_LOCK -> SHARED (fallback)
[1773159768.854623671] LOCK pid=34739 fd=12: SHARED -> SHARED
DBimpl - LOCK REQUEST: 0x3f44b680 2
[1773159768.854634274] LOCK pid=34739 fd=12: SHARED -> RESERVED
DBimpl - LOCK REQUEST: 0x3f44b680 1
[1773159768.856333304] LOCK pid=34738 fd=10: NO_LOCK -> SHARED (fallback)
[1773159768.856335488] LOCK pid=34738 fd=10: SHARED -> SHARED
DBimpl - LOCK REQUEST: 0x3f44b680 2
DBimpl - UNLOCK REQUEST: 0x3f44b680 0
[1773159768.856352160] UNLOCK pid=34738 fd=10: SHARED -> NO_LOCK
DBimpl - LOCK REQUEST: 0x3f44b680 4
[1773159768.860588109] LOCK pid=34739 fd=12: RESERVED -> PENDING
[1773159768.860590664] LOCK pid=34739 fd=12: PENDING -> EXCLUSIVE
DBimpl - UNLOCK REQUEST: 0x3f44b680 1
[1773159768.860595786] UNLOCK pid=34739 fd=12: EXCLUSIVE -> SHARED
DBimpl - UNLOCK REQUEST: 0x3f44b680 0
[1773159768.860601052] UNLOCK pid=34739 fd=12: SHARED -> NO_LOCK
DBimpl - LOCK REQUEST: 0x3f44b680 1
[1773159768.862104262] LOCK pid=34739 fd=12: NO_LOCK -> SHARED (fallback)
[1773159768.862106859] LOCK pid=34739 fd=12: SHARED -> SHARED
DBimpl - LOCK REQUEST: 0x3f44b680 2
[1773159768.862120936] LOCK pid=34739 fd=12: SHARED -> RESERVED
DBimpl - LOCK REQUEST: 0x3f44b680 4
[1773159768.876225704] LOCK pid=34739 fd=12: RESERVED -> PENDING
[1773159768.876228344] LOCK pid=34739 fd=12: PENDING -> EXCLUSIVE
DBimpl - UNLOCK REQUEST: 0x3f44b680 1
[1773159768.876233870] UNLOCK pid=34739 fd=12: EXCLUSIVE -> SHARED
DBimpl - UNLOCK REQUEST: 0x3f44b680 0
[1773159768.876239160] UNLOCK pid=34739 fd=12: SHARED -> NO_LOCK
DBimpl - LOCK REQUEST: 0x3f44b680 1
DBimpl - LOCK REQUEST: 0x3f44b680 1
[1773159768.878464498] LOCK pid=34739 fd=12: NO_LOCK -> SHARED (fallback)
[1773159768.878467445] LOCK pid=34740 fd=14: NO_LOCK -> SHARED (fallback)
[1773159768.878467849] LOCK pid=34739 fd=12: SHARED -> SHARED
[1773159768.878469636] LOCK pid=34740 fd=14: SHARED -> SHARED
DBimpl - LOCK REQUEST: 0x3f44b680 2
DBimpl - LOCK REQUEST: 0x3f44b680 2
[1773159768.878483419] LOCK pid=34740 fd=14: SHARED -> RESERVED
DBimpl - UNLOCK REQUEST: 0x3f44b680 0
[1773159768.878491279] UNLOCK pid=34739 fd=12: SHARED -> NO_LOCK
DBimpl - LOCK REQUEST: 0x3f44b680 4
[1773159768.878689573] LOCK pid=34740 fd=14: RESERVED -> PENDING
[1773159768.878691428] LOCK pid=34740 fd=14: PENDING -> EXCLUSIVE
DBimpl - LOCK REQUEST: 0x3f44b680 1
DBimpl - LOCK REQUEST: 0x3f44b680 1
DBimpl - UNLOCK REQUEST: 0x3f44b680 1
[1773159768.882224995] UNLOCK pid=34740 fd=14: EXCLUSIVE -> SHARED
DBimpl - UNLOCK REQUEST: 0x3f44b680 0
[1773159768.882230007] UNLOCK pid=34740 fd=14: SHARED -> NO_LOCK
DBimpl - LOCK REQUEST: 0x3f44b680 1
[1773159768.883295582] LOCK pid=34740 fd=14: NO_LOCK -> SHARED (fallback)
[1773159768.883297035] LOCK pid=34740 fd=14: SHARED -> SHARED
DBimpl - LOCK REQUEST: 0x3f44b680 2
[1773159768.883306685] LOCK pid=34740 fd=14: SHARED -> RESERVED
DBimpl - LOCK REQUEST: 0x3f44b680 4
[1773159768.883432086] LOCK pid=34740 fd=14: RESERVED -> PENDING
[1773159768.883433832] LOCK pid=34740 fd=14: PENDING -> EXCLUSIVE
DBimpl - LOCK REQUEST: 0x3f44b680 1
DBimpl - UNLOCK REQUEST: 0x3f44b680 1
[1773159768.887741398] UNLOCK pid=34740 fd=14: EXCLUSIVE -> SHARED
DBimpl - UNLOCK REQUEST: 0x3f44b680 0
[1773159768.887746349] UNLOCK pid=34740 fd=14: SHARED -> NO_LOCK
DBimpl - LOCK REQUEST: 0x3f44b680 1
[1773159768.888133417] LOCK pid=34740 fd=14: NO_LOCK -> SHARED (fallback)
[1773159768.888134802] LOCK pid=34740 fd=14: SHARED -> SHARED
DBimpl - LOCK REQUEST: 0x3f44b680 2
[1773159768.888144691] LOCK pid=34740 fd=14: SHARED -> RESERVED
DBimpl - LOCK REQUEST: 0x3f44b680 4
[1773159768.888258162] LOCK pid=34740 fd=14: RESERVED -> PENDING
[1773159768.888261979] LOCK pid=34740 fd=14: PENDING -> EXCLUSIVE
DBimpl - UNLOCK REQUEST: 0x3f44b680 1
[1773159768.890690927] UNLOCK pid=34740 fd=14: EXCLUSIVE -> SHARED
DBimpl - UNLOCK REQUEST: 0x3f44b680 0
[1773159768.890695633] UNLOCK pid=34740 fd=14: SHARED -> NO_LOCK
DBimpl - LOCK REQUEST: 0x3f44b680 1
[1773159768.891215793] LOCK pid=34740 fd=14: NO_LOCK -> SHARED (fallback)
[1773159768.891217085] LOCK pid=34740 fd=14: SHARED -> SHARED
DBimpl - LOCK REQUEST: 0x3f44b680 2
[1773159768.891225551] LOCK pid=34740 fd=14: SHARED -> RESERVED
DBimpl - LOCK REQUEST: 0x3f44b680 4
[1773159768.891321261] LOCK pid=34740 fd=14: RESERVED -> PENDING
[1773159768.891323066] LOCK pid=34740 fd=14: PENDING -> EXCLUSIVE
DBimpl - UNLOCK REQUEST: 0x3f44b680 1
[1773159768.892988956] UNLOCK pid=34740 fd=14: EXCLUSIVE -> SHARED
DBimpl - UNLOCK REQUEST: 0x3f44b680 0
[1773159768.892993232] UNLOCK pid=34740 fd=14: SHARED -> NO_LOCK
DBimpl - LOCK REQUEST: 0x3f44b680 1
[1773159768.893471200] LOCK pid=34740 fd=14: NO_LOCK -> SHARED (fallback)
[1773159768.893472491] LOCK pid=34740 fd=14: SHARED -> SHARED
DBimpl - LOCK REQUEST: 0x3f44b680 2
[1773159768.893480298] LOCK pid=34740 fd=14: SHARED -> RESERVED
DBimpl - LOCK REQUEST: 0x3f44b680 4
[1773159768.893549558] LOCK pid=34740 fd=14: RESERVED -> PENDING
[1773159768.893551198] LOCK pid=34740 fd=14: PENDING -> EXCLUSIVE
DBimpl - UNLOCK REQUEST: 0x3f44b680 1
[1773159768.895277249] UNLOCK pid=34740 fd=14: EXCLUSIVE -> SHARED
DBimpl - UNLOCK REQUEST: 0x3f44b680 0
[1773159768.895282653] UNLOCK pid=34740 fd=14: SHARED -> NO_LOCK
DBimpl - LOCK REQUEST: 0x3f44b680 1
[1773159768.895483703] LOCK pid=34740 fd=14: NO_LOCK -> SHARED (fallback)
[1773159768.895485045] LOCK pid=34740 fd=14: SHARED -> SHARED
DBimpl - LOCK REQUEST: 0x3f44b680 2
[1773159768.895494265] LOCK pid=34740 fd=14: SHARED -> RESERVED
DBimpl - LOCK REQUEST: 0x3f44b680 4
[1773159768.895583404] LOCK pid=34740 fd=14: RESERVED -> PENDING
[1773159768.895585360] LOCK pid=34740 fd=14: PENDING -> EXCLUSIVE
DBimpl - LOCK REQUEST: 0x3f44b680 1
DBimpl - UNLOCK REQUEST: 0x3f44b680 1
[1773159768.897743873] UNLOCK pid=34740 fd=14: EXCLUSIVE -> SHARED
DBimpl - UNLOCK REQUEST: 0x3f44b680 0
[1773159768.897747732] UNLOCK pid=34740 fd=14: SHARED -> NO_LOCK
DBimpl - LOCK REQUEST: 0x3f44b680 1
[1773159768.898310844] LOCK pid=34740 fd=14: NO_LOCK -> SHARED (fallback)
[1773159768.898312315] LOCK pid=34740 fd=14: SHARED -> SHARED
DBimpl - LOCK REQUEST: 0x3f44b680 2
[1773159768.898320885] LOCK pid=34740 fd=14: SHARED -> RESERVED
DBimpl - LOCK REQUEST: 0x3f44b680 4
[1773159768.898395676] LOCK pid=34740 fd=14: RESERVED -> PENDING
[1773159768.898397403] LOCK pid=34740 fd=14: PENDING -> EXCLUSIVE
DBimpl - UNLOCK REQUEST: 0x3f44b680 1
[1773159768.900145273] UNLOCK pid=34740 fd=14: EXCLUSIVE -> SHARED
DBimpl - UNLOCK REQUEST: 0x3f44b680 0
[1773159768.900148923] UNLOCK pid=34740 fd=14: SHARED -> NO_LOCK
DBimpl - LOCK REQUEST: 0x3f44b680 1
[1773159768.901773645] LOCK pid=34740 fd=14: NO_LOCK -> SHARED (fallback)
[1773159768.901775273] LOCK pid=34740 fd=14: SHARED -> SHARED
DBimpl - LOCK REQUEST: 0x3f44b680 2
[1773159768.901784390] LOCK pid=34740 fd=14: SHARED -> RESERVED
DBimpl - LOCK REQUEST: 0x3f44b680 4
[1773159768.901871056] LOCK pid=34740 fd=14: RESERVED -> PENDING
[1773159768.901872750] LOCK pid=34740 fd=14: PENDING -> EXCLUSIVE
DBimpl - UNLOCK REQUEST: 0x3f44b680 1
[1773159768.903521531] UNLOCK pid=34740 fd=14: EXCLUSIVE -> SHARED
DBimpl - UNLOCK REQUEST: 0x3f44b680 0
[1773159768.903525019] UNLOCK pid=34740 fd=14: SHARED -> NO_LOCK
DBimpl - LOCK REQUEST: 0x3f44b680 1
[1773159768.904109091] LOCK pid=34740 fd=14: NO_LOCK -> SHARED (fallback)
[1773159768.904110293] LOCK pid=34740 fd=14: SHARED -> SHARED
DBimpl - LOCK REQUEST: 0x3f44b680 2
[1773159768.904117744] LOCK pid=34740 fd=14: SHARED -> RESERVED
DBimpl - LOCK REQUEST: 0x3f44b680 4
[1773159768.904182054] LOCK pid=34740 fd=14: RESERVED -> PENDING
[1773159768.904183728] LOCK pid=34740 fd=14: PENDING -> EXCLUSIVE
DBimpl - UNLOCK REQUEST: 0x3f44b680 1
[1773159768.905845563] UNLOCK pid=34740 fd=14: EXCLUSIVE -> SHARED
DBimpl - UNLOCK REQUEST: 0x3f44b680 0
[1773159768.905851465] UNLOCK pid=34740 fd=14: SHARED -> NO_LOCK
DBimpl - LOCK REQUEST: 0x3f44b680 1
[1773159768.907029906] LOCK pid=34740 fd=14: NO_LOCK -> SHARED (fallback)
[1773159768.907047542] LOCK pid=34740 fd=14: SHARED -> SHARED
DBimpl - LOCK REQUEST: 0x3f44b680 2
[1773159768.907056786] LOCK pid=34740 fd=14: SHARED -> RESERVED
DBimpl - LOCK REQUEST: 0x3f44b680 4
[1773159768.907120133] LOCK pid=34740 fd=14: RESERVED -> PENDING
[1773159768.907121776] LOCK pid=34740 fd=14: PENDING -> EXCLUSIVE
DBimpl - UNLOCK REQUEST: 0x3f44b680 1
[1773159768.908765627] UNLOCK pid=34740 fd=14: EXCLUSIVE -> SHARED
DBimpl - UNLOCK REQUEST: 0x3f44b680 0
[1773159768.908769235] UNLOCK pid=34740 fd=14: SHARED -> NO_LOCK
DBimpl - LOCK REQUEST: 0x3f44b680 1
[1773159768.910491272] LOCK pid=34740 fd=14: NO_LOCK -> SHARED (fallback)
[1773159768.910492443] LOCK pid=34740 fd=14: SHARED -> SHARED
DBimpl - LOCK REQUEST: 0x3f44b680 2
[1773159768.910499789] LOCK pid=34740 fd=14: SHARED -> RESERVED
DBimpl - LOCK REQUEST: 0x3f44b680 4
[1773159768.910562426] LOCK pid=34740 fd=14: RESERVED -> PENDING
[1773159768.910564062] LOCK pid=34740 fd=14: PENDING -> EXCLUSIVE
DBimpl - LOCK REQUEST: 0x3f44b680 1
DBimpl - UNLOCK REQUEST: 0x3f44b680 1
[1773159768.912258012] UNLOCK pid=34740 fd=14: EXCLUSIVE -> SHARED
DBimpl - UNLOCK REQUEST: 0x3f44b680 0
[1773159768.912261755] UNLOCK pid=34740 fd=14: SHARED -> NO_LOCK
DBimpl - LOCK REQUEST: 0x3f44b680 1
[1773159768.912559306] LOCK pid=34740 fd=14: NO_LOCK -> SHARED (fallback)
[1773159768.912560705] LOCK pid=34740 fd=14: SHARED -> SHARED
DBimpl - LOCK REQUEST: 0x3f44b680 2
[1773159768.912568303] LOCK pid=34740 fd=14: SHARED -> RESERVED
DBimpl - LOCK REQUEST: 0x3f44b680 4
[1773159768.912635800] LOCK pid=34740 fd=14: RESERVED -> PENDING
[1773159768.912637419] LOCK pid=34740 fd=14: PENDING -> EXCLUSIVE
DBimpl - UNLOCK REQUEST: 0x3f44b680 1
[1773159768.914320522] UNLOCK pid=34740 fd=14: EXCLUSIVE -> SHARED
DBimpl - UNLOCK REQUEST: 0x3f44b680 0
[1773159768.914324207] UNLOCK pid=34740 fd=14: SHARED -> NO_LOCK
DBimpl - LOCK REQUEST: 0x3f44b680 1
[1773159768.915837498] LOCK pid=34740 fd=14: NO_LOCK -> SHARED (fallback)
[1773159768.915838688] LOCK pid=34740 fd=14: SHARED -> SHARED
DBimpl - LOCK REQUEST: 0x3f44b680 2
[1773159768.915847250] LOCK pid=34740 fd=14: SHARED -> RESERVED
DBimpl - LOCK REQUEST: 0x3f44b680 4
[1773159768.915909237] LOCK pid=34740 fd=14: RESERVED -> PENDING
[1773159768.915910844] LOCK pid=34740 fd=14: PENDING -> EXCLUSIVE
DBimpl - UNLOCK REQUEST: 0x3f44b680 1
[1773159768.917639686] UNLOCK pid=34740 fd=14: EXCLUSIVE -> SHARED
DBimpl - UNLOCK REQUEST: 0x3f44b680 0
[1773159768.917643720] UNLOCK pid=34740 fd=14: SHARED -> NO_LOCK
DBimpl - LOCK REQUEST: 0x3f44b680 1
[1773159768.918172138] LOCK pid=34740 fd=14: NO_LOCK -> SHARED (fallback)
[1773159768.918173481] LOCK pid=34740 fd=14: SHARED -> SHARED
DBimpl - LOCK REQUEST: 0x3f44b680 2
[1773159768.918182314] LOCK pid=34740 fd=14: SHARED -> RESERVED
DBimpl - LOCK REQUEST: 0x3f44b680 4
[1773159768.918249153] LOCK pid=34740 fd=14: RESERVED -> PENDING
[1773159768.918250767] LOCK pid=34740 fd=14: PENDING -> EXCLUSIVE
DBimpl - UNLOCK REQUEST: 0x3f44b680 1
[1773159768.920036054] UNLOCK pid=34740 fd=14: EXCLUSIVE -> SHARED
DBimpl - UNLOCK REQUEST: 0x3f44b680 0
[1773159768.920040448] UNLOCK pid=34740 fd=14: SHARED -> NO_LOCK
DBimpl - LOCK REQUEST: 0x3f44b680 1
[1773159768.920495776] LOCK pid=34740 fd=14: NO_LOCK -> SHARED (fallback)
[1773159768.920497005] LOCK pid=34740 fd=14: SHARED -> SHARED
DBimpl - LOCK REQUEST: 0x3f44b680 2
[1773159768.920506189] LOCK pid=34740 fd=14: SHARED -> RESERVED
DBimpl - LOCK REQUEST: 0x3f44b680 4
[1773159768.920586989] LOCK pid=34740 fd=14: RESERVED -> PENDING
[1773159768.920588609] LOCK pid=34740 fd=14: PENDING -> EXCLUSIVE
DBimpl - UNLOCK REQUEST: 0x3f44b680 1
[1773159768.922332540] UNLOCK pid=34740 fd=14: EXCLUSIVE -> SHARED
DBimpl - UNLOCK REQUEST: 0x3f44b680 0
[1773159768.922336248] UNLOCK pid=34740 fd=14: SHARED -> NO_LOCK
DBimpl - LOCK REQUEST: 0x3f44b680 1
[1773159768.923152524] LOCK pid=34740 fd=14: NO_LOCK -> SHARED (fallback)
[1773159768.923154056] LOCK pid=34740 fd=14: SHARED -> SHARED
DBimpl - LOCK REQUEST: 0x3f44b680 2
[1773159768.923162684] LOCK pid=34740 fd=14: SHARED -> RESERVED
DBimpl - LOCK REQUEST: 0x3f44b680 4
[1773159768.923239471] LOCK pid=34740 fd=14: RESERVED -> PENDING
[1773159768.923241157] LOCK pid=34740 fd=14: PENDING -> EXCLUSIVE
DBimpl - UNLOCK REQUEST: 0x3f44b680 1
[1773159768.925015119] UNLOCK pid=34740 fd=14: EXCLUSIVE -> SHARED
DBimpl - UNLOCK REQUEST: 0x3f44b680 0
[1773159768.925019506] UNLOCK pid=34740 fd=14: SHARED -> NO_LOCK
DBimpl - LOCK REQUEST: 0x3f44b680 1
[1773159768.927175518] LOCK pid=34740 fd=14: NO_LOCK -> SHARED (fallback)
[1773159768.927177125] LOCK pid=34740 fd=14: SHARED -> SHARED
DBimpl - LOCK REQUEST: 0x3f44b680 2
[1773159768.927187757] LOCK pid=34740 fd=14: SHARED -> RESERVED
DBimpl - LOCK REQUEST: 0x3f44b680 4
[1773159768.927271059] LOCK pid=34740 fd=14: RESERVED -> PENDING
[1773159768.927272791] LOCK pid=34740 fd=14: PENDING -> EXCLUSIVE
DBimpl - UNLOCK REQUEST: 0x3f44b680 1
[1773159768.929031724] UNLOCK pid=34740 fd=14: EXCLUSIVE -> SHARED
DBimpl - UNLOCK REQUEST: 0x3f44b680 0
[1773159768.929035395] UNLOCK pid=34740 fd=14: SHARED -> NO_LOCK
DBimpl - LOCK REQUEST: 0x3f44b680 1
[1773159768.930004213] LOCK pid=34740 fd=14: NO_LOCK -> SHARED (fallback)
[1773159768.930005474] LOCK pid=34740 fd=14: SHARED -> SHARED
DBimpl - LOCK REQUEST: 0x3f44b680 2
[1773159768.930013835] LOCK pid=34740 fd=14: SHARED -> RESERVED
DBimpl - LOCK REQUEST: 0x3f44b680 4
[1773159768.930099575] LOCK pid=34740 fd=14: RESERVED -> PENDING
[1773159768.930101374] LOCK pid=34740 fd=14: PENDING -> EXCLUSIVE
DBimpl - LOCK REQUEST: 0x3f44b680 1
DBimpl - UNLOCK REQUEST: 0x3f44b680 1
[1773159768.931883062] UNLOCK pid=34740 fd=14: EXCLUSIVE -> SHARED
DBimpl - UNLOCK REQUEST: 0x3f44b680 0
[1773159768.931890172] UNLOCK pid=34740 fd=14: SHARED -> NO_LOCK
DBimpl - LOCK REQUEST: 0x3f44b680 1
[1773159768.934777054] LOCK pid=34740 fd=14: NO_LOCK -> SHARED (fallback)
[1773159768.934779090] LOCK pid=34740 fd=14: SHARED -> SHARED
DBimpl - LOCK REQUEST: 0x3f44b680 2
[1773159768.934791876] LOCK pid=34740 fd=14: SHARED -> RESERVED
DBimpl - LOCK REQUEST: 0x3f44b680 4
[1773159768.934910818] LOCK pid=34740 fd=14: RESERVED -> PENDING
[1773159768.934913655] LOCK pid=34740 fd=14: PENDING -> EXCLUSIVE
DBimpl - UNLOCK REQUEST: 0x3f44b680 1
[1773159768.936680138] UNLOCK pid=34740 fd=14: EXCLUSIVE -> SHARED
DBimpl - UNLOCK REQUEST: 0x3f44b680 0
[1773159768.936686325] UNLOCK pid=34740 fd=14: SHARED -> NO_LOCK
DBimpl - LOCK REQUEST: 0x3f44b680 1
[1773159768.937255713] LOCK pid=34740 fd=14: NO_LOCK -> SHARED (fallback)
[1773159768.937257722] LOCK pid=34740 fd=14: SHARED -> SHARED
DBimpl - LOCK REQUEST: 0x3f44b680 2
[1773159768.937269575] LOCK pid=34740 fd=14: SHARED -> RESERVED
DBimpl - LOCK REQUEST: 0x3f44b680 4
[1773159768.937376739] LOCK pid=34740 fd=14: RESERVED -> PENDING
[1773159768.937379484] LOCK pid=34740 fd=14: PENDING -> EXCLUSIVE
DBimpl - UNLOCK REQUEST: 0x3f44b680 1
[1773159768.939107010] UNLOCK pid=34740 fd=14: EXCLUSIVE -> SHARED
DBimpl - UNLOCK REQUEST: 0x3f44b680 0
[1773159768.939113539] UNLOCK pid=34740 fd=14: SHARED -> NO_LOCK
DBimpl - LOCK REQUEST: 0x3f44b680 1
[1773159768.939280400] LOCK pid=34740 fd=14: NO_LOCK -> SHARED (fallback)
[1773159768.939282567] LOCK pid=34740 fd=14: SHARED -> SHARED
DBimpl - LOCK REQUEST: 0x3f44b680 2
[1773159768.939295232] LOCK pid=34740 fd=14: SHARED -> RESERVED
DBimpl - LOCK REQUEST: 0x3f44b680 4
[1773159768.939406326] LOCK pid=34740 fd=14: RESERVED -> PENDING
[1773159768.939409477] LOCK pid=34740 fd=14: PENDING -> EXCLUSIVE
DBimpl - UNLOCK REQUEST: 0x3f44b680 1
[1773159768.941133677] UNLOCK pid=34740 fd=14: EXCLUSIVE -> SHARED
DBimpl - UNLOCK REQUEST: 0x3f44b680 0
[1773159768.941139524] UNLOCK pid=34740 fd=14: SHARED -> NO_LOCK
DBimpl - LOCK REQUEST: 0x3f44b680 1
[1773159768.942189195] LOCK pid=34740 fd=14: NO_LOCK -> SHARED (fallback)
[1773159768.942191093] LOCK pid=34740 fd=14: SHARED -> SHARED
DBimpl - LOCK REQUEST: 0x3f44b680 2
[1773159768.942202224] LOCK pid=34740 fd=14: SHARED -> RESERVED
DBimpl - LOCK REQUEST: 0x3f44b680 4
[1773159768.942300670] LOCK pid=34740 fd=14: RESERVED -> PENDING
[1773159768.942303372] LOCK pid=34740 fd=14: PENDING -> EXCLUSIVE
DBimpl - UNLOCK REQUEST: 0x3f44b680 1
[1773159768.943972837] UNLOCK pid=34740 fd=14: EXCLUSIVE -> SHARED
DBimpl - UNLOCK REQUEST: 0x3f44b680 0
[1773159768.943978323] UNLOCK pid=34740 fd=14: SHARED -> NO_LOCK
DBimpl - LOCK REQUEST: 0x3f44b680 1
[1773159768.944707036] LOCK pid=34740 fd=14: NO_LOCK -> SHARED (fallback)
[1773159768.944709074] LOCK pid=34740 fd=14: SHARED -> SHARED
DBimpl - LOCK REQUEST: 0x3f44b680 2
[1773159768.944721302] LOCK pid=34740 fd=14: SHARED -> RESERVED
DBimpl - LOCK REQUEST: 0x3f44b680 4
[1773159768.944821416] LOCK pid=34740 fd=14: RESERVED -> PENDING
[1773159768.944824109] LOCK pid=34740 fd=14: PENDING -> EXCLUSIVE
DBimpl - UNLOCK REQUEST: 0x3f44b680 1
[1773159768.948643897] UNLOCK pid=34740 fd=14: EXCLUSIVE -> SHARED
DBimpl - UNLOCK REQUEST: 0x3f44b680 0
[1773159768.948649798] UNLOCK pid=34740 fd=14: SHARED -> NO_LOCK
DBimpl - LOCK REQUEST: 0x3f44b680 1
[1773159768.948843958] LOCK pid=34740 fd=14: NO_LOCK -> SHARED (fallback)
[1773159768.948845958] LOCK pid=34740 fd=14: SHARED -> SHARED
DBimpl - LOCK REQUEST: 0x3f44b680 2
[1773159768.948857295] LOCK pid=34740 fd=14: SHARED -> RESERVED
DBimpl - LOCK REQUEST: 0x3f44b680 4
[1773159768.948952650] LOCK pid=34740 fd=14: RESERVED -> PENDING
[1773159768.948955294] LOCK pid=34740 fd=14: PENDING -> EXCLUSIVE
DBimpl - UNLOCK REQUEST: 0x3f44b680 1
[1773159768.951328834] UNLOCK pid=34740 fd=14: EXCLUSIVE -> SHARED
DBimpl - UNLOCK REQUEST: 0x3f44b680 0
[1773159768.951333557] UNLOCK pid=34740 fd=14: SHARED -> NO_LOCK
DBimpl - LOCK REQUEST: 0x3f44b680 1
[1773159768.952244826] LOCK pid=34740 fd=14: NO_LOCK -> SHARED (fallback)
[1773159768.952246087] LOCK pid=34740 fd=14: SHARED -> SHARED
DBimpl - LOCK REQUEST: 0x3f44b680 2
[1773159768.952254891] LOCK pid=34740 fd=14: SHARED -> RESERVED
DBimpl - LOCK REQUEST: 0x3f44b680 4
[1773159768.952331582] LOCK pid=34740 fd=14: RESERVED -> PENDING
[1773159768.952333303] LOCK pid=34740 fd=14: PENDING -> EXCLUSIVE
DBimpl - UNLOCK REQUEST: 0x3f44b680 1
[1773159768.954051292] UNLOCK pid=34740 fd=14: EXCLUSIVE -> SHARED
DBimpl - UNLOCK REQUEST: 0x3f44b680 0
[1773159768.954057528] UNLOCK pid=34740 fd=14: SHARED -> NO_LOCK
DBimpl - LOCK REQUEST: 0x3f44b680 1
[1773159768.956452516] LOCK pid=34738 fd=10: NO_LOCK -> SHARED (fallback)
[1773159768.956455434] LOCK pid=34738 fd=10: SHARED -> SHARED
DBimpl - LOCK REQUEST: 0x3f44b680 2
[1773159768.956473217] LOCK pid=34738 fd=10: SHARED -> RESERVED
DBimpl - LOCK REQUEST: 0x3f44b680 1
[1773159768.956938800] LOCK pid=34739 fd=12: NO_LOCK -> SHARED (fallback)
[1773159768.956940615] LOCK pid=34739 fd=12: SHARED -> SHARED
DBimpl - LOCK REQUEST: 0x3f44b680 2
DBimpl - UNLOCK REQUEST: 0x3f44b680 0
[1773159768.956957785] UNLOCK pid=34739 fd=12: SHARED -> NO_LOCK
DBimpl - LOCK REQUEST: 0x3f44b680 4
[1773159768.957373274] LOCK pid=34738 fd=10: RESERVED -> PENDING
[1773159768.957376520] LOCK pid=34738 fd=10: PENDING -> EXCLUSIVE
DBimpl - LOCK REQUEST: 0x3f44b680 1
DBimpl - LOCK REQUEST: 0x3f44b680 1
DBimpl - UNLOCK REQUEST: 0x3f44b680 1
[1773159768.959733105] UNLOCK pid=34738 fd=10: EXCLUSIVE -> SHARED
DBimpl - UNLOCK REQUEST: 0x3f44b680 0
[1773159768.959738381] UNLOCK pid=34738 fd=10: SHARED -> NO_LOCK
DBimpl - LOCK REQUEST: 0x3f44b680 1
[1773159768.960867021] LOCK pid=34740 fd=14: NO_LOCK -> SHARED (fallback)
[1773159768.960868632] LOCK pid=34740 fd=14: SHARED -> SHARED
DBimpl - LOCK REQUEST: 0x3f44b680 2
[1773159768.960880196] LOCK pid=34740 fd=14: SHARED -> RESERVED
DBimpl - LOCK REQUEST: 0x3f44b680 4
[1773159768.960987888] LOCK pid=34740 fd=14: RESERVED -> PENDING
[1773159768.960989692] LOCK pid=34740 fd=14: PENDING -> EXCLUSIVE
DBimpl - LOCK REQUEST: 0x3f44b680 1
DBimpl - UNLOCK REQUEST: 0x3f44b680 1
[1773159768.962695394] UNLOCK pid=34740 fd=14: EXCLUSIVE -> SHARED
DBimpl - UNLOCK REQUEST: 0x3f44b680 0
[1773159768.962700340] UNLOCK pid=34740 fd=14: SHARED -> NO_LOCK
DBimpl - LOCK REQUEST: 0x3f44b680 1
[1773159768.962970438] LOCK pid=34740 fd=14: NO_LOCK -> SHARED (fallback)
[1773159768.962972313] LOCK pid=34740 fd=14: SHARED -> SHARED
DBimpl - LOCK REQUEST: 0x3f44b680 2
[1773159768.962986704] LOCK pid=34740 fd=14: SHARED -> RESERVED
DBimpl - LOCK REQUEST: 0x3f44b680 4
[1773159768.963066651] LOCK pid=34740 fd=14: RESERVED -> PENDING
[1773159768.963069320] LOCK pid=34740 fd=14: PENDING -> EXCLUSIVE
DBimpl - LOCK REQUEST: 0x3f44b680 1
DBimpl - UNLOCK REQUEST: 0x3f44b680 1
[1773159768.964744629] UNLOCK pid=34740 fd=14: EXCLUSIVE -> SHARED
DBimpl - UNLOCK REQUEST: 0x3f44b680 0
[1773159768.964748261] UNLOCK pid=34740 fd=14: SHARED -> NO_LOCK
DBimpl - LOCK REQUEST: 0x3f44b680 1
[1773159768.965235368] LOCK pid=34738 fd=10: NO_LOCK -> SHARED (fallback)
[1773159768.965236997] LOCK pid=34738 fd=10: SHARED -> SHARED
DBimpl - LOCK REQUEST: 0x3f44b680 2
[1773159768.965249642] LOCK pid=34738 fd=10: SHARED -> RESERVED
DBimpl - LOCK REQUEST: 0x3f44b680 1
[1773159768.965288359] LOCK pid=34740 fd=14: NO_LOCK -> SHARED (fallback)
[1773159768.965290245] LOCK pid=34740 fd=14: SHARED -> SHARED
DBimpl - LOCK REQUEST: 0x3f44b680 2
DBimpl - UNLOCK REQUEST: 0x3f44b680 0
[1773159768.965302310] UNLOCK pid=34740 fd=14: SHARED -> NO_LOCK
DBimpl - LOCK REQUEST: 0x3f44b680 4
[1773159768.965356733] LOCK pid=34738 fd=10: RESERVED -> PENDING
[1773159768.965358475] LOCK pid=34738 fd=10: PENDING -> EXCLUSIVE
DBimpl - LOCK REQUEST: 0x3f44b680 1
DBimpl - UNLOCK REQUEST: 0x3f44b680 1
[1773159768.967027702] UNLOCK pid=34738 fd=10: EXCLUSIVE -> SHARED
DBimpl - UNLOCK REQUEST: 0x3f44b680 0
[1773159768.967034014] UNLOCK pid=34738 fd=10: SHARED -> NO_LOCK
DBimpl - LOCK REQUEST: 0x3f44b680 1
[1773159768.967774618] LOCK pid=34738 fd=10: NO_LOCK -> SHARED (fallback)
[1773159768.967776436] LOCK pid=34738 fd=10: SHARED -> SHARED
DBimpl - LOCK REQUEST: 0x3f44b680 2
[1773159768.967788527] LOCK pid=34738 fd=10: SHARED -> RESERVED
DBimpl - LOCK REQUEST: 0x3f44b680 1
[1773159768.968443968] LOCK pid=34740 fd=14: NO_LOCK -> SHARED (fallback)
[1773159768.968445676] LOCK pid=34740 fd=14: SHARED -> SHARED
DBimpl - LOCK REQUEST: 0x3f44b680 2
DBimpl - UNLOCK REQUEST: 0x3f44b680 0
[1773159768.968459091] UNLOCK pid=34740 fd=14: SHARED -> NO_LOCK
DBimpl - LOCK REQUEST: 0x3f44b680 4
[1773159768.968621990] LOCK pid=34738 fd=10: RESERVED -> PENDING
[1773159768.968624966] LOCK pid=34738 fd=10: PENDING -> EXCLUSIVE
DBimpl - UNLOCK REQUEST: 0x3f44b680 1
[1773159768.970384989] UNLOCK pid=34738 fd=10: EXCLUSIVE -> SHARED
DBimpl - UNLOCK REQUEST: 0x3f44b680 0
[1773159768.970391057] UNLOCK pid=34738 fd=10: SHARED -> NO_LOCK
DBimpl - LOCK REQUEST: 0x3f44b680 1
[1773159768.970928941] LOCK pid=34738 fd=10: NO_LOCK -> SHARED (fallback)
[1773159768.970930687] LOCK pid=34738 fd=10: SHARED -> SHARED
DBimpl - LOCK REQUEST: 0x3f44b680 2
[1773159768.970941978] LOCK pid=34738 fd=10: SHARED -> RESERVED
DBimpl - LOCK REQUEST: 0x3f44b680 4
[1773159768.971731929] LOCK pid=34738 fd=10: RESERVED -> PENDING
[1773159768.971734711] LOCK pid=34738 fd=10: PENDING -> EXCLUSIVE
DBimpl - LOCK REQUEST: 0x3f44b680 1
DBimpl - UNLOCK REQUEST: 0x3f44b680 1
[1773159768.973530603] UNLOCK pid=34738 fd=10: EXCLUSIVE -> SHARED
DBimpl - UNLOCK REQUEST: 0x3f44b680 0
[1773159768.973536088] UNLOCK pid=34738 fd=10: SHARED -> NO_LOCK
DBimpl - LOCK REQUEST: 0x3f44b680 1
[1773159768.973997917] LOCK pid=34738 fd=10: NO_LOCK -> SHARED (fallback)
[1773159768.973999681] LOCK pid=34738 fd=10: SHARED -> SHARED
DBimpl - LOCK REQUEST: 0x3f44b680 2
[1773159768.974010771] LOCK pid=34738 fd=10: SHARED -> RESERVED
DBimpl - LOCK REQUEST: 0x3f44b680 4
[1773159768.974808624] LOCK pid=34738 fd=10: RESERVED -> PENDING
[1773159768.974811446] LOCK pid=34738 fd=10: PENDING -> EXCLUSIVE
DBimpl - UNLOCK REQUEST: 0x3f44b680 1
[1773159768.976495574] UNLOCK pid=34738 fd=10: EXCLUSIVE -> SHARED
DBimpl - UNLOCK REQUEST: 0x3f44b680 0
[1773159768.976501167] UNLOCK pid=34738 fd=10: SHARED -> NO_LOCK
DBimpl - LOCK REQUEST: 0x3f44b680 1
[1773159768.976917846] LOCK pid=34738 fd=10: NO_LOCK -> SHARED (fallback)
[1773159768.976919711] LOCK pid=34738 fd=10: SHARED -> SHARED
DBimpl - LOCK REQUEST: 0x3f44b680 2
[1773159768.976934545] LOCK pid=34738 fd=10: SHARED -> RESERVED
DBimpl - LOCK REQUEST: 0x3f44b680 4
[1773159768.977054043] LOCK pid=34738 fd=10: RESERVED -> PENDING
[1773159768.977056779] LOCK pid=34738 fd=10: PENDING -> EXCLUSIVE
DBimpl - UNLOCK REQUEST: 0x3f44b680 1
[1773159768.978784059] UNLOCK pid=34738 fd=10: EXCLUSIVE -> SHARED
DBimpl - UNLOCK REQUEST: 0x3f44b680 0
[1773159768.978789245] UNLOCK pid=34738 fd=10: SHARED -> NO_LOCK
DBimpl - LOCK REQUEST: 0x3f44b680 1
[1773159768.980291907] LOCK pid=34738 fd=10: NO_LOCK -> SHARED (fallback)
[1773159768.980293794] LOCK pid=34738 fd=10: SHARED -> SHARED
DBimpl - LOCK REQUEST: 0x3f44b680 2
[1773159768.980304338] LOCK pid=34738 fd=10: SHARED -> RESERVED
DBimpl - LOCK REQUEST: 0x3f44b680 4
[1773159768.981082015] LOCK pid=34738 fd=10: RESERVED -> PENDING
[1773159768.981084804] LOCK pid=34738 fd=10: PENDING -> EXCLUSIVE
DBimpl - LOCK REQUEST: 0x3f44b680 1
DBimpl - UNLOCK REQUEST: 0x3f44b680 1
[1773159768.982893161] UNLOCK pid=34738 fd=10: EXCLUSIVE -> SHARED
DBimpl - UNLOCK REQUEST: 0x3f44b680 0
[1773159768.982898986] UNLOCK pid=34738 fd=10: SHARED -> NO_LOCK
DBimpl - LOCK REQUEST: 0x3f44b680 1
[1773159768.983604131] LOCK pid=34740 fd=14: NO_LOCK -> SHARED (fallback)
[1773159768.983605694] LOCK pid=34740 fd=14: SHARED -> SHARED
DBimpl - LOCK REQUEST: 0x3f44b680 2
[1773159768.983617623] LOCK pid=34740 fd=14: SHARED -> RESERVED
DBimpl - LOCK REQUEST: 0x3f44b680 1
[1773159768.983624711] LOCK pid=34738 fd=10: NO_LOCK -> SHARED (fallback)
[1773159768.983626890] LOCK pid=34738 fd=10: SHARED -> SHARED
DBimpl - LOCK REQUEST: 0x3f44b680 2
DBimpl - UNLOCK REQUEST: 0x3f44b680 0
[1773159768.983640305] UNLOCK pid=34738 fd=10: SHARED -> NO_LOCK
DBimpl - LOCK REQUEST: 0x3f44b680 4
[1773159768.983706798] LOCK pid=34740 fd=14: RESERVED -> PENDING
[1773159768.983708530] LOCK pid=34740 fd=14: PENDING -> EXCLUSIVE
DBimpl - LOCK REQUEST: 0x3f44b680 1
DBimpl - UNLOCK REQUEST: 0x3f44b680 1
[1773159768.985504821] UNLOCK pid=34740 fd=14: EXCLUSIVE -> SHARED
DBimpl - UNLOCK REQUEST: 0x3f44b680 0
[1773159768.985511265] UNLOCK pid=34740 fd=14: SHARED -> NO_LOCK
DBimpl - LOCK REQUEST: 0x3f44b680 1
[1773159768.986754864] LOCK pid=34740 fd=14: NO_LOCK -> SHARED (fallback)
[1773159768.986757335] LOCK pid=34740 fd=14: SHARED -> SHARED
DBimpl - LOCK REQUEST: 0x3f44b680 2
[1773159768.986770458] LOCK pid=34740 fd=14: SHARED -> RESERVED
DBimpl - LOCK REQUEST: 0x3f44b680 1
[1773159768.986789067] LOCK pid=34738 fd=10: NO_LOCK -> SHARED (fallback)
[1773159768.986791020] LOCK pid=34738 fd=10: SHARED -> SHARED
DBimpl - LOCK REQUEST: 0x3f44b680 2
DBimpl - UNLOCK REQUEST: 0x3f44b680 0
[1773159768.986817554] UNLOCK pid=34738 fd=10: SHARED -> NO_LOCK
DBimpl - LOCK REQUEST: 0x3f44b680 4
[1773159768.986881474] LOCK pid=34740 fd=14: RESERVED -> PENDING
[1773159768.986884219] LOCK pid=34740 fd=14: PENDING -> EXCLUSIVE
DBimpl - UNLOCK REQUEST: 0x3f44b680 1
[1773159768.988589088] UNLOCK pid=34740 fd=14: EXCLUSIVE -> SHARED
DBimpl - UNLOCK REQUEST: 0x3f44b680 0
[1773159768.988594663] UNLOCK pid=34740 fd=14: SHARED -> NO_LOCK
DBimpl - LOCK REQUEST: 0x3f44b680 1
[1773159768.988791246] LOCK pid=34740 fd=14: NO_LOCK -> SHARED (fallback)
[1773159768.988793030] LOCK pid=34740 fd=14: SHARED -> SHARED
DBimpl - LOCK REQUEST: 0x3f44b680 2
[1773159768.988804308] LOCK pid=34740 fd=14: SHARED -> RESERVED
DBimpl - LOCK REQUEST: 0x3f44b680 4
[1773159768.988904221] LOCK pid=34740 fd=14: RESERVED -> PENDING
[1773159768.988906776] LOCK pid=34740 fd=14: PENDING -> EXCLUSIVE
DBimpl - UNLOCK REQUEST: 0x3f44b680 1
[1773159768.990670941] UNLOCK pid=34740 fd=14: EXCLUSIVE -> SHARED
DBimpl - UNLOCK REQUEST: 0x3f44b680 0
[1773159768.990676678] UNLOCK pid=34740 fd=14: SHARED -> NO_LOCK
DBimpl - LOCK REQUEST: 0x3f44b680 1
[1773159768.991106878] LOCK pid=34740 fd=14: NO_LOCK -> SHARED (fallback)
[1773159768.991108844] LOCK pid=34740 fd=14: SHARED -> SHARED
DBimpl - LOCK REQUEST: 0x3f44b680 2
[1773159768.991120853] LOCK pid=34740 fd=14: SHARED -> RESERVED
DBimpl - LOCK REQUEST: 0x3f44b680 4
[1773159768.991221092] LOCK pid=34740 fd=14: RESERVED -> PENDING
[1773159768.991223865] LOCK pid=34740 fd=14: PENDING -> EXCLUSIVE
DBimpl - LOCK REQUEST: 0x3f44b680 1
DBimpl - UNLOCK REQUEST: 0x3f44b680 1
[1773159768.992836652] UNLOCK pid=34740 fd=14: EXCLUSIVE -> SHARED
DBimpl - UNLOCK REQUEST: 0x3f44b680 0
[1773159768.992842289] UNLOCK pid=34740 fd=14: SHARED -> NO_LOCK
DBimpl - LOCK REQUEST: 0x3f44b680 1
[1773159768.994831652] LOCK pid=34740 fd=14: NO_LOCK -> SHARED (fallback)
[1773159768.994833410] LOCK pid=34740 fd=14: SHARED -> SHARED
DBimpl - LOCK REQUEST: 0x3f44b680 2
[1773159768.994846540] LOCK pid=34740 fd=14: SHARED -> RESERVED
DBimpl - LOCK REQUEST: 0x3f44b680 4
[1773159768.994942557] LOCK pid=34740 fd=14: RESERVED -> PENDING
[1773159768.994945212] LOCK pid=34740 fd=14: PENDING -> EXCLUSIVE
DBimpl - UNLOCK REQUEST: 0x3f44b680 1
[1773159768.996654802] UNLOCK pid=34740 fd=14: EXCLUSIVE -> SHARED
DBimpl - UNLOCK REQUEST: 0x3f44b680 0
[1773159768.996660371] UNLOCK pid=34740 fd=14: SHARED -> NO_LOCK
DBimpl - LOCK REQUEST: 0x3f44b680 1
[1773159768.997947478] LOCK pid=34740 fd=14: NO_LOCK -> SHARED (fallback)
[1773159768.997949356] LOCK pid=34740 fd=14: SHARED -> SHARED
DBimpl - LOCK REQUEST: 0x3f44b680 2
[1773159768.997960984] LOCK pid=34740 fd=14: SHARED -> RESERVED
DBimpl - LOCK REQUEST: 0x3f44b680 4
[1773159768.998055314] LOCK pid=34740 fd=14: RESERVED -> PENDING
[1773159768.998057909] LOCK pid=34740 fd=14: PENDING -> EXCLUSIVE
DBimpl - UNLOCK REQUEST: 0x3f44b680 1
[1773159768.999720770] UNLOCK pid=34740 fd=14: EXCLUSIVE -> SHARED
DBimpl - UNLOCK REQUEST: 0x3f44b680 0
[1773159768.999729032] UNLOCK pid=34740 fd=14: SHARED -> NO_LOCK
DBimpl - LOCK REQUEST: 0x3f44b680 1
[1773159769.000957934] LOCK pid=34740 fd=14: NO_LOCK -> SHARED (fallback)
[1773159769.000959783] LOCK pid=34740 fd=14: SHARED -> SHARED
DBimpl - LOCK REQUEST: 0x3f44b680 2
[1773159769.000971487] LOCK pid=34740 fd=14: SHARED -> RESERVED
DBimpl - LOCK REQUEST: 0x3f44b680 4
[1773159769.001065678] LOCK pid=34740 fd=14: RESERVED -> PENDING
[1773159769.001068254] LOCK pid=34740 fd=14: PENDING -> EXCLUSIVE
DBimpl - LOCK REQUEST: 0x3f44b680 1
DBimpl - UNLOCK REQUEST: 0x3f44b680 1
[1773159769.002788472] UNLOCK pid=34740 fd=14: EXCLUSIVE -> SHARED
DBimpl - UNLOCK REQUEST: 0x3f44b680 0
[1773159769.002794486] UNLOCK pid=34740 fd=14: SHARED -> NO_LOCK
DBimpl - LOCK REQUEST: 0x3f44b680 1
[1773159769.003768082] LOCK pid=34740 fd=14: NO_LOCK -> SHARED (fallback)
[1773159769.003769933] LOCK pid=34740 fd=14: SHARED -> SHARED
DBimpl - LOCK REQUEST: 0x3f44b680 2
[1773159769.003781980] LOCK pid=34740 fd=14: SHARED -> RESERVED
DBimpl - LOCK REQUEST: 0x3f44b680 4
[1773159769.003875370] LOCK pid=34740 fd=14: RESERVED -> PENDING
[1773159769.003877980] LOCK pid=34740 fd=14: PENDING -> EXCLUSIVE
DBimpl - UNLOCK REQUEST: 0x3f44b680 1
[1773159769.005585448] UNLOCK pid=34740 fd=14: EXCLUSIVE -> SHARED
DBimpl - UNLOCK REQUEST: 0x3f44b680 0
[1773159769.005592091] UNLOCK pid=34740 fd=14: SHARED -> NO_LOCK
DBimpl - LOCK REQUEST: 0x3f44b680 1
[1773159769.006163530] LOCK pid=34740 fd=14: NO_LOCK -> SHARED (fallback)
[1773159769.006165379] LOCK pid=34740 fd=14: SHARED -> SHARED
DBimpl - LOCK REQUEST: 0x3f44b680 2
[1773159769.006176593] LOCK pid=34740 fd=14: SHARED -> RESERVED
DBimpl - LOCK REQUEST: 0x3f44b680 4
[1773159769.006275063] LOCK pid=34740 fd=14: RESERVED -> PENDING
[1773159769.006277651] LOCK pid=34740 fd=14: PENDING -> EXCLUSIVE
DBimpl - LOCK REQUEST: 0x3f44b680 1
DBimpl - UNLOCK REQUEST: 0x3f44b680 1
[1773159769.008200061] UNLOCK pid=34740 fd=14: EXCLUSIVE -> SHARED
DBimpl - UNLOCK REQUEST: 0x3f44b680 0
[1773159769.008205646] UNLOCK pid=34740 fd=14: SHARED -> NO_LOCK
DBimpl - LOCK REQUEST: 0x3f44b680 1
[1773159769.008859265] LOCK pid=34740 fd=14: NO_LOCK -> SHARED (fallback)
[1773159769.008861289] LOCK pid=34740 fd=14: SHARED -> SHARED
DBimpl - LOCK REQUEST: 0x3f44b680 2
[1773159769.008873978] LOCK pid=34740 fd=14: SHARED -> RESERVED
DBimpl - LOCK REQUEST: 0x3f44b680 4
[1773159769.008970662] LOCK pid=34740 fd=14: RESERVED -> PENDING
[1773159769.008973426] LOCK pid=34740 fd=14: PENDING -> EXCLUSIVE
DBimpl - UNLOCK REQUEST: 0x3f44b680 1
[1773159769.012749469] UNLOCK pid=34740 fd=14: EXCLUSIVE -> SHARED
DBimpl - UNLOCK REQUEST: 0x3f44b680 0
[1773159769.012755421] UNLOCK pid=34740 fd=14: SHARED -> NO_LOCK
DBimpl - LOCK REQUEST: 0x3f44b680 1
[1773159769.013245468] LOCK pid=34740 fd=14: NO_LOCK -> SHARED (fallback)
[1773159769.013247452] LOCK pid=34740 fd=14: SHARED -> SHARED
DBimpl - LOCK REQUEST: 0x3f44b680 2
[1773159769.013259206] LOCK pid=34740 fd=14: SHARED -> RESERVED
DBimpl - LOCK REQUEST: 0x3f44b680 4
[1773159769.013353117] LOCK pid=34740 fd=14: RESERVED -> PENDING
[1773159769.013355610] LOCK pid=34740 fd=14: PENDING -> EXCLUSIVE
DBimpl - UNLOCK REQUEST: 0x3f44b680 1
[1773159769.015423307] UNLOCK pid=34740 fd=14: EXCLUSIVE -> SHARED
DBimpl - UNLOCK REQUEST: 0x3f44b680 0
[1773159769.015428897] UNLOCK pid=34740 fd=14: SHARED -> NO_LOCK
DBimpl - LOCK REQUEST: 0x3f44b680 1
[1773159769.015515536] LOCK pid=34740 fd=14: NO_LOCK -> SHARED (fallback)
[1773159769.015517290] LOCK pid=34740 fd=14: SHARED -> SHARED
DBimpl - LOCK REQUEST: 0x3f44b680 2
[1773159769.015528387] LOCK pid=34740 fd=14: SHARED -> RESERVED
DBimpl - LOCK REQUEST: 0x3f44b680 4
[1773159769.015620146] LOCK pid=34740 fd=14: RESERVED -> PENDING
[1773159769.015622846] LOCK pid=34740 fd=14: PENDING -> EXCLUSIVE
DBimpl - LOCK REQUEST: 0x3f44b680 1
DBimpl - UNLOCK REQUEST: 0x3f44b680 1
[1773159769.017369122] UNLOCK pid=34740 fd=14: EXCLUSIVE -> SHARED
DBimpl - UNLOCK REQUEST: 0x3f44b680 0
[1773159769.017376459] UNLOCK pid=34740 fd=14: SHARED -> NO_LOCK
DBimpl - LOCK REQUEST: 0x3f44b680 1
[1773159769.019019732] LOCK pid=34740 fd=14: NO_LOCK -> SHARED (fallback)
[1773159769.019021897] LOCK pid=34740 fd=14: SHARED -> SHARED
DBimpl - LOCK REQUEST: 0x3f44b680 2
[1773159769.019033140] LOCK pid=34740 fd=14: SHARED -> RESERVED
DBimpl - LOCK REQUEST: 0x3f44b680 4
[1773159769.019127060] LOCK pid=34740 fd=14: RESERVED -> PENDING
[1773159769.019129683] LOCK pid=34740 fd=14: PENDING -> EXCLUSIVE
DBimpl - UNLOCK REQUEST: 0x3f44b680 1
[1773159769.020862802] UNLOCK pid=34740 fd=14: EXCLUSIVE -> SHARED
DBimpl - UNLOCK REQUEST: 0x3f44b680 0
[1773159769.020869152] UNLOCK pid=34740 fd=14: SHARED -> NO_LOCK
DBimpl - LOCK REQUEST: 0x3f44b680 1
[1773159769.021548459] LOCK pid=34740 fd=14: NO_LOCK -> SHARED (fallback)
[1773159769.021550224] LOCK pid=34740 fd=14: SHARED -> SHARED
DBimpl - LOCK REQUEST: 0x3f44b680 2
[1773159769.021561543] LOCK pid=34740 fd=14: SHARED -> RESERVED
DBimpl - LOCK REQUEST: 0x3f44b680 4
[1773159769.021654541] LOCK pid=34740 fd=14: RESERVED -> PENDING
[1773159769.021657165] LOCK pid=34740 fd=14: PENDING -> EXCLUSIVE
DBimpl - UNLOCK REQUEST: 0x3f44b680 1
[1773159769.023302074] UNLOCK pid=34740 fd=14: EXCLUSIVE -> SHARED
DBimpl - UNLOCK REQUEST: 0x3f44b680 0
[1773159769.023307580] UNLOCK pid=34740 fd=14: SHARED -> NO_LOCK
DBimpl - LOCK REQUEST: 0x3f44b680 1
[1773159769.024282110] LOCK pid=34740 fd=14: NO_LOCK -> SHARED (fallback)
[1773159769.024284008] LOCK pid=34740 fd=14: SHARED -> SHARED
DBimpl - LOCK REQUEST: 0x3f44b680 2
[1773159769.024294723] LOCK pid=34740 fd=14: SHARED -> RESERVED
DBimpl - LOCK REQUEST: 0x3f44b680 4
[1773159769.024410457] LOCK pid=34740 fd=14: RESERVED -> PENDING
[1773159769.024413144] LOCK pid=34740 fd=14: PENDING -> EXCLUSIVE
DBimpl - UNLOCK REQUEST: 0x3f44b680 1
[1773159769.026138051] UNLOCK pid=34740 fd=14: EXCLUSIVE -> SHARED
DBimpl - UNLOCK REQUEST: 0x3f44b680 0
[1773159769.026143899] UNLOCK pid=34740 fd=14: SHARED -> NO_LOCK
DBimpl - LOCK REQUEST: 0x3f44b680 1
[1773159769.026276118] LOCK pid=34740 fd=14: NO_LOCK -> SHARED (fallback)
[1773159769.026278055] LOCK pid=34740 fd=14: SHARED -> SHARED
DBimpl - LOCK REQUEST: 0x3f44b680 2
[1773159769.026289275] LOCK pid=34740 fd=14: SHARED -> RESERVED
DBimpl - LOCK REQUEST: 0x3f44b680 4
[1773159769.026384556] LOCK pid=34740 fd=14: RESERVED -> PENDING
[1773159769.026387398] LOCK pid=34740 fd=14: PENDING -> EXCLUSIVE
DBimpl - UNLOCK REQUEST: 0x3f44b680 1
[1773159769.028113067] UNLOCK pid=34740 fd=14: EXCLUSIVE -> SHARED
DBimpl - UNLOCK REQUEST: 0x3f44b680 0
[1773159769.028118788] UNLOCK pid=34740 fd=14: SHARED -> NO_LOCK
DBimpl - LOCK REQUEST: 0x3f44b680 1
[1773159769.028485925] LOCK pid=34740 fd=14: NO_LOCK -> SHARED (fallback)
[1773159769.028487713] LOCK pid=34740 fd=14: SHARED -> SHARED
DBimpl - LOCK REQUEST: 0x3f44b680 2
[1773159769.028498873] LOCK pid=34740 fd=14: SHARED -> RESERVED
DBimpl - LOCK REQUEST: 0x3f44b680 4
[1773159769.028597586] LOCK pid=34740 fd=14: RESERVED -> PENDING
[1773159769.028600279] LOCK pid=34740 fd=14: PENDING -> EXCLUSIVE
DBimpl - UNLOCK REQUEST: 0x3f44b680 1
[1773159769.030426863] UNLOCK pid=34740 fd=14: EXCLUSIVE -> SHARED
DBimpl - UNLOCK REQUEST: 0x3f44b680 0
[1773159769.030432600] UNLOCK pid=34740 fd=14: SHARED -> NO_LOCK
DBimpl - LOCK REQUEST: 0x3f44b680 1
[1773159769.031773891] LOCK pid=34740 fd=14: NO_LOCK -> SHARED (fallback)
[1773159769.031775787] LOCK pid=34740 fd=14: SHARED -> SHARED
DBimpl - LOCK REQUEST: 0x3f44b680 2
[1773159769.031789530] LOCK pid=34740 fd=14: SHARED -> RESERVED
DBimpl - LOCK REQUEST: 0x3f44b680 4
[1773159769.031899780] LOCK pid=34740 fd=14: RESERVED -> PENDING
[1773159769.031903346] LOCK pid=34740 fd=14: PENDING -> EXCLUSIVE
DBimpl - UNLOCK REQUEST: 0x3f44b680 1
[1773159769.033609755] UNLOCK pid=34740 fd=14: EXCLUSIVE -> SHARED
DBimpl - UNLOCK REQUEST: 0x3f44b680 0
[1773159769.033615856] UNLOCK pid=34740 fd=14: SHARED -> NO_LOCK
DBimpl - LOCK REQUEST: 0x3f44b680 1
[1773159769.033738720] LOCK pid=34740 fd=14: NO_LOCK -> SHARED (fallback)
[1773159769.033740570] LOCK pid=34740 fd=14: SHARED -> SHARED
DBimpl - LOCK REQUEST: 0x3f44b680 2
[1773159769.033752525] LOCK pid=34740 fd=14: SHARED -> RESERVED
DBimpl - LOCK REQUEST: 0x3f44b680 4
[1773159769.033859407] LOCK pid=34740 fd=14: RESERVED -> PENDING
[1773159769.033862350] LOCK pid=34740 fd=14: PENDING -> EXCLUSIVE
DBimpl - UNLOCK REQUEST: 0x3f44b680 1
[1773159769.035608013] UNLOCK pid=34740 fd=14: EXCLUSIVE -> SHARED
DBimpl - UNLOCK REQUEST: 0x3f44b680 0
[1773159769.035614639] UNLOCK pid=34740 fd=14: SHARED -> NO_LOCK
DBimpl - LOCK REQUEST: 0x3f44b680 1
[1773159769.036164833] LOCK pid=34740 fd=14: NO_LOCK -> SHARED (fallback)
[1773159769.036168596] LOCK pid=34740 fd=14: SHARED -> SHARED
DBimpl - LOCK REQUEST: 0x3f44b680 2
[1773159769.036188909] LOCK pid=34740 fd=14: SHARED -> RESERVED
DBimpl - LOCK REQUEST: 0x3f44b680 4
[1773159769.036351185] LOCK pid=34740 fd=14: RESERVED -> PENDING
[1773159769.036353623] LOCK pid=34740 fd=14: PENDING -> EXCLUSIVE
DBimpl - LOCK REQUEST: 0x3f44b680 1
DBimpl - UNLOCK REQUEST: 0x3f44b680 1
[1773159769.038250642] UNLOCK pid=34740 fd=14: EXCLUSIVE -> SHARED
DBimpl - UNLOCK REQUEST: 0x3f44b680 0
[1773159769.038259346] UNLOCK pid=34740 fd=14: SHARED -> NO_LOCK
DBimpl - LOCK REQUEST: 0x3f44b680 1
[1773159769.040434184] LOCK pid=34740 fd=14: NO_LOCK -> SHARED (fallback)
[1773159769.040437301] LOCK pid=34740 fd=14: SHARED -> SHARED
DBimpl - LOCK REQUEST: 0x3f44b680 2
[1773159769.040455472] LOCK pid=34740 fd=14: SHARED -> RESERVED
DBimpl - LOCK REQUEST: 0x3f44b680 4
[1773159769.040593609] LOCK pid=34740 fd=14: RESERVED -> PENDING
[1773159769.040595560] LOCK pid=34740 fd=14: PENDING -> EXCLUSIVE
DBimpl - UNLOCK REQUEST: 0x3f44b680 1
[1773159769.044895427] UNLOCK pid=34740 fd=14: EXCLUSIVE -> SHARED
DBimpl - UNLOCK REQUEST: 0x3f44b680 0
[1773159769.044904176] UNLOCK pid=34740 fd=14: SHARED -> NO_LOCK
DBimpl - LOCK REQUEST: 0x3f44b680 1
[1773159769.046792029] LOCK pid=34740 fd=14: NO_LOCK -> SHARED (fallback)
[1773159769.046794773] LOCK pid=34740 fd=14: SHARED -> SHARED
DBimpl - LOCK REQUEST: 0x3f44b680 2
[1773159769.046811948] LOCK pid=34740 fd=14: SHARED -> RESERVED
DBimpl - LOCK REQUEST: 0x3f44b680 4
[1773159769.046975754] LOCK pid=34740 fd=14: RESERVED -> PENDING
[1773159769.046978412] LOCK pid=34740 fd=14: PENDING -> EXCLUSIVE
DBimpl - UNLOCK REQUEST: 0x3f44b680 1
[1773159769.050103458] UNLOCK pid=34740 fd=14: EXCLUSIVE -> SHARED
DBimpl - UNLOCK REQUEST: 0x3f44b680 0
[1773159769.050110604] UNLOCK pid=34740 fd=14: SHARED -> NO_LOCK
DBimpl - LOCK REQUEST: 0x3f44b680 1
[1773159769.051941487] LOCK pid=34740 fd=14: NO_LOCK -> SHARED (fallback)
[1773159769.051944151] LOCK pid=34740 fd=14: SHARED -> SHARED
DBimpl - LOCK REQUEST: 0x3f44b680 2
[1773159769.051963983] LOCK pid=34740 fd=14: SHARED -> RESERVED
DBimpl - LOCK REQUEST: 0x3f44b680 4
[1773159769.052088002] LOCK pid=34740 fd=14: RESERVED -> PENDING
[1773159769.052090741] LOCK pid=34740 fd=14: PENDING -> EXCLUSIVE
DBimpl - UNLOCK REQUEST: 0x3f44b680 1
[1773159769.055536500] UNLOCK pid=34740 fd=14: EXCLUSIVE -> SHARED
DBimpl - UNLOCK REQUEST: 0x3f44b680 0
[1773159769.055542738] UNLOCK pid=34740 fd=14: SHARED -> NO_LOCK
DBimpl - LOCK REQUEST: 0x3f44b680 1
[1773159769.057204305] LOCK pid=34739 fd=12: NO_LOCK -> SHARED (fallback)
[1773159769.057208342] LOCK pid=34739 fd=12: SHARED -> SHARED
DBimpl - LOCK REQUEST: 0x3f44b680 2
[1773159769.057232658] LOCK pid=34739 fd=12: SHARED -> RESERVED
DBimpl - LOCK REQUEST: 0x3f44b680 1
[1773159769.058827168] LOCK pid=34740 fd=14: NO_LOCK -> SHARED (fallback)
[1773159769.058829995] LOCK pid=34740 fd=14: SHARED -> SHARED
DBimpl - LOCK REQUEST: 0x3f44b680 2
DBimpl - UNLOCK REQUEST: 0x3f44b680 0
[1773159769.058849659] UNLOCK pid=34740 fd=14: SHARED -> NO_LOCK
DBimpl - LOCK REQUEST: 0x3f44b680 1
[1773159769.059928055] LOCK pid=34740 fd=14: NO_LOCK -> SHARED (fallback)
[1773159769.059930235] LOCK pid=34740 fd=14: SHARED -> SHARED
DBimpl - LOCK REQUEST: 0x3f44b680 2
DBimpl - UNLOCK REQUEST: 0x3f44b680 0
[1773159769.059944720] UNLOCK pid=34740 fd=14: SHARED -> NO_LOCK
DBimpl - LOCK REQUEST: 0x3f44b680 1
[1773159769.062012359] LOCK pid=34740 fd=14: NO_LOCK -> SHARED (fallback)
[1773159769.062014462] LOCK pid=34740 fd=14: SHARED -> SHARED
DBimpl - LOCK REQUEST: 0x3f44b680 2
DBimpl - UNLOCK REQUEST: 0x3f44b680 0
[1773159769.062030223] UNLOCK pid=34740 fd=14: SHARED -> NO_LOCK
DBimpl - LOCK REQUEST: 0x3f44b680 1
[1773159769.062193800] LOCK pid=34738 fd=10: NO_LOCK -> SHARED (fallback)
[1773159769.062196825] LOCK pid=34738 fd=10: SHARED -> SHARED
DBimpl - LOCK REQUEST: 0x3f44b680 2
DBimpl - UNLOCK REQUEST: 0x3f44b680 0
[1773159769.062221545] UNLOCK pid=34738 fd=10: SHARED -> NO_LOCK
DBimpl - LOCK REQUEST: 0x3f44b680 1
[1773159769.067110819] LOCK pid=34740 fd=14: NO_LOCK -> SHARED (fallback)
[1773159769.067113500] LOCK pid=34740 fd=14: SHARED -> SHARED
DBimpl - LOCK REQUEST: 0x3f44b680 2
DBimpl - UNLOCK REQUEST: 0x3f44b680 0
[1773159769.067136151] UNLOCK pid=34740 fd=14: SHARED -> NO_LOCK
DBimpl - LOCK REQUEST: 0x3f44b680 4
[1773159769.067643904] LOCK pid=34739 fd=12: RESERVED -> PENDING
[1773159769.067648120] LOCK pid=34739 fd=12: PENDING -> EXCLUSIVE
DBimpl - UNLOCK REQUEST: 0x3f44b680 1
[1773159769.071453952] UNLOCK pid=34739 fd=12: EXCLUSIVE -> SHARED
DBimpl - UNLOCK REQUEST: 0x3f44b680 0
[1773159769.071463037] UNLOCK pid=34739 fd=12: SHARED -> NO_LOCK
DBimpl - LOCK REQUEST: 0x3f44b680 1
[1773159769.072427108] LOCK pid=34739 fd=12: NO_LOCK -> SHARED (fallback)
[1773159769.072429411] LOCK pid=34739 fd=12: SHARED -> SHARED
DBimpl - LOCK REQUEST: 0x3f44b680 2
[1773159769.072443855] LOCK pid=34739 fd=12: SHARED -> RESERVED
DBimpl - LOCK REQUEST: 0x3f44b680 1
[1773159769.077222799] LOCK pid=34740 fd=14: NO_LOCK -> SHARED (fallback)
[1773159769.077225775] LOCK pid=34740 fd=14: SHARED -> SHARED
DBimpl - LOCK REQUEST: 0x3f44b680 2
DBimpl - UNLOCK REQUEST: 0x3f44b680 0
[1773159769.077246918] UNLOCK pid=34740 fd=14: SHARED -> NO_LOCK
DBimpl - LOCK REQUEST: 0x3f44b680 1
[1773159769.087320836] LOCK pid=34738 fd=10: NO_LOCK -> SHARED (fallback)
[1773159769.087326147] LOCK pid=34738 fd=10: SHARED -> SHARED
DBimpl - LOCK REQUEST: 0x3f44b680 2
DBimpl - UNLOCK REQUEST: 0x3f44b680 0
[1773159769.087365158] UNLOCK pid=34738 fd=10: SHARED -> NO_LOCK
DBimpl - LOCK REQUEST: 0x3f44b680 4
[1773159769.087527470] LOCK pid=34739 fd=12: RESERVED -> PENDING
[1773159769.087529951] LOCK pid=34739 fd=12: PENDING -> EXCLUSIVE
DBimpl - UNLOCK REQUEST: 0x3f44b680 1
[1773159769.087534802] UNLOCK pid=34739 fd=12: EXCLUSIVE -> SHARED
DBimpl - UNLOCK REQUEST: 0x3f44b680 0
[1773159769.087539201] UNLOCK pid=34739 fd=12: SHARED -> NO_LOCK
DBimpl - LOCK REQUEST: 0x3f44b680 1
[1773159769.087899851] LOCK pid=34739 fd=12: NO_LOCK -> SHARED (fallback)
[1773159769.087908283] LOCK pid=34739 fd=12: SHARED -> SHARED
DBimpl - LOCK REQUEST: 0x3f44b680 2
[1773159769.087917595] LOCK pid=34739 fd=12: SHARED -> RESERVED
DBimpl - LOCK REQUEST: 0x3f44b680 1
[1773159769.092347195] LOCK pid=34740 fd=14: NO_LOCK -> SHARED (fallback)
[1773159769.092350168] LOCK pid=34740 fd=14: SHARED -> SHARED
DBimpl - LOCK REQUEST: 0x3f44b680 2
DBimpl - UNLOCK REQUEST: 0x3f44b680 0
[1773159769.092368899] UNLOCK pid=34740 fd=14: SHARED -> NO_LOCK
DBimpl - LOCK REQUEST: 0x3f44b680 4
[1773159769.100689019] LOCK pid=34739 fd=12: RESERVED -> PENDING
[1773159769.100692928] LOCK pid=34739 fd=12: PENDING -> EXCLUSIVE
DBimpl - UNLOCK REQUEST: 0x3f44b680 1
[1773159769.100698579] UNLOCK pid=34739 fd=12: EXCLUSIVE -> SHARED
DBimpl - UNLOCK REQUEST: 0x3f44b680 0
[1773159769.100704047] UNLOCK pid=34739 fd=12: SHARED -> NO_LOCK
DBimpl - LOCK REQUEST: 0x3f44b680 1
[1773159769.101207429] LOCK pid=34739 fd=12: NO_LOCK -> SHARED (fallback)
[1773159769.101208731] LOCK pid=34739 fd=12: SHARED -> SHARED
DBimpl - LOCK REQUEST: 0x3f44b680 2
[1773159769.101220248] LOCK pid=34739 fd=12: SHARED -> RESERVED
DBimpl - LOCK REQUEST: 0x3f44b680 4
[1773159769.109743853] LOCK pid=34739 fd=12: RESERVED -> PENDING
[1773159769.109748284] LOCK pid=34739 fd=12: PENDING -> EXCLUSIVE
DBimpl - UNLOCK REQUEST: 0x3f44b680 1
[1773159769.109753704] UNLOCK pid=34739 fd=12: EXCLUSIVE -> SHARED
DBimpl - UNLOCK REQUEST: 0x3f44b680 0
[1773159769.109758323] UNLOCK pid=34739 fd=12: SHARED -> NO_LOCK
DBimpl - LOCK REQUEST: 0x3f44b680 1
[1773159769.111402908] LOCK pid=34739 fd=12: NO_LOCK -> SHARED (fallback)
[1773159769.111404874] LOCK pid=34739 fd=12: SHARED -> SHARED
DBimpl - LOCK REQUEST: 0x3f44b680 2
[1773159769.111418668] LOCK pid=34739 fd=12: SHARED -> RESERVED
DBimpl - LOCK REQUEST: 0x3f44b680 1
[1773159769.112443640] LOCK pid=34738 fd=10: NO_LOCK -> SHARED (fallback)
[1773159769.112446549] LOCK pid=34738 fd=10: SHARED -> SHARED
DBimpl - LOCK REQUEST: 0x3f44b680 1
DBimpl - LOCK REQUEST: 0x3f44b680 2
DBimpl - UNLOCK REQUEST: 0x3f44b680 0
[1773159769.112464060] LOCK pid=34740 fd=14: NO_LOCK -> SHARED (fallback)
[1773159769.112465924] UNLOCK pid=34738 fd=10: SHARED -> NO_LOCK
[1773159769.112466517] LOCK pid=34740 fd=14: SHARED -> SHARED
DBimpl - LOCK REQUEST: 0x3f44b680 2
DBimpl - UNLOCK REQUEST: 0x3f44b680 0
[1773159769.112483255] UNLOCK pid=34740 fd=14: SHARED -> NO_LOCK
DBimpl - LOCK REQUEST: 0x3f44b680 4
[1773159769.120381590] LOCK pid=34739 fd=12: RESERVED -> PENDING
[1773159769.120384604] LOCK pid=34739 fd=12: PENDING -> EXCLUSIVE
DBimpl - UNLOCK REQUEST: 0x3f44b680 1
[1773159769.120390183] UNLOCK pid=34739 fd=12: EXCLUSIVE -> SHARED
DBimpl - UNLOCK REQUEST: 0x3f44b680 0
[1773159769.120394264] UNLOCK pid=34739 fd=12: SHARED -> NO_LOCK
DBimpl - LOCK REQUEST: 0x3f44b680 1
[1773159769.122239245] LOCK pid=34739 fd=12: NO_LOCK -> SHARED (fallback)
[1773159769.122241615] LOCK pid=34739 fd=12: SHARED -> SHARED
DBimpl - LOCK REQUEST: 0x3f44b680 2
[1773159769.122258929] LOCK pid=34739 fd=12: SHARED -> RESERVED
DBimpl - LOCK REQUEST: 0x3f44b680 4
[1773159769.125191339] LOCK pid=34739 fd=12: RESERVED -> PENDING
[1773159769.125194211] LOCK pid=34739 fd=12: PENDING -> EXCLUSIVE
DBimpl - UNLOCK REQUEST: 0x3f44b680 1
[1773159769.125200148] UNLOCK pid=34739 fd=12: EXCLUSIVE -> SHARED
DBimpl - UNLOCK REQUEST: 0x3f44b680 0
[1773159769.125206225] UNLOCK pid=34739 fd=12: SHARED -> NO_LOCK
DBimpl - LOCK REQUEST: 0x3f44b680 1
[1773159769.125475650] LOCK pid=34739 fd=12: NO_LOCK -> SHARED (fallback)
[1773159769.125477304] LOCK pid=34739 fd=12: SHARED -> SHARED
DBimpl - LOCK REQUEST: 0x3f44b680 2
[1773159769.125486356] LOCK pid=34739 fd=12: SHARED -> RESERVED
DBimpl - LOCK REQUEST: 0x3f44b680 4
[1773159769.125840334] LOCK pid=34739 fd=12: RESERVED -> PENDING
[1773159769.125842070] LOCK pid=34739 fd=12: PENDING -> EXCLUSIVE
DBimpl - UNLOCK REQUEST: 0x3f44b680 1
[1773159769.125845617] UNLOCK pid=34739 fd=12: EXCLUSIVE -> SHARED
DBimpl - UNLOCK REQUEST: 0x3f44b680 0
[1773159769.125848809] UNLOCK pid=34739 fd=12: SHARED -> NO_LOCK
DBimpl - LOCK REQUEST: 0x3f44b680 1
[1773159769.126354385] LOCK pid=34739 fd=12: NO_LOCK -> SHARED (fallback)
[1773159769.126355672] LOCK pid=34739 fd=12: SHARED -> SHARED
DBimpl - LOCK REQUEST: 0x3f44b680 2
[1773159769.126362418] LOCK pid=34739 fd=12: SHARED -> RESERVED
DBimpl - LOCK REQUEST: 0x3f44b680 1
[1773159769.137583402] LOCK pid=34740 fd=14: NO_LOCK -> SHARED (fallback)
[1773159769.137586682] LOCK pid=34740 fd=14: SHARED -> SHARED
DBimpl - LOCK REQUEST: 0x3f44b680 2
DBimpl - UNLOCK REQUEST: 0x3f44b680 0
[1773159769.137610683] UNLOCK pid=34740 fd=14: SHARED -> NO_LOCK
DBimpl - LOCK REQUEST: 0x3f44b680 4
[1773159769.139810681] LOCK pid=34739 fd=12: RESERVED -> PENDING
[1773159769.139812673] LOCK pid=34739 fd=12: PENDING -> EXCLUSIVE
DBimpl - UNLOCK REQUEST: 0x3f44b680 1
[1773159769.139816810] UNLOCK pid=34739 fd=12: EXCLUSIVE -> SHARED
DBimpl - UNLOCK REQUEST: 0x3f44b680 0
[1773159769.139820358] UNLOCK pid=34739 fd=12: SHARED -> NO_LOCK
DBimpl - LOCK REQUEST: 0x3f44b680 1
[1773159769.140515839] LOCK pid=34739 fd=12: NO_LOCK -> SHARED (fallback)
[1773159769.140517523] LOCK pid=34739 fd=12: SHARED -> SHARED
DBimpl - LOCK REQUEST: 0x3f44b680 2
[1773159769.140525970] LOCK pid=34739 fd=12: SHARED -> RESERVED
DBimpl - LOCK REQUEST: 0x3f44b680 4
[1773159769.151371566] LOCK pid=34739 fd=12: RESERVED -> PENDING
[1773159769.151373842] LOCK pid=34739 fd=12: PENDING -> EXCLUSIVE
DBimpl - UNLOCK REQUEST: 0x3f44b680 1
[1773159769.151378185] UNLOCK pid=34739 fd=12: EXCLUSIVE -> SHARED
DBimpl - UNLOCK REQUEST: 0x3f44b680 0
[1773159769.151382036] UNLOCK pid=34739 fd=12: SHARED -> NO_LOCK
DBimpl - LOCK REQUEST: 0x3f44b680 1
[1773159769.151640042] LOCK pid=34739 fd=12: NO_LOCK -> SHARED (fallback)
[1773159769.151641189] LOCK pid=34739 fd=12: SHARED -> SHARED
DBimpl - LOCK REQUEST: 0x3f44b680 2
[1773159769.151650155] LOCK pid=34739 fd=12: SHARED -> RESERVED
DBimpl - LOCK REQUEST: 0x3f44b680 1
[1773159769.162547301] LOCK pid=34738 fd=10: NO_LOCK -> SHARED (fallback)
[1773159769.162550579] LOCK pid=34738 fd=10: SHARED -> SHARED
DBimpl - LOCK REQUEST: 0x3f44b680 2
DBimpl - UNLOCK REQUEST: 0x3f44b680 0
[1773159769.162571388] UNLOCK pid=34738 fd=10: SHARED -> NO_LOCK
DBimpl - LOCK REQUEST: 0x3f44b680 1
[1773159769.162696560] LOCK pid=34740 fd=14: NO_LOCK -> SHARED (fallback)
[1773159769.162698886] LOCK pid=34740 fd=14: SHARED -> SHARED
DBimpl - LOCK REQUEST: 0x3f44b680 2
DBimpl - UNLOCK REQUEST: 0x3f44b680 0
[1773159769.162714105] UNLOCK pid=34740 fd=14: SHARED -> NO_LOCK
DBimpl - LOCK REQUEST: 0x3f44b680 4
[1773159769.165057407] LOCK pid=34739 fd=12: RESERVED -> PENDING
[1773159769.165059266] LOCK pid=34739 fd=12: PENDING -> EXCLUSIVE
DBimpl - UNLOCK REQUEST: 0x3f44b680 1
[1773159769.165063241] UNLOCK pid=34739 fd=12: EXCLUSIVE -> SHARED
DBimpl - UNLOCK REQUEST: 0x3f44b680 0
[1773159769.165066464] UNLOCK pid=34739 fd=12: SHARED -> NO_LOCK
DBimpl - LOCK REQUEST: 0x3f44b680 1
[1773159769.165510286] LOCK pid=34739 fd=12: NO_LOCK -> SHARED (fallback)
[1773159769.165511347] LOCK pid=34739 fd=12: SHARED -> SHARED
DBimpl - LOCK REQUEST: 0x3f44b680 2
[1773159769.165518140] LOCK pid=34739 fd=12: SHARED -> RESERVED
DBimpl - LOCK REQUEST: 0x3f44b680 4
[1773159769.177998441] LOCK pid=34739 fd=12: RESERVED -> PENDING
[1773159769.178001390] LOCK pid=34739 fd=12: PENDING -> EXCLUSIVE
DBimpl - UNLOCK REQUEST: 0x3f44b680 1
[1773159769.178006521] UNLOCK pid=34739 fd=12: EXCLUSIVE -> SHARED
DBimpl - UNLOCK REQUEST: 0x3f44b680 0
[1773159769.178011125] UNLOCK pid=34739 fd=12: SHARED -> NO_LOCK
DBimpl - LOCK REQUEST: 0x3f44b680 1
[1773159769.178103630] LOCK pid=34739 fd=12: NO_LOCK -> SHARED (fallback)
[1773159769.178104752] LOCK pid=34739 fd=12: SHARED -> SHARED
DBimpl - LOCK REQUEST: 0x3f44b680 2
[1773159769.178116750] LOCK pid=34739 fd=12: SHARED -> RESERVED
DBimpl - LOCK REQUEST: 0x3f44b680 4
[1773159769.182364340] LOCK pid=34739 fd=12: RESERVED -> PENDING
[1773159769.182366295] LOCK pid=34739 fd=12: PENDING -> EXCLUSIVE
DBimpl - UNLOCK REQUEST: 0x3f44b680 1
[1773159769.182369891] UNLOCK pid=34739 fd=12: EXCLUSIVE -> SHARED
DBimpl - UNLOCK REQUEST: 0x3f44b680 0
[1773159769.182373185] UNLOCK pid=34739 fd=12: SHARED -> NO_LOCK
DBimpl - LOCK REQUEST: 0x3f44b680 1
[1773159769.183192746] LOCK pid=34739 fd=12: NO_LOCK -> SHARED (fallback)
[1773159769.183193888] LOCK pid=34739 fd=12: SHARED -> SHARED
DBimpl - LOCK REQUEST: 0x3f44b680 2
[1773159769.183201753] LOCK pid=34739 fd=12: SHARED -> RESERVED
DBimpl - LOCK REQUEST: 0x3f44b680 4
[1773159769.187289968] LOCK pid=34739 fd=12: RESERVED -> PENDING
[1773159769.187292159] LOCK pid=34739 fd=12: PENDING -> EXCLUSIVE
DBimpl - UNLOCK REQUEST: 0x3f44b680 1
[1773159769.187295905] UNLOCK pid=34739 fd=12: EXCLUSIVE -> SHARED
DBimpl - UNLOCK REQUEST: 0x3f44b680 0
[1773159769.187299380] UNLOCK pid=34739 fd=12: SHARED -> NO_LOCK
DBimpl - LOCK REQUEST: 0x3f44b680 1
[1773159769.187775795] LOCK pid=34740 fd=14: NO_LOCK -> SHARED (fallback)
[1773159769.187778205] LOCK pid=34740 fd=14: SHARED -> SHARED
DBimpl - LOCK REQUEST: 0x3f44b680 2
[1773159769.187791401] LOCK pid=34740 fd=14: SHARED -> RESERVED
DBimpl - LOCK REQUEST: 0x3f44b680 4
[1773159769.187986903] LOCK pid=34740 fd=14: RESERVED -> PENDING
[1773159769.187988747] LOCK pid=34740 fd=14: PENDING -> EXCLUSIVE
DBimpl - LOCK REQUEST: 0x3f44b680 1
DBimpl - LOCK REQUEST: 0x3f44b680 1
DBimpl - LOCK REQUEST: 0x3f44b680 1
DBimpl - LOCK REQUEST: 0x3f44b680 1
DBimpl - UNLOCK REQUEST: 0x3f44b680 1
[1773159769.196239933] UNLOCK pid=34740 fd=14: EXCLUSIVE -> SHARED
DBimpl - UNLOCK REQUEST: 0x3f44b680 0
[1773159769.196246249] UNLOCK pid=34740 fd=14: SHARED -> NO_LOCK
DBimpl - LOCK REQUEST: 0x3f44b680 1
[1773159769.198159125] LOCK pid=34740 fd=14: NO_LOCK -> SHARED (fallback)
[1773159769.198160941] LOCK pid=34740 fd=14: SHARED -> SHARED
DBimpl - LOCK REQUEST: 0x3f44b680 2
[1773159769.198173122] LOCK pid=34740 fd=14: SHARED -> RESERVED
DBimpl - LOCK REQUEST: 0x3f44b680 4
[1773159769.198304688] LOCK pid=34740 fd=14: RESERVED -> PENDING
[1773159769.198306587] LOCK pid=34740 fd=14: PENDING -> EXCLUSIVE
DBimpl - UNLOCK REQUEST: 0x3f44b680 1
[1773159769.200610965] UNLOCK pid=34740 fd=14: EXCLUSIVE -> SHARED
DBimpl - UNLOCK REQUEST: 0x3f44b680 0
[1773159769.200614729] UNLOCK pid=34740 fd=14: SHARED -> NO_LOCK
DBimpl - LOCK REQUEST: 0x3f44b680 1
[1773159769.201032735] LOCK pid=34740 fd=14: NO_LOCK -> SHARED (fallback)
[1773159769.201033973] LOCK pid=34740 fd=14: SHARED -> SHARED
DBimpl - LOCK REQUEST: 0x3f44b680 2
[1773159769.201041514] LOCK pid=34740 fd=14: SHARED -> RESERVED
DBimpl - LOCK REQUEST: 0x3f44b680 4
[1773159769.201134821] LOCK pid=34740 fd=14: RESERVED -> PENDING
[1773159769.201136544] LOCK pid=34740 fd=14: PENDING -> EXCLUSIVE
DBimpl - UNLOCK REQUEST: 0x3f44b680 1
[1773159769.202901712] UNLOCK pid=34740 fd=14: EXCLUSIVE -> SHARED
DBimpl - UNLOCK REQUEST: 0x3f44b680 0
[1773159769.202905446] UNLOCK pid=34740 fd=14: SHARED -> NO_LOCK
DBimpl - LOCK REQUEST: 0x3f44b680 1
[1773159769.203893545] LOCK pid=34740 fd=14: NO_LOCK -> SHARED (fallback)
[1773159769.203894842] LOCK pid=34740 fd=14: SHARED -> SHARED
DBimpl - LOCK REQUEST: 0x3f44b680 2
[1773159769.203902611] LOCK pid=34740 fd=14: SHARED -> RESERVED
DBimpl - LOCK REQUEST: 0x3f44b680 4
[1773159769.203977962] LOCK pid=34740 fd=14: RESERVED -> PENDING
[1773159769.203979642] LOCK pid=34740 fd=14: PENDING -> EXCLUSIVE
DBimpl - UNLOCK REQUEST: 0x3f44b680 1
[1773159769.205589704] UNLOCK pid=34740 fd=14: EXCLUSIVE -> SHARED
DBimpl - UNLOCK REQUEST: 0x3f44b680 0
[1773159769.205593246] UNLOCK pid=34740 fd=14: SHARED -> NO_LOCK
DBimpl - LOCK REQUEST: 0x3f44b680 1
[1773159769.205799905] LOCK pid=34740 fd=14: NO_LOCK -> SHARED (fallback)
[1773159769.205801138] LOCK pid=34740 fd=14: SHARED -> SHARED
DBimpl - LOCK REQUEST: 0x3f44b680 2
[1773159769.205809340] LOCK pid=34740 fd=14: SHARED -> RESERVED
DBimpl - LOCK REQUEST: 0x3f44b680 4
[1773159769.205894700] LOCK pid=34740 fd=14: RESERVED -> PENDING
[1773159769.205896449] LOCK pid=34740 fd=14: PENDING -> EXCLUSIVE
DBimpl - LOCK REQUEST: 0x3f44b680 1
DBimpl - UNLOCK REQUEST: 0x3f44b680 1
[1773159769.208123309] UNLOCK pid=34740 fd=14: EXCLUSIVE -> SHARED
DBimpl - UNLOCK REQUEST: 0x3f44b680 0
[1773159769.208126783] UNLOCK pid=34740 fd=14: SHARED -> NO_LOCK
DBimpl - LOCK REQUEST: 0x3f44b680 1
[1773159769.208196758] LOCK pid=34740 fd=14: NO_LOCK -> SHARED (fallback)
[1773159769.208198689] LOCK pid=34740 fd=14: SHARED -> SHARED
DBimpl - LOCK REQUEST: 0x3f44b680 2
[1773159769.208206197] LOCK pid=34740 fd=14: SHARED -> RESERVED
DBimpl - LOCK REQUEST: 0x3f44b680 4
[1773159769.208272261] LOCK pid=34740 fd=14: RESERVED -> PENDING
[1773159769.208273920] LOCK pid=34740 fd=14: PENDING -> EXCLUSIVE
DBimpl - UNLOCK REQUEST: 0x3f44b680 1
[1773159769.210561704] UNLOCK pid=34740 fd=14: EXCLUSIVE -> SHARED
DBimpl - UNLOCK REQUEST: 0x3f44b680 0
[1773159769.210565279] UNLOCK pid=34740 fd=14: SHARED -> NO_LOCK
DBimpl - LOCK REQUEST: 0x3f44b680 1
[1773159769.210819754] LOCK pid=34740 fd=14: NO_LOCK -> SHARED (fallback)
[1773159769.210820862] LOCK pid=34740 fd=14: SHARED -> SHARED
DBimpl - LOCK REQUEST: 0x3f44b680 2
[1773159769.210828153] LOCK pid=34740 fd=14: SHARED -> RESERVED
DBimpl - LOCK REQUEST: 0x3f44b680 4
[1773159769.210894741] LOCK pid=34740 fd=14: RESERVED -> PENDING
[1773159769.210896342] LOCK pid=34740 fd=14: PENDING -> EXCLUSIVE
DBimpl - LOCK REQUEST: 0x3f44b680 1
DBimpl - UNLOCK REQUEST: 0x3f44b680 1
[1773159769.214788082] UNLOCK pid=34740 fd=14: EXCLUSIVE -> SHARED
DBimpl - UNLOCK REQUEST: 0x3f44b680 0
[1773159769.214792339] UNLOCK pid=34740 fd=14: SHARED -> NO_LOCK
DBimpl - LOCK REQUEST: 0x3f44b680 1
[1773159769.215763699] LOCK pid=34740 fd=14: NO_LOCK -> SHARED (fallback)
[1773159769.215764916] LOCK pid=34740 fd=14: SHARED -> SHARED
DBimpl - LOCK REQUEST: 0x3f44b680 2
[1773159769.215773381] LOCK pid=34740 fd=14: SHARED -> RESERVED
DBimpl - LOCK REQUEST: 0x3f44b680 4
[1773159769.215847554] LOCK pid=34740 fd=14: RESERVED -> PENDING
[1773159769.215849193] LOCK pid=34740 fd=14: PENDING -> EXCLUSIVE
DBimpl - UNLOCK REQUEST: 0x3f44b680 1
[1773159769.217479889] UNLOCK pid=34740 fd=14: EXCLUSIVE -> SHARED
DBimpl - UNLOCK REQUEST: 0x3f44b680 0
[1773159769.217483598] UNLOCK pid=34740 fd=14: SHARED -> NO_LOCK
DBimpl - LOCK REQUEST: 0x3f44b680 1
[1773159769.219084719] LOCK pid=34740 fd=14: NO_LOCK -> SHARED (fallback)
[1773159769.219085981] LOCK pid=34740 fd=14: SHARED -> SHARED
DBimpl - LOCK REQUEST: 0x3f44b680 2
[1773159769.219093764] LOCK pid=34740 fd=14: SHARED -> RESERVED
DBimpl - LOCK REQUEST: 0x3f44b680 4
[1773159769.219175094] LOCK pid=34740 fd=14: RESERVED -> PENDING
[1773159769.219176699] LOCK pid=34740 fd=14: PENDING -> EXCLUSIVE
DBimpl - UNLOCK REQUEST: 0x3f44b680 1
[1773159769.220783992] UNLOCK pid=34740 fd=14: EXCLUSIVE -> SHARED
DBimpl - UNLOCK REQUEST: 0x3f44b680 0
[1773159769.220787543] UNLOCK pid=34740 fd=14: SHARED -> NO_LOCK
DBimpl - LOCK REQUEST: 0x3f44b680 1
[1773159769.220943419] LOCK pid=34740 fd=14: NO_LOCK -> SHARED (fallback)
[1773159769.220944584] LOCK pid=34740 fd=14: SHARED -> SHARED
DBimpl - LOCK REQUEST: 0x3f44b680 2
[1773159769.220952083] LOCK pid=34740 fd=14: SHARED -> RESERVED
DBimpl - LOCK REQUEST: 0x3f44b680 4
[1773159769.221016864] LOCK pid=34740 fd=14: RESERVED -> PENDING
[1773159769.221018491] LOCK pid=34740 fd=14: PENDING -> EXCLUSIVE
DBimpl - LOCK REQUEST: 0x3f44b680 1
DBimpl - UNLOCK REQUEST: 0x3f44b680 1
[1773159769.223197541] UNLOCK pid=34740 fd=14: EXCLUSIVE -> SHARED
DBimpl - UNLOCK REQUEST: 0x3f44b680 0
[1773159769.223201680] UNLOCK pid=34740 fd=14: SHARED -> NO_LOCK
DBimpl - LOCK REQUEST: 0x3f44b680 1
[1773159769.224951593] LOCK pid=34740 fd=14: NO_LOCK -> SHARED (fallback)
[1773159769.224952989] LOCK pid=34740 fd=14: SHARED -> SHARED
DBimpl - LOCK REQUEST: 0x3f44b680 2
[1773159769.224961254] LOCK pid=34740 fd=14: SHARED -> RESERVED
DBimpl - LOCK REQUEST: 0x3f44b680 4
[1773159769.225033471] LOCK pid=34740 fd=14: RESERVED -> PENDING
[1773159769.225035234] LOCK pid=34740 fd=14: PENDING -> EXCLUSIVE
DBimpl - UNLOCK REQUEST: 0x3f44b680 1
[1773159769.226767996] UNLOCK pid=34740 fd=14: EXCLUSIVE -> SHARED
DBimpl - UNLOCK REQUEST: 0x3f44b680 0
[1773159769.226771584] UNLOCK pid=34740 fd=14: SHARED -> NO_LOCK
DBimpl - LOCK REQUEST: 0x3f44b680 1
[1773159769.227826040] LOCK pid=34740 fd=14: NO_LOCK -> SHARED (fallback)
[1773159769.227827440] LOCK pid=34740 fd=14: SHARED -> SHARED
DBimpl - LOCK REQUEST: 0x3f44b680 2
[1773159769.227838373] LOCK pid=34740 fd=14: SHARED -> RESERVED
DBimpl - LOCK REQUEST: 0x3f44b680 4
[1773159769.227905341] LOCK pid=34740 fd=14: RESERVED -> PENDING
[1773159769.227907160] LOCK pid=34740 fd=14: PENDING -> EXCLUSIVE
DBimpl - UNLOCK REQUEST: 0x3f44b680 1
[1773159769.229607648] UNLOCK pid=34740 fd=14: EXCLUSIVE -> SHARED
DBimpl - UNLOCK REQUEST: 0x3f44b680 0
[1773159769.229611621] UNLOCK pid=34740 fd=14: SHARED -> NO_LOCK
DBimpl - LOCK REQUEST: 0x3f44b680 1
[1773159769.230072052] LOCK pid=34740 fd=14: NO_LOCK -> SHARED (fallback)
[1773159769.230073204] LOCK pid=34740 fd=14: SHARED -> SHARED
DBimpl - LOCK REQUEST: 0x3f44b680 2
[1773159769.230080679] LOCK pid=34740 fd=14: SHARED -> RESERVED
DBimpl - LOCK REQUEST: 0x3f44b680 4
[1773159769.230145606] LOCK pid=34740 fd=14: RESERVED -> PENDING
[1773159769.230147250] LOCK pid=34740 fd=14: PENDING -> EXCLUSIVE
DBimpl - UNLOCK REQUEST: 0x3f44b680 1
[1773159769.231798712] UNLOCK pid=34740 fd=14: EXCLUSIVE -> SHARED
DBimpl - UNLOCK REQUEST: 0x3f44b680 0
[1773159769.231802390] UNLOCK pid=34740 fd=14: SHARED -> NO_LOCK
DBimpl - LOCK REQUEST: 0x3f44b680 1
[1773159769.231872868] LOCK pid=34740 fd=14: NO_LOCK -> SHARED (fallback)
[1773159769.231874038] LOCK pid=34740 fd=14: SHARED -> SHARED
DBimpl - LOCK REQUEST: 0x3f44b680 2
[1773159769.231881378] LOCK pid=34740 fd=14: SHARED -> RESERVED
DBimpl - LOCK REQUEST: 0x3f44b680 4
[1773159769.231942781] LOCK pid=34740 fd=14: RESERVED -> PENDING
[1773159769.231944710] LOCK pid=34740 fd=14: PENDING -> EXCLUSIVE
DBimpl - UNLOCK REQUEST: 0x3f44b680 1
[1773159769.233543071] UNLOCK pid=34740 fd=14: EXCLUSIVE -> SHARED
DBimpl - UNLOCK REQUEST: 0x3f44b680 0
[1773159769.233546570] UNLOCK pid=34740 fd=14: SHARED -> NO_LOCK
DBimpl - LOCK REQUEST: 0x3f44b680 1
[1773159769.233623284] LOCK pid=34740 fd=14: NO_LOCK -> SHARED (fallback)
[1773159769.233624756] LOCK pid=34740 fd=14: SHARED -> SHARED
DBimpl - LOCK REQUEST: 0x3f44b680 2
[1773159769.233632115] LOCK pid=34740 fd=14: SHARED -> RESERVED
DBimpl - LOCK REQUEST: 0x3f44b680 4
[1773159769.233695276] LOCK pid=34740 fd=14: RESERVED -> PENDING
[1773159769.233696855] LOCK pid=34740 fd=14: PENDING -> EXCLUSIVE
DBimpl - UNLOCK REQUEST: 0x3f44b680 1
[1773159769.235316366] UNLOCK pid=34740 fd=14: EXCLUSIVE -> SHARED
DBimpl - UNLOCK REQUEST: 0x3f44b680 0
[1773159769.235319837] UNLOCK pid=34740 fd=14: SHARED -> NO_LOCK
DBimpl - LOCK REQUEST: 0x3f44b680 1
[1773159769.235828368] LOCK pid=34740 fd=14: NO_LOCK -> SHARED (fallback)
[1773159769.235829726] LOCK pid=34740 fd=14: SHARED -> SHARED
DBimpl - LOCK REQUEST: 0x3f44b680 2
[1773159769.235837446] LOCK pid=34740 fd=14: SHARED -> RESERVED
DBimpl - LOCK REQUEST: 0x3f44b680 4
[1773159769.235901598] LOCK pid=34740 fd=14: RESERVED -> PENDING
[1773159769.235903229] LOCK pid=34740 fd=14: PENDING -> EXCLUSIVE
DBimpl - UNLOCK REQUEST: 0x3f44b680 1
[1773159769.237546715] UNLOCK pid=34740 fd=14: EXCLUSIVE -> SHARED
DBimpl - UNLOCK REQUEST: 0x3f44b680 0
[1773159769.237550152] UNLOCK pid=34740 fd=14: SHARED -> NO_LOCK
DBimpl - LOCK REQUEST: 0x3f44b680 1
[1773159769.239944344] LOCK pid=34740 fd=14: NO_LOCK -> SHARED (fallback)
[1773159769.239945600] LOCK pid=34740 fd=14: SHARED -> SHARED
DBimpl - LOCK REQUEST: 0x3f44b680 2
[1773159769.239953095] LOCK pid=34740 fd=14: SHARED -> RESERVED
DBimpl - LOCK REQUEST: 0x3f44b680 4
[1773159769.240013568] LOCK pid=34740 fd=14: RESERVED -> PENDING
[1773159769.240015130] LOCK pid=34740 fd=14: PENDING -> EXCLUSIVE
DBimpl - LOCK REQUEST: 0x3f44b680 1
DBimpl - UNLOCK REQUEST: 0x3f44b680 1
[1773159769.241657492] UNLOCK pid=34740 fd=14: EXCLUSIVE -> SHARED
DBimpl - UNLOCK REQUEST: 0x3f44b680 0
[1773159769.241700144] UNLOCK pid=34740 fd=14: SHARED -> NO_LOCK
DBimpl - LOCK REQUEST: 0x3f44b680 1
[1773159769.242856393] LOCK pid=34740 fd=14: NO_LOCK -> SHARED (fallback)
[1773159769.242857941] LOCK pid=34740 fd=14: SHARED -> SHARED
DBimpl - LOCK REQUEST: 0x3f44b680 2
[1773159769.242865770] LOCK pid=34740 fd=14: SHARED -> RESERVED
DBimpl - LOCK REQUEST: 0x3f44b680 4
[1773159769.242929623] LOCK pid=34740 fd=14: RESERVED -> PENDING
[1773159769.242931268] LOCK pid=34740 fd=14: PENDING -> EXCLUSIVE
DBimpl - UNLOCK REQUEST: 0x3f44b680 1
[1773159769.244630418] UNLOCK pid=34740 fd=14: EXCLUSIVE -> SHARED
DBimpl - UNLOCK REQUEST: 0x3f44b680 0
[1773159769.244633857] UNLOCK pid=34740 fd=14: SHARED -> NO_LOCK
DBimpl - LOCK REQUEST: 0x3f44b680 1
[1773159769.248150360] LOCK pid=34740 fd=14: NO_LOCK -> SHARED (fallback)
[1773159769.248151990] LOCK pid=34740 fd=14: SHARED -> SHARED
DBimpl - LOCK REQUEST: 0x3f44b680 2
[1773159769.248159744] LOCK pid=34740 fd=14: SHARED -> RESERVED
DBimpl - LOCK REQUEST: 0x3f44b680 4
[1773159769.248221596] LOCK pid=34740 fd=14: RESERVED -> PENDING
[1773159769.248223202] LOCK pid=34740 fd=14: PENDING -> EXCLUSIVE
DBimpl - UNLOCK REQUEST: 0x3f44b680 1
[1773159769.249792914] UNLOCK pid=34740 fd=14: EXCLUSIVE -> SHARED
DBimpl - UNLOCK REQUEST: 0x3f44b680 0
[1773159769.249796411] UNLOCK pid=34740 fd=14: SHARED -> NO_LOCK
DBimpl - LOCK REQUEST: 0x3f44b680 1
[1773159769.251643715] LOCK pid=34740 fd=14: NO_LOCK -> SHARED (fallback)
[1773159769.251645250] LOCK pid=34740 fd=14: SHARED -> SHARED
DBimpl - LOCK REQUEST: 0x3f44b680 2
[1773159769.251654488] LOCK pid=34740 fd=14: SHARED -> RESERVED
DBimpl - LOCK REQUEST: 0x3f44b680 4
[1773159769.251731469] LOCK pid=34740 fd=14: RESERVED -> PENDING
[1773159769.251733172] LOCK pid=34740 fd=14: PENDING -> EXCLUSIVE
DBimpl - UNLOCK REQUEST: 0x3f44b680 1
[1773159769.253331516] UNLOCK pid=34740 fd=14: EXCLUSIVE -> SHARED
DBimpl - UNLOCK REQUEST: 0x3f44b680 0
[1773159769.253335249] UNLOCK pid=34740 fd=14: SHARED -> NO_LOCK
DBimpl - LOCK REQUEST: 0x3f44b680 1
[1773159769.254147688] LOCK pid=34740 fd=14: NO_LOCK -> SHARED (fallback)
[1773159769.254149007] LOCK pid=34740 fd=14: SHARED -> SHARED
DBimpl - LOCK REQUEST: 0x3f44b680 2
[1773159769.254156962] LOCK pid=34740 fd=14: SHARED -> RESERVED
DBimpl - LOCK REQUEST: 0x3f44b680 4
[1773159769.254224584] LOCK pid=34740 fd=14: RESERVED -> PENDING
[1773159769.254226233] LOCK pid=34740 fd=14: PENDING -> EXCLUSIVE
DBimpl - UNLOCK REQUEST: 0x3f44b680 1
[1773159769.255866154] UNLOCK pid=34740 fd=14: EXCLUSIVE -> SHARED
DBimpl - UNLOCK REQUEST: 0x3f44b680 0
[1773159769.255869617] UNLOCK pid=34740 fd=14: SHARED -> NO_LOCK
DBimpl - LOCK REQUEST: 0x3f44b680 1
[1773159769.256062400] LOCK pid=34740 fd=14: NO_LOCK -> SHARED (fallback)
[1773159769.256063529] LOCK pid=34740 fd=14: SHARED -> SHARED
DBimpl - LOCK REQUEST: 0x3f44b680 2
[1773159769.256071023] LOCK pid=34740 fd=14: SHARED -> RESERVED
DBimpl - LOCK REQUEST: 0x3f44b680 4
[1773159769.256136469] LOCK pid=34740 fd=14: RESERVED -> PENDING
[1773159769.256138562] LOCK pid=34740 fd=14: PENDING -> EXCLUSIVE
DBimpl - UNLOCK REQUEST: 0x3f44b680 1
[1773159769.257914152] UNLOCK pid=34740 fd=14: EXCLUSIVE -> SHARED
DBimpl - UNLOCK REQUEST: 0x3f44b680 0
[1773159769.257918571] UNLOCK pid=34740 fd=14: SHARED -> NO_LOCK
DBimpl - LOCK REQUEST: 0x3f44b680 1
[1773159769.258117925] LOCK pid=34740 fd=14: NO_LOCK -> SHARED (fallback)
[1773159769.258119065] LOCK pid=34740 fd=14: SHARED -> SHARED
DBimpl - LOCK REQUEST: 0x3f44b680 2
[1773159769.258127375] LOCK pid=34740 fd=14: SHARED -> RESERVED
DBimpl - LOCK REQUEST: 0x3f44b680 4
[1773159769.258202868] LOCK pid=34740 fd=14: RESERVED -> PENDING
[1773159769.258204548] LOCK pid=34740 fd=14: PENDING -> EXCLUSIVE
DBimpl - UNLOCK REQUEST: 0x3f44b680 1
[1773159769.259790375] UNLOCK pid=34740 fd=14: EXCLUSIVE -> SHARED
DBimpl - UNLOCK REQUEST: 0x3f44b680 0
[1773159769.259794441] UNLOCK pid=34740 fd=14: SHARED -> NO_LOCK
DBimpl - LOCK REQUEST: 0x3f44b680 1
[1773159769.260249750] LOCK pid=34740 fd=14: NO_LOCK -> SHARED (fallback)
[1773159769.260250893] LOCK pid=34740 fd=14: SHARED -> SHARED
DBimpl - LOCK REQUEST: 0x3f44b680 2
[1773159769.260258582] LOCK pid=34740 fd=14: SHARED -> RESERVED
DBimpl - LOCK REQUEST: 0x3f44b680 4
[1773159769.260325380] LOCK pid=34740 fd=14: RESERVED -> PENDING
[1773159769.260326993] LOCK pid=34740 fd=14: PENDING -> EXCLUSIVE
DBimpl - UNLOCK REQUEST: 0x3f44b680 1
[1773159769.262012206] UNLOCK pid=34740 fd=14: EXCLUSIVE -> SHARED
DBimpl - UNLOCK REQUEST: 0x3f44b680 0
[1773159769.262018400] UNLOCK pid=34740 fd=14: SHARED -> NO_LOCK
DBimpl - LOCK REQUEST: 0x3f44b680 1
[1773159769.262183758] LOCK pid=34740 fd=14: NO_LOCK -> SHARED (fallback)
[1773159769.262184994] LOCK pid=34740 fd=14: SHARED -> SHARED
DBimpl - LOCK REQUEST: 0x3f44b680 2
[1773159769.262193630] LOCK pid=34740 fd=14: SHARED -> RESERVED
DBimpl - LOCK REQUEST: 0x3f44b680 4
[1773159769.262264003] LOCK pid=34740 fd=14: RESERVED -> PENDING
[1773159769.262265891] LOCK pid=34740 fd=14: PENDING -> EXCLUSIVE
DBimpl - UNLOCK REQUEST: 0x3f44b680 1
[1773159769.263922978] UNLOCK pid=34740 fd=14: EXCLUSIVE -> SHARED
DBimpl - UNLOCK REQUEST: 0x3f44b680 0
[1773159769.263926398] UNLOCK pid=34740 fd=14: SHARED -> NO_LOCK
DBimpl - LOCK REQUEST: 0x3f44b680 1
[1773159769.264411615] LOCK pid=34740 fd=14: NO_LOCK -> SHARED (fallback)
[1773159769.264412784] LOCK pid=34740 fd=14: SHARED -> SHARED
DBimpl - LOCK REQUEST: 0x3f44b680 2
[1773159769.264420630] LOCK pid=34740 fd=14: SHARED -> RESERVED
DBimpl - LOCK REQUEST: 0x3f44b680 4
[1773159769.264539385] LOCK pid=34740 fd=14: RESERVED -> PENDING
[1773159769.264541210] LOCK pid=34740 fd=14: PENDING -> EXCLUSIVE
DBimpl - UNLOCK REQUEST: 0x3f44b680 1
[1773159769.266212550] UNLOCK pid=34740 fd=14: EXCLUSIVE -> SHARED
DBimpl - UNLOCK REQUEST: 0x3f44b680 0
[1773159769.266217199] UNLOCK pid=34740 fd=14: SHARED -> NO_LOCK
DBimpl - LOCK REQUEST: 0x3f44b680 1
[1773159769.266492629] LOCK pid=34739 fd=12: NO_LOCK -> SHARED (fallback)
[1773159769.266495539] LOCK pid=34739 fd=12: SHARED -> SHARED
DBimpl - LOCK REQUEST: 0x3f44b680 2
[1773159769.266515072] LOCK pid=34739 fd=12: SHARED -> RESERVED
DBimpl - LOCK REQUEST: 0x3f44b680 1
[1773159769.267215457] LOCK pid=34740 fd=14: NO_LOCK -> SHARED (fallback)
[1773159769.267216920] LOCK pid=34740 fd=14: SHARED -> SHARED
DBimpl - LOCK REQUEST: 0x3f44b680 2
DBimpl - UNLOCK REQUEST: 0x3f44b680 0
[1773159769.267230091] UNLOCK pid=34740 fd=14: SHARED -> NO_LOCK
DBimpl - LOCK REQUEST: 0x3f44b680 1
[1773159769.268309033] LOCK pid=34740 fd=14: NO_LOCK -> SHARED (fallback)
[1773159769.268310184] LOCK pid=34740 fd=14: SHARED -> SHARED
DBimpl - LOCK REQUEST: 0x3f44b680 2
DBimpl - UNLOCK REQUEST: 0x3f44b680 0
[1773159769.268318154] UNLOCK pid=34740 fd=14: SHARED -> NO_LOCK
DBimpl - LOCK REQUEST: 0x3f44b680 1
[1773159769.270400962] LOCK pid=34740 fd=14: NO_LOCK -> SHARED (fallback)
[1773159769.270402576] LOCK pid=34740 fd=14: SHARED -> SHARED
DBimpl - LOCK REQUEST: 0x3f44b680 2
DBimpl - UNLOCK REQUEST: 0x3f44b680 0
[1773159769.270412223] UNLOCK pid=34740 fd=14: SHARED -> NO_LOCK
DBimpl - LOCK REQUEST: 0x3f44b680 4
[1773159769.274381090] LOCK pid=34739 fd=12: RESERVED -> PENDING
[1773159769.274385228] LOCK pid=34739 fd=12: PENDING -> EXCLUSIVE
DBimpl - LOCK REQUEST: 0x3f44b680 1
DBimpl - UNLOCK REQUEST: 0x3f44b680 1
[1773159769.276943663] UNLOCK pid=34739 fd=12: EXCLUSIVE -> SHARED
DBimpl - UNLOCK REQUEST: 0x3f44b680 0
[1773159769.276949264] UNLOCK pid=34739 fd=12: SHARED -> NO_LOCK
DBimpl - LOCK REQUEST: 0x3f44b680 1
[1773159769.278393516] LOCK pid=34739 fd=12: NO_LOCK -> SHARED (fallback)
[1773159769.278394973] LOCK pid=34739 fd=12: SHARED -> SHARED
DBimpl - LOCK REQUEST: 0x3f44b680 2
[1773159769.278406037] LOCK pid=34739 fd=12: SHARED -> RESERVED
DBimpl - LOCK REQUEST: 0x3f44b680 4
[1773159769.284594998] LOCK pid=34739 fd=12: RESERVED -> PENDING
[1773159769.284596987] LOCK pid=34739 fd=12: PENDING -> EXCLUSIVE
DBimpl - UNLOCK REQUEST: 0x3f44b680 1
[1773159769.284601182] UNLOCK pid=34739 fd=12: EXCLUSIVE -> SHARED
DBimpl - UNLOCK REQUEST: 0x3f44b680 0
[1773159769.284604912] UNLOCK pid=34739 fd=12: SHARED -> NO_LOCK
DBimpl - LOCK REQUEST: 0x3f44b680 1
[1773159769.284736634] LOCK pid=34739 fd=12: NO_LOCK -> SHARED (fallback)
[1773159769.284737928] LOCK pid=34739 fd=12: SHARED -> SHARED
DBimpl - LOCK REQUEST: 0x3f44b680 2
[1773159769.284746013] LOCK pid=34739 fd=12: SHARED -> RESERVED
DBimpl - LOCK REQUEST: 0x3f44b680 1
[1773159769.285572968] LOCK pid=34740 fd=14: NO_LOCK -> SHARED (fallback)
[1773159769.285575100] LOCK pid=34740 fd=14: SHARED -> SHARED
DBimpl - LOCK REQUEST: 0x3f44b680 2
DBimpl - UNLOCK REQUEST: 0x3f44b680 0
[1773159769.285597111] UNLOCK pid=34740 fd=14: SHARED -> NO_LOCK
DBimpl - LOCK REQUEST: 0x3f44b680 4
[1773159769.291871244] LOCK pid=34739 fd=12: RESERVED -> PENDING
[1773159769.291873892] LOCK pid=34739 fd=12: PENDING -> EXCLUSIVE
DBimpl - UNLOCK REQUEST: 0x3f44b680 1
[1773159769.291878275] UNLOCK pid=34739 fd=12: EXCLUSIVE -> SHARED
DBimpl - UNLOCK REQUEST: 0x3f44b680 0
[1773159769.291882196] UNLOCK pid=34739 fd=12: SHARED -> NO_LOCK
DBimpl - LOCK REQUEST: 0x3f44b680 1
[1773159769.292215235] LOCK pid=34739 fd=12: NO_LOCK -> SHARED (fallback)
[1773159769.292216835] LOCK pid=34739 fd=12: SHARED -> SHARED
DBimpl - LOCK REQUEST: 0x3f44b680 2
[1773159769.292226118] LOCK pid=34739 fd=12: SHARED -> RESERVED
DBimpl - LOCK REQUEST: 0x3f44b680 4
[1773159769.296252851] LOCK pid=34739 fd=12: RESERVED -> PENDING
[1773159769.296254385] LOCK pid=34739 fd=12: PENDING -> EXCLUSIVE
DBimpl - UNLOCK REQUEST: 0x3f44b680 1
[1773159769.296257345] UNLOCK pid=34739 fd=12: EXCLUSIVE -> SHARED
DBimpl - UNLOCK REQUEST: 0x3f44b680 0
[1773159769.296259974] UNLOCK pid=34739 fd=12: SHARED -> NO_LOCK
DBimpl - LOCK REQUEST: 0x3f44b680 1
[1773159769.297702911] LOCK pid=34739 fd=12: NO_LOCK -> SHARED (fallback)
[1773159769.297704048] LOCK pid=34739 fd=12: SHARED -> SHARED
DBimpl - LOCK REQUEST: 0x3f44b680 2
[1773159769.297712879] LOCK pid=34739 fd=12: SHARED -> RESERVED
DBimpl - LOCK REQUEST: 0x3f44b680 1
[1773159769.300858616] LOCK pid=34740 fd=14: NO_LOCK -> SHARED (fallback)
[1773159769.300877916] LOCK pid=34740 fd=14: SHARED -> SHARED
DBimpl - LOCK REQUEST: 0x3f44b680 2
DBimpl - UNLOCK REQUEST: 0x3f44b680 0
[1773159769.301008867] UNLOCK pid=34740 fd=14: SHARED -> NO_LOCK
DBimpl - LOCK REQUEST: 0x3f44b680 4
[1773159769.302935050] LOCK pid=34739 fd=12: RESERVED -> PENDING
[1773159769.302937173] LOCK pid=34739 fd=12: PENDING -> EXCLUSIVE
DBimpl - UNLOCK REQUEST: 0x3f44b680 1
[1773159769.302940921] UNLOCK pid=34739 fd=12: EXCLUSIVE -> SHARED
DBimpl - UNLOCK REQUEST: 0x3f44b680 0
[1773159769.302944372] UNLOCK pid=34739 fd=12: SHARED -> NO_LOCK
DBimpl - LOCK REQUEST: 0x3f44b680 1
[1773159769.303201528] LOCK pid=34739 fd=12: NO_LOCK -> SHARED (fallback)
[1773159769.303202750] LOCK pid=34739 fd=12: SHARED -> SHARED
DBimpl - LOCK REQUEST: 0x3f44b680 2
[1773159769.303210637] LOCK pid=34739 fd=12: SHARED -> RESERVED
DBimpl - LOCK REQUEST: 0x3f44b680 4
[1773159769.307190383] LOCK pid=34739 fd=12: RESERVED -> PENDING
[1773159769.307192579] LOCK pid=34739 fd=12: PENDING -> EXCLUSIVE
DBimpl - UNLOCK REQUEST: 0x3f44b680 1
[1773159769.307195996] UNLOCK pid=34739 fd=12: EXCLUSIVE -> SHARED
DBimpl - UNLOCK REQUEST: 0x3f44b680 0
[1773159769.307199167] UNLOCK pid=34739 fd=12: SHARED -> NO_LOCK
DBimpl - LOCK REQUEST: 0x3f44b680 1
[1773159769.307864204] LOCK pid=34739 fd=12: NO_LOCK -> SHARED (fallback)
[1773159769.307867091] LOCK pid=34739 fd=12: SHARED -> SHARED
DBimpl - LOCK REQUEST: 0x3f44b680 2
[1773159769.307884282] LOCK pid=34739 fd=12: SHARED -> RESERVED
DBimpl - LOCK REQUEST: 0x3f44b680 1
[1773159769.312784744] LOCK pid=34738 fd=10: NO_LOCK -> SHARED (fallback)
[1773159769.312787072] LOCK pid=34738 fd=10: SHARED -> SHARED
DBimpl - LOCK REQUEST: 0x3f44b680 2
DBimpl - UNLOCK REQUEST: 0x3f44b680 0
[1773159769.312804721] UNLOCK pid=34738 fd=10: SHARED -> NO_LOCK
DBimpl - LOCK REQUEST: 0x3f44b680 4
[1773159769.317035857] LOCK pid=34739 fd=12: RESERVED -> PENDING
[1773159769.317038426] LOCK pid=34739 fd=12: PENDING -> EXCLUSIVE
DBimpl - UNLOCK REQUEST: 0x3f44b680 1
[1773159769.317044270] UNLOCK pid=34739 fd=12: EXCLUSIVE -> SHARED
DBimpl - UNLOCK REQUEST: 0x3f44b680 0
[1773159769.317049640] UNLOCK pid=34739 fd=12: SHARED -> NO_LOCK
DBimpl - LOCK REQUEST: 0x3f44b680 1
[1773159769.319116056] LOCK pid=34739 fd=12: NO_LOCK -> SHARED (fallback)
[1773159769.319118213] LOCK pid=34739 fd=12: SHARED -> SHARED
DBimpl - LOCK REQUEST: 0x3f44b680 2
[1773159769.319130324] LOCK pid=34739 fd=12: SHARED -> RESERVED
DBimpl - LOCK REQUEST: 0x3f44b680 1
[1773159769.321102750] LOCK pid=34740 fd=14: NO_LOCK -> SHARED (fallback)
[1773159769.321112478] LOCK pid=34740 fd=14: SHARED -> SHARED
DBimpl - LOCK REQUEST: 0x3f44b680 2
DBimpl - UNLOCK REQUEST: 0x3f44b680 0
[1773159769.321130710] UNLOCK pid=34740 fd=14: SHARED -> NO_LOCK
DBimpl - LOCK REQUEST: 0x3f44b680 4
[1773159769.321385302] LOCK pid=34739 fd=12: RESERVED -> PENDING
[1773159769.321388098] LOCK pid=34739 fd=12: PENDING -> EXCLUSIVE
DBimpl - UNLOCK REQUEST: 0x3f44b680 1
[1773159769.321393802] UNLOCK pid=34739 fd=12: EXCLUSIVE -> SHARED
DBimpl - UNLOCK REQUEST: 0x3f44b680 0
[1773159769.321399103] UNLOCK pid=34739 fd=12: SHARED -> NO_LOCK
DBimpl - LOCK REQUEST: 0x3f44b680 1
[1773159769.321645734] LOCK pid=34739 fd=12: NO_LOCK -> SHARED (fallback)
[1773159769.321647520] LOCK pid=34739 fd=12: SHARED -> SHARED
DBimpl - LOCK REQUEST: 0x3f44b680 2
[1773159769.321657485] LOCK pid=34739 fd=12: SHARED -> RESERVED
DBimpl - LOCK REQUEST: 0x3f44b680 4
[1773159769.325200671] LOCK pid=34739 fd=12: RESERVED -> PENDING
[1773159769.325203326] LOCK pid=34739 fd=12: PENDING -> EXCLUSIVE
DBimpl - UNLOCK REQUEST: 0x3f44b680 1
[1773159769.325208218] UNLOCK pid=34739 fd=12: EXCLUSIVE -> SHARED
DBimpl - UNLOCK REQUEST: 0x3f44b680 0
[1773159769.325212473] UNLOCK pid=34739 fd=12: SHARED -> NO_LOCK
DBimpl - LOCK REQUEST: 0x3f44b680 1
[1773159769.326994517] LOCK pid=34739 fd=12: NO_LOCK -> SHARED (fallback)
[1773159769.326997671] LOCK pid=34739 fd=12: SHARED -> SHARED
DBimpl - LOCK REQUEST: 0x3f44b680 2
[1773159769.327015998] LOCK pid=34739 fd=12: SHARED -> RESERVED
DBimpl - LOCK REQUEST: 0x3f44b680 4
[1773159769.335574835] LOCK pid=34739 fd=12: RESERVED -> PENDING
[1773159769.335577714] LOCK pid=34739 fd=12: PENDING -> EXCLUSIVE
DBimpl - UNLOCK REQUEST: 0x3f44b680 1
[1773159769.335583904] UNLOCK pid=34739 fd=12: EXCLUSIVE -> SHARED
DBimpl - UNLOCK REQUEST: 0x3f44b680 0
[1773159769.335589929] UNLOCK pid=34739 fd=12: SHARED -> NO_LOCK
DBimpl - LOCK REQUEST: 0x3f44b680 1
[1773159769.336392314] LOCK pid=34739 fd=12: NO_LOCK -> SHARED (fallback)
[1773159769.336394386] LOCK pid=34739 fd=12: SHARED -> SHARED
DBimpl - LOCK REQUEST: 0x3f44b680 2
[1773159769.336405993] LOCK pid=34739 fd=12: SHARED -> RESERVED
DBimpl - LOCK REQUEST: 0x3f44b680 4
[1773159769.340988979] LOCK pid=34739 fd=12: RESERVED -> PENDING
[1773159769.340991331] LOCK pid=34739 fd=12: PENDING -> EXCLUSIVE
DBimpl - UNLOCK REQUEST: 0x3f44b680 1
[1773159769.340996358] UNLOCK pid=34739 fd=12: EXCLUSIVE -> SHARED
DBimpl - UNLOCK REQUEST: 0x3f44b680 0
[1773159769.341001027] UNLOCK pid=34739 fd=12: SHARED -> NO_LOCK
DBimpl - LOCK REQUEST: 0x3f44b680 1
[1773159769.342074895] LOCK pid=34739 fd=12: NO_LOCK -> SHARED (fallback)
[1773159769.342076710] LOCK pid=34739 fd=12: SHARED -> SHARED
DBimpl - LOCK REQUEST: 0x3f44b680 2
[1773159769.342089774] LOCK pid=34739 fd=12: SHARED -> RESERVED
DBimpl - LOCK REQUEST: 0x3f44b680 1
[1773159769.346233704] LOCK pid=34740 fd=14: NO_LOCK -> SHARED (fallback)
[1773159769.346236174] LOCK pid=34740 fd=14: SHARED -> SHARED
DBimpl - LOCK REQUEST: 0x3f44b680 2
DBimpl - UNLOCK REQUEST: 0x3f44b680 0
[1773159769.346256452] UNLOCK pid=34740 fd=14: SHARED -> NO_LOCK
DBimpl - LOCK REQUEST: 0x3f44b680 4
[1773159769.350976852] LOCK pid=34739 fd=12: RESERVED -> PENDING
[1773159769.350979858] LOCK pid=34739 fd=12: PENDING -> EXCLUSIVE
DBimpl - UNLOCK REQUEST: 0x3f44b680 1
[1773159769.350985250] UNLOCK pid=34739 fd=12: EXCLUSIVE -> SHARED
DBimpl - UNLOCK REQUEST: 0x3f44b680 0
[1773159769.350990614] UNLOCK pid=34739 fd=12: SHARED -> NO_LOCK
DBimpl - LOCK REQUEST: 0x3f44b680 1
[1773159769.351110290] LOCK pid=34739 fd=12: NO_LOCK -> SHARED (fallback)
[1773159769.351112173] LOCK pid=34739 fd=12: SHARED -> SHARED
DBimpl - LOCK REQUEST: 0x3f44b680 2
[1773159769.351122349] LOCK pid=34739 fd=12: SHARED -> RESERVED
DBimpl - LOCK REQUEST: 0x3f44b680 4
[1773159769.355227426] LOCK pid=34739 fd=12: RESERVED -> PENDING
[1773159769.355230119] LOCK pid=34739 fd=12: PENDING -> EXCLUSIVE
DBimpl - UNLOCK REQUEST: 0x3f44b680 1
[1773159769.355234858] UNLOCK pid=34739 fd=12: EXCLUSIVE -> SHARED
DBimpl - UNLOCK REQUEST: 0x3f44b680 0
[1773159769.355258635] UNLOCK pid=34739 fd=12: SHARED -> NO_LOCK
DBimpl - LOCK REQUEST: 0x3f44b680 1
[1773159769.355897048] LOCK pid=34739 fd=12: NO_LOCK -> SHARED (fallback)
[1773159769.355899540] LOCK pid=34739 fd=12: SHARED -> SHARED
DBimpl - LOCK REQUEST: 0x3f44b680 2
[1773159769.355910038] LOCK pid=34739 fd=12: SHARED -> RESERVED
DBimpl - LOCK REQUEST: 0x3f44b680 4
[1773159769.369434581] LOCK pid=34739 fd=12: RESERVED -> PENDING
[1773159769.369438470] LOCK pid=34739 fd=12: PENDING -> EXCLUSIVE
DBimpl - UNLOCK REQUEST: 0x3f44b680 1
[1773159769.369444644] UNLOCK pid=34739 fd=12: EXCLUSIVE -> SHARED
DBimpl - UNLOCK REQUEST: 0x3f44b680 0
[1773159769.369450630] UNLOCK pid=34739 fd=12: SHARED -> NO_LOCK
DBimpl - LOCK REQUEST: 0x3f44b680 1
[1773159769.369586282] LOCK pid=34739 fd=12: NO_LOCK -> SHARED (fallback)
[1773159769.369588093] LOCK pid=34739 fd=12: SHARED -> SHARED
DBimpl - LOCK REQUEST: 0x3f44b680 2
[1773159769.369600155] LOCK pid=34739 fd=12: SHARED -> RESERVED
DBimpl - LOCK REQUEST: 0x3f44b680 1
[1773159769.371360398] LOCK pid=34740 fd=14: NO_LOCK -> SHARED (fallback)
[1773159769.371362595] LOCK pid=34740 fd=14: SHARED -> SHARED
DBimpl - LOCK REQUEST: 0x3f44b680 2
DBimpl - UNLOCK REQUEST: 0x3f44b680 0
[1773159769.371381532] UNLOCK pid=34740 fd=14: SHARED -> NO_LOCK
DBimpl - LOCK REQUEST: 0x3f44b680 4
[1773159769.375329935] LOCK pid=34739 fd=12: RESERVED -> PENDING
[1773159769.375332308] LOCK pid=34739 fd=12: PENDING -> EXCLUSIVE
DBimpl - UNLOCK REQUEST: 0x3f44b680 1
[1773159769.375336527] UNLOCK pid=34739 fd=12: EXCLUSIVE -> SHARED
DBimpl - UNLOCK REQUEST: 0x3f44b680 0
[1773159769.375341038] UNLOCK pid=34739 fd=12: SHARED -> NO_LOCK
DBimpl - LOCK REQUEST: 0x3f44b680 1
[1773159769.375856241] LOCK pid=34739 fd=12: NO_LOCK -> SHARED (fallback)
[1773159769.375857956] LOCK pid=34739 fd=12: SHARED -> SHARED
DBimpl - LOCK REQUEST: 0x3f44b680 2
[1773159769.375867243] LOCK pid=34739 fd=12: SHARED -> RESERVED
DBimpl - LOCK REQUEST: 0x3f44b680 4
[1773159769.376390034] LOCK pid=34739 fd=12: RESERVED -> PENDING
[1773159769.376392559] LOCK pid=34739 fd=12: PENDING -> EXCLUSIVE
DBimpl - UNLOCK REQUEST: 0x3f44b680 1
[1773159769.376397311] UNLOCK pid=34739 fd=12: EXCLUSIVE -> SHARED
DBimpl - UNLOCK REQUEST: 0x3f44b680 0
[1773159769.376402263] UNLOCK pid=34739 fd=12: SHARED -> NO_LOCK
DBimpl - LOCK REQUEST: 0x3f44b680 1
[1773159769.378372035] LOCK pid=34739 fd=12: NO_LOCK -> SHARED (fallback)
[1773159769.378374941] LOCK pid=34739 fd=12: SHARED -> SHARED
DBimpl - LOCK REQUEST: 0x3f44b680 2
[1773159769.378387342] LOCK pid=34739 fd=12: SHARED -> RESERVED
DBimpl - LOCK REQUEST: 0x3f44b680 4
[1773159769.385603934] LOCK pid=34739 fd=12: RESERVED -> PENDING
[1773159769.385607041] LOCK pid=34739 fd=12: PENDING -> EXCLUSIVE
DBimpl - UNLOCK REQUEST: 0x3f44b680 1
[1773159769.385613128] UNLOCK pid=34739 fd=12: EXCLUSIVE -> SHARED
DBimpl - UNLOCK REQUEST: 0x3f44b680 0
[1773159769.385619405] UNLOCK pid=34739 fd=12: SHARED -> NO_LOCK
DBimpl - LOCK REQUEST: 0x3f44b680 1
[1773159769.386349346] LOCK pid=34739 fd=12: NO_LOCK -> SHARED (fallback)
[1773159769.386351510] LOCK pid=34739 fd=12: SHARED -> SHARED
DBimpl - LOCK REQUEST: 0x3f44b680 2
[1773159769.386363946] LOCK pid=34739 fd=12: SHARED -> RESERVED
DBimpl - LOCK REQUEST: 0x3f44b680 4
[1773159769.392139258] LOCK pid=34739 fd=12: RESERVED -> PENDING
[1773159769.392142615] LOCK pid=34739 fd=12: PENDING -> EXCLUSIVE
DBimpl - UNLOCK REQUEST: 0x3f44b680 1
[1773159769.392148849] UNLOCK pid=34739 fd=12: EXCLUSIVE -> SHARED
DBimpl - UNLOCK REQUEST: 0x3f44b680 0
[1773159769.392154947] UNLOCK pid=34739 fd=12: SHARED -> NO_LOCK
DBimpl - LOCK REQUEST: 0x3f44b680 1
[1773159769.392457229] LOCK pid=34739 fd=12: NO_LOCK -> SHARED (fallback)
[1773159769.392459142] LOCK pid=34739 fd=12: SHARED -> SHARED
DBimpl - LOCK REQUEST: 0x3f44b680 2
[1773159769.392469574] LOCK pid=34739 fd=12: SHARED -> RESERVED
DBimpl - LOCK REQUEST: 0x3f44b680 1
[1773159769.396495189] LOCK pid=34740 fd=14: NO_LOCK -> SHARED (fallback)
[1773159769.396498213] LOCK pid=34740 fd=14: SHARED -> SHARED
DBimpl - LOCK REQUEST: 0x3f44b680 2
DBimpl - UNLOCK REQUEST: 0x3f44b680 0
[1773159769.396524569] UNLOCK pid=34740 fd=14: SHARED -> NO_LOCK
DBimpl - LOCK REQUEST: 0x3f44b680 4
[1773159769.397505691] LOCK pid=34739 fd=12: RESERVED -> PENDING
[1773159769.397508304] LOCK pid=34739 fd=12: PENDING -> EXCLUSIVE
DBimpl - UNLOCK REQUEST: 0x3f44b680 1
[1773159769.397513307] UNLOCK pid=34739 fd=12: EXCLUSIVE -> SHARED
DBimpl - UNLOCK REQUEST: 0x3f44b680 0
[1773159769.397518119] UNLOCK pid=34739 fd=12: SHARED -> NO_LOCK
DBimpl - LOCK REQUEST: 0x3f44b680 1
[1773159769.399310757] LOCK pid=34739 fd=12: NO_LOCK -> SHARED (fallback)
[1773159769.399313499] LOCK pid=34739 fd=12: SHARED -> SHARED
DBimpl - LOCK REQUEST: 0x3f44b680 2
[1773159769.399338097] LOCK pid=34739 fd=12: SHARED -> RESERVED
DBimpl - LOCK REQUEST: 0x3f44b680 4
[1773159769.408392924] LOCK pid=34739 fd=12: RESERVED -> PENDING
[1773159769.408397953] LOCK pid=34739 fd=12: PENDING -> EXCLUSIVE
DBimpl - UNLOCK REQUEST: 0x3f44b680 1
[1773159769.408406055] UNLOCK pid=34739 fd=12: EXCLUSIVE -> SHARED
DBimpl - UNLOCK REQUEST: 0x3f44b680 0
[1773159769.408413272] UNLOCK pid=34739 fd=12: SHARED -> NO_LOCK
DBimpl - LOCK REQUEST: 0x3f44b680 1
[1773159769.409479703] LOCK pid=34739 fd=12: NO_LOCK -> SHARED (fallback)
[1773159769.409481783] LOCK pid=34739 fd=12: SHARED -> SHARED
DBimpl - LOCK REQUEST: 0x3f44b680 2
[1773159769.409499372] LOCK pid=34739 fd=12: SHARED -> RESERVED
DBimpl - LOCK REQUEST: 0x3f44b680 1
[1773159769.412886146] LOCK pid=34738 fd=10: NO_LOCK -> SHARED (fallback)
[1773159769.412888739] LOCK pid=34738 fd=10: SHARED -> SHARED
DBimpl - LOCK REQUEST: 0x3f44b680 2
DBimpl - UNLOCK REQUEST: 0x3f44b680 0
[1773159769.412907396] UNLOCK pid=34738 fd=10: SHARED -> NO_LOCK
DBimpl - LOCK REQUEST: 0x3f44b680 4
[1773159769.416663660] LOCK pid=34739 fd=12: RESERVED -> PENDING
[1773159769.416666465] LOCK pid=34739 fd=12: PENDING -> EXCLUSIVE
DBimpl - UNLOCK REQUEST: 0x3f44b680 1
[1773159769.416672649] UNLOCK pid=34739 fd=12: EXCLUSIVE -> SHARED
DBimpl - UNLOCK REQUEST: 0x3f44b680 0
[1773159769.416678514] UNLOCK pid=34739 fd=12: SHARED -> NO_LOCK
DBimpl - LOCK REQUEST: 0x3f44b680 1
[1773159769.417457642] LOCK pid=34739 fd=12: NO_LOCK -> SHARED (fallback)
[1773159769.417459661] LOCK pid=34739 fd=12: SHARED -> SHARED
DBimpl - LOCK REQUEST: 0x3f44b680 2
[1773159769.417473327] LOCK pid=34739 fd=12: SHARED -> RESERVED
DBimpl - LOCK REQUEST: 0x3f44b680 4
[1773159769.424276635] LOCK pid=34739 fd=12: RESERVED -> PENDING
[1773159769.424280048] LOCK pid=34739 fd=12: PENDING -> EXCLUSIVE
DBimpl - UNLOCK REQUEST: 0x3f44b680 1
[1773159769.424286744] UNLOCK pid=34739 fd=12: EXCLUSIVE -> SHARED
DBimpl - UNLOCK REQUEST: 0x3f44b680 0
[1773159769.424293599] UNLOCK pid=34739 fd=12: SHARED -> NO_LOCK
DBimpl - LOCK REQUEST: 0x3f44b680 1
[1773159769.424881029] LOCK pid=34739 fd=12: NO_LOCK -> SHARED (fallback)
[1773159769.424882958] LOCK pid=34739 fd=12: SHARED -> SHARED
DBimpl - LOCK REQUEST: 0x3f44b680 2
[1773159769.424898722] LOCK pid=34739 fd=12: SHARED -> RESERVED
DBimpl - LOCK REQUEST: 0x3f44b680 4
[1773159769.432090939] LOCK pid=34739 fd=12: RESERVED -> PENDING
[1773159769.432093957] LOCK pid=34739 fd=12: PENDING -> EXCLUSIVE
DBimpl - UNLOCK REQUEST: 0x3f44b680 1
[1773159769.432099410] UNLOCK pid=34739 fd=12: EXCLUSIVE -> SHARED
DBimpl - UNLOCK REQUEST: 0x3f44b680 0
[1773159769.432105100] UNLOCK pid=34739 fd=12: SHARED -> NO_LOCK
DBimpl - LOCK REQUEST: 0x3f44b680 1
[1773159769.432586107] LOCK pid=34739 fd=12: NO_LOCK -> SHARED (fallback)
[1773159769.432587951] LOCK pid=34739 fd=12: SHARED -> SHARED
DBimpl - LOCK REQUEST: 0x3f44b680 2
[1773159769.432598973] LOCK pid=34739 fd=12: SHARED -> RESERVED
DBimpl - LOCK REQUEST: 0x3f44b680 4
[1773159769.439310864] LOCK pid=34739 fd=12: RESERVED -> PENDING
[1773159769.439314336] LOCK pid=34739 fd=12: PENDING -> EXCLUSIVE
DBimpl - UNLOCK REQUEST: 0x3f44b680 1
[1773159769.439320503] UNLOCK pid=34739 fd=12: EXCLUSIVE -> SHARED
DBimpl - UNLOCK REQUEST: 0x3f44b680 0
[1773159769.439325610] UNLOCK pid=34739 fd=12: SHARED -> NO_LOCK
DBimpl - LOCK REQUEST: 0x3f44b680 1
[1773159769.439538486] LOCK pid=34739 fd=12: NO_LOCK -> SHARED (fallback)
[1773159769.439549773] LOCK pid=34739 fd=12: SHARED -> SHARED
DBimpl - LOCK REQUEST: 0x3f44b680 2
[1773159769.439564663] LOCK pid=34739 fd=12: SHARED -> RESERVED
DBimpl - LOCK REQUEST: 0x3f44b680 1
[1773159769.446835602] LOCK pid=34740 fd=14: NO_LOCK -> SHARED (fallback)
[1773159769.446851889] LOCK pid=34740 fd=14: SHARED -> SHARED
DBimpl - LOCK REQUEST: 0x3f44b680 2
DBimpl - UNLOCK REQUEST: 0x3f44b680 0
[1773159769.446937189] UNLOCK pid=34740 fd=14: SHARED -> NO_LOCK
DBimpl - LOCK REQUEST: 0x3f44b680 4
[1773159769.455218360] LOCK pid=34739 fd=12: RESERVED -> PENDING
[1773159769.455221459] LOCK pid=34739 fd=12: PENDING -> EXCLUSIVE
DBimpl - UNLOCK REQUEST: 0x3f44b680 1
[1773159769.455227579] UNLOCK pid=34739 fd=12: EXCLUSIVE -> SHARED
DBimpl - UNLOCK REQUEST: 0x3f44b680 0
[1773159769.455232888] UNLOCK pid=34739 fd=12: SHARED -> NO_LOCK
DBimpl - LOCK REQUEST: 0x3f44b680 1
[1773159769.456522191] LOCK pid=34739 fd=12: NO_LOCK -> SHARED (fallback)
[1773159769.456524015] LOCK pid=34739 fd=12: SHARED -> SHARED
DBimpl - LOCK REQUEST: 0x3f44b680 2
[1773159769.456539976] LOCK pid=34739 fd=12: SHARED -> RESERVED
DBimpl - LOCK REQUEST: 0x3f44b680 4
[1773159769.459862264] LOCK pid=34739 fd=12: RESERVED -> PENDING
[1773159769.459864973] LOCK pid=34739 fd=12: PENDING -> EXCLUSIVE
DBimpl - UNLOCK REQUEST: 0x3f44b680 1
[1773159769.459870872] UNLOCK pid=34739 fd=12: EXCLUSIVE -> SHARED
DBimpl - UNLOCK REQUEST: 0x3f44b680 0
[1773159769.459875305] UNLOCK pid=34739 fd=12: SHARED -> NO_LOCK
DBimpl - LOCK REQUEST: 0x3f44b680 1
[1773159769.460803815] LOCK pid=34739 fd=12: NO_LOCK -> SHARED (fallback)
[1773159769.460805747] LOCK pid=34739 fd=12: SHARED -> SHARED
DBimpl - LOCK REQUEST: 0x3f44b680 2
[1773159769.460817563] LOCK pid=34739 fd=12: SHARED -> RESERVED
DBimpl - LOCK REQUEST: 0x3f44b680 4
[1773159769.464186515] LOCK pid=34739 fd=12: RESERVED -> PENDING
[1773159769.464188836] LOCK pid=34739 fd=12: PENDING -> EXCLUSIVE
DBimpl - UNLOCK REQUEST: 0x3f44b680 1
[1773159769.464193193] UNLOCK pid=34739 fd=12: EXCLUSIVE -> SHARED
DBimpl - UNLOCK REQUEST: 0x3f44b680 0
[1773159769.464197689] UNLOCK pid=34739 fd=12: SHARED -> NO_LOCK
DBimpl - LOCK REQUEST: 0x3f44b680 1
[1773159769.464388846] LOCK pid=34739 fd=12: NO_LOCK -> SHARED (fallback)
[1773159769.464390770] LOCK pid=34739 fd=12: SHARED -> SHARED
DBimpl - LOCK REQUEST: 0x3f44b680 2
[1773159769.464400691] LOCK pid=34739 fd=12: SHARED -> RESERVED
DBimpl - LOCK REQUEST: 0x3f44b680 4
[1773159769.468333783] LOCK pid=34739 fd=12: RESERVED -> PENDING
[1773159769.468336774] LOCK pid=34739 fd=12: PENDING -> EXCLUSIVE
DBimpl - UNLOCK REQUEST: 0x3f44b680 1
[1773159769.468341972] UNLOCK pid=34739 fd=12: EXCLUSIVE -> SHARED
DBimpl - UNLOCK REQUEST: 0x3f44b680 0
[1773159769.468347317] UNLOCK pid=34739 fd=12: SHARED -> NO_LOCK
DBimpl - LOCK REQUEST: 0x3f44b680 1
[1773159769.469776963] LOCK pid=34739 fd=12: NO_LOCK -> SHARED (fallback)
[1773159769.469779477] LOCK pid=34739 fd=12: SHARED -> SHARED
DBimpl - LOCK REQUEST: 0x3f44b680 2
[1773159769.469795815] LOCK pid=34739 fd=12: SHARED -> RESERVED
DBimpl - LOCK REQUEST: 0x3f44b680 4
[1773159769.476459919] LOCK pid=34739 fd=12: RESERVED -> PENDING
[1773159769.476462569] LOCK pid=34739 fd=12: PENDING -> EXCLUSIVE
DBimpl - UNLOCK REQUEST: 0x3f44b680 1
[1773159769.476468659] UNLOCK pid=34739 fd=12: EXCLUSIVE -> SHARED
DBimpl - UNLOCK REQUEST: 0x3f44b680 0
[1773159769.476474142] UNLOCK pid=34739 fd=12: SHARED -> NO_LOCK
DBimpl - LOCK REQUEST: 0x3f44b680 1
[1773159769.476559826] LOCK pid=34739 fd=12: NO_LOCK -> SHARED (fallback)
[1773159769.476561675] LOCK pid=34739 fd=12: SHARED -> SHARED
DBimpl - LOCK REQUEST: 0x3f44b680 2
[1773159769.476572749] LOCK pid=34739 fd=12: SHARED -> RESERVED
DBimpl - LOCK REQUEST: 0x3f44b680 4
[1773159769.477114620] LOCK pid=34739 fd=12: RESERVED -> PENDING
[1773159769.477117445] LOCK pid=34739 fd=12: PENDING -> EXCLUSIVE
DBimpl - UNLOCK REQUEST: 0x3f44b680 1
[1773159769.477122325] UNLOCK pid=34739 fd=12: EXCLUSIVE -> SHARED
DBimpl - UNLOCK REQUEST: 0x3f44b680 0
[1773159769.477127086] UNLOCK pid=34739 fd=12: SHARED -> NO_LOCK
DBimpl - LOCK REQUEST: 0x3f44b680 1
[1773159769.478443479] LOCK pid=34739 fd=12: NO_LOCK -> SHARED (fallback)
[1773159769.478445606] LOCK pid=34739 fd=12: SHARED -> SHARED
DBimpl - LOCK REQUEST: 0x3f44b680 2
[1773159769.478456169] LOCK pid=34739 fd=12: SHARED -> RESERVED
DBimpl - LOCK REQUEST: 0x3f44b680 4
[1773159769.478981470] LOCK pid=34739 fd=12: RESERVED -> PENDING
[1773159769.478984118] LOCK pid=34739 fd=12: PENDING -> EXCLUSIVE
DBimpl - UNLOCK REQUEST: 0x3f44b680 1
[1773159769.478989382] UNLOCK pid=34739 fd=12: EXCLUSIVE -> SHARED
DBimpl - UNLOCK REQUEST: 0x3f44b680 0
[1773159769.478994523] UNLOCK pid=34739 fd=12: SHARED -> NO_LOCK
DBimpl - LOCK REQUEST: 0x3f44b680 1
[1773159769.479544152] LOCK pid=34739 fd=12: NO_LOCK -> SHARED (fallback)
[1773159769.479546016] LOCK pid=34739 fd=12: SHARED -> SHARED
DBimpl - LOCK REQUEST: 0x3f44b680 2
[1773159769.479556092] LOCK pid=34739 fd=12: SHARED -> RESERVED
DBimpl - LOCK REQUEST: 0x3f44b680 4
[1773159769.495839988] LOCK pid=34739 fd=12: RESERVED -> PENDING
[1773159769.495844922] LOCK pid=34739 fd=12: PENDING -> EXCLUSIVE
DBimpl - UNLOCK REQUEST: 0x3f44b680 1
[1773159769.495852080] UNLOCK pid=34739 fd=12: EXCLUSIVE -> SHARED
DBimpl - UNLOCK REQUEST: 0x3f44b680 0
[1773159769.495858761] UNLOCK pid=34739 fd=12: SHARED -> NO_LOCK
DBimpl - LOCK REQUEST: 0x3f44b680 1
[1773159769.496370269] LOCK pid=34739 fd=12: NO_LOCK -> SHARED (fallback)
[1773159769.496374252] LOCK pid=34739 fd=12: SHARED -> SHARED
DBimpl - LOCK REQUEST: 0x3f44b680 2
[1773159769.496396129] LOCK pid=34739 fd=12: SHARED -> RESERVED
DBimpl - LOCK REQUEST: 0x3f44b680 1
[1773159769.497021933] LOCK pid=34740 fd=14: NO_LOCK -> SHARED (fallback)
[1773159769.497024728] LOCK pid=34740 fd=14: SHARED -> SHARED
DBimpl - LOCK REQUEST: 0x3f44b680 2
DBimpl - UNLOCK REQUEST: 0x3f44b680 0
[1773159769.497044872] UNLOCK pid=34740 fd=14: SHARED -> NO_LOCK
DBimpl - LOCK REQUEST: 0x3f44b680 4
[1773159769.503193414] LOCK pid=34739 fd=12: RESERVED -> PENDING
[1773159769.503198457] LOCK pid=34739 fd=12: PENDING -> EXCLUSIVE
DBimpl - UNLOCK REQUEST: 0x3f44b680 1
[1773159769.503204165] UNLOCK pid=34739 fd=12: EXCLUSIVE -> SHARED
DBimpl - UNLOCK REQUEST: 0x3f44b680 0
[1773159769.503209707] UNLOCK pid=34739 fd=12: SHARED -> NO_LOCK
DBimpl - LOCK REQUEST: 0x3f44b680 1
[1773159769.503821820] LOCK pid=34739 fd=12: NO_LOCK -> SHARED (fallback)
[1773159769.503823330] LOCK pid=34739 fd=12: SHARED -> SHARED
DBimpl - LOCK REQUEST: 0x3f44b680 2
[1773159769.503838146] LOCK pid=34739 fd=12: SHARED -> RESERVED
DBimpl - LOCK REQUEST: 0x3f44b680 1
[1773159769.513178683] LOCK pid=34738 fd=10: NO_LOCK -> SHARED (fallback)
[1773159769.513192217] LOCK pid=34738 fd=10: SHARED -> SHARED
DBimpl - LOCK REQUEST: 0x3f44b680 2
DBimpl - UNLOCK REQUEST: 0x3f44b680 0
[1773159769.513318930] UNLOCK pid=34738 fd=10: SHARED -> NO_LOCK
DBimpl - LOCK REQUEST: 0x3f44b680 4
[1773159769.515720801] LOCK pid=34739 fd=12: RESERVED -> PENDING
[1773159769.515724705] LOCK pid=34739 fd=12: PENDING -> EXCLUSIVE
DBimpl - UNLOCK REQUEST: 0x3f44b680 1
[1773159769.515729540] UNLOCK pid=34739 fd=12: EXCLUSIVE -> SHARED
DBimpl - UNLOCK REQUEST: 0x3f44b680 0
[1773159769.515733073] UNLOCK pid=34739 fd=12: SHARED -> NO_LOCK
DBimpl - LOCK REQUEST: 0x3f44b680 1
[1773159769.516452149] LOCK pid=34739 fd=12: NO_LOCK -> SHARED (fallback)
[1773159769.516453314] LOCK pid=34739 fd=12: SHARED -> SHARED
DBimpl - LOCK REQUEST: 0x3f44b680 2
[1773159769.516461476] LOCK pid=34739 fd=12: SHARED -> RESERVED
DBimpl - LOCK REQUEST: 0x3f44b680 4
[1773159769.524315262] LOCK pid=34739 fd=12: RESERVED -> PENDING
[1773159769.524318734] LOCK pid=34739 fd=12: PENDING -> EXCLUSIVE
DBimpl - UNLOCK REQUEST: 0x3f44b680 1
[1773159769.524323300] UNLOCK pid=34739 fd=12: EXCLUSIVE -> SHARED
DBimpl - UNLOCK REQUEST: 0x3f44b680 0
[1773159769.524327649] UNLOCK pid=34739 fd=12: SHARED -> NO_LOCK
DBimpl - LOCK REQUEST: 0x3f44b680 1
[1773159769.525796136] LOCK pid=34739 fd=12: NO_LOCK -> SHARED (fallback)
[1773159769.525797284] LOCK pid=34739 fd=12: SHARED -> SHARED
DBimpl - LOCK REQUEST: 0x3f44b680 2
[1773159769.525811536] LOCK pid=34739 fd=12: SHARED -> RESERVED
DBimpl - LOCK REQUEST: 0x3f44b680 4
[1773159769.528047374] LOCK pid=34739 fd=12: RESERVED -> PENDING
[1773159769.528048856] LOCK pid=34739 fd=12: PENDING -> EXCLUSIVE
DBimpl - UNLOCK REQUEST: 0x3f44b680 1
[1773159769.528051936] UNLOCK pid=34739 fd=12: EXCLUSIVE -> SHARED
DBimpl - UNLOCK REQUEST: 0x3f44b680 0
[1773159769.528054694] UNLOCK pid=34739 fd=12: SHARED -> NO_LOCK
DBimpl - LOCK REQUEST: 0x3f44b680 1
[1773159769.529489576] LOCK pid=34739 fd=12: NO_LOCK -> SHARED (fallback)
[1773159769.529490767] LOCK pid=34739 fd=12: SHARED -> SHARED
DBimpl - LOCK REQUEST: 0x3f44b680 2
[1773159769.529498457] LOCK pid=34739 fd=12: SHARED -> RESERVED
DBimpl - LOCK REQUEST: 0x3f44b680 4
[1773159769.541045676] LOCK pid=34739 fd=12: RESERVED -> PENDING
[1773159769.541047973] LOCK pid=34739 fd=12: PENDING -> EXCLUSIVE
DBimpl - UNLOCK REQUEST: 0x3f44b680 1
[1773159769.541052377] UNLOCK pid=34739 fd=12: EXCLUSIVE -> SHARED
DBimpl - UNLOCK REQUEST: 0x3f44b680 0
[1773159769.541055745] UNLOCK pid=34739 fd=12: SHARED -> NO_LOCK
DBimpl - LOCK REQUEST: 0x3f44b680 1
[1773159769.541578500] LOCK pid=34739 fd=12: NO_LOCK -> SHARED (fallback)
[1773159769.541579823] LOCK pid=34739 fd=12: SHARED -> SHARED
DBimpl - LOCK REQUEST: 0x3f44b680 2
[1773159769.541589591] LOCK pid=34739 fd=12: SHARED -> RESERVED
DBimpl - LOCK REQUEST: 0x3f44b680 4
[1773159769.543862666] LOCK pid=34739 fd=12: RESERVED -> PENDING
[1773159769.543864254] LOCK pid=34739 fd=12: PENDING -> EXCLUSIVE
DBimpl - UNLOCK REQUEST: 0x3f44b680 1
[1773159769.543867344] UNLOCK pid=34739 fd=12: EXCLUSIVE -> SHARED
DBimpl - UNLOCK REQUEST: 0x3f44b680 0
[1773159769.543870285] UNLOCK pid=34739 fd=12: SHARED -> NO_LOCK
DBimpl - LOCK REQUEST: 0x3f44b680 1
[1773159769.544386349] LOCK pid=34739 fd=12: NO_LOCK -> SHARED (fallback)
[1773159769.544387400] LOCK pid=34739 fd=12: SHARED -> SHARED
DBimpl - LOCK REQUEST: 0x3f44b680 2
[1773159769.544393779] LOCK pid=34739 fd=12: SHARED -> RESERVED
DBimpl - LOCK REQUEST: 0x3f44b680 4
[1773159769.550240754] LOCK pid=34739 fd=12: RESERVED -> PENDING
[1773159769.550242528] LOCK pid=34739 fd=12: PENDING -> EXCLUSIVE
DBimpl - UNLOCK REQUEST: 0x3f44b680 1
[1773159769.550245615] UNLOCK pid=34739 fd=12: EXCLUSIVE -> SHARED
DBimpl - UNLOCK REQUEST: 0x3f44b680 0
[1773159769.550248630] UNLOCK pid=34739 fd=12: SHARED -> NO_LOCK
DBimpl - LOCK REQUEST: 0x3f44b680 1
[1773159769.550487415] LOCK pid=34739 fd=12: NO_LOCK -> SHARED (fallback)
[1773159769.550488542] LOCK pid=34739 fd=12: SHARED -> SHARED
DBimpl - LOCK REQUEST: 0x3f44b680 2
[1773159769.550495503] LOCK pid=34739 fd=12: SHARED -> RESERVED
DBimpl - LOCK REQUEST: 0x3f44b680 4
[1773159769.565853287] LOCK pid=34739 fd=12: RESERVED -> PENDING
[1773159769.565856431] LOCK pid=34739 fd=12: PENDING -> EXCLUSIVE
DBimpl - UNLOCK REQUEST: 0x3f44b680 1
[1773159769.565861140] UNLOCK pid=34739 fd=12: EXCLUSIVE -> SHARED
DBimpl - UNLOCK REQUEST: 0x3f44b680 0
[1773159769.565866034] UNLOCK pid=34739 fd=12: SHARED -> NO_LOCK
DBimpl - LOCK REQUEST: 0x3f44b680 1
[1773159769.565937195] LOCK pid=34739 fd=12: NO_LOCK -> SHARED (fallback)
[1773159769.565938328] LOCK pid=34739 fd=12: SHARED -> SHARED
DBimpl - LOCK REQUEST: 0x3f44b680 2
[1773159769.565949468] LOCK pid=34739 fd=12: SHARED -> RESERVED
DBimpl - LOCK REQUEST: 0x3f44b680 4
[1773159769.572799046] LOCK pid=34739 fd=12: RESERVED -> PENDING
[1773159769.572801396] LOCK pid=34739 fd=12: PENDING -> EXCLUSIVE
DBimpl - UNLOCK REQUEST: 0x3f44b680 1
[1773159769.572805257] UNLOCK pid=34739 fd=12: EXCLUSIVE -> SHARED
DBimpl - UNLOCK REQUEST: 0x3f44b680 0
[1773159769.572808933] UNLOCK pid=34739 fd=12: SHARED -> NO_LOCK
DBimpl - LOCK REQUEST: 0x3f44b680 1
[1773159769.572958305] LOCK pid=34739 fd=12: NO_LOCK -> SHARED (fallback)
[1773159769.572959500] LOCK pid=34739 fd=12: SHARED -> SHARED
DBimpl - LOCK REQUEST: 0x3f44b680 2
[1773159769.572968838] LOCK pid=34739 fd=12: SHARED -> RESERVED
DBimpl - LOCK REQUEST: 0x3f44b680 4
[1773159769.586593481] LOCK pid=34739 fd=12: RESERVED -> PENDING
[1773159769.586597089] LOCK pid=34739 fd=12: PENDING -> EXCLUSIVE
DBimpl - UNLOCK REQUEST: 0x3f44b680 1
[1773159769.586610205] UNLOCK pid=34739 fd=12: EXCLUSIVE -> SHARED
DBimpl - UNLOCK REQUEST: 0x3f44b680 0
[1773159769.586613873] UNLOCK pid=34739 fd=12: SHARED -> NO_LOCK
DBimpl - LOCK REQUEST: 0x3f44b680 1
[1773159769.589079988] LOCK pid=34739 fd=12: NO_LOCK -> SHARED (fallback)
[1773159769.589082064] LOCK pid=34739 fd=12: SHARED -> SHARED
DBimpl - LOCK REQUEST: 0x3f44b680 2
[1773159769.589093531] LOCK pid=34739 fd=12: SHARED -> RESERVED
DBimpl - LOCK REQUEST: 0x3f44b680 4
[1773159769.590686353] LOCK pid=34739 fd=12: RESERVED -> PENDING
[1773159769.590688513] LOCK pid=34739 fd=12: PENDING -> EXCLUSIVE
DBimpl - UNLOCK REQUEST: 0x3f44b680 1
[1773159769.590692719] UNLOCK pid=34739 fd=12: EXCLUSIVE -> SHARED
DBimpl - UNLOCK REQUEST: 0x3f44b680 0
[1773159769.590696403] UNLOCK pid=34739 fd=12: SHARED -> NO_LOCK
DBimpl - LOCK REQUEST: 0x3f44b680 1
[1773159769.591739470] LOCK pid=34739 fd=12: NO_LOCK -> SHARED (fallback)
[1773159769.591740978] LOCK pid=34739 fd=12: SHARED -> SHARED
DBimpl - LOCK REQUEST: 0x3f44b680 2
[1773159769.591750241] LOCK pid=34739 fd=12: SHARED -> RESERVED
DBimpl - LOCK REQUEST: 0x3f44b680 1
[1773159769.597167868] LOCK pid=34740 fd=14: NO_LOCK -> SHARED (fallback)
[1773159769.597172205] LOCK pid=34740 fd=14: SHARED -> SHARED
DBimpl - LOCK REQUEST: 0x3f44b680 2
DBimpl - UNLOCK REQUEST: 0x3f44b680 0
[1773159769.597202090] UNLOCK pid=34740 fd=14: SHARED -> NO_LOCK
DBimpl - LOCK REQUEST: 0x3f44b680 4
[1773159769.601464338] LOCK pid=34739 fd=12: RESERVED -> PENDING
[1773159769.601467635] LOCK pid=34739 fd=12: PENDING -> EXCLUSIVE
DBimpl - UNLOCK REQUEST: 0x3f44b680 1
[1773159769.601473827] UNLOCK pid=34739 fd=12: EXCLUSIVE -> SHARED
DBimpl - UNLOCK REQUEST: 0x3f44b680 0
[1773159769.601479125] UNLOCK pid=34739 fd=12: SHARED -> NO_LOCK
DBimpl - LOCK REQUEST: 0x3f44b680 1
[1773159769.602833271] LOCK pid=34739 fd=12: NO_LOCK -> SHARED (fallback)
[1773159769.602836228] LOCK pid=34739 fd=12: SHARED -> SHARED
DBimpl - LOCK REQUEST: 0x3f44b680 2
[1773159769.602858010] LOCK pid=34739 fd=12: SHARED -> RESERVED
DBimpl - LOCK REQUEST: 0x3f44b680 4
[1773159769.603787308] LOCK pid=34739 fd=12: RESERVED -> PENDING
[1773159769.603789273] LOCK pid=34739 fd=12: PENDING -> EXCLUSIVE
DBimpl - UNLOCK REQUEST: 0x3f44b680 1
[1773159769.603793802] UNLOCK pid=34739 fd=12: EXCLUSIVE -> SHARED
DBimpl - UNLOCK REQUEST: 0x3f44b680 0
[1773159769.603797718] UNLOCK pid=34739 fd=12: SHARED -> NO_LOCK
DBimpl - LOCK REQUEST: 0x3f44b680 1
[1773159769.606100584] LOCK pid=34739 fd=12: NO_LOCK -> SHARED (fallback)
[1773159769.606103005] LOCK pid=34739 fd=12: SHARED -> SHARED
DBimpl - LOCK REQUEST: 0x3f44b680 2
[1773159769.606126822] LOCK pid=34739 fd=12: SHARED -> RESERVED
DBimpl - LOCK REQUEST: 0x3f44b680 1
[1773159769.613464037] LOCK pid=34738 fd=10: NO_LOCK -> SHARED (fallback)
[1773159769.613468274] LOCK pid=34738 fd=10: SHARED -> SHARED
DBimpl - LOCK REQUEST: 0x3f44b680 2
DBimpl - UNLOCK REQUEST: 0x3f44b680 0
[1773159769.613495736] UNLOCK pid=34738 fd=10: SHARED -> NO_LOCK
DBimpl - LOCK REQUEST: 0x3f44b680 4
[1773159769.615834375] LOCK pid=34739 fd=12: RESERVED -> PENDING
[1773159769.615836921] LOCK pid=34739 fd=12: PENDING -> EXCLUSIVE
DBimpl - UNLOCK REQUEST: 0x3f44b680 1
[1773159769.615842319] UNLOCK pid=34739 fd=12: EXCLUSIVE -> SHARED
DBimpl - UNLOCK REQUEST: 0x3f44b680 0
[1773159769.615846670] UNLOCK pid=34739 fd=12: SHARED -> NO_LOCK
DBimpl - LOCK REQUEST: 0x3f44b680 1
[1773159769.615940554] LOCK pid=34739 fd=12: NO_LOCK -> SHARED (fallback)
[1773159769.615944005] LOCK pid=34739 fd=12: SHARED -> SHARED
DBimpl - LOCK REQUEST: 0x3f44b680 2
[1773159769.615970017] LOCK pid=34739 fd=12: SHARED -> RESERVED
DBimpl - LOCK REQUEST: 0x3f44b680 4
[1773159769.625719108] LOCK pid=34739 fd=12: RESERVED -> PENDING
[1773159769.625722482] LOCK pid=34739 fd=12: PENDING -> EXCLUSIVE
DBimpl - UNLOCK REQUEST: 0x3f44b680 1
[1773159769.625732314] UNLOCK pid=34739 fd=12: EXCLUSIVE -> SHARED
DBimpl - UNLOCK REQUEST: 0x3f44b680 0
[1773159769.625737282] UNLOCK pid=34739 fd=12: SHARED -> NO_LOCK
DBimpl - LOCK REQUEST: 0x3f44b680 1
[1773159769.627740596] LOCK pid=34739 fd=12: NO_LOCK -> SHARED (fallback)
[1773159769.627743940] LOCK pid=34739 fd=12: SHARED -> SHARED
DBimpl - LOCK REQUEST: 0x3f44b680 2
[1773159769.627774938] LOCK pid=34739 fd=12: SHARED -> RESERVED
DBimpl - LOCK REQUEST: 0x3f44b680 4
[1773159769.631190110] LOCK pid=34739 fd=12: RESERVED -> PENDING
[1773159769.631192440] LOCK pid=34739 fd=12: PENDING -> EXCLUSIVE
DBimpl - UNLOCK REQUEST: 0x3f44b680 1
[1773159769.631198027] UNLOCK pid=34739 fd=12: EXCLUSIVE -> SHARED
DBimpl - UNLOCK REQUEST: 0x3f44b680 0
[1773159769.631202003] UNLOCK pid=34739 fd=12: SHARED -> NO_LOCK
DBimpl - LOCK REQUEST: 0x3f44b680 1
[1773159769.631483274] LOCK pid=34739 fd=12: NO_LOCK -> SHARED (fallback)
[1773159769.631484644] LOCK pid=34739 fd=12: SHARED -> SHARED
DBimpl - LOCK REQUEST: 0x3f44b680 2
[1773159769.631499048] LOCK pid=34739 fd=12: SHARED -> RESERVED
DBimpl - LOCK REQUEST: 0x3f44b680 4
[1773159769.641596526] LOCK pid=34739 fd=12: RESERVED -> PENDING
[1773159769.641599908] LOCK pid=34739 fd=12: PENDING -> EXCLUSIVE
DBimpl - UNLOCK REQUEST: 0x3f44b680 1
[1773159769.641604751] UNLOCK pid=34739 fd=12: EXCLUSIVE -> SHARED
DBimpl - UNLOCK REQUEST: 0x3f44b680 0
[1773159769.641608738] UNLOCK pid=34739 fd=12: SHARED -> NO_LOCK
DBimpl - LOCK REQUEST: 0x3f44b680 1
[1773159769.642016891] LOCK pid=34739 fd=12: NO_LOCK -> SHARED (fallback)
[1773159769.642018099] LOCK pid=34739 fd=12: SHARED -> SHARED
DBimpl - LOCK REQUEST: 0x3f44b680 2
[1773159769.642028746] LOCK pid=34739 fd=12: SHARED -> RESERVED
DBimpl - LOCK REQUEST: 0x3f44b680 4
[1773159769.647442278] LOCK pid=34739 fd=12: RESERVED -> PENDING
[1773159769.647444402] LOCK pid=34739 fd=12: PENDING -> EXCLUSIVE
DBimpl - UNLOCK REQUEST: 0x3f44b680 1
[1773159769.647448543] UNLOCK pid=34739 fd=12: EXCLUSIVE -> SHARED
DBimpl - UNLOCK REQUEST: 0x3f44b680 0
[1773159769.647451768] UNLOCK pid=34739 fd=12: SHARED -> NO_LOCK
DBimpl - LOCK REQUEST: 0x3f44b680 1
[1773159769.649343923] LOCK pid=34739 fd=12: NO_LOCK -> SHARED (fallback)
[1773159769.649346098] LOCK pid=34739 fd=12: SHARED -> SHARED
DBimpl - LOCK REQUEST: 0x3f44b680 2
[1773159769.649360795] LOCK pid=34739 fd=12: SHARED -> RESERVED
DBimpl - LOCK REQUEST: 0x3f44b680 4
[1773159769.656716040] LOCK pid=34739 fd=12: RESERVED -> PENDING
[1773159769.656719247] LOCK pid=34739 fd=12: PENDING -> EXCLUSIVE
DBimpl - UNLOCK REQUEST: 0x3f44b680 1
[1773159769.656729162] UNLOCK pid=34739 fd=12: EXCLUSIVE -> SHARED
DBimpl - UNLOCK REQUEST: 0x3f44b680 0
[1773159769.656734198] UNLOCK pid=34739 fd=12: SHARED -> NO_LOCK
DBimpl - LOCK REQUEST: 0x3f44b680 1
[1773159769.658929992] LOCK pid=34739 fd=12: NO_LOCK -> SHARED (fallback)
[1773159769.658932454] LOCK pid=34739 fd=12: SHARED -> SHARED
DBimpl - LOCK REQUEST: 0x3f44b680 2
[1773159769.658949506] LOCK pid=34739 fd=12: SHARED -> RESERVED
DBimpl - LOCK REQUEST: 0x3f44b680 4
[1773159769.662566125] LOCK pid=34739 fd=12: RESERVED -> PENDING
[1773159769.662568214] LOCK pid=34739 fd=12: PENDING -> EXCLUSIVE
DBimpl - UNLOCK REQUEST: 0x3f44b680 1
[1773159769.662573164] UNLOCK pid=34739 fd=12: EXCLUSIVE -> SHARED
DBimpl - UNLOCK REQUEST: 0x3f44b680 0
[1773159769.662591985] UNLOCK pid=34739 fd=12: SHARED -> NO_LOCK
DBimpl - LOCK REQUEST: 0x3f44b680 1
[1773159769.662737145] LOCK pid=34739 fd=12: NO_LOCK -> SHARED (fallback)
[1773159769.662738496] LOCK pid=34739 fd=12: SHARED -> SHARED
DBimpl - LOCK REQUEST: 0x3f44b680 2
[1773159769.662747688] LOCK pid=34739 fd=12: SHARED -> RESERVED
DBimpl - LOCK REQUEST: 0x3f44b680 4
[1773159769.663190862] LOCK pid=34739 fd=12: RESERVED -> PENDING
[1773159769.663192599] LOCK pid=34739 fd=12: PENDING -> EXCLUSIVE
DBimpl - UNLOCK REQUEST: 0x3f44b680 1
[1773159769.663205984] UNLOCK pid=34739 fd=12: EXCLUSIVE -> SHARED
DBimpl - UNLOCK REQUEST: 0x3f44b680 0
[1773159769.663209128] UNLOCK pid=34739 fd=12: SHARED -> NO_LOCK
DBimpl - LOCK REQUEST: 0x3f44b680 1
[1773159769.663963724] LOCK pid=34739 fd=12: NO_LOCK -> SHARED (fallback)
[1773159769.663965702] LOCK pid=34739 fd=12: SHARED -> SHARED
DBimpl - LOCK REQUEST: 0x3f44b680 2
[1773159769.663978231] LOCK pid=34739 fd=12: SHARED -> RESERVED
DBimpl - LOCK REQUEST: 0x3f44b680 4
[1773159769.667640250] LOCK pid=34739 fd=12: RESERVED -> PENDING
[1773159769.667642710] LOCK pid=34739 fd=12: PENDING -> EXCLUSIVE
DBimpl - UNLOCK REQUEST: 0x3f44b680 1
[1773159769.667648233] UNLOCK pid=34739 fd=12: EXCLUSIVE -> SHARED
DBimpl - UNLOCK REQUEST: 0x3f44b680 0
[1773159769.667664368] UNLOCK pid=34739 fd=12: SHARED -> NO_LOCK
DBimpl - LOCK REQUEST: 0x3f44b680 1
[1773159769.668895762] LOCK pid=34739 fd=12: NO_LOCK -> SHARED (fallback)
[1773159769.668897198] LOCK pid=34739 fd=12: SHARED -> SHARED
DBimpl - LOCK REQUEST: 0x3f44b680 2
[1773159769.668911037] LOCK pid=34739 fd=12: SHARED -> RESERVED
DBimpl - LOCK REQUEST: 0x3f44b680 1
[1773159769.698770262] LOCK pid=34740 fd=14: NO_LOCK -> SHARED (fallback)
[1773159769.698774631] LOCK pid=34740 fd=14: SHARED -> SHARED
DBimpl - LOCK REQUEST: 0x3f44b680 2
DBimpl - UNLOCK REQUEST: 0x3f44b680 0
[1773159769.698813124] UNLOCK pid=34740 fd=14: SHARED -> NO_LOCK
DBimpl - LOCK REQUEST: 0x3f44b680 4
[1773159769.699277971] LOCK pid=34739 fd=12: RESERVED -> PENDING
[1773159769.699281372] LOCK pid=34739 fd=12: PENDING -> EXCLUSIVE
DBimpl - UNLOCK REQUEST: 0x3f44b680 1
[1773159769.699288980] UNLOCK pid=34739 fd=12: EXCLUSIVE -> SHARED
DBimpl - UNLOCK REQUEST: 0x3f44b680 0
[1773159769.699295858] UNLOCK pid=34739 fd=12: SHARED -> NO_LOCK
DBimpl - LOCK REQUEST: 0x3f44b680 1
[1773159769.700441677] LOCK pid=34739 fd=12: NO_LOCK -> SHARED (fallback)
[1773159769.700444457] LOCK pid=34739 fd=12: SHARED -> SHARED
DBimpl - LOCK REQUEST: 0x3f44b680 2
[1773159769.700459919] LOCK pid=34739 fd=12: SHARED -> RESERVED
DBimpl - LOCK REQUEST: 0x3f44b680 1
[1773159769.713682362] LOCK pid=34738 fd=10: NO_LOCK -> SHARED (fallback)
[1773159769.713690559] LOCK pid=34738 fd=10: SHARED -> SHARED
DBimpl - LOCK REQUEST: 0x3f44b680 2
DBimpl - UNLOCK REQUEST: 0x3f44b680 0
[1773159769.713714890] UNLOCK pid=34738 fd=10: SHARED -> NO_LOCK
DBimpl - LOCK REQUEST: 0x3f44b680 4
[1773159769.716514021] LOCK pid=34739 fd=12: RESERVED -> PENDING
[1773159769.716517693] LOCK pid=34739 fd=12: PENDING -> EXCLUSIVE
DBimpl - UNLOCK REQUEST: 0x3f44b680 1
[1773159769.716525824] UNLOCK pid=34739 fd=12: EXCLUSIVE -> SHARED
DBimpl - UNLOCK REQUEST: 0x3f44b680 0
[1773159769.716532837] UNLOCK pid=34739 fd=12: SHARED -> NO_LOCK
DBimpl - LOCK REQUEST: 0x3f44b680 1
[1773159769.717166696] LOCK pid=34739 fd=12: NO_LOCK -> SHARED (fallback)
[1773159769.717169639] LOCK pid=34739 fd=12: SHARED -> SHARED
DBimpl - LOCK REQUEST: 0x3f44b680 2
[1773159769.717185149] LOCK pid=34739 fd=12: SHARED -> RESERVED
DBimpl - LOCK REQUEST: 0x3f44b680 4
[1773159769.748014207] LOCK pid=34739 fd=12: RESERVED -> PENDING
[1773159769.748020150] LOCK pid=34739 fd=12: PENDING -> EXCLUSIVE
DBimpl - UNLOCK REQUEST: 0x3f44b680 1
[1773159769.748029095] UNLOCK pid=34739 fd=12: EXCLUSIVE -> SHARED
DBimpl - UNLOCK REQUEST: 0x3f44b680 0
[1773159769.748037952] UNLOCK pid=34739 fd=12: SHARED -> NO_LOCK
DBimpl - LOCK REQUEST: 0x3f44b680 1
[1773159769.748747039] LOCK pid=34739 fd=12: NO_LOCK -> SHARED (fallback)
[1773159769.748764211] LOCK pid=34739 fd=12: SHARED -> SHARED
DBimpl - LOCK REQUEST: 0x3f44b680 2
[1773159769.748784068] LOCK pid=34739 fd=12: SHARED -> RESERVED
DBimpl - LOCK REQUEST: 0x3f44b680 4
[1773159769.767644299] LOCK pid=34739 fd=12: RESERVED -> PENDING
[1773159769.767649240] LOCK pid=34739 fd=12: PENDING -> EXCLUSIVE
DBimpl - UNLOCK REQUEST: 0x3f44b680 1
[1773159769.767668006] UNLOCK pid=34739 fd=12: EXCLUSIVE -> SHARED
DBimpl - UNLOCK REQUEST: 0x3f44b680 0
[1773159769.767673506] UNLOCK pid=34739 fd=12: SHARED -> NO_LOCK
DBimpl - LOCK REQUEST: 0x3f44b680 1
[1773159769.768348889] LOCK pid=34739 fd=12: NO_LOCK -> SHARED (fallback)
[1773159769.768350246] LOCK pid=34739 fd=12: SHARED -> SHARED
DBimpl - LOCK REQUEST: 0x3f44b680 2
[1773159769.768376952] LOCK pid=34739 fd=12: SHARED -> RESERVED
DBimpl - LOCK REQUEST: 0x3f44b680 4
[1773159769.773546282] LOCK pid=34739 fd=12: RESERVED -> PENDING
[1773159769.773549653] LOCK pid=34739 fd=12: PENDING -> EXCLUSIVE
DBimpl - UNLOCK REQUEST: 0x3f44b680 1
[1773159769.773567283] UNLOCK pid=34739 fd=12: EXCLUSIVE -> SHARED
DBimpl - UNLOCK REQUEST: 0x3f44b680 0
[1773159769.773573597] UNLOCK pid=34739 fd=12: SHARED -> NO_LOCK
DBimpl - LOCK REQUEST: 0x3f44b680 1
[1773159769.774352777] LOCK pid=34739 fd=12: NO_LOCK -> SHARED (fallback)
[1773159769.774355394] LOCK pid=34739 fd=12: SHARED -> SHARED
DBimpl - LOCK REQUEST: 0x3f44b680 2
[1773159769.774371048] LOCK pid=34739 fd=12: SHARED -> RESERVED
DBimpl - LOCK REQUEST: 0x3f44b680 4
[1773159769.777508325] LOCK pid=34739 fd=12: RESERVED -> PENDING
[1773159769.777510856] LOCK pid=34739 fd=12: PENDING -> EXCLUSIVE
DBimpl - UNLOCK REQUEST: 0x3f44b680 1
[1773159769.777516232] UNLOCK pid=34739 fd=12: EXCLUSIVE -> SHARED
DBimpl - UNLOCK REQUEST: 0x3f44b680 0
[1773159769.777520270] UNLOCK pid=34739 fd=12: SHARED -> NO_LOCK
DBimpl - LOCK REQUEST: 0x3f44b680 1
[1773159769.777692730] LOCK pid=34739 fd=12: NO_LOCK -> SHARED (fallback)
[1773159769.777694075] LOCK pid=34739 fd=12: SHARED -> SHARED
DBimpl - LOCK REQUEST: 0x3f44b680 2
[1773159769.777704208] LOCK pid=34739 fd=12: SHARED -> RESERVED
DBimpl - LOCK REQUEST: 0x3f44b680 4
[1773159769.793539611] LOCK pid=34739 fd=12: RESERVED -> PENDING
[1773159769.793543538] LOCK pid=34739 fd=12: PENDING -> EXCLUSIVE
DBimpl - UNLOCK REQUEST: 0x3f44b680 1
[1773159769.793548757] UNLOCK pid=34739 fd=12: EXCLUSIVE -> SHARED
DBimpl - UNLOCK REQUEST: 0x3f44b680 0
[1773159769.793553257] UNLOCK pid=34739 fd=12: SHARED -> NO_LOCK
DBimpl - LOCK REQUEST: 0x3f44b680 1
[1773159769.793817679] LOCK pid=34739 fd=12: NO_LOCK -> SHARED (fallback)
[1773159769.793819639] LOCK pid=34739 fd=12: SHARED -> SHARED
DBimpl - LOCK REQUEST: 0x3f44b680 2
[1773159769.793847088] LOCK pid=34739 fd=12: SHARED -> RESERVED
DBimpl - LOCK REQUEST: 0x3f44b680 4
[1773159769.794517871] LOCK pid=34739 fd=12: RESERVED -> PENDING
[1773159769.794519510] LOCK pid=34739 fd=12: PENDING -> EXCLUSIVE
DBimpl - UNLOCK REQUEST: 0x3f44b680 1
[1773159769.794522785] UNLOCK pid=34739 fd=12: EXCLUSIVE -> SHARED
DBimpl - UNLOCK REQUEST: 0x3f44b680 0
[1773159769.794525773] UNLOCK pid=34739 fd=12: SHARED -> NO_LOCK
DBimpl - LOCK REQUEST: 0x3f44b680 1
[1773159769.794791799] LOCK pid=34739 fd=12: NO_LOCK -> SHARED (fallback)
[1773159769.794792956] LOCK pid=34739 fd=12: SHARED -> SHARED
DBimpl - LOCK REQUEST: 0x3f44b680 2
[1773159769.794799649] LOCK pid=34739 fd=12: SHARED -> RESERVED
DBimpl - LOCK REQUEST: 0x3f44b680 1
[1773159769.798887593] LOCK pid=34740 fd=14: NO_LOCK -> SHARED (fallback)
[1773159769.798889941] LOCK pid=34740 fd=14: SHARED -> SHARED
DBimpl - LOCK REQUEST: 0x3f44b680 2
DBimpl - UNLOCK REQUEST: 0x3f44b680 0
[1773159769.798906935] UNLOCK pid=34740 fd=14: SHARED -> NO_LOCK
DBimpl - LOCK REQUEST: 0x3f44b680 4
[1773159769.809588345] LOCK pid=34739 fd=12: RESERVED -> PENDING
[1773159769.809590911] LOCK pid=34739 fd=12: PENDING -> EXCLUSIVE
DBimpl - UNLOCK REQUEST: 0x3f44b680 1
[1773159769.809595545] UNLOCK pid=34739 fd=12: EXCLUSIVE -> SHARED
DBimpl - UNLOCK REQUEST: 0x3f44b680 0
[1773159769.809599610] UNLOCK pid=34739 fd=12: SHARED -> NO_LOCK
DBimpl - LOCK REQUEST: 0x3f44b680 1
[1773159769.810548257] LOCK pid=34739 fd=12: NO_LOCK -> SHARED (fallback)
[1773159769.810549543] LOCK pid=34739 fd=12: SHARED -> SHARED
DBimpl - LOCK REQUEST: 0x3f44b680 2
[1773159769.810561301] LOCK pid=34739 fd=12: SHARED -> RESERVED
DBimpl - LOCK REQUEST: 0x3f44b680 1
[1773159769.813898428] LOCK pid=34738 fd=10: NO_LOCK -> SHARED (fallback)
[1773159769.813919252] LOCK pid=34738 fd=10: SHARED -> SHARED
DBimpl - LOCK REQUEST: 0x3f44b680 2
DBimpl - UNLOCK REQUEST: 0x3f44b680 0
[1773159769.813944506] UNLOCK pid=34738 fd=10: SHARED -> NO_LOCK
DBimpl - LOCK REQUEST: 0x3f44b680 4
[1773159769.821100910] LOCK pid=34739 fd=12: RESERVED -> PENDING
[1773159769.821103342] LOCK pid=34739 fd=12: PENDING -> EXCLUSIVE
DBimpl - UNLOCK REQUEST: 0x3f44b680 1
[1773159769.821107568] UNLOCK pid=34739 fd=12: EXCLUSIVE -> SHARED
DBimpl - UNLOCK REQUEST: 0x3f44b680 0
[1773159769.821111489] UNLOCK pid=34739 fd=12: SHARED -> NO_LOCK
DBimpl - LOCK REQUEST: 0x3f44b680 1
[1773159769.821480530] LOCK pid=34739 fd=12: NO_LOCK -> SHARED (fallback)
[1773159769.821491559] LOCK pid=34739 fd=12: SHARED -> SHARED
DBimpl - LOCK REQUEST: 0x3f44b680 2
[1773159769.821503893] LOCK pid=34739 fd=12: SHARED -> RESERVED
DBimpl - LOCK REQUEST: 0x3f44b680 4
[1773159769.831538562] LOCK pid=34739 fd=12: RESERVED -> PENDING
[1773159769.831540783] LOCK pid=34739 fd=12: PENDING -> EXCLUSIVE
DBimpl - UNLOCK REQUEST: 0x3f44b680 1
[1773159769.831544972] UNLOCK pid=34739 fd=12: EXCLUSIVE -> SHARED
DBimpl - UNLOCK REQUEST: 0x3f44b680 0
[1773159769.831548619] UNLOCK pid=34739 fd=12: SHARED -> NO_LOCK
DBimpl - LOCK REQUEST: 0x3f44b680 1
[1773159769.832025905] LOCK pid=34739 fd=12: NO_LOCK -> SHARED (fallback)
[1773159769.832027291] LOCK pid=34739 fd=12: SHARED -> SHARED
DBimpl - LOCK REQUEST: 0x3f44b680 2
[1773159769.832036319] LOCK pid=34739 fd=12: SHARED -> RESERVED
DBimpl - LOCK REQUEST: 0x3f44b680 4
[1773159769.851283242] LOCK pid=34739 fd=12: RESERVED -> PENDING
[1773159769.851290140] LOCK pid=34739 fd=12: PENDING -> EXCLUSIVE
DBimpl - UNLOCK REQUEST: 0x3f44b680 1
[1773159769.851300655] UNLOCK pid=34739 fd=12: EXCLUSIVE -> SHARED
DBimpl - UNLOCK REQUEST: 0x3f44b680 0
[1773159769.851309439] UNLOCK pid=34739 fd=12: SHARED -> NO_LOCK
DBimpl - LOCK REQUEST: 0x3f44b680 1
[1773159769.852232400] LOCK pid=34739 fd=12: NO_LOCK -> SHARED (fallback)
[1773159769.852234616] LOCK pid=34739 fd=12: SHARED -> SHARED
DBimpl - LOCK REQUEST: 0x3f44b680 2
[1773159769.852256718] LOCK pid=34739 fd=12: SHARED -> RESERVED
DBimpl - LOCK REQUEST: 0x3f44b680 4
[1773159769.870336593] LOCK pid=34739 fd=12: RESERVED -> PENDING
[1773159769.870344521] LOCK pid=34739 fd=12: PENDING -> EXCLUSIVE
DBimpl - UNLOCK REQUEST: 0x3f44b680 1
[1773159769.870354657] UNLOCK pid=34739 fd=12: EXCLUSIVE -> SHARED
DBimpl - UNLOCK REQUEST: 0x3f44b680 0
[1773159769.870363028] UNLOCK pid=34739 fd=12: SHARED -> NO_LOCK
DBimpl - LOCK REQUEST: 0x3f44b680 1
[1773159769.870939381] LOCK pid=34739 fd=12: NO_LOCK -> SHARED (fallback)
[1773159769.870941467] LOCK pid=34739 fd=12: SHARED -> SHARED
DBimpl - LOCK REQUEST: 0x3f44b680 2
[1773159769.870957334] LOCK pid=34739 fd=12: SHARED -> RESERVED
DBimpl - LOCK REQUEST: 0x3f44b680 4
[1773159769.877443139] LOCK pid=34739 fd=12: RESERVED -> PENDING
[1773159769.877492398] LOCK pid=34739 fd=12: PENDING -> EXCLUSIVE
DBimpl - UNLOCK REQUEST: 0x3f44b680 1
[1773159769.877592332] UNLOCK pid=34739 fd=12: EXCLUSIVE -> SHARED
DBimpl - UNLOCK REQUEST: 0x3f44b680 0
[1773159769.877690592] UNLOCK pid=34739 fd=12: SHARED -> NO_LOCK
DBimpl - LOCK REQUEST: 0x3f44b680 1
[1773159769.878611115] LOCK pid=34739 fd=12: NO_LOCK -> SHARED (fallback)
[1773159769.878613072] LOCK pid=34739 fd=12: SHARED -> SHARED
DBimpl - LOCK REQUEST: 0x3f44b680 2
[1773159769.878628191] LOCK pid=34739 fd=12: SHARED -> RESERVED
DBimpl - LOCK REQUEST: 0x3f44b680 4
[1773159769.884497645] LOCK pid=34739 fd=12: RESERVED -> PENDING
[1773159769.884518339] LOCK pid=34739 fd=12: PENDING -> EXCLUSIVE
DBimpl - UNLOCK REQUEST: 0x3f44b680 1
[1773159769.884557594] UNLOCK pid=34739 fd=12: EXCLUSIVE -> SHARED
DBimpl - UNLOCK REQUEST: 0x3f44b680 0
[1773159769.884610919] UNLOCK pid=34739 fd=12: SHARED -> NO_LOCK
DBimpl - LOCK REQUEST: 0x3f44b680 1
[1773159769.885623293] LOCK pid=34739 fd=12: NO_LOCK -> SHARED (fallback)
[1773159769.885624699] LOCK pid=34739 fd=12: SHARED -> SHARED
DBimpl - LOCK REQUEST: 0x3f44b680 2
[1773159769.885635057] LOCK pid=34739 fd=12: SHARED -> RESERVED
DBimpl - LOCK REQUEST: 0x3f44b680 4
[1773159769.894790984] LOCK pid=34739 fd=12: RESERVED -> PENDING
[1773159769.894794612] LOCK pid=34739 fd=12: PENDING -> EXCLUSIVE
DBimpl - UNLOCK REQUEST: 0x3f44b680 1
[1773159769.894800455] UNLOCK pid=34739 fd=12: EXCLUSIVE -> SHARED
DBimpl - UNLOCK REQUEST: 0x3f44b680 0
[1773159769.894805778] UNLOCK pid=34739 fd=12: SHARED -> NO_LOCK
DBimpl - LOCK REQUEST: 0x3f44b680 1
[1773159769.894920636] LOCK pid=34739 fd=12: NO_LOCK -> SHARED (fallback)
[1773159769.894922039] LOCK pid=34739 fd=12: SHARED -> SHARED
DBimpl - LOCK REQUEST: 0x3f44b680 2
[1773159769.894935356] LOCK pid=34739 fd=12: SHARED -> RESERVED
DBimpl - LOCK REQUEST: 0x3f44b680 4
[1773159769.898220119] LOCK pid=34739 fd=12: RESERVED -> PENDING
[1773159769.898222206] LOCK pid=34739 fd=12: PENDING -> EXCLUSIVE
DBimpl - UNLOCK REQUEST: 0x3f44b680 1
[1773159769.898225897] UNLOCK pid=34739 fd=12: EXCLUSIVE -> SHARED
DBimpl - UNLOCK REQUEST: 0x3f44b680 0
[1773159769.898229211] UNLOCK pid=34739 fd=12: SHARED -> NO_LOCK
DBimpl - LOCK REQUEST: 0x3f44b680 1
[1773159769.898329676] LOCK pid=34739 fd=12: NO_LOCK -> SHARED (fallback)
[1773159769.898330856] LOCK pid=34739 fd=12: SHARED -> SHARED
DBimpl - LOCK REQUEST: 0x3f44b680 2
[1773159769.898339324] LOCK pid=34739 fd=12: SHARED -> RESERVED
DBimpl - LOCK REQUEST: 0x3f44b680 1
[1773159769.898983139] LOCK pid=34740 fd=14: NO_LOCK -> SHARED (fallback)
[1773159769.898985577] LOCK pid=34740 fd=14: SHARED -> SHARED
DBimpl - LOCK REQUEST: 0x3f44b680 2
DBimpl - UNLOCK REQUEST: 0x3f44b680 0
[1773159769.899018678] UNLOCK pid=34740 fd=14: SHARED -> NO_LOCK
DBimpl - LOCK REQUEST: 0x3f44b680 4
[1773159769.902238304] LOCK pid=34739 fd=12: RESERVED -> PENDING
[1773159769.902240223] LOCK pid=34739 fd=12: PENDING -> EXCLUSIVE
DBimpl - UNLOCK REQUEST: 0x3f44b680 1
[1773159769.902243722] UNLOCK pid=34739 fd=12: EXCLUSIVE -> SHARED
DBimpl - UNLOCK REQUEST: 0x3f44b680 0
[1773159769.902247061] UNLOCK pid=34739 fd=12: SHARED -> NO_LOCK
DBimpl - LOCK REQUEST: 0x3f44b680 1
[1773159769.902360271] LOCK pid=34739 fd=12: NO_LOCK -> SHARED (fallback)
[1773159769.902361372] LOCK pid=34739 fd=12: SHARED -> SHARED
DBimpl - LOCK REQUEST: 0x3f44b680 2
[1773159769.902368656] LOCK pid=34739 fd=12: SHARED -> RESERVED
DBimpl - LOCK REQUEST: 0x3f44b680 4
[1773159769.904308418] LOCK pid=34739 fd=12: RESERVED -> PENDING
[1773159769.904310550] LOCK pid=34739 fd=12: PENDING -> EXCLUSIVE
DBimpl - UNLOCK REQUEST: 0x3f44b680 1
[1773159769.904314298] UNLOCK pid=34739 fd=12: EXCLUSIVE -> SHARED
DBimpl - UNLOCK REQUEST: 0x3f44b680 0
[1773159769.904317703] UNLOCK pid=34739 fd=12: SHARED -> NO_LOCK
DBimpl - LOCK REQUEST: 0x3f44b680 1
[1773159769.905295153] LOCK pid=34739 fd=12: NO_LOCK -> SHARED (fallback)
[1773159769.905296819] LOCK pid=34739 fd=12: SHARED -> SHARED
DBimpl - LOCK REQUEST: 0x3f44b680 2
[1773159769.905307553] LOCK pid=34739 fd=12: SHARED -> RESERVED
DBimpl - LOCK REQUEST: 0x3f44b680 1
[1773159769.914863067] LOCK pid=34738 fd=10: NO_LOCK -> SHARED (fallback)
[1773159769.914866756] LOCK pid=34738 fd=10: SHARED -> SHARED
DBimpl - LOCK REQUEST: 0x3f44b680 2
DBimpl - UNLOCK REQUEST: 0x3f44b680 0
[1773159769.914898431] UNLOCK pid=34738 fd=10: SHARED -> NO_LOCK
DBimpl - LOCK REQUEST: 0x3f44b680 4
[1773159769.920646474] LOCK pid=34739 fd=12: RESERVED -> PENDING
[1773159769.920649961] LOCK pid=34739 fd=12: PENDING -> EXCLUSIVE
DBimpl - UNLOCK REQUEST: 0x3f44b680 1
[1773159769.920659376] UNLOCK pid=34739 fd=12: EXCLUSIVE -> SHARED
DBimpl - UNLOCK REQUEST: 0x3f44b680 0
[1773159769.920667063] UNLOCK pid=34739 fd=12: SHARED -> NO_LOCK
DBimpl - LOCK REQUEST: 0x3f44b680 1
[1773159769.920858560] LOCK pid=34739 fd=12: NO_LOCK -> SHARED (fallback)
[1773159769.920860478] LOCK pid=34739 fd=12: SHARED -> SHARED
DBimpl - LOCK REQUEST: 0x3f44b680 2
[1773159769.920875000] LOCK pid=34739 fd=12: SHARED -> RESERVED
DBimpl - LOCK REQUEST: 0x3f44b680 4
[1773159769.937859893] LOCK pid=34739 fd=12: RESERVED -> PENDING
[1773159769.937863395] LOCK pid=34739 fd=12: PENDING -> EXCLUSIVE
DBimpl - UNLOCK REQUEST: 0x3f44b680 1
[1773159769.937869359] UNLOCK pid=34739 fd=12: EXCLUSIVE -> SHARED
DBimpl - UNLOCK REQUEST: 0x3f44b680 0
[1773159769.937874639] UNLOCK pid=34739 fd=12: SHARED -> NO_LOCK
DBimpl - LOCK REQUEST: 0x3f44b680 1
[1773159769.938904152] LOCK pid=34739 fd=12: NO_LOCK -> SHARED (fallback)
[1773159769.938905601] LOCK pid=34739 fd=12: SHARED -> SHARED
DBimpl - LOCK REQUEST: 0x3f44b680 2
[1773159769.938923491] LOCK pid=34739 fd=12: SHARED -> RESERVED
DBimpl - LOCK REQUEST: 0x3f44b680 4
[1773159769.952172051] LOCK pid=34739 fd=12: RESERVED -> PENDING
[1773159769.952175672] LOCK pid=34739 fd=12: PENDING -> EXCLUSIVE
DBimpl - UNLOCK REQUEST: 0x3f44b680 1
[1773159769.952180911] UNLOCK pid=34739 fd=12: EXCLUSIVE -> SHARED
DBimpl - UNLOCK REQUEST: 0x3f44b680 0
[1773159769.952193223] UNLOCK pid=34739 fd=12: SHARED -> NO_LOCK
DBimpl - LOCK REQUEST: 0x3f44b680 1
[1773159769.952532367] LOCK pid=34739 fd=12: NO_LOCK -> SHARED (fallback)
[1773159769.952533836] LOCK pid=34739 fd=12: SHARED -> SHARED
DBimpl - LOCK REQUEST: 0x3f44b680 2
[1773159769.952546609] LOCK pid=34739 fd=12: SHARED -> RESERVED
DBimpl - LOCK REQUEST: 0x3f44b680 4
[1773159769.956639909] LOCK pid=34739 fd=12: RESERVED -> PENDING
[1773159769.956642020] LOCK pid=34739 fd=12: PENDING -> EXCLUSIVE
DBimpl - UNLOCK REQUEST: 0x3f44b680 1
[1773159769.956646104] UNLOCK pid=34739 fd=12: EXCLUSIVE -> SHARED
DBimpl - UNLOCK REQUEST: 0x3f44b680 0
[1773159769.956649315] UNLOCK pid=34739 fd=12: SHARED -> NO_LOCK
DBimpl - LOCK REQUEST: 0x3f44b680 1
[1773159769.958620499] LOCK pid=34739 fd=12: NO_LOCK -> SHARED (fallback)
[1773159769.958622694] LOCK pid=34739 fd=12: SHARED -> SHARED
DBimpl - LOCK REQUEST: 0x3f44b680 2
[1773159769.958635874] LOCK pid=34739 fd=12: SHARED -> RESERVED
DBimpl - LOCK REQUEST: 0x3f44b680 4
[1773159769.966093355] LOCK pid=34739 fd=12: RESERVED -> PENDING
[1773159769.966095595] LOCK pid=34739 fd=12: PENDING -> EXCLUSIVE
DBimpl - UNLOCK REQUEST: 0x3f44b680 1
[1773159769.966100726] UNLOCK pid=34739 fd=12: EXCLUSIVE -> SHARED
DBimpl - UNLOCK REQUEST: 0x3f44b680 0
[1773159769.966104599] UNLOCK pid=34739 fd=12: SHARED -> NO_LOCK
DBimpl - LOCK REQUEST: 0x3f44b680 1
[1773159769.968205968] LOCK pid=34739 fd=12: NO_LOCK -> SHARED (fallback)
[1773159769.968208722] LOCK pid=34739 fd=12: SHARED -> SHARED
DBimpl - LOCK REQUEST: 0x3f44b680 2
[1773159769.968224139] LOCK pid=34739 fd=12: SHARED -> RESERVED
DBimpl - LOCK REQUEST: 0x3f44b680 4
[1773159769.978949400] LOCK pid=34739 fd=12: RESERVED -> PENDING
[1773159769.978951767] LOCK pid=34739 fd=12: PENDING -> EXCLUSIVE
DBimpl - UNLOCK REQUEST: 0x3f44b680 1
[1773159769.978957590] UNLOCK pid=34739 fd=12: EXCLUSIVE -> SHARED
DBimpl - UNLOCK REQUEST: 0x3f44b680 0
[1773159769.978962058] UNLOCK pid=34739 fd=12: SHARED -> NO_LOCK
DBimpl - LOCK REQUEST: 0x3f44b680 1
[1773159769.979651604] LOCK pid=34739 fd=12: NO_LOCK -> SHARED (fallback)
[1773159769.979657240] LOCK pid=34739 fd=12: SHARED -> SHARED
DBimpl - LOCK REQUEST: 0x3f44b680 2
[1773159769.979669439] LOCK pid=34739 fd=12: SHARED -> RESERVED
DBimpl - LOCK REQUEST: 0x3f44b680 4
[1773159769.994689417] LOCK pid=34739 fd=12: RESERVED -> PENDING
[1773159769.994692295] LOCK pid=34739 fd=12: PENDING -> EXCLUSIVE
DBimpl - UNLOCK REQUEST: 0x3f44b680 1
[1773159769.994697132] UNLOCK pid=34739 fd=12: EXCLUSIVE -> SHARED
DBimpl - UNLOCK REQUEST: 0x3f44b680 0
[1773159769.994701784] UNLOCK pid=34739 fd=12: SHARED -> NO_LOCK
DBimpl - LOCK REQUEST: 0x3f44b680 1
[1773159769.995863614] LOCK pid=34739 fd=12: NO_LOCK -> SHARED (fallback)
[1773159769.995866223] LOCK pid=34739 fd=12: SHARED -> SHARED
DBimpl - LOCK REQUEST: 0x3f44b680 2
[1773159769.995883025] LOCK pid=34739 fd=12: SHARED -> RESERVED
DBimpl - LOCK REQUEST: 0x3f44b680 1
[1773159769.999096574] LOCK pid=34740 fd=14: NO_LOCK -> SHARED (fallback)
[1773159769.999099299] LOCK pid=34740 fd=14: SHARED -> SHARED
DBimpl - LOCK REQUEST: 0x3f44b680 2
DBimpl - UNLOCK REQUEST: 0x3f44b680 0
[1773159769.999119303] UNLOCK pid=34740 fd=14: SHARED -> NO_LOCK
DBimpl - LOCK REQUEST: 0x3f44b680 4
[1773159770.009539172] LOCK pid=34739 fd=12: RESERVED -> PENDING
[1773159770.009541414] LOCK pid=34739 fd=12: PENDING -> EXCLUSIVE
DBimpl - UNLOCK REQUEST: 0x3f44b680 1
[1773159770.009546056] UNLOCK pid=34739 fd=12: EXCLUSIVE -> SHARED
DBimpl - UNLOCK REQUEST: 0x3f44b680 0
[1773159770.009549659] UNLOCK pid=34739 fd=12: SHARED -> NO_LOCK
DBimpl - LOCK REQUEST: 0x3f44b680 1
[1773159770.011883690] LOCK pid=34739 fd=12: NO_LOCK -> SHARED (fallback)
[1773159770.011886077] LOCK pid=34739 fd=12: SHARED -> SHARED
DBimpl - LOCK REQUEST: 0x3f44b680 2
[1773159770.011899464] LOCK pid=34739 fd=12: SHARED -> RESERVED
DBimpl - LOCK REQUEST: 0x3f44b680 1
[1773159770.014981028] LOCK pid=34738 fd=10: NO_LOCK -> SHARED (fallback)
[1773159770.014984428] LOCK pid=34738 fd=10: SHARED -> SHARED
DBimpl - LOCK REQUEST: 0x3f44b680 2
DBimpl - UNLOCK REQUEST: 0x3f44b680 0
[1773159770.015029667] UNLOCK pid=34738 fd=10: SHARED -> NO_LOCK
DBimpl - LOCK REQUEST: 0x3f44b680 4
[1773159770.027690772] LOCK pid=34739 fd=12: RESERVED -> PENDING
[1773159770.027693174] LOCK pid=34739 fd=12: PENDING -> EXCLUSIVE
DBimpl - UNLOCK REQUEST: 0x3f44b680 1
[1773159770.027698819] UNLOCK pid=34739 fd=12: EXCLUSIVE -> SHARED
DBimpl - UNLOCK REQUEST: 0x3f44b680 0
[1773159770.027703241] UNLOCK pid=34739 fd=12: SHARED -> NO_LOCK
DBimpl - LOCK REQUEST: 0x3f44b680 1
[1773159770.027858767] LOCK pid=34739 fd=12: NO_LOCK -> SHARED (fallback)
[1773159770.027860247] LOCK pid=34739 fd=12: SHARED -> SHARED
DBimpl - LOCK REQUEST: 0x3f44b680 2
[1773159770.027870608] LOCK pid=34739 fd=12: SHARED -> RESERVED
DBimpl - LOCK REQUEST: 0x3f44b680 4
[1773159770.041032631] LOCK pid=34739 fd=12: RESERVED -> PENDING
[1773159770.041034873] LOCK pid=34739 fd=12: PENDING -> EXCLUSIVE
DBimpl - UNLOCK REQUEST: 0x3f44b680 1
[1773159770.041038841] UNLOCK pid=34739 fd=12: EXCLUSIVE -> SHARED
DBimpl - UNLOCK REQUEST: 0x3f44b680 0
[1773159770.041042637] UNLOCK pid=34739 fd=12: SHARED -> NO_LOCK
DBimpl - LOCK REQUEST: 0x3f44b680 1
[1773159770.042658913] LOCK pid=34739 fd=12: NO_LOCK -> SHARED (fallback)
[1773159770.042660104] LOCK pid=34739 fd=12: SHARED -> SHARED
DBimpl - LOCK REQUEST: 0x3f44b680 2
[1773159770.042668337] LOCK pid=34739 fd=12: SHARED -> RESERVED
DBimpl - LOCK REQUEST: 0x3f44b680 4
[1773159770.045606267] LOCK pid=34739 fd=12: RESERVED -> PENDING
[1773159770.045607848] LOCK pid=34739 fd=12: PENDING -> EXCLUSIVE
DBimpl - UNLOCK REQUEST: 0x3f44b680 1
[1773159770.045610836] UNLOCK pid=34739 fd=12: EXCLUSIVE -> SHARED
DBimpl - UNLOCK REQUEST: 0x3f44b680 0
[1773159770.045613615] UNLOCK pid=34739 fd=12: SHARED -> NO_LOCK
DBimpl - LOCK REQUEST: 0x3f44b680 1
[1773159770.046452707] LOCK pid=34739 fd=12: NO_LOCK -> SHARED (fallback)
[1773159770.046453948] LOCK pid=34739 fd=12: SHARED -> SHARED
DBimpl - LOCK REQUEST: 0x3f44b680 2
[1773159770.046461072] LOCK pid=34739 fd=12: SHARED -> RESERVED
DBimpl - LOCK REQUEST: 0x3f44b680 4
[1773159770.058600403] LOCK pid=34739 fd=12: RESERVED -> PENDING
[1773159770.058602544] LOCK pid=34739 fd=12: PENDING -> EXCLUSIVE
DBimpl - UNLOCK REQUEST: 0x3f44b680 1
[1773159770.058606410] UNLOCK pid=34739 fd=12: EXCLUSIVE -> SHARED
DBimpl - UNLOCK REQUEST: 0x3f44b680 0
[1773159770.058609631] UNLOCK pid=34739 fd=12: SHARED -> NO_LOCK
DBimpl - LOCK REQUEST: 0x3f44b680 1
[1773159770.059142178] LOCK pid=34739 fd=12: NO_LOCK -> SHARED (fallback)
[1773159770.059143254] LOCK pid=34739 fd=12: SHARED -> SHARED
DBimpl - LOCK REQUEST: 0x3f44b680 2
[1773159770.059150446] LOCK pid=34739 fd=12: SHARED -> RESERVED
DBimpl - LOCK REQUEST: 0x3f44b680 4
[1773159770.067068163] LOCK pid=34739 fd=12: RESERVED -> PENDING
[1773159770.067070107] LOCK pid=34739 fd=12: PENDING -> EXCLUSIVE
DBimpl - UNLOCK REQUEST: 0x3f44b680 1
[1773159770.067073464] UNLOCK pid=34739 fd=12: EXCLUSIVE -> SHARED
DBimpl - UNLOCK REQUEST: 0x3f44b680 0
[1773159770.067076705] UNLOCK pid=34739 fd=12: SHARED -> NO_LOCK
DBimpl - LOCK REQUEST: 0x3f44b680 1
[1773159770.068386297] LOCK pid=34739 fd=12: NO_LOCK -> SHARED (fallback)
[1773159770.068387470] LOCK pid=34739 fd=12: SHARED -> SHARED
DBimpl - LOCK REQUEST: 0x3f44b680 2
[1773159770.068397339] LOCK pid=34739 fd=12: SHARED -> RESERVED
DBimpl - LOCK REQUEST: 0x3f44b680 4
[1773159770.079679762] LOCK pid=34739 fd=12: RESERVED -> PENDING
[1773159770.079682189] LOCK pid=34739 fd=12: PENDING -> EXCLUSIVE
DBimpl - UNLOCK REQUEST: 0x3f44b680 1
[1773159770.079686465] UNLOCK pid=34739 fd=12: EXCLUSIVE -> SHARED
DBimpl - UNLOCK REQUEST: 0x3f44b680 0
[1773159770.079690060] UNLOCK pid=34739 fd=12: SHARED -> NO_LOCK
DBimpl - LOCK REQUEST: 0x3f44b680 1
[1773159770.080659794] LOCK pid=34739 fd=12: NO_LOCK -> SHARED (fallback)
[1773159770.080661797] LOCK pid=34739 fd=12: SHARED -> SHARED
DBimpl - LOCK REQUEST: 0x3f44b680 2
[1773159770.080671908] LOCK pid=34739 fd=12: SHARED -> RESERVED
DBimpl - LOCK REQUEST: 0x3f44b680 4
[1773159770.083091821] LOCK pid=34739 fd=12: RESERVED -> PENDING
[1773159770.083100561] LOCK pid=34739 fd=12: PENDING -> EXCLUSIVE
DBimpl - UNLOCK REQUEST: 0x3f44b680 1
[1773159770.083105808] UNLOCK pid=34739 fd=12: EXCLUSIVE -> SHARED
DBimpl - UNLOCK REQUEST: 0x3f44b680 0
[1773159770.083109634] UNLOCK pid=34739 fd=12: SHARED -> NO_LOCK
DBimpl - LOCK REQUEST: 0x3f44b680 1
[1773159770.084485825] LOCK pid=34739 fd=12: NO_LOCK -> SHARED (fallback)
[1773159770.084487587] LOCK pid=34739 fd=12: SHARED -> SHARED
DBimpl - LOCK REQUEST: 0x3f44b680 2
[1773159770.084496759] LOCK pid=34739 fd=12: SHARED -> RESERVED
DBimpl - LOCK REQUEST: 0x3f44b680 4
[1773159770.085233098] LOCK pid=34739 fd=12: RESERVED -> PENDING
[1773159770.085235312] LOCK pid=34739 fd=12: PENDING -> EXCLUSIVE
DBimpl - UNLOCK REQUEST: 0x3f44b680 1
[1773159770.085239344] UNLOCK pid=34739 fd=12: EXCLUSIVE -> SHARED
DBimpl - UNLOCK REQUEST: 0x3f44b680 0
[1773159770.085242997] UNLOCK pid=34739 fd=12: SHARED -> NO_LOCK
DBimpl - LOCK REQUEST: 0x3f44b680 1
[1773159770.085764525] LOCK pid=34739 fd=12: NO_LOCK -> SHARED (fallback)
[1773159770.085765794] LOCK pid=34739 fd=12: SHARED -> SHARED
DBimpl - LOCK REQUEST: 0x3f44b680 2
[1773159770.085774021] LOCK pid=34739 fd=12: SHARED -> RESERVED
DBimpl - LOCK REQUEST: 0x3f44b680 4
[1773159770.093444132] LOCK pid=34739 fd=12: RESERVED -> PENDING
[1773159770.093446573] LOCK pid=34739 fd=12: PENDING -> EXCLUSIVE
DBimpl - UNLOCK REQUEST: 0x3f44b680 1
[1773159770.093451212] UNLOCK pid=34739 fd=12: EXCLUSIVE -> SHARED
DBimpl - UNLOCK REQUEST: 0x3f44b680 0
[1773159770.093455075] UNLOCK pid=34739 fd=12: SHARED -> NO_LOCK
DBimpl - LOCK REQUEST: 0x3f44b680 1
[1773159770.093580545] LOCK pid=34739 fd=12: NO_LOCK -> SHARED (fallback)
[1773159770.093581775] LOCK pid=34739 fd=12: SHARED -> SHARED
DBimpl - LOCK REQUEST: 0x3f44b680 2
[1773159770.093590119] LOCK pid=34739 fd=12: SHARED -> RESERVED
DBimpl - LOCK REQUEST: 0x3f44b680 4
[1773159770.097458619] LOCK pid=34739 fd=12: RESERVED -> PENDING
[1773159770.097460361] LOCK pid=34739 fd=12: PENDING -> EXCLUSIVE
DBimpl - UNLOCK REQUEST: 0x3f44b680 1
[1773159770.097463674] UNLOCK pid=34739 fd=12: EXCLUSIVE -> SHARED
DBimpl - UNLOCK REQUEST: 0x3f44b680 0
[1773159770.097466732] UNLOCK pid=34739 fd=12: SHARED -> NO_LOCK
DBimpl - LOCK REQUEST: 0x3f44b680 1
[1773159770.097572694] LOCK pid=34739 fd=12: NO_LOCK -> SHARED (fallback)
[1773159770.097573811] LOCK pid=34739 fd=12: SHARED -> SHARED
DBimpl - LOCK REQUEST: 0x3f44b680 2
[1773159770.097580272] LOCK pid=34739 fd=12: SHARED -> RESERVED
DBimpl - LOCK REQUEST: 0x3f44b680 1
[1773159770.099195006] LOCK pid=34740 fd=14: NO_LOCK -> SHARED (fallback)
[1773159770.099197407] LOCK pid=34740 fd=14: SHARED -> SHARED
DBimpl - LOCK REQUEST: 0x3f44b680 2
DBimpl - UNLOCK REQUEST: 0x3f44b680 0
[1773159770.099214474] UNLOCK pid=34740 fd=14: SHARED -> NO_LOCK
DBimpl - LOCK REQUEST: 0x3f44b680 4
[1773159770.103569682] LOCK pid=34739 fd=12: RESERVED -> PENDING
[1773159770.103571449] LOCK pid=34739 fd=12: PENDING -> EXCLUSIVE
DBimpl - UNLOCK REQUEST: 0x3f44b680 1
[1773159770.103574819] UNLOCK pid=34739 fd=12: EXCLUSIVE -> SHARED
DBimpl - UNLOCK REQUEST: 0x3f44b680 0
[1773159770.103577994] UNLOCK pid=34739 fd=12: SHARED -> NO_LOCK
DBimpl - LOCK REQUEST: 0x3f44b680 1
[1773159770.105777979] LOCK pid=34739 fd=12: NO_LOCK -> SHARED (fallback)
[1773159770.105779579] LOCK pid=34739 fd=12: SHARED -> SHARED
DBimpl - LOCK REQUEST: 0x3f44b680 2
[1773159770.105787866] LOCK pid=34739 fd=12: SHARED -> RESERVED
DBimpl - LOCK REQUEST: 0x3f44b680 1
[1773159770.115122512] LOCK pid=34738 fd=10: NO_LOCK -> SHARED (fallback)
[1773159770.115126440] LOCK pid=34738 fd=10: SHARED -> SHARED
DBimpl - LOCK REQUEST: 0x3f44b680 2
DBimpl - UNLOCK REQUEST: 0x3f44b680 0
[1773159770.115150401] UNLOCK pid=34738 fd=10: SHARED -> NO_LOCK
DBimpl - LOCK REQUEST: 0x3f44b680 4
[1773159770.119714732] LOCK pid=34739 fd=12: RESERVED -> PENDING
[1773159770.119717938] LOCK pid=34739 fd=12: PENDING -> EXCLUSIVE
DBimpl - UNLOCK REQUEST: 0x3f44b680 1
[1773159770.119727748] UNLOCK pid=34739 fd=12: EXCLUSIVE -> SHARED
DBimpl - UNLOCK REQUEST: 0x3f44b680 0
[1773159770.119745151] UNLOCK pid=34739 fd=12: SHARED -> NO_LOCK
DBimpl - LOCK REQUEST: 0x3f44b680 1
[1773159770.122606578] LOCK pid=34739 fd=12: NO_LOCK -> SHARED (fallback)
[1773159770.122608188] LOCK pid=34739 fd=12: SHARED -> SHARED
DBimpl - LOCK REQUEST: 0x3f44b680 2
[1773159770.122618373] LOCK pid=34739 fd=12: SHARED -> RESERVED
DBimpl - LOCK REQUEST: 0x3f44b680 4
[1773159770.128981765] LOCK pid=34739 fd=12: RESERVED -> PENDING
[1773159770.128984378] LOCK pid=34739 fd=12: PENDING -> EXCLUSIVE
DBimpl - UNLOCK REQUEST: 0x3f44b680 1
[1773159770.128988471] UNLOCK pid=34739 fd=12: EXCLUSIVE -> SHARED
DBimpl - UNLOCK REQUEST: 0x3f44b680 0
[1773159770.128992309] UNLOCK pid=34739 fd=12: SHARED -> NO_LOCK
DBimpl - LOCK REQUEST: 0x3f44b680 1
[1773159770.129085917] LOCK pid=34739 fd=12: NO_LOCK -> SHARED (fallback)
[1773159770.129087202] LOCK pid=34739 fd=12: SHARED -> SHARED
DBimpl - LOCK REQUEST: 0x3f44b680 2
[1773159770.129096044] LOCK pid=34739 fd=12: SHARED -> RESERVED
DBimpl - LOCK REQUEST: 0x3f44b680 4
[1773159770.143488538] LOCK pid=34739 fd=12: RESERVED -> PENDING
[1773159770.143490857] LOCK pid=34739 fd=12: PENDING -> EXCLUSIVE
DBimpl - UNLOCK REQUEST: 0x3f44b680 1
[1773159770.143494863] UNLOCK pid=34739 fd=12: EXCLUSIVE -> SHARED
DBimpl - UNLOCK REQUEST: 0x3f44b680 0
[1773159770.143498317] UNLOCK pid=34739 fd=12: SHARED -> NO_LOCK
DBimpl - LOCK REQUEST: 0x3f44b680 1
[1773159770.144097493] LOCK pid=34739 fd=12: NO_LOCK -> SHARED (fallback)
[1773159770.144098657] LOCK pid=34739 fd=12: SHARED -> SHARED
DBimpl - LOCK REQUEST: 0x3f44b680 2
[1773159770.144107424] LOCK pid=34739 fd=12: SHARED -> RESERVED
DBimpl - LOCK REQUEST: 0x3f44b680 4
[1773159770.149326536] LOCK pid=34739 fd=12: RESERVED -> PENDING
[1773159770.149328213] LOCK pid=34739 fd=12: PENDING -> EXCLUSIVE
DBimpl - UNLOCK REQUEST: 0x3f44b680 1
[1773159770.149331282] UNLOCK pid=34739 fd=12: EXCLUSIVE -> SHARED
DBimpl - UNLOCK REQUEST: 0x3f44b680 0
[1773159770.149334192] UNLOCK pid=34739 fd=12: SHARED -> NO_LOCK
DBimpl - LOCK REQUEST: 0x3f44b680 1
[1773159770.150187741] LOCK pid=34739 fd=12: NO_LOCK -> SHARED (fallback)
[1773159770.150188941] LOCK pid=34739 fd=12: SHARED -> SHARED
DBimpl - LOCK REQUEST: 0x3f44b680 2
[1773159770.150196234] LOCK pid=34739 fd=12: SHARED -> RESERVED
DBimpl - LOCK REQUEST: 0x3f44b680 4
[1773159770.157668842] LOCK pid=34739 fd=12: RESERVED -> PENDING
[1773159770.157670441] LOCK pid=34739 fd=12: PENDING -> EXCLUSIVE
DBimpl - UNLOCK REQUEST: 0x3f44b680 1
[1773159770.157673533] UNLOCK pid=34739 fd=12: EXCLUSIVE -> SHARED
DBimpl - UNLOCK REQUEST: 0x3f44b680 0
[1773159770.157676251] UNLOCK pid=34739 fd=12: SHARED -> NO_LOCK
DBimpl - LOCK REQUEST: 0x3f44b680 1
[1773159770.158743851] LOCK pid=34739 fd=12: NO_LOCK -> SHARED (fallback)
[1773159770.158745965] LOCK pid=34739 fd=12: SHARED -> SHARED
DBimpl - LOCK REQUEST: 0x3f44b680 2
[1773159770.158757290] LOCK pid=34739 fd=12: SHARED -> RESERVED
DBimpl - LOCK REQUEST: 0x3f44b680 4
[1773159770.161116941] LOCK pid=34739 fd=12: RESERVED -> PENDING
[1773159770.161119142] LOCK pid=34739 fd=12: PENDING -> EXCLUSIVE
DBimpl - UNLOCK REQUEST: 0x3f44b680 1
[1773159770.161123413] UNLOCK pid=34739 fd=12: EXCLUSIVE -> SHARED
DBimpl - UNLOCK REQUEST: 0x3f44b680 0
[1773159770.161127184] UNLOCK pid=34739 fd=12: SHARED -> NO_LOCK
DBimpl - LOCK REQUEST: 0x3f44b680 1
[1773159770.161478466] LOCK pid=34739 fd=12: NO_LOCK -> SHARED (fallback)
[1773159770.161479913] LOCK pid=34739 fd=12: SHARED -> SHARED
DBimpl - LOCK REQUEST: 0x3f44b680 2
[1773159770.161488417] LOCK pid=34739 fd=12: SHARED -> RESERVED
DBimpl - LOCK REQUEST: 0x3f44b680 4
[1773159770.176721502] LOCK pid=34739 fd=12: RESERVED -> PENDING
[1773159770.176727309] LOCK pid=34739 fd=12: PENDING -> EXCLUSIVE
DBimpl - UNLOCK REQUEST: 0x3f44b680 1
[1773159770.176733557] UNLOCK pid=34739 fd=12: EXCLUSIVE -> SHARED
DBimpl - UNLOCK REQUEST: 0x3f44b680 0
[1773159770.176738330] UNLOCK pid=34739 fd=12: SHARED -> NO_LOCK
DBimpl - LOCK REQUEST: 0x3f44b680 1
[1773159770.178202788] LOCK pid=34739 fd=12: NO_LOCK -> SHARED (fallback)
[1773159770.178204838] LOCK pid=34739 fd=12: SHARED -> SHARED
DBimpl - LOCK REQUEST: 0x3f44b680 2
[1773159770.178238820] LOCK pid=34739 fd=12: SHARED -> RESERVED
DBimpl - LOCK REQUEST: 0x3f44b680 4
[1773159770.190157320] LOCK pid=34739 fd=12: RESERVED -> PENDING
[1773159770.190160106] LOCK pid=34739 fd=12: PENDING -> EXCLUSIVE
DBimpl - UNLOCK REQUEST: 0x3f44b680 1
[1773159770.190166933] UNLOCK pid=34739 fd=12: EXCLUSIVE -> SHARED
DBimpl - UNLOCK REQUEST: 0x3f44b680 0
[1773159770.190170766] UNLOCK pid=34739 fd=12: SHARED -> NO_LOCK
DBimpl - LOCK REQUEST: 0x3f44b680 1
[1773159770.190798647] LOCK pid=34739 fd=12: NO_LOCK -> SHARED (fallback)
[1773159770.190800010] LOCK pid=34739 fd=12: SHARED -> SHARED
DBimpl - LOCK REQUEST: 0x3f44b680 2
[1773159770.190808348] LOCK pid=34739 fd=12: SHARED -> RESERVED
DBimpl - LOCK REQUEST: 0x3f44b680 4
[1773159770.195506505] LOCK pid=34739 fd=12: RESERVED -> PENDING
[1773159770.195508035] LOCK pid=34739 fd=12: PENDING -> EXCLUSIVE
DBimpl - UNLOCK REQUEST: 0x3f44b680 1
[1773159770.195511059] UNLOCK pid=34739 fd=12: EXCLUSIVE -> SHARED
DBimpl - UNLOCK REQUEST: 0x3f44b680 0
[1773159770.195513835] UNLOCK pid=34739 fd=12: SHARED -> NO_LOCK
DBimpl - LOCK REQUEST: 0x3f44b680 1
[1773159770.195842799] LOCK pid=34739 fd=12: NO_LOCK -> SHARED (fallback)
[1773159770.195843838] LOCK pid=34739 fd=12: SHARED -> SHARED
DBimpl - LOCK REQUEST: 0x3f44b680 2
[1773159770.195849958] LOCK pid=34739 fd=12: SHARED -> RESERVED
DBimpl - LOCK REQUEST: 0x3f44b680 4
[1773159770.198489903] LOCK pid=34739 fd=12: RESERVED -> PENDING
[1773159770.198491367] LOCK pid=34739 fd=12: PENDING -> EXCLUSIVE
DBimpl - UNLOCK REQUEST: 0x3f44b680 1
[1773159770.198494289] UNLOCK pid=34739 fd=12: EXCLUSIVE -> SHARED
DBimpl - UNLOCK REQUEST: 0x3f44b680 0
[1773159770.198497034] UNLOCK pid=34739 fd=12: SHARED -> NO_LOCK
DBimpl - LOCK REQUEST: 0x3f44b680 1
[1773159770.198922455] LOCK pid=34739 fd=12: NO_LOCK -> SHARED (fallback)
[1773159770.198923496] LOCK pid=34739 fd=12: SHARED -> SHARED
DBimpl - LOCK REQUEST: 0x3f44b680 2
[1773159770.198929361] LOCK pid=34739 fd=12: SHARED -> RESERVED
DBimpl - LOCK REQUEST: 0x3f44b680 1
[1773159770.199293058] LOCK pid=34740 fd=14: NO_LOCK -> SHARED (fallback)
[1773159770.199295502] LOCK pid=34740 fd=14: SHARED -> SHARED
DBimpl - LOCK REQUEST: 0x3f44b680 2
DBimpl - UNLOCK REQUEST: 0x3f44b680 0
[1773159770.199311748] UNLOCK pid=34740 fd=14: SHARED -> NO_LOCK
DBimpl - LOCK REQUEST: 0x3f44b680 4
[1773159770.206628019] LOCK pid=34739 fd=12: RESERVED -> PENDING
[1773159770.206629964] LOCK pid=34739 fd=12: PENDING -> EXCLUSIVE
DBimpl - UNLOCK REQUEST: 0x3f44b680 1
[1773159770.206633540] UNLOCK pid=34739 fd=12: EXCLUSIVE -> SHARED
DBimpl - UNLOCK REQUEST: 0x3f44b680 0
[1773159770.206636699] UNLOCK pid=34739 fd=12: SHARED -> NO_LOCK
DBimpl - LOCK REQUEST: 0x3f44b680 1
[1773159770.206720015] LOCK pid=34739 fd=12: NO_LOCK -> SHARED (fallback)
[1773159770.206721123] LOCK pid=34739 fd=12: SHARED -> SHARED
DBimpl - LOCK REQUEST: 0x3f44b680 2
[1773159770.206732697] LOCK pid=34739 fd=12: SHARED -> RESERVED
DBimpl - LOCK REQUEST: 0x3f44b680 4
[1773159770.209876601] LOCK pid=34739 fd=12: RESERVED -> PENDING
[1773159770.209878101] LOCK pid=34739 fd=12: PENDING -> EXCLUSIVE
DBimpl - UNLOCK REQUEST: 0x3f44b680 1
[1773159770.209880990] UNLOCK pid=34739 fd=12: EXCLUSIVE -> SHARED
DBimpl - UNLOCK REQUEST: 0x3f44b680 0
[1773159770.209883616] UNLOCK pid=34739 fd=12: SHARED -> NO_LOCK
DBimpl - LOCK REQUEST: 0x3f44b680 1
[1773159770.209987974] LOCK pid=34739 fd=12: NO_LOCK -> SHARED (fallback)
[1773159770.209989083] LOCK pid=34739 fd=12: SHARED -> SHARED
DBimpl - LOCK REQUEST: 0x3f44b680 2
[1773159770.209995689] LOCK pid=34739 fd=12: SHARED -> RESERVED
DBimpl - LOCK REQUEST: 0x3f44b680 1
[1773159770.215323394] LOCK pid=34738 fd=10: NO_LOCK -> SHARED (fallback)
[1773159770.215326330] LOCK pid=34738 fd=10: SHARED -> SHARED
DBimpl - LOCK REQUEST: 0x3f44b680 2
DBimpl - UNLOCK REQUEST: 0x3f44b680 0
[1773159770.215350946] UNLOCK pid=34738 fd=10: SHARED -> NO_LOCK
DBimpl - LOCK REQUEST: 0x3f44b680 4
[1773159770.219523799] LOCK pid=34739 fd=12: RESERVED -> PENDING
[1773159770.219531023] LOCK pid=34739 fd=12: PENDING -> EXCLUSIVE
DBimpl - UNLOCK REQUEST: 0x3f44b680 1
[1773159770.219534309] UNLOCK pid=34739 fd=12: EXCLUSIVE -> SHARED
DBimpl - UNLOCK REQUEST: 0x3f44b680 0
[1773159770.219537406] UNLOCK pid=34739 fd=12: SHARED -> NO_LOCK
DBimpl - LOCK REQUEST: 0x3f44b680 1
[1773159770.221249985] LOCK pid=34739 fd=12: NO_LOCK -> SHARED (fallback)
[1773159770.221252109] LOCK pid=34739 fd=12: SHARED -> SHARED
DBimpl - LOCK REQUEST: 0x3f44b680 2
[1773159770.221264199] LOCK pid=34739 fd=12: SHARED -> RESERVED
DBimpl - LOCK REQUEST: 0x3f44b680 4
[1773159770.226932865] LOCK pid=34739 fd=12: RESERVED -> PENDING
[1773159770.226935202] LOCK pid=34739 fd=12: PENDING -> EXCLUSIVE
DBimpl - UNLOCK REQUEST: 0x3f44b680 1
[1773159770.226939922] UNLOCK pid=34739 fd=12: EXCLUSIVE -> SHARED
DBimpl - UNLOCK REQUEST: 0x3f44b680 0
[1773159770.226943903] UNLOCK pid=34739 fd=12: SHARED -> NO_LOCK
DBimpl - LOCK REQUEST: 0x3f44b680 1
[1773159770.227062875] LOCK pid=34739 fd=12: NO_LOCK -> SHARED (fallback)
[1773159770.227064169] LOCK pid=34739 fd=12: SHARED -> SHARED
DBimpl - LOCK REQUEST: 0x3f44b680 2
[1773159770.227074001] LOCK pid=34739 fd=12: SHARED -> RESERVED
DBimpl - LOCK REQUEST: 0x3f44b680 4
[1773159770.240345135] LOCK pid=34739 fd=12: RESERVED -> PENDING
[1773159770.240347117] LOCK pid=34739 fd=12: PENDING -> EXCLUSIVE
DBimpl - UNLOCK REQUEST: 0x3f44b680 1
[1773159770.240351563] UNLOCK pid=34739 fd=12: EXCLUSIVE -> SHARED
DBimpl - UNLOCK REQUEST: 0x3f44b680 0
[1773159770.240354855] UNLOCK pid=34739 fd=12: SHARED -> NO_LOCK
DBimpl - LOCK REQUEST: 0x3f44b680 1
[1773159770.240516581] LOCK pid=34739 fd=12: NO_LOCK -> SHARED (fallback)
[1773159770.240517748] LOCK pid=34739 fd=12: SHARED -> SHARED
DBimpl - LOCK REQUEST: 0x3f44b680 2
[1773159770.240525649] LOCK pid=34739 fd=12: SHARED -> RESERVED
DBimpl - LOCK REQUEST: 0x3f44b680 4
[1773159770.253265262] LOCK pid=34739 fd=12: RESERVED -> PENDING
[1773159770.253268220] LOCK pid=34739 fd=12: PENDING -> EXCLUSIVE
DBimpl - UNLOCK REQUEST: 0x3f44b680 1
[1773159770.253272985] UNLOCK pid=34739 fd=12: EXCLUSIVE -> SHARED
DBimpl - UNLOCK REQUEST: 0x3f44b680 0
[1773159770.253276883] UNLOCK pid=34739 fd=12: SHARED -> NO_LOCK
DBimpl - LOCK REQUEST: 0x3f44b680 1
[1773159770.253766655] LOCK pid=34739 fd=12: NO_LOCK -> SHARED (fallback)
[1773159770.253768906] LOCK pid=34739 fd=12: SHARED -> SHARED
DBimpl - LOCK REQUEST: 0x3f44b680 2
[1773159770.253778502] LOCK pid=34739 fd=12: SHARED -> RESERVED
DBimpl - LOCK REQUEST: 0x3f44b680 4
[1773159770.257560478] LOCK pid=34739 fd=12: RESERVED -> PENDING
[1773159770.257562333] LOCK pid=34739 fd=12: PENDING -> EXCLUSIVE
DBimpl - UNLOCK REQUEST: 0x3f44b680 1
[1773159770.257565766] UNLOCK pid=34739 fd=12: EXCLUSIVE -> SHARED
DBimpl - UNLOCK REQUEST: 0x3f44b680 0
[1773159770.257568802] UNLOCK pid=34739 fd=12: SHARED -> NO_LOCK
DBimpl - LOCK REQUEST: 0x3f44b680 1
[1773159770.257702355] LOCK pid=34739 fd=12: NO_LOCK -> SHARED (fallback)
[1773159770.257703909] LOCK pid=34739 fd=12: SHARED -> SHARED
DBimpl - LOCK REQUEST: 0x3f44b680 2
[1773159770.257711665] LOCK pid=34739 fd=12: SHARED -> RESERVED
DBimpl - LOCK REQUEST: 0x3f44b680 4
[1773159770.267406421] LOCK pid=34739 fd=12: RESERVED -> PENDING
[1773159770.267408085] LOCK pid=34739 fd=12: PENDING -> EXCLUSIVE
DBimpl - UNLOCK REQUEST: 0x3f44b680 1
[1773159770.267411468] UNLOCK pid=34739 fd=12: EXCLUSIVE -> SHARED
DBimpl - UNLOCK REQUEST: 0x3f44b680 0
[1773159770.267414410] UNLOCK pid=34739 fd=12: SHARED -> NO_LOCK
DBimpl - LOCK REQUEST: 0x3f44b680 1
[1773159770.267734968] LOCK pid=34739 fd=12: NO_LOCK -> SHARED (fallback)
[1773159770.267736156] LOCK pid=34739 fd=12: SHARED -> SHARED
DBimpl - LOCK REQUEST: 0x3f44b680 2
[1773159770.267743336] LOCK pid=34739 fd=12: SHARED -> RESERVED
DBimpl - LOCK REQUEST: 0x3f44b680 4
[1773159770.278977630] LOCK pid=34739 fd=12: RESERVED -> PENDING
[1773159770.278979183] LOCK pid=34739 fd=12: PENDING -> EXCLUSIVE
DBimpl - UNLOCK REQUEST: 0x3f44b680 1
[1773159770.278982092] UNLOCK pid=34739 fd=12: EXCLUSIVE -> SHARED
DBimpl - UNLOCK REQUEST: 0x3f44b680 0
[1773159770.278984898] UNLOCK pid=34739 fd=12: SHARED -> NO_LOCK
DBimpl - LOCK REQUEST: 0x3f44b680 1
[1773159770.283098495] LOCK pid=34739 fd=12: NO_LOCK -> SHARED (fallback)
[1773159770.283114251] LOCK pid=34739 fd=12: SHARED -> SHARED
DBimpl - LOCK REQUEST: 0x3f44b680 2
[1773159770.283148616] LOCK pid=34739 fd=12: SHARED -> RESERVED
DBimpl - LOCK REQUEST: 0x3f44b680 4
[1773159770.297417758] LOCK pid=34739 fd=12: RESERVED -> PENDING
[1773159770.297420056] LOCK pid=34739 fd=12: PENDING -> EXCLUSIVE
DBimpl - UNLOCK REQUEST: 0x3f44b680 1
[1773159770.297425387] UNLOCK pid=34739 fd=12: EXCLUSIVE -> SHARED
DBimpl - UNLOCK REQUEST: 0x3f44b680 0
[1773159770.297429280] UNLOCK pid=34739 fd=12: SHARED -> NO_LOCK
DBimpl - LOCK REQUEST: 0x3f44b680 1
[1773159770.297565766] LOCK pid=34739 fd=12: NO_LOCK -> SHARED (fallback)
[1773159770.297567467] LOCK pid=34739 fd=12: SHARED -> SHARED
DBimpl - LOCK REQUEST: 0x3f44b680 2
[1773159770.297575750] LOCK pid=34739 fd=12: SHARED -> RESERVED
DBimpl - LOCK REQUEST: 0x3f44b680 1
[1773159770.299388293] LOCK pid=34740 fd=14: NO_LOCK -> SHARED (fallback)
[1773159770.299391020] LOCK pid=34740 fd=14: SHARED -> SHARED
DBimpl - LOCK REQUEST: 0x3f44b680 2
DBimpl - UNLOCK REQUEST: 0x3f44b680 0
[1773159770.299407966] UNLOCK pid=34740 fd=14: SHARED -> NO_LOCK
DBimpl - LOCK REQUEST: 0x3f44b680 4
[1773159770.303940092] LOCK pid=34739 fd=12: RESERVED -> PENDING
[1773159770.303942052] LOCK pid=34739 fd=12: PENDING -> EXCLUSIVE
DBimpl - UNLOCK REQUEST: 0x3f44b680 1
[1773159770.303945729] UNLOCK pid=34739 fd=12: EXCLUSIVE -> SHARED
DBimpl - UNLOCK REQUEST: 0x3f44b680 0
[1773159770.303948871] UNLOCK pid=34739 fd=12: SHARED -> NO_LOCK
DBimpl - LOCK REQUEST: 0x3f44b680 1
[1773159770.305190829] LOCK pid=34739 fd=12: NO_LOCK -> SHARED (fallback)
[1773159770.305192921] LOCK pid=34739 fd=12: SHARED -> SHARED
DBimpl - LOCK REQUEST: 0x3f44b680 2
[1773159770.305203652] LOCK pid=34739 fd=12: SHARED -> RESERVED
DBimpl - LOCK REQUEST: 0x3f44b680 4
[1773159770.308840980] LOCK pid=34739 fd=12: RESERVED -> PENDING
[1773159770.308843006] LOCK pid=34739 fd=12: PENDING -> EXCLUSIVE
DBimpl - UNLOCK REQUEST: 0x3f44b680 1
[1773159770.308848612] UNLOCK pid=34739 fd=12: EXCLUSIVE -> SHARED
DBimpl - UNLOCK REQUEST: 0x3f44b680 0
[1773159770.308851994] UNLOCK pid=34739 fd=12: SHARED -> NO_LOCK
DBimpl - LOCK REQUEST: 0x3f44b680 1
[1773159770.310876496] LOCK pid=34739 fd=12: NO_LOCK -> SHARED (fallback)
[1773159770.310878698] LOCK pid=34739 fd=12: SHARED -> SHARED
DBimpl - LOCK REQUEST: 0x3f44b680 2
[1773159770.310891813] LOCK pid=34739 fd=12: SHARED -> RESERVED
DBimpl - LOCK REQUEST: 0x3f44b680 1
[1773159770.315471424] LOCK pid=34738 fd=10: NO_LOCK -> SHARED (fallback)
[1773159770.315473806] LOCK pid=34738 fd=10: SHARED -> SHARED
DBimpl - LOCK REQUEST: 0x3f44b680 2
DBimpl - UNLOCK REQUEST: 0x3f44b680 0
[1773159770.315488919] UNLOCK pid=34738 fd=10: SHARED -> NO_LOCK
DBimpl - LOCK REQUEST: 0x3f44b680 4
[1773159770.317129993] LOCK pid=34739 fd=12: RESERVED -> PENDING
[1773159770.317132021] LOCK pid=34739 fd=12: PENDING -> EXCLUSIVE
DBimpl - UNLOCK REQUEST: 0x3f44b680 1
[1773159770.317136265] UNLOCK pid=34739 fd=12: EXCLUSIVE -> SHARED
DBimpl - UNLOCK REQUEST: 0x3f44b680 0
[1773159770.317139820] UNLOCK pid=34739 fd=12: SHARED -> NO_LOCK
DBimpl - LOCK REQUEST: 0x3f44b680 1
[1773159770.318037605] LOCK pid=34739 fd=12: NO_LOCK -> SHARED (fallback)
[1773159770.318038801] LOCK pid=34739 fd=12: SHARED -> SHARED
DBimpl - LOCK REQUEST: 0x3f44b680 2
[1773159770.318075989] LOCK pid=34739 fd=12: SHARED -> RESERVED
DBimpl - LOCK REQUEST: 0x3f44b680 4
[1773159770.325852863] LOCK pid=34739 fd=12: RESERVED -> PENDING
[1773159770.325854954] LOCK pid=34739 fd=12: PENDING -> EXCLUSIVE
DBimpl - UNLOCK REQUEST: 0x3f44b680 1
[1773159770.325859151] UNLOCK pid=34739 fd=12: EXCLUSIVE -> SHARED
DBimpl - UNLOCK REQUEST: 0x3f44b680 0
[1773159770.325862475] UNLOCK pid=34739 fd=12: SHARED -> NO_LOCK
DBimpl - LOCK REQUEST: 0x3f44b680 1
[1773159770.325989876] LOCK pid=34739 fd=12: NO_LOCK -> SHARED (fallback)
[1773159770.325991033] LOCK pid=34739 fd=12: SHARED -> SHARED
DBimpl - LOCK REQUEST: 0x3f44b680 2
[1773159770.326006258] LOCK pid=34739 fd=12: SHARED -> RESERVED
DBimpl - LOCK REQUEST: 0x3f44b680 4
[1773159770.342005271] LOCK pid=34739 fd=12: RESERVED -> PENDING
[1773159770.342008197] LOCK pid=34739 fd=12: PENDING -> EXCLUSIVE
DBimpl - UNLOCK REQUEST: 0x3f44b680 1
[1773159770.342020361] UNLOCK pid=34739 fd=12: EXCLUSIVE -> SHARED
DBimpl - UNLOCK REQUEST: 0x3f44b680 0
[1773159770.342024641] UNLOCK pid=34739 fd=12: SHARED -> NO_LOCK
DBimpl - LOCK REQUEST: 0x3f44b680 1
[1773159770.342268060] LOCK pid=34739 fd=12: NO_LOCK -> SHARED (fallback)
[1773159770.342269261] LOCK pid=34739 fd=12: SHARED -> SHARED
DBimpl - LOCK REQUEST: 0x3f44b680 2
[1773159770.342279922] LOCK pid=34739 fd=12: SHARED -> RESERVED
DBimpl - LOCK REQUEST: 0x3f44b680 4
[1773159770.355679935] LOCK pid=34739 fd=12: RESERVED -> PENDING
[1773159770.355682806] LOCK pid=34739 fd=12: PENDING -> EXCLUSIVE
DBimpl - UNLOCK REQUEST: 0x3f44b680 1
[1773159770.355687550] UNLOCK pid=34739 fd=12: EXCLUSIVE -> SHARED
DBimpl - UNLOCK REQUEST: 0x3f44b680 0
[1773159770.355692344] UNLOCK pid=34739 fd=12: SHARED -> NO_LOCK
DBimpl - LOCK REQUEST: 0x3f44b680 1
[1773159770.357002185] LOCK pid=34739 fd=12: NO_LOCK -> SHARED (fallback)
[1773159770.357005136] LOCK pid=34739 fd=12: SHARED -> SHARED
DBimpl - LOCK REQUEST: 0x3f44b680 2
[1773159770.357039115] LOCK pid=34739 fd=12: SHARED -> RESERVED
DBimpl - LOCK REQUEST: 0x3f44b680 4
[1773159770.379226791] LOCK pid=34739 fd=12: RESERVED -> PENDING
[1773159770.379232830] LOCK pid=34739 fd=12: PENDING -> EXCLUSIVE
DBimpl - UNLOCK REQUEST: 0x3f44b680 1
[1773159770.379241923] UNLOCK pid=34739 fd=12: EXCLUSIVE -> SHARED
DBimpl - UNLOCK REQUEST: 0x3f44b680 0
[1773159770.379250395] UNLOCK pid=34739 fd=12: SHARED -> NO_LOCK
DBimpl - LOCK REQUEST: 0x3f44b680 1
[1773159770.381191018] LOCK pid=34739 fd=12: NO_LOCK -> SHARED (fallback)
[1773159770.381193831] LOCK pid=34739 fd=12: SHARED -> SHARED
DBimpl - LOCK REQUEST: 0x3f44b680 2
[1773159770.381215547] LOCK pid=34739 fd=12: SHARED -> RESERVED
DBimpl - LOCK REQUEST: 0x3f44b680 4
[1773159770.396162636] LOCK pid=34739 fd=12: RESERVED -> PENDING
[1773159770.396167804] LOCK pid=34739 fd=12: PENDING -> EXCLUSIVE
DBimpl - UNLOCK REQUEST: 0x3f44b680 1
[1773159770.396176843] UNLOCK pid=34739 fd=12: EXCLUSIVE -> SHARED
DBimpl - UNLOCK REQUEST: 0x3f44b680 0
[1773159770.396185223] UNLOCK pid=34739 fd=12: SHARED -> NO_LOCK
DBimpl - UNLOCK REQUEST: 0x3f44b680 0
DBimpl - LOCK REQUEST: 0x3f44b680 1
[1773159770.399522036] LOCK pid=34740 fd=14: NO_LOCK -> SHARED (fallback)
[1773159770.399525917] LOCK pid=34740 fd=14: SHARED -> SHARED
DBimpl - LOCK REQUEST: 0x3f44b680 2
[1773159770.399549304] LOCK pid=34740 fd=14: SHARED -> RESERVED
DBimpl - LOCK REQUEST: 0x3f44b680 4
[1773159770.399771544] LOCK pid=34740 fd=14: RESERVED -> PENDING
[1773159770.399774018] LOCK pid=34740 fd=14: PENDING -> EXCLUSIVE
DBimpl - UNLOCK REQUEST: 0x3f44b680 1
[1773159770.407445501] UNLOCK pid=34740 fd=14: EXCLUSIVE -> SHARED
DBimpl - UNLOCK REQUEST: 0x3f44b680 0
[1773159770.407452651] UNLOCK pid=34740 fd=14: SHARED -> NO_LOCK
DBimpl - LOCK REQUEST: 0x3f44b680 1
[1773159770.408471647] LOCK pid=34740 fd=14: NO_LOCK -> SHARED (fallback)
[1773159770.408473246] LOCK pid=34740 fd=14: SHARED -> SHARED
DBimpl - LOCK REQUEST: 0x3f44b680 2
[1773159770.408499180] LOCK pid=34740 fd=14: SHARED -> RESERVED
DBimpl - LOCK REQUEST: 0x3f44b680 4
[1773159770.408645743] LOCK pid=34740 fd=14: RESERVED -> PENDING
[1773159770.408647624] LOCK pid=34740 fd=14: PENDING -> EXCLUSIVE
DBimpl - UNLOCK REQUEST: 0x3f44b680 1
[1773159770.410487769] UNLOCK pid=34740 fd=14: EXCLUSIVE -> SHARED
DBimpl - UNLOCK REQUEST: 0x3f44b680 0
[1773159770.410492932] UNLOCK pid=34740 fd=14: SHARED -> NO_LOCK
DBimpl - LOCK REQUEST: 0x3f44b680 1
[1773159770.410850922] LOCK pid=34740 fd=14: NO_LOCK -> SHARED (fallback)
[1773159770.410852296] LOCK pid=34740 fd=14: SHARED -> SHARED
DBimpl - LOCK REQUEST: 0x3f44b680 2
[1773159770.410860525] LOCK pid=34740 fd=14: SHARED -> RESERVED
DBimpl - LOCK REQUEST: 0x3f44b680 4
[1773159770.410949049] LOCK pid=34740 fd=14: RESERVED -> PENDING
[1773159770.410953110] LOCK pid=34740 fd=14: PENDING -> EXCLUSIVE
DBimpl - UNLOCK REQUEST: 0x3f44b680 1
[1773159770.412577148] UNLOCK pid=34740 fd=14: EXCLUSIVE -> SHARED
DBimpl - UNLOCK REQUEST: 0x3f44b680 0
[1773159770.412581122] UNLOCK pid=34740 fd=14: SHARED -> NO_LOCK
DBimpl - LOCK REQUEST: 0x3f44b680 1
[1773159770.412735193] LOCK pid=34740 fd=14: NO_LOCK -> SHARED (fallback)
[1773159770.412736414] LOCK pid=34740 fd=14: SHARED -> SHARED
DBimpl - LOCK REQUEST: 0x3f44b680 2
[1773159770.412744126] LOCK pid=34740 fd=14: SHARED -> RESERVED
DBimpl - LOCK REQUEST: 0x3f44b680 4
[1773159770.412834376] LOCK pid=34740 fd=14: RESERVED -> PENDING
[1773159770.412836022] LOCK pid=34740 fd=14: PENDING -> EXCLUSIVE
DBimpl - UNLOCK REQUEST: 0x3f44b680 1
[1773159770.414536013] UNLOCK pid=34740 fd=14: EXCLUSIVE -> SHARED
DBimpl - UNLOCK REQUEST: 0x3f44b680 0
[1773159770.414542686] UNLOCK pid=34740 fd=14: SHARED -> NO_LOCK
DBimpl - LOCK REQUEST: 0x3f44b680 1
[1773159770.414677700] LOCK pid=34740 fd=14: NO_LOCK -> SHARED (fallback)
[1773159770.414679188] LOCK pid=34740 fd=14: SHARED -> SHARED
DBimpl - LOCK REQUEST: 0x3f44b680 2
[1773159770.414689250] LOCK pid=34740 fd=14: SHARED -> RESERVED
DBimpl - LOCK REQUEST: 0x3f44b680 4
[1773159770.414919895] LOCK pid=34740 fd=14: RESERVED -> PENDING
[1773159770.414921734] LOCK pid=34740 fd=14: PENDING -> EXCLUSIVE
DBimpl - LOCK REQUEST: 0x3f44b680 1
DBimpl - UNLOCK REQUEST: 0x3f44b680 1
[1773159770.416594161] UNLOCK pid=34740 fd=14: EXCLUSIVE -> SHARED
DBimpl - UNLOCK REQUEST: 0x3f44b680 0
[1773159770.416599087] UNLOCK pid=34740 fd=14: SHARED -> NO_LOCK
DBimpl - LOCK REQUEST: 0x3f44b680 1
[1773159770.417671290] LOCK pid=34740 fd=14: NO_LOCK -> SHARED (fallback)
[1773159770.417672814] LOCK pid=34740 fd=14: SHARED -> SHARED
DBimpl - LOCK REQUEST: 0x3f44b680 2
[1773159770.417682106] LOCK pid=34740 fd=14: SHARED -> RESERVED
DBimpl - LOCK REQUEST: 0x3f44b680 4
[1773159770.417769636] LOCK pid=34740 fd=14: RESERVED -> PENDING
[1773159770.417771438] LOCK pid=34740 fd=14: PENDING -> EXCLUSIVE
DBimpl - UNLOCK REQUEST: 0x3f44b680 1
[1773159770.419432733] UNLOCK pid=34740 fd=14: EXCLUSIVE -> SHARED
DBimpl - UNLOCK REQUEST: 0x3f44b680 0
[1773159770.419436313] UNLOCK pid=34740 fd=14: SHARED -> NO_LOCK
DBimpl - LOCK REQUEST: 0x3f44b680 1
[1773159770.420747833] LOCK pid=34740 fd=14: NO_LOCK -> SHARED (fallback)
[1773159770.420749453] LOCK pid=34740 fd=14: SHARED -> SHARED
DBimpl - LOCK REQUEST: 0x3f44b680 2
[1773159770.420758473] LOCK pid=34740 fd=14: SHARED -> RESERVED
DBimpl - LOCK REQUEST: 0x3f44b680 4
[1773159770.420830697] LOCK pid=34740 fd=14: RESERVED -> PENDING
[1773159770.420832280] LOCK pid=34740 fd=14: PENDING -> EXCLUSIVE
DBimpl - UNLOCK REQUEST: 0x3f44b680 1
[1773159770.422459402] UNLOCK pid=34740 fd=14: EXCLUSIVE -> SHARED
DBimpl - UNLOCK REQUEST: 0x3f44b680 0
[1773159770.422464750] UNLOCK pid=34740 fd=14: SHARED -> NO_LOCK
DBimpl - LOCK REQUEST: 0x3f44b680 1
[1773159770.422594843] LOCK pid=34740 fd=14: NO_LOCK -> SHARED (fallback)
[1773159770.422596119] LOCK pid=34740 fd=14: SHARED -> SHARED
DBimpl - LOCK REQUEST: 0x3f44b680 2
[1773159770.422604230] LOCK pid=34740 fd=14: SHARED -> RESERVED
DBimpl - LOCK REQUEST: 0x3f44b680 4
[1773159770.422683181] LOCK pid=34740 fd=14: RESERVED -> PENDING
[1773159770.422684983] LOCK pid=34740 fd=14: PENDING -> EXCLUSIVE
DBimpl - UNLOCK REQUEST: 0x3f44b680 1
[1773159770.424311334] UNLOCK pid=34740 fd=14: EXCLUSIVE -> SHARED
DBimpl - UNLOCK REQUEST: 0x3f44b680 0
[1773159770.424315249] UNLOCK pid=34740 fd=14: SHARED -> NO_LOCK
DBimpl - LOCK REQUEST: 0x3f44b680 1
[1773159770.425131888] LOCK pid=34740 fd=14: NO_LOCK -> SHARED (fallback)
[1773159770.425133277] LOCK pid=34740 fd=14: SHARED -> SHARED
DBimpl - LOCK REQUEST: 0x3f44b680 2
[1773159770.425142049] LOCK pid=34740 fd=14: SHARED -> RESERVED
DBimpl - LOCK REQUEST: 0x3f44b680 4
[1773159770.425216151] LOCK pid=34740 fd=14: RESERVED -> PENDING
[1773159770.425217745] LOCK pid=34740 fd=14: PENDING -> EXCLUSIVE
DBimpl - UNLOCK REQUEST: 0x3f44b680 1
[1773159770.426830591] UNLOCK pid=34740 fd=14: EXCLUSIVE -> SHARED
DBimpl - UNLOCK REQUEST: 0x3f44b680 0
[1773159770.426836572] UNLOCK pid=34740 fd=14: SHARED -> NO_LOCK
DBimpl - LOCK REQUEST: 0x3f44b680 1
[1773159770.427283508] LOCK pid=34740 fd=14: NO_LOCK -> SHARED (fallback)
[1773159770.427284636] LOCK pid=34740 fd=14: SHARED -> SHARED
DBimpl - LOCK REQUEST: 0x3f44b680 2
[1773159770.427292907] LOCK pid=34740 fd=14: SHARED -> RESERVED
DBimpl - LOCK REQUEST: 0x3f44b680 4
[1773159770.427359872] LOCK pid=34740 fd=14: RESERVED -> PENDING
[1773159770.427361461] LOCK pid=34740 fd=14: PENDING -> EXCLUSIVE
DBimpl - UNLOCK REQUEST: 0x3f44b680 1
[1773159770.429072470] UNLOCK pid=34740 fd=14: EXCLUSIVE -> SHARED
DBimpl - UNLOCK REQUEST: 0x3f44b680 0
[1773159770.429076323] UNLOCK pid=34740 fd=14: SHARED -> NO_LOCK
DBimpl - LOCK REQUEST: 0x3f44b680 1
[1773159770.429261074] LOCK pid=34740 fd=14: NO_LOCK -> SHARED (fallback)
[1773159770.429262216] LOCK pid=34740 fd=14: SHARED -> SHARED
DBimpl - LOCK REQUEST: 0x3f44b680 2
[1773159770.429270508] LOCK pid=34740 fd=14: SHARED -> RESERVED
DBimpl - LOCK REQUEST: 0x3f44b680 4
[1773159770.429340975] LOCK pid=34740 fd=14: RESERVED -> PENDING
[1773159770.429342686] LOCK pid=34740 fd=14: PENDING -> EXCLUSIVE
DBimpl - UNLOCK REQUEST: 0x3f44b680 1
[1773159770.430908767] UNLOCK pid=34740 fd=14: EXCLUSIVE -> SHARED
DBimpl - UNLOCK REQUEST: 0x3f44b680 0
[1773159770.430912285] UNLOCK pid=34740 fd=14: SHARED -> NO_LOCK
DBimpl - LOCK REQUEST: 0x3f44b680 1
[1773159770.433265175] LOCK pid=34740 fd=14: NO_LOCK -> SHARED (fallback)
[1773159770.433266658] LOCK pid=34740 fd=14: SHARED -> SHARED
DBimpl - LOCK REQUEST: 0x3f44b680 2
[1773159770.433276252] LOCK pid=34740 fd=14: SHARED -> RESERVED
DBimpl - LOCK REQUEST: 0x3f44b680 4
[1773159770.433347386] LOCK pid=34740 fd=14: RESERVED -> PENDING
[1773159770.433349022] LOCK pid=34740 fd=14: PENDING -> EXCLUSIVE
DBimpl - UNLOCK REQUEST: 0x3f44b680 1
[1773159770.434968653] UNLOCK pid=34740 fd=14: EXCLUSIVE -> SHARED
DBimpl - UNLOCK REQUEST: 0x3f44b680 0
[1773159770.434972483] UNLOCK pid=34740 fd=14: SHARED -> NO_LOCK
DBimpl - LOCK REQUEST: 0x3f44b680 1
[1773159770.435473932] LOCK pid=34740 fd=14: NO_LOCK -> SHARED (fallback)
[1773159770.435475247] LOCK pid=34740 fd=14: SHARED -> SHARED
DBimpl - LOCK REQUEST: 0x3f44b680 2
[1773159770.435485137] LOCK pid=34740 fd=14: SHARED -> RESERVED
DBimpl - LOCK REQUEST: 0x3f44b680 4
[1773159770.435558797] LOCK pid=34740 fd=14: RESERVED -> PENDING
[1773159770.435560583] LOCK pid=34740 fd=14: PENDING -> EXCLUSIVE
DBimpl - UNLOCK REQUEST: 0x3f44b680 1
[1773159770.437284503] UNLOCK pid=34740 fd=14: EXCLUSIVE -> SHARED
DBimpl - UNLOCK REQUEST: 0x3f44b680 0
[1773159770.437289923] UNLOCK pid=34740 fd=14: SHARED -> NO_LOCK
DBimpl - LOCK REQUEST: 0x3f44b680 1
[1773159770.437375913] LOCK pid=34740 fd=14: NO_LOCK -> SHARED (fallback)
[1773159770.437377224] LOCK pid=34740 fd=14: SHARED -> SHARED
DBimpl - LOCK REQUEST: 0x3f44b680 2
[1773159770.437387115] LOCK pid=34740 fd=14: SHARED -> RESERVED
DBimpl - LOCK REQUEST: 0x3f44b680 4
[1773159770.437485680] LOCK pid=34740 fd=14: RESERVED -> PENDING
[1773159770.437487482] LOCK pid=34740 fd=14: PENDING -> EXCLUSIVE
DBimpl - UNLOCK REQUEST: 0x3f44b680 1
[1773159770.439167484] UNLOCK pid=34740 fd=14: EXCLUSIVE -> SHARED
DBimpl - UNLOCK REQUEST: 0x3f44b680 0
[1773159770.439172056] UNLOCK pid=34740 fd=14: SHARED -> NO_LOCK
DBimpl - LOCK REQUEST: 0x3f44b680 1
[1773159770.439554227] LOCK pid=34740 fd=14: NO_LOCK -> SHARED (fallback)
[1773159770.439555435] LOCK pid=34740 fd=14: SHARED -> SHARED
DBimpl - LOCK REQUEST: 0x3f44b680 2
[1773159770.439564606] LOCK pid=34740 fd=14: SHARED -> RESERVED
DBimpl - LOCK REQUEST: 0x3f44b680 4
[1773159770.439651592] LOCK pid=34740 fd=14: RESERVED -> PENDING
[1773159770.439653403] LOCK pid=34740 fd=14: PENDING -> EXCLUSIVE
DBimpl - UNLOCK REQUEST: 0x3f44b680 1
[1773159770.441301892] UNLOCK pid=34740 fd=14: EXCLUSIVE -> SHARED
DBimpl - UNLOCK REQUEST: 0x3f44b680 0
[1773159770.441306181] UNLOCK pid=34740 fd=14: SHARED -> NO_LOCK
DBimpl - LOCK REQUEST: 0x3f44b680 1
[1773159770.441710105] LOCK pid=34740 fd=14: NO_LOCK -> SHARED (fallback)
[1773159770.441714001] LOCK pid=34740 fd=14: SHARED -> SHARED
DBimpl - LOCK REQUEST: 0x3f44b680 2
[1773159770.441727848] LOCK pid=34740 fd=14: SHARED -> RESERVED
DBimpl - LOCK REQUEST: 0x3f44b680 4
[1773159770.441808375] LOCK pid=34740 fd=14: RESERVED -> PENDING
[1773159770.441810648] LOCK pid=34740 fd=14: PENDING -> EXCLUSIVE
DBimpl - UNLOCK REQUEST: 0x3f44b680 1
[1773159770.445240381] UNLOCK pid=34740 fd=14: EXCLUSIVE -> SHARED
DBimpl - UNLOCK REQUEST: 0x3f44b680 0
[1773159770.445244648] UNLOCK pid=34740 fd=14: SHARED -> NO_LOCK
DBimpl - LOCK REQUEST: 0x3f44b680 1
[1773159770.445964520] LOCK pid=34740 fd=14: NO_LOCK -> SHARED (fallback)
[1773159770.445965848] LOCK pid=34740 fd=14: SHARED -> SHARED
DBimpl - LOCK REQUEST: 0x3f44b680 2
[1773159770.445973728] LOCK pid=34740 fd=14: SHARED -> RESERVED
DBimpl - LOCK REQUEST: 0x3f44b680 4
[1773159770.446042234] LOCK pid=34740 fd=14: RESERVED -> PENDING
[1773159770.446043835] LOCK pid=34740 fd=14: PENDING -> EXCLUSIVE
DBimpl - UNLOCK REQUEST: 0x3f44b680 1
[1773159770.448790827] UNLOCK pid=34740 fd=14: EXCLUSIVE -> SHARED
DBimpl - UNLOCK REQUEST: 0x3f44b680 0
[1773159770.448794573] UNLOCK pid=34740 fd=14: SHARED -> NO_LOCK
DBimpl - LOCK REQUEST: 0x3f44b680 1
[1773159770.451077096] LOCK pid=34740 fd=14: NO_LOCK -> SHARED (fallback)
[1773159770.451078335] LOCK pid=34740 fd=14: SHARED -> SHARED
DBimpl - LOCK REQUEST: 0x3f44b680 2
[1773159770.451089204] LOCK pid=34740 fd=14: SHARED -> RESERVED
DBimpl - LOCK REQUEST: 0x3f44b680 4
[1773159770.451164404] LOCK pid=34740 fd=14: RESERVED -> PENDING
[1773159770.451166170] LOCK pid=34740 fd=14: PENDING -> EXCLUSIVE
DBimpl - UNLOCK REQUEST: 0x3f44b680 1
[1773159770.452850366] UNLOCK pid=34740 fd=14: EXCLUSIVE -> SHARED
DBimpl - UNLOCK REQUEST: 0x3f44b680 0
[1773159770.452854198] UNLOCK pid=34740 fd=14: SHARED -> NO_LOCK
DBimpl - LOCK REQUEST: 0x3f44b680 1
[1773159770.454068114] LOCK pid=34740 fd=14: NO_LOCK -> SHARED (fallback)
[1773159770.454069985] LOCK pid=34740 fd=14: SHARED -> SHARED
DBimpl - LOCK REQUEST: 0x3f44b680 2
[1773159770.454081610] LOCK pid=34740 fd=14: SHARED -> RESERVED
DBimpl - LOCK REQUEST: 0x3f44b680 4
[1773159770.454173746] LOCK pid=34740 fd=14: RESERVED -> PENDING
[1773159770.454175512] LOCK pid=34740 fd=14: PENDING -> EXCLUSIVE
DBimpl - UNLOCK REQUEST: 0x3f44b680 1
[1773159770.455880380] UNLOCK pid=34740 fd=14: EXCLUSIVE -> SHARED
DBimpl - UNLOCK REQUEST: 0x3f44b680 0
[1773159770.455885671] UNLOCK pid=34740 fd=14: SHARED -> NO_LOCK
DBimpl - LOCK REQUEST: 0x3f44b680 1
[1773159770.456544011] LOCK pid=34740 fd=14: NO_LOCK -> SHARED (fallback)
[1773159770.456546085] LOCK pid=34740 fd=14: SHARED -> SHARED
DBimpl - LOCK REQUEST: 0x3f44b680 2
[1773159770.456558087] LOCK pid=34740 fd=14: SHARED -> RESERVED
DBimpl - LOCK REQUEST: 0x3f44b680 4
[1773159770.456670552] LOCK pid=34740 fd=14: RESERVED -> PENDING
[1773159770.456672933] LOCK pid=34740 fd=14: PENDING -> EXCLUSIVE
DBimpl - UNLOCK REQUEST: 0x3f44b680 1
[1773159770.458351851] UNLOCK pid=34740 fd=14: EXCLUSIVE -> SHARED
DBimpl - UNLOCK REQUEST: 0x3f44b680 0
[1773159770.458355801] UNLOCK pid=34740 fd=14: SHARED -> NO_LOCK
DBimpl - LOCK REQUEST: 0x3f44b680 1
[1773159770.459828154] LOCK pid=34740 fd=14: NO_LOCK -> SHARED (fallback)
[1773159770.459829791] LOCK pid=34740 fd=14: SHARED -> SHARED
DBimpl - LOCK REQUEST: 0x3f44b680 2
[1773159770.459839988] LOCK pid=34740 fd=14: SHARED -> RESERVED
DBimpl - LOCK REQUEST: 0x3f44b680 4
[1773159770.459940243] LOCK pid=34740 fd=14: RESERVED -> PENDING
[1773159770.459942019] LOCK pid=34740 fd=14: PENDING -> EXCLUSIVE
DBimpl - UNLOCK REQUEST: 0x3f44b680 1
[1773159770.461788092] UNLOCK pid=34740 fd=14: EXCLUSIVE -> SHARED
DBimpl - UNLOCK REQUEST: 0x3f44b680 0
[1773159770.461791747] UNLOCK pid=34740 fd=14: SHARED -> NO_LOCK
DBimpl - LOCK REQUEST: 0x3f44b680 1
[1773159770.464405306] LOCK pid=34740 fd=14: NO_LOCK -> SHARED (fallback)
[1773159770.464406974] LOCK pid=34740 fd=14: SHARED -> SHARED
DBimpl - LOCK REQUEST: 0x3f44b680 2
[1773159770.464416239] LOCK pid=34740 fd=14: SHARED -> RESERVED
DBimpl - LOCK REQUEST: 0x3f44b680 4
[1773159770.464487865] LOCK pid=34740 fd=14: RESERVED -> PENDING
[1773159770.464491910] LOCK pid=34740 fd=14: PENDING -> EXCLUSIVE
DBimpl - UNLOCK REQUEST: 0x3f44b680 1
[1773159770.466126494] UNLOCK pid=34740 fd=14: EXCLUSIVE -> SHARED
DBimpl - UNLOCK REQUEST: 0x3f44b680 0
[1773159770.466129909] UNLOCK pid=34740 fd=14: SHARED -> NO_LOCK
DBimpl - LOCK REQUEST: 0x3f44b680 1
[1773159770.466768313] LOCK pid=34740 fd=14: NO_LOCK -> SHARED (fallback)
[1773159770.466769439] LOCK pid=34740 fd=14: SHARED -> SHARED
DBimpl - LOCK REQUEST: 0x3f44b680 2
[1773159770.466776645] LOCK pid=34740 fd=14: SHARED -> RESERVED
DBimpl - LOCK REQUEST: 0x3f44b680 4
[1773159770.466838317] LOCK pid=34740 fd=14: RESERVED -> PENDING
[1773159770.466839926] LOCK pid=34740 fd=14: PENDING -> EXCLUSIVE
DBimpl - UNLOCK REQUEST: 0x3f44b680 1
[1773159770.468403315] UNLOCK pid=34740 fd=14: EXCLUSIVE -> SHARED
DBimpl - UNLOCK REQUEST: 0x3f44b680 0
[1773159770.468406871] UNLOCK pid=34740 fd=14: SHARED -> NO_LOCK
DBimpl - LOCK REQUEST: 0x3f44b680 1
[1773159770.472120241] LOCK pid=34740 fd=14: NO_LOCK -> SHARED (fallback)
[1773159770.472121833] LOCK pid=34740 fd=14: SHARED -> SHARED
DBimpl - LOCK REQUEST: 0x3f44b680 2
[1773159770.472132661] LOCK pid=34740 fd=14: SHARED -> RESERVED
DBimpl - LOCK REQUEST: 0x3f44b680 4
[1773159770.472206484] LOCK pid=34740 fd=14: RESERVED -> PENDING
[1773159770.472208131] LOCK pid=34740 fd=14: PENDING -> EXCLUSIVE
DBimpl - UNLOCK REQUEST: 0x3f44b680 1
[1773159770.473846568] UNLOCK pid=34740 fd=14: EXCLUSIVE -> SHARED
DBimpl - UNLOCK REQUEST: 0x3f44b680 0
[1773159770.473850250] UNLOCK pid=34740 fd=14: SHARED -> NO_LOCK
DBimpl - LOCK REQUEST: 0x3f44b680 1
[1773159770.473940567] LOCK pid=34740 fd=14: NO_LOCK -> SHARED (fallback)
[1773159770.473941745] LOCK pid=34740 fd=14: SHARED -> SHARED
DBimpl - LOCK REQUEST: 0x3f44b680 2
[1773159770.473949465] LOCK pid=34740 fd=14: SHARED -> RESERVED
DBimpl - LOCK REQUEST: 0x3f44b680 4
[1773159770.474013686] LOCK pid=34740 fd=14: RESERVED -> PENDING
[1773159770.474015340] LOCK pid=34740 fd=14: PENDING -> EXCLUSIVE
DBimpl - UNLOCK REQUEST: 0x3f44b680 1
[1773159770.475664125] UNLOCK pid=34740 fd=14: EXCLUSIVE -> SHARED
DBimpl - UNLOCK REQUEST: 0x3f44b680 0
[1773159770.475667455] UNLOCK pid=34740 fd=14: SHARED -> NO_LOCK
DBimpl - LOCK REQUEST: 0x3f44b680 1
[1773159770.478606240] LOCK pid=34740 fd=14: NO_LOCK -> SHARED (fallback)
[1773159770.478607597] LOCK pid=34740 fd=14: SHARED -> SHARED
DBimpl - LOCK REQUEST: 0x3f44b680 2
[1773159770.478616395] LOCK pid=34740 fd=14: SHARED -> RESERVED
DBimpl - LOCK REQUEST: 0x3f44b680 4
[1773159770.478681493] LOCK pid=34740 fd=14: RESERVED -> PENDING
[1773159770.478683112] LOCK pid=34740 fd=14: PENDING -> EXCLUSIVE
DBimpl - UNLOCK REQUEST: 0x3f44b680 1
[1773159770.480315818] UNLOCK pid=34740 fd=14: EXCLUSIVE -> SHARED
DBimpl - UNLOCK REQUEST: 0x3f44b680 0
[1773159770.480319232] UNLOCK pid=34740 fd=14: SHARED -> NO_LOCK
DBimpl - LOCK REQUEST: 0x3f44b680 1
[1773159770.481276057] LOCK pid=34740 fd=14: NO_LOCK -> SHARED (fallback)
[1773159770.481277325] LOCK pid=34740 fd=14: SHARED -> SHARED
DBimpl - LOCK REQUEST: 0x3f44b680 2
[1773159770.481284927] LOCK pid=34740 fd=14: SHARED -> RESERVED
DBimpl - LOCK REQUEST: 0x3f44b680 4
[1773159770.481346714] LOCK pid=34740 fd=14: RESERVED -> PENDING
[1773159770.481348334] LOCK pid=34740 fd=14: PENDING -> EXCLUSIVE
DBimpl - UNLOCK REQUEST: 0x3f44b680 1
[1773159770.482990981] UNLOCK pid=34740 fd=14: EXCLUSIVE -> SHARED
DBimpl - UNLOCK REQUEST: 0x3f44b680 0
[1773159770.482994606] UNLOCK pid=34740 fd=14: SHARED -> NO_LOCK
DBimpl - LOCK REQUEST: 0x3f44b680 1
[1773159770.483433051] LOCK pid=34740 fd=14: NO_LOCK -> SHARED (fallback)
[1773159770.483434253] LOCK pid=34740 fd=14: SHARED -> SHARED
DBimpl - LOCK REQUEST: 0x3f44b680 2
[1773159770.483441875] LOCK pid=34740 fd=14: SHARED -> RESERVED
DBimpl - LOCK REQUEST: 0x3f44b680 4
[1773159770.483503539] LOCK pid=34740 fd=14: RESERVED -> PENDING
[1773159770.483505185] LOCK pid=34740 fd=14: PENDING -> EXCLUSIVE
DBimpl - UNLOCK REQUEST: 0x3f44b680 1
[1773159770.485134320] UNLOCK pid=34740 fd=14: EXCLUSIVE -> SHARED
DBimpl - UNLOCK REQUEST: 0x3f44b680 0
[1773159770.485140402] UNLOCK pid=34740 fd=14: SHARED -> NO_LOCK
DBimpl - UNLOCK REQUEST: 0x3f44b680 0
DBimpl - LOCK REQUEST: 0x3f44b680 1
[1773159770.515665169] LOCK pid=34738 fd=10: NO_LOCK -> SHARED (fallback)
[1773159770.515668613] LOCK pid=34738 fd=10: SHARED -> SHARED
DBimpl - LOCK REQUEST: 0x3f44b680 2
[1773159770.515695614] LOCK pid=34738 fd=10: SHARED -> RESERVED
DBimpl - LOCK REQUEST: 0x3f44b680 4
[1773159770.516640049] LOCK pid=34738 fd=10: RESERVED -> PENDING
[1773159770.516642141] LOCK pid=34738 fd=10: PENDING -> EXCLUSIVE
DBimpl - UNLOCK REQUEST: 0x3f44b680 1
[1773159770.520483482] UNLOCK pid=34738 fd=10: EXCLUSIVE -> SHARED
DBimpl - UNLOCK REQUEST: 0x3f44b680 0
[1773159770.520490795] UNLOCK pid=34738 fd=10: SHARED -> NO_LOCK
DBimpl - LOCK REQUEST: 0x3f44b680 1
[1773159770.520794481] LOCK pid=34738 fd=10: NO_LOCK -> SHARED (fallback)
[1773159770.520796241] LOCK pid=34738 fd=10: SHARED -> SHARED
DBimpl - LOCK REQUEST: 0x3f44b680 2
[1773159770.520806676] LOCK pid=34738 fd=10: SHARED -> RESERVED
DBimpl - LOCK REQUEST: 0x3f44b680 4
[1773159770.520925315] LOCK pid=34738 fd=10: RESERVED -> PENDING
[1773159770.520927195] LOCK pid=34738 fd=10: PENDING -> EXCLUSIVE
DBimpl - UNLOCK REQUEST: 0x3f44b680 1
[1773159770.522677028] UNLOCK pid=34738 fd=10: EXCLUSIVE -> SHARED
DBimpl - UNLOCK REQUEST: 0x3f44b680 0
[1773159770.522680758] UNLOCK pid=34738 fd=10: SHARED -> NO_LOCK
DBimpl - LOCK REQUEST: 0x3f44b680 1
[1773159770.523087057] LOCK pid=34738 fd=10: NO_LOCK -> SHARED (fallback)
[1773159770.523088358] LOCK pid=34738 fd=10: SHARED -> SHARED
DBimpl - LOCK REQUEST: 0x3f44b680 2
[1773159770.523096588] LOCK pid=34738 fd=10: SHARED -> RESERVED
DBimpl - LOCK REQUEST: 0x3f44b680 4
[1773159770.523841995] LOCK pid=34738 fd=10: RESERVED -> PENDING
[1773159770.523843884] LOCK pid=34738 fd=10: PENDING -> EXCLUSIVE
DBimpl - UNLOCK REQUEST: 0x3f44b680 1
[1773159770.526182537] UNLOCK pid=34738 fd=10: EXCLUSIVE -> SHARED
DBimpl - UNLOCK REQUEST: 0x3f44b680 0
[1773159770.526186393] UNLOCK pid=34738 fd=10: SHARED -> NO_LOCK
DBimpl - LOCK REQUEST: 0x3f44b680 1
[1773159770.526697618] LOCK pid=34738 fd=10: NO_LOCK -> SHARED (fallback)
[1773159770.526699010] LOCK pid=34738 fd=10: SHARED -> SHARED
DBimpl - LOCK REQUEST: 0x3f44b680 2
[1773159770.526707186] LOCK pid=34738 fd=10: SHARED -> RESERVED
DBimpl - LOCK REQUEST: 0x3f44b680 4
[1773159770.527451718] LOCK pid=34738 fd=10: RESERVED -> PENDING
[1773159770.527453610] LOCK pid=34738 fd=10: PENDING -> EXCLUSIVE
DBimpl - UNLOCK REQUEST: 0x3f44b680 1
[1773159770.529490847] UNLOCK pid=34738 fd=10: EXCLUSIVE -> SHARED
DBimpl - UNLOCK REQUEST: 0x3f44b680 0
[1773159770.529494647] UNLOCK pid=34738 fd=10: SHARED -> NO_LOCK
DBimpl - LOCK REQUEST: 0x3f44b680 1
[1773159770.529626089] LOCK pid=34738 fd=10: NO_LOCK -> SHARED (fallback)
[1773159770.529627499] LOCK pid=34738 fd=10: SHARED -> SHARED
DBimpl - LOCK REQUEST: 0x3f44b680 2
[1773159770.529636022] LOCK pid=34738 fd=10: SHARED -> RESERVED
DBimpl - LOCK REQUEST: 0x3f44b680 4
[1773159770.529722208] LOCK pid=34738 fd=10: RESERVED -> PENDING
[1773159770.529729567] LOCK pid=34738 fd=10: PENDING -> EXCLUSIVE
DBimpl - UNLOCK REQUEST: 0x3f44b680 1
[1773159770.531313437] UNLOCK pid=34738 fd=10: EXCLUSIVE -> SHARED
DBimpl - UNLOCK REQUEST: 0x3f44b680 0
[1773159770.531316746] UNLOCK pid=34738 fd=10: SHARED -> NO_LOCK
DBimpl - LOCK REQUEST: 0x3f44b680 1
[1773159770.532692173] LOCK pid=34738 fd=10: NO_LOCK -> SHARED (fallback)
[1773159770.532693436] LOCK pid=34738 fd=10: SHARED -> SHARED
DBimpl - LOCK REQUEST: 0x3f44b680 2
[1773159770.532700961] LOCK pid=34738 fd=10: SHARED -> RESERVED
DBimpl - LOCK REQUEST: 0x3f44b680 4
[1773159770.533433491] LOCK pid=34738 fd=10: RESERVED -> PENDING
[1773159770.533435360] LOCK pid=34738 fd=10: PENDING -> EXCLUSIVE
DBimpl - UNLOCK REQUEST: 0x3f44b680 1
[1773159770.535151000] UNLOCK pid=34738 fd=10: EXCLUSIVE -> SHARED
DBimpl - UNLOCK REQUEST: 0x3f44b680 0
[1773159770.535154655] UNLOCK pid=34738 fd=10: SHARED -> NO_LOCK
DBimpl - LOCK REQUEST: 0x3f44b680 1
[1773159770.535359985] LOCK pid=34738 fd=10: NO_LOCK -> SHARED (fallback)
[1773159770.535363694] LOCK pid=34738 fd=10: SHARED -> SHARED
DBimpl - LOCK REQUEST: 0x3f44b680 2
[1773159770.535371571] LOCK pid=34738 fd=10: SHARED -> RESERVED
DBimpl - LOCK REQUEST: 0x3f44b680 4
[1773159770.536141982] LOCK pid=34738 fd=10: RESERVED -> PENDING
[1773159770.536143785] LOCK pid=34738 fd=10: PENDING -> EXCLUSIVE
DBimpl - UNLOCK REQUEST: 0x3f44b680 1
[1773159770.537802863] UNLOCK pid=34738 fd=10: EXCLUSIVE -> SHARED
DBimpl - UNLOCK REQUEST: 0x3f44b680 0
[1773159770.537806989] UNLOCK pid=34738 fd=10: SHARED -> NO_LOCK
DBimpl - LOCK REQUEST: 0x3f44b680 1
[1773159770.538277142] LOCK pid=34738 fd=10: NO_LOCK -> SHARED (fallback)
[1773159770.538278497] LOCK pid=34738 fd=10: SHARED -> SHARED
DBimpl - LOCK REQUEST: 0x3f44b680 2
[1773159770.538287163] LOCK pid=34738 fd=10: SHARED -> RESERVED
DBimpl - LOCK REQUEST: 0x3f44b680 4
[1773159770.539107575] LOCK pid=34738 fd=10: RESERVED -> PENDING
[1773159770.539109437] LOCK pid=34738 fd=10: PENDING -> EXCLUSIVE
DBimpl - UNLOCK REQUEST: 0x3f44b680 1
[1773159770.540783170] UNLOCK pid=34738 fd=10: EXCLUSIVE -> SHARED
DBimpl - UNLOCK REQUEST: 0x3f44b680 0
[1773159770.540787177] UNLOCK pid=34738 fd=10: SHARED -> NO_LOCK
DBimpl - LOCK REQUEST: 0x3f44b680 1
[1773159770.541355628] LOCK pid=34738 fd=10: NO_LOCK -> SHARED (fallback)
[1773159770.541357002] LOCK pid=34738 fd=10: SHARED -> SHARED
DBimpl - LOCK REQUEST: 0x3f44b680 2
[1773159770.541364967] LOCK pid=34738 fd=10: SHARED -> RESERVED
DBimpl - LOCK REQUEST: 0x3f44b680 4
[1773159770.542103486] LOCK pid=34738 fd=10: RESERVED -> PENDING
[1773159770.542105238] LOCK pid=34738 fd=10: PENDING -> EXCLUSIVE
DBimpl - UNLOCK REQUEST: 0x3f44b680 1
[1773159770.545110855] UNLOCK pid=34738 fd=10: EXCLUSIVE -> SHARED
DBimpl - UNLOCK REQUEST: 0x3f44b680 0
[1773159770.545114599] UNLOCK pid=34738 fd=10: SHARED -> NO_LOCK
DBimpl - LOCK REQUEST: 0x3f44b680 1
[1773159770.546395558] LOCK pid=34738 fd=10: NO_LOCK -> SHARED (fallback)
[1773159770.546396835] LOCK pid=34738 fd=10: SHARED -> SHARED
DBimpl - LOCK REQUEST: 0x3f44b680 2
[1773159770.546405056] LOCK pid=34738 fd=10: SHARED -> RESERVED
DBimpl - LOCK REQUEST: 0x3f44b680 4
[1773159770.546480534] LOCK pid=34738 fd=10: RESERVED -> PENDING
[1773159770.546482169] LOCK pid=34738 fd=10: PENDING -> EXCLUSIVE
DBimpl - UNLOCK REQUEST: 0x3f44b680 1
[1773159770.549624793] UNLOCK pid=34738 fd=10: EXCLUSIVE -> SHARED
DBimpl - UNLOCK REQUEST: 0x3f44b680 0
[1773159770.549628141] UNLOCK pid=34738 fd=10: SHARED -> NO_LOCK
DBimpl - LOCK REQUEST: 0x3f44b680 1
[1773159770.549737242] LOCK pid=34738 fd=10: NO_LOCK -> SHARED (fallback)
[1773159770.549739010] LOCK pid=34738 fd=10: SHARED -> SHARED
DBimpl - LOCK REQUEST: 0x3f44b680 2
[1773159770.549746733] LOCK pid=34738 fd=10: SHARED -> RESERVED
DBimpl - LOCK REQUEST: 0x3f44b680 4
[1773159770.549843422] LOCK pid=34738 fd=10: RESERVED -> PENDING
[1773159770.549845049] LOCK pid=34738 fd=10: PENDING -> EXCLUSIVE
DBimpl - UNLOCK REQUEST: 0x3f44b680 1
[1773159770.551477248] UNLOCK pid=34738 fd=10: EXCLUSIVE -> SHARED
DBimpl - UNLOCK REQUEST: 0x3f44b680 0
[1773159770.551480592] UNLOCK pid=34738 fd=10: SHARED -> NO_LOCK
DBimpl - LOCK REQUEST: 0x3f44b680 1
[1773159770.555236717] LOCK pid=34738 fd=10: NO_LOCK -> SHARED (fallback)
[1773159770.555238292] LOCK pid=34738 fd=10: SHARED -> SHARED
DBimpl - LOCK REQUEST: 0x3f44b680 2
[1773159770.555248834] LOCK pid=34738 fd=10: SHARED -> RESERVED
DBimpl - LOCK REQUEST: 0x3f44b680 4
[1773159770.556100850] LOCK pid=34738 fd=10: RESERVED -> PENDING
[1773159770.556102662] LOCK pid=34738 fd=10: PENDING -> EXCLUSIVE
DBimpl - UNLOCK REQUEST: 0x3f44b680 1
[1773159770.557755109] UNLOCK pid=34738 fd=10: EXCLUSIVE -> SHARED
DBimpl - UNLOCK REQUEST: 0x3f44b680 0
[1773159770.557759125] UNLOCK pid=34738 fd=10: SHARED -> NO_LOCK
DBimpl - LOCK REQUEST: 0x3f44b680 1
[1773159770.561380268] LOCK pid=34738 fd=10: NO_LOCK -> SHARED (fallback)
[1773159770.561381620] LOCK pid=34738 fd=10: SHARED -> SHARED
DBimpl - LOCK REQUEST: 0x3f44b680 2
[1773159770.561390713] LOCK pid=34738 fd=10: SHARED -> RESERVED
DBimpl - LOCK REQUEST: 0x3f44b680 4
[1773159770.562199029] LOCK pid=34738 fd=10: RESERVED -> PENDING
[1773159770.562200825] LOCK pid=34738 fd=10: PENDING -> EXCLUSIVE
DBimpl - UNLOCK REQUEST: 0x3f44b680 1
[1773159770.563973328] UNLOCK pid=34738 fd=10: EXCLUSIVE -> SHARED
DBimpl - UNLOCK REQUEST: 0x3f44b680 0
[1773159770.563977002] UNLOCK pid=34738 fd=10: SHARED -> NO_LOCK
DBimpl - LOCK REQUEST: 0x3f44b680 1
[1773159770.565098073] LOCK pid=34738 fd=10: NO_LOCK -> SHARED (fallback)
[1773159770.565099398] LOCK pid=34738 fd=10: SHARED -> SHARED
DBimpl - LOCK REQUEST: 0x3f44b680 2
[1773159770.565107769] LOCK pid=34738 fd=10: SHARED -> RESERVED
DBimpl - LOCK REQUEST: 0x3f44b680 4
[1773159770.565933063] LOCK pid=34738 fd=10: RESERVED -> PENDING
[1773159770.565934835] LOCK pid=34738 fd=10: PENDING -> EXCLUSIVE
DBimpl - UNLOCK REQUEST: 0x3f44b680 1
[1773159770.567632708] UNLOCK pid=34738 fd=10: EXCLUSIVE -> SHARED
DBimpl - UNLOCK REQUEST: 0x3f44b680 0
[1773159770.567637265] UNLOCK pid=34738 fd=10: SHARED -> NO_LOCK
DBimpl - LOCK REQUEST: 0x3f44b680 1
[1773159770.567834682] LOCK pid=34738 fd=10: NO_LOCK -> SHARED (fallback)
[1773159770.567835971] LOCK pid=34738 fd=10: SHARED -> SHARED
DBimpl - LOCK REQUEST: 0x3f44b680 2
[1773159770.567843819] LOCK pid=34738 fd=10: SHARED -> RESERVED
DBimpl - LOCK REQUEST: 0x3f44b680 4
[1773159770.568684205] LOCK pid=34738 fd=10: RESERVED -> PENDING
[1773159770.568685947] LOCK pid=34738 fd=10: PENDING -> EXCLUSIVE
DBimpl - UNLOCK REQUEST: 0x3f44b680 1
[1773159770.570347331] UNLOCK pid=34738 fd=10: EXCLUSIVE -> SHARED
DBimpl - UNLOCK REQUEST: 0x3f44b680 0
[1773159770.570352573] UNLOCK pid=34738 fd=10: SHARED -> NO_LOCK
DBimpl - LOCK REQUEST: 0x3f44b680 1
[1773159770.570502906] LOCK pid=34738 fd=10: NO_LOCK -> SHARED (fallback)
[1773159770.570504638] LOCK pid=34738 fd=10: SHARED -> SHARED
DBimpl - LOCK REQUEST: 0x3f44b680 2
[1773159770.570515691] LOCK pid=34738 fd=10: SHARED -> RESERVED
DBimpl - LOCK REQUEST: 0x3f44b680 4
[1773159770.571360822] LOCK pid=34738 fd=10: RESERVED -> PENDING
[1773159770.571363438] LOCK pid=34738 fd=10: PENDING -> EXCLUSIVE
DBimpl - UNLOCK REQUEST: 0x3f44b680 1
[1773159770.572995672] UNLOCK pid=34738 fd=10: EXCLUSIVE -> SHARED
DBimpl - UNLOCK REQUEST: 0x3f44b680 0
[1773159770.572999291] UNLOCK pid=34738 fd=10: SHARED -> NO_LOCK
DBimpl - LOCK REQUEST: 0x3f44b680 1
[1773159770.573499556] LOCK pid=34738 fd=10: NO_LOCK -> SHARED (fallback)
[1773159770.573500790] LOCK pid=34738 fd=10: SHARED -> SHARED
DBimpl - LOCK REQUEST: 0x3f44b680 2
[1773159770.573508145] LOCK pid=34738 fd=10: SHARED -> RESERVED
DBimpl - LOCK REQUEST: 0x3f44b680 4
[1773159770.574332643] LOCK pid=34738 fd=10: RESERVED -> PENDING
[1773159770.574334342] LOCK pid=34738 fd=10: PENDING -> EXCLUSIVE
DBimpl - UNLOCK REQUEST: 0x3f44b680 1
[1773159770.575939642] UNLOCK pid=34738 fd=10: EXCLUSIVE -> SHARED
DBimpl - UNLOCK REQUEST: 0x3f44b680 0
[1773159770.575943126] UNLOCK pid=34738 fd=10: SHARED -> NO_LOCK
DBimpl - LOCK REQUEST: 0x3f44b680 1
[1773159770.576387962] LOCK pid=34738 fd=10: NO_LOCK -> SHARED (fallback)
[1773159770.576389722] LOCK pid=34738 fd=10: SHARED -> SHARED
DBimpl - LOCK REQUEST: 0x3f44b680 2
[1773159770.576399901] LOCK pid=34738 fd=10: SHARED -> RESERVED
DBimpl - LOCK REQUEST: 0x3f44b680 4
[1773159770.577245093] LOCK pid=34738 fd=10: RESERVED -> PENDING
[1773159770.577246831] LOCK pid=34738 fd=10: PENDING -> EXCLUSIVE
DBimpl - UNLOCK REQUEST: 0x3f44b680 1
[1773159770.578928684] UNLOCK pid=34738 fd=10: EXCLUSIVE -> SHARED
DBimpl - UNLOCK REQUEST: 0x3f44b680 0
[1773159770.578932311] UNLOCK pid=34738 fd=10: SHARED -> NO_LOCK
DBimpl - LOCK REQUEST: 0x3f44b680 1
[1773159770.579280834] LOCK pid=34738 fd=10: NO_LOCK -> SHARED (fallback)
[1773159770.579282142] LOCK pid=34738 fd=10: SHARED -> SHARED
DBimpl - LOCK REQUEST: 0x3f44b680 2
[1773159770.579290357] LOCK pid=34738 fd=10: SHARED -> RESERVED
DBimpl - LOCK REQUEST: 0x3f44b680 4
[1773159770.580106057] LOCK pid=34738 fd=10: RESERVED -> PENDING
[1773159770.580107774] LOCK pid=34738 fd=10: PENDING -> EXCLUSIVE
DBimpl - UNLOCK REQUEST: 0x3f44b680 1
[1773159770.581884207] UNLOCK pid=34738 fd=10: EXCLUSIVE -> SHARED
DBimpl - UNLOCK REQUEST: 0x3f44b680 0
[1773159770.581890865] UNLOCK pid=34738 fd=10: SHARED -> NO_LOCK
DBimpl - LOCK REQUEST: 0x3f44b680 1
[1773159770.582730478] LOCK pid=34738 fd=10: NO_LOCK -> SHARED (fallback)
[1773159770.582731911] LOCK pid=34738 fd=10: SHARED -> SHARED
DBimpl - LOCK REQUEST: 0x3f44b680 2
[1773159770.582741097] LOCK pid=34738 fd=10: SHARED -> RESERVED
DBimpl - LOCK REQUEST: 0x3f44b680 4
[1773159770.583586371] LOCK pid=34738 fd=10: RESERVED -> PENDING
[1773159770.583588090] LOCK pid=34738 fd=10: PENDING -> EXCLUSIVE
DBimpl - UNLOCK REQUEST: 0x3f44b680 1
[1773159770.585248268] UNLOCK pid=34738 fd=10: EXCLUSIVE -> SHARED
DBimpl - UNLOCK REQUEST: 0x3f44b680 0
[1773159770.585251841] UNLOCK pid=34738 fd=10: SHARED -> NO_LOCK
DBimpl - LOCK REQUEST: 0x3f44b680 1
[1773159770.586316136] LOCK pid=34738 fd=10: NO_LOCK -> SHARED (fallback)
[1773159770.586317397] LOCK pid=34738 fd=10: SHARED -> SHARED
DBimpl - LOCK REQUEST: 0x3f44b680 2
[1773159770.586325711] LOCK pid=34738 fd=10: SHARED -> RESERVED
DBimpl - LOCK REQUEST: 0x3f44b680 4
[1773159770.586442781] LOCK pid=34738 fd=10: RESERVED -> PENDING
[1773159770.586444663] LOCK pid=34738 fd=10: PENDING -> EXCLUSIVE
DBimpl - UNLOCK REQUEST: 0x3f44b680 1
[1773159770.588079781] UNLOCK pid=34738 fd=10: EXCLUSIVE -> SHARED
DBimpl - UNLOCK REQUEST: 0x3f44b680 0
[1773159770.588084424] UNLOCK pid=34738 fd=10: SHARED -> NO_LOCK
DBimpl - LOCK REQUEST: 0x3f44b680 1
[1773159770.589341290] LOCK pid=34738 fd=10: NO_LOCK -> SHARED (fallback)
[1773159770.589342509] LOCK pid=34738 fd=10: SHARED -> SHARED
DBimpl - LOCK REQUEST: 0x3f44b680 2
[1773159770.589351466] LOCK pid=34738 fd=10: SHARED -> RESERVED
DBimpl - LOCK REQUEST: 0x3f44b680 4
[1773159770.590193680] LOCK pid=34738 fd=10: RESERVED -> PENDING
[1773159770.590195411] LOCK pid=34738 fd=10: PENDING -> EXCLUSIVE
DBimpl - UNLOCK REQUEST: 0x3f44b680 1
[1773159770.591847183] UNLOCK pid=34738 fd=10: EXCLUSIVE -> SHARED
DBimpl - UNLOCK REQUEST: 0x3f44b680 0
[1773159770.591850659] UNLOCK pid=34738 fd=10: SHARED -> NO_LOCK
DBimpl - LOCK REQUEST: 0x3f44b680 1
[1773159770.592269061] LOCK pid=34738 fd=10: NO_LOCK -> SHARED (fallback)
[1773159770.592270303] LOCK pid=34738 fd=10: SHARED -> SHARED
DBimpl - LOCK REQUEST: 0x3f44b680 2
[1773159770.592277814] LOCK pid=34738 fd=10: SHARED -> RESERVED
DBimpl - LOCK REQUEST: 0x3f44b680 4
[1773159770.593155755] LOCK pid=34738 fd=10: RESERVED -> PENDING
[1773159770.593157680] LOCK pid=34738 fd=10: PENDING -> EXCLUSIVE
DBimpl - UNLOCK REQUEST: 0x3f44b680 1
[1773159770.594805871] UNLOCK pid=34738 fd=10: EXCLUSIVE -> SHARED
DBimpl - UNLOCK REQUEST: 0x3f44b680 0
[1773159770.594809246] UNLOCK pid=34738 fd=10: SHARED -> NO_LOCK
DBimpl - LOCK REQUEST: 0x3f44b680 1
[1773159770.595203765] LOCK pid=34738 fd=10: NO_LOCK -> SHARED (fallback)
[1773159770.595204945] LOCK pid=34738 fd=10: SHARED -> SHARED
DBimpl - LOCK REQUEST: 0x3f44b680 2
[1773159770.595212419] LOCK pid=34738 fd=10: SHARED -> RESERVED
DBimpl - LOCK REQUEST: 0x3f44b680 4
[1773159770.595313854] LOCK pid=34738 fd=10: RESERVED -> PENDING
[1773159770.595315664] LOCK pid=34738 fd=10: PENDING -> EXCLUSIVE
DBimpl - UNLOCK REQUEST: 0x3f44b680 1
[1773159770.596941425] UNLOCK pid=34738 fd=10: EXCLUSIVE -> SHARED
DBimpl - UNLOCK REQUEST: 0x3f44b680 0
[1773159770.596944753] UNLOCK pid=34738 fd=10: SHARED -> NO_LOCK
DBimpl - LOCK REQUEST: 0x3f44b680 1
[1773159770.598714883] LOCK pid=34738 fd=10: NO_LOCK -> SHARED (fallback)
[1773159770.598716166] LOCK pid=34738 fd=10: SHARED -> SHARED
DBimpl - LOCK REQUEST: 0x3f44b680 2
[1773159770.598727576] LOCK pid=34738 fd=10: SHARED -> RESERVED
DBimpl - LOCK REQUEST: 0x3f44b680 4
[1773159770.599598187] LOCK pid=34738 fd=10: RESERVED -> PENDING
[1773159770.599599930] LOCK pid=34738 fd=10: PENDING -> EXCLUSIVE
DBimpl - UNLOCK REQUEST: 0x3f44b680 1
[1773159770.601353242] UNLOCK pid=34738 fd=10: EXCLUSIVE -> SHARED
DBimpl - UNLOCK REQUEST: 0x3f44b680 0
[1773159770.601358656] UNLOCK pid=34738 fd=10: SHARED -> NO_LOCK
DBimpl - LOCK REQUEST: 0x3f44b680 1
[1773159770.601788107] LOCK pid=34738 fd=10: NO_LOCK -> SHARED (fallback)
[1773159770.601793220] LOCK pid=34738 fd=10: SHARED -> SHARED
DBimpl - LOCK REQUEST: 0x3f44b680 2
[1773159770.601803421] LOCK pid=34738 fd=10: SHARED -> RESERVED
DBimpl - LOCK REQUEST: 0x3f44b680 4
[1773159770.602753468] LOCK pid=34738 fd=10: RESERVED -> PENDING
[1773159770.602756183] LOCK pid=34738 fd=10: PENDING -> EXCLUSIVE
DBimpl - UNLOCK REQUEST: 0x3f44b680 1
[1773159770.604513162] UNLOCK pid=34738 fd=10: EXCLUSIVE -> SHARED
DBimpl - UNLOCK REQUEST: 0x3f44b680 0
[1773159770.604518599] UNLOCK pid=34738 fd=10: SHARED -> NO_LOCK
DBimpl - LOCK REQUEST: 0x3f44b680 1
[1773159770.606933892] LOCK pid=34738 fd=10: NO_LOCK -> SHARED (fallback)
[1773159770.606935345] LOCK pid=34738 fd=10: SHARED -> SHARED
DBimpl - LOCK REQUEST: 0x3f44b680 2
[1773159770.606945607] LOCK pid=34738 fd=10: SHARED -> RESERVED
DBimpl - LOCK REQUEST: 0x3f44b680 4
[1773159770.607863785] LOCK pid=34738 fd=10: RESERVED -> PENDING
[1773159770.607865656] LOCK pid=34738 fd=10: PENDING -> EXCLUSIVE
DBimpl - UNLOCK REQUEST: 0x3f44b680 1
[1773159770.609643322] UNLOCK pid=34738 fd=10: EXCLUSIVE -> SHARED
DBimpl - UNLOCK REQUEST: 0x3f44b680 0
[1773159770.609647548] UNLOCK pid=34738 fd=10: SHARED -> NO_LOCK
DBimpl - LOCK REQUEST: 0x3f44b680 1
[1773159770.610093466] LOCK pid=34738 fd=10: NO_LOCK -> SHARED (fallback)
[1773159770.610094706] LOCK pid=34738 fd=10: SHARED -> SHARED
DBimpl - LOCK REQUEST: 0x3f44b680 2
[1773159770.610103275] LOCK pid=34738 fd=10: SHARED -> RESERVED
DBimpl - LOCK REQUEST: 0x3f44b680 4
[1773159770.611046069] LOCK pid=34738 fd=10: RESERVED -> PENDING
[1773159770.611048122] LOCK pid=34738 fd=10: PENDING -> EXCLUSIVE
DBimpl - UNLOCK REQUEST: 0x3f44b680 1
[1773159770.612839924] UNLOCK pid=34738 fd=10: EXCLUSIVE -> SHARED
DBimpl - UNLOCK REQUEST: 0x3f44b680 0
[1773159770.612843624] UNLOCK pid=34738 fd=10: SHARED -> NO_LOCK
DBimpl - LOCK REQUEST: 0x3f44b680 1
[1773159770.612958024] LOCK pid=34738 fd=10: NO_LOCK -> SHARED (fallback)
[1773159770.612959431] LOCK pid=34738 fd=10: SHARED -> SHARED
DBimpl - LOCK REQUEST: 0x3f44b680 2
[1773159770.612967288] LOCK pid=34738 fd=10: SHARED -> RESERVED
DBimpl - LOCK REQUEST: 0x3f44b680 4
[1773159770.613866895] LOCK pid=34738 fd=10: RESERVED -> PENDING
[1773159770.613868603] LOCK pid=34738 fd=10: PENDING -> EXCLUSIVE
DBimpl - UNLOCK REQUEST: 0x3f44b680 1
[1773159770.617001309] UNLOCK pid=34738 fd=10: EXCLUSIVE -> SHARED
DBimpl - UNLOCK REQUEST: 0x3f44b680 0
[1773159770.617005061] UNLOCK pid=34738 fd=10: SHARED -> NO_LOCK
DBimpl - LOCK REQUEST: 0x3f44b680 1
[1773159770.618602097] LOCK pid=34738 fd=10: NO_LOCK -> SHARED (fallback)
[1773159770.618603384] LOCK pid=34738 fd=10: SHARED -> SHARED
DBimpl - LOCK REQUEST: 0x3f44b680 2
[1773159770.618611357] LOCK pid=34738 fd=10: SHARED -> RESERVED
DBimpl - LOCK REQUEST: 0x3f44b680 4
[1773159770.619517371] LOCK pid=34738 fd=10: RESERVED -> PENDING
[1773159770.619519644] LOCK pid=34738 fd=10: PENDING -> EXCLUSIVE
DBimpl - UNLOCK REQUEST: 0x3f44b680 1
[1773159770.622748325] UNLOCK pid=34738 fd=10: EXCLUSIVE -> SHARED
DBimpl - UNLOCK REQUEST: 0x3f44b680 0
[1773159770.622753481] UNLOCK pid=34738 fd=10: SHARED -> NO_LOCK
DBimpl - LOCK REQUEST: 0x3f44b680 1
[1773159770.623404793] LOCK pid=34738 fd=10: NO_LOCK -> SHARED (fallback)
[1773159770.623406056] LOCK pid=34738 fd=10: SHARED -> SHARED
DBimpl - LOCK REQUEST: 0x3f44b680 2
[1773159770.623415139] LOCK pid=34738 fd=10: SHARED -> RESERVED
DBimpl - LOCK REQUEST: 0x3f44b680 4
[1773159770.623514155] LOCK pid=34738 fd=10: RESERVED -> PENDING
[1773159770.623515875] LOCK pid=34738 fd=10: PENDING -> EXCLUSIVE
DBimpl - UNLOCK REQUEST: 0x3f44b680 1
[1773159770.625187792] UNLOCK pid=34738 fd=10: EXCLUSIVE -> SHARED
DBimpl - UNLOCK REQUEST: 0x3f44b680 0
[1773159770.625191357] UNLOCK pid=34738 fd=10: SHARED -> NO_LOCK
DBimpl - LOCK REQUEST: 0x3f44b680 1
[1773159770.628277204] LOCK pid=34738 fd=10: NO_LOCK -> SHARED (fallback)
[1773159770.628278496] LOCK pid=34738 fd=10: SHARED -> SHARED
DBimpl - LOCK REQUEST: 0x3f44b680 2
[1773159770.628286304] LOCK pid=34738 fd=10: SHARED -> RESERVED
DBimpl - LOCK REQUEST: 0x3f44b680 4
[1773159770.629312000] LOCK pid=34738 fd=10: RESERVED -> PENDING
[1773159770.629313819] LOCK pid=34738 fd=10: PENDING -> EXCLUSIVE
DBimpl - UNLOCK REQUEST: 0x3f44b680 1
[1773159770.631088921] UNLOCK pid=34738 fd=10: EXCLUSIVE -> SHARED
DBimpl - UNLOCK REQUEST: 0x3f44b680 0
[1773159770.631093414] UNLOCK pid=34738 fd=10: SHARED -> NO_LOCK
DBimpl - LOCK REQUEST: 0x3f44b680 1
[1773159770.631460119] LOCK pid=34738 fd=10: NO_LOCK -> SHARED (fallback)
[1773159770.631461314] LOCK pid=34738 fd=10: SHARED -> SHARED
DBimpl - LOCK REQUEST: 0x3f44b680 2
[1773159770.631470321] LOCK pid=34738 fd=10: SHARED -> RESERVED
DBimpl - LOCK REQUEST: 0x3f44b680 4
[1773159770.632420163] LOCK pid=34738 fd=10: RESERVED -> PENDING
[1773159770.632421935] LOCK pid=34738 fd=10: PENDING -> EXCLUSIVE
DBimpl - UNLOCK REQUEST: 0x3f44b680 1
[1773159770.634076662] UNLOCK pid=34738 fd=10: EXCLUSIVE -> SHARED
DBimpl - UNLOCK REQUEST: 0x3f44b680 0
[1773159770.634080331] UNLOCK pid=34738 fd=10: SHARED -> NO_LOCK
DBimpl - LOCK REQUEST: 0x3f44b680 1
[1773159770.634239572] LOCK pid=34738 fd=10: NO_LOCK -> SHARED (fallback)
[1773159770.634241009] LOCK pid=34738 fd=10: SHARED -> SHARED
DBimpl - LOCK REQUEST: 0x3f44b680 2
[1773159770.634248942] LOCK pid=34738 fd=10: SHARED -> RESERVED
DBimpl - LOCK REQUEST: 0x3f44b680 4
[1773159770.635184796] LOCK pid=34738 fd=10: RESERVED -> PENDING
[1773159770.635186512] LOCK pid=34738 fd=10: PENDING -> EXCLUSIVE
DBimpl - UNLOCK REQUEST: 0x3f44b680 1
[1773159770.636815344] UNLOCK pid=34738 fd=10: EXCLUSIVE -> SHARED
DBimpl - UNLOCK REQUEST: 0x3f44b680 0
[1773159770.636819116] UNLOCK pid=34738 fd=10: SHARED -> NO_LOCK
DBimpl - LOCK REQUEST: 0x3f44b680 1
[1773159770.636914493] LOCK pid=34738 fd=10: NO_LOCK -> SHARED (fallback)
[1773159770.636915834] LOCK pid=34738 fd=10: SHARED -> SHARED
DBimpl - LOCK REQUEST: 0x3f44b680 2
[1773159770.636923411] LOCK pid=34738 fd=10: SHARED -> RESERVED
DBimpl - LOCK REQUEST: 0x3f44b680 4
[1773159770.637863007] LOCK pid=34738 fd=10: RESERVED -> PENDING
[1773159770.637864894] LOCK pid=34738 fd=10: PENDING -> EXCLUSIVE
DBimpl - UNLOCK REQUEST: 0x3f44b680 1
[1773159770.639529009] UNLOCK pid=34738 fd=10: EXCLUSIVE -> SHARED
DBimpl - UNLOCK REQUEST: 0x3f44b680 0
[1773159770.639532735] UNLOCK pid=34738 fd=10: SHARED -> NO_LOCK
DBimpl - LOCK REQUEST: 0x3f44b680 1
[1773159770.642280536] LOCK pid=34738 fd=10: NO_LOCK -> SHARED (fallback)
[1773159770.642281774] LOCK pid=34738 fd=10: SHARED -> SHARED
DBimpl - LOCK REQUEST: 0x3f44b680 2
[1773159770.642289960] LOCK pid=34738 fd=10: SHARED -> RESERVED
DBimpl - LOCK REQUEST: 0x3f44b680 4
[1773159770.643165183] LOCK pid=34738 fd=10: RESERVED -> PENDING
[1773159770.643166987] LOCK pid=34738 fd=10: PENDING -> EXCLUSIVE
DBimpl - UNLOCK REQUEST: 0x3f44b680 1
[1773159770.644793080] UNLOCK pid=34738 fd=10: EXCLUSIVE -> SHARED
DBimpl - UNLOCK REQUEST: 0x3f44b680 0
[1773159770.644796685] UNLOCK pid=34738 fd=10: SHARED -> NO_LOCK
DBimpl - LOCK REQUEST: 0x3f44b680 1
[1773159770.644920344] LOCK pid=34738 fd=10: NO_LOCK -> SHARED (fallback)
[1773159770.644921540] LOCK pid=34738 fd=10: SHARED -> SHARED
DBimpl - LOCK REQUEST: 0x3f44b680 2
[1773159770.644929085] LOCK pid=34738 fd=10: SHARED -> RESERVED
DBimpl - LOCK REQUEST: 0x3f44b680 4
[1773159770.645890749] LOCK pid=34738 fd=10: RESERVED -> PENDING
[1773159770.645892501] LOCK pid=34738 fd=10: PENDING -> EXCLUSIVE
DBimpl - UNLOCK REQUEST: 0x3f44b680 1
[1773159770.647547377] UNLOCK pid=34738 fd=10: EXCLUSIVE -> SHARED
DBimpl - UNLOCK REQUEST: 0x3f44b680 0
[1773159770.647550919] UNLOCK pid=34738 fd=10: SHARED -> NO_LOCK
DBimpl - LOCK REQUEST: 0x3f44b680 1
[1773159770.648869125] LOCK pid=34738 fd=10: NO_LOCK -> SHARED (fallback)
[1773159770.648870351] LOCK pid=34738 fd=10: SHARED -> SHARED
DBimpl - LOCK REQUEST: 0x3f44b680 2
[1773159770.648877899] LOCK pid=34738 fd=10: SHARED -> RESERVED
DBimpl - LOCK REQUEST: 0x3f44b680 4
[1773159770.649815624] LOCK pid=34738 fd=10: RESERVED -> PENDING
[1773159770.649817361] LOCK pid=34738 fd=10: PENDING -> EXCLUSIVE
DBimpl - UNLOCK REQUEST: 0x3f44b680 1
[1773159770.651517442] UNLOCK pid=34738 fd=10: EXCLUSIVE -> SHARED
DBimpl - UNLOCK REQUEST: 0x3f44b680 0
[1773159770.651522927] UNLOCK pid=34738 fd=10: SHARED -> NO_LOCK
DBimpl - LOCK REQUEST: 0x3f44b680 1
[1773159770.651605075] LOCK pid=34738 fd=10: NO_LOCK -> SHARED (fallback)
[1773159770.651606229] LOCK pid=34738 fd=10: SHARED -> SHARED
DBimpl - LOCK REQUEST: 0x3f44b680 2
[1773159770.651613746] LOCK pid=34738 fd=10: SHARED -> RESERVED
DBimpl - LOCK REQUEST: 0x3f44b680 4
[1773159770.652573279] LOCK pid=34738 fd=10: RESERVED -> PENDING
[1773159770.652575144] LOCK pid=34738 fd=10: PENDING -> EXCLUSIVE
DBimpl - UNLOCK REQUEST: 0x3f44b680 1
[1773159770.654337613] UNLOCK pid=34738 fd=10: EXCLUSIVE -> SHARED
DBimpl - UNLOCK REQUEST: 0x3f44b680 0
[1773159770.654341674] UNLOCK pid=34738 fd=10: SHARED -> NO_LOCK
DBimpl - LOCK REQUEST: 0x3f44b680 1
[1773159770.654426268] LOCK pid=34738 fd=10: NO_LOCK -> SHARED (fallback)
[1773159770.654427582] LOCK pid=34738 fd=10: SHARED -> SHARED
DBimpl - LOCK REQUEST: 0x3f44b680 2
[1773159770.654435724] LOCK pid=34738 fd=10: SHARED -> RESERVED
DBimpl - LOCK REQUEST: 0x3f44b680 4
[1773159770.655352083] LOCK pid=34738 fd=10: RESERVED -> PENDING
[1773159770.655353894] LOCK pid=34738 fd=10: PENDING -> EXCLUSIVE
DBimpl - UNLOCK REQUEST: 0x3f44b680 1
[1773159770.656985414] UNLOCK pid=34738 fd=10: EXCLUSIVE -> SHARED
DBimpl - UNLOCK REQUEST: 0x3f44b680 0
[1773159770.656989104] UNLOCK pid=34738 fd=10: SHARED -> NO_LOCK
DBimpl - LOCK REQUEST: 0x3f44b680 1
[1773159770.657706592] LOCK pid=34738 fd=10: NO_LOCK -> SHARED (fallback)
[1773159770.657707853] LOCK pid=34738 fd=10: SHARED -> SHARED
DBimpl - LOCK REQUEST: 0x3f44b680 2
[1773159770.657717306] LOCK pid=34738 fd=10: SHARED -> RESERVED
DBimpl - LOCK REQUEST: 0x3f44b680 4
[1773159770.658708233] LOCK pid=34738 fd=10: RESERVED -> PENDING
[1773159770.658710076] LOCK pid=34738 fd=10: PENDING -> EXCLUSIVE
DBimpl - UNLOCK REQUEST: 0x3f44b680 1
[1773159770.660392682] UNLOCK pid=34738 fd=10: EXCLUSIVE -> SHARED
DBimpl - UNLOCK REQUEST: 0x3f44b680 0
[1773159770.660396724] UNLOCK pid=34738 fd=10: SHARED -> NO_LOCK
DBimpl - LOCK REQUEST: 0x3f44b680 1
[1773159770.660820488] LOCK pid=34738 fd=10: NO_LOCK -> SHARED (fallback)
[1773159770.660821696] LOCK pid=34738 fd=10: SHARED -> SHARED
DBimpl - LOCK REQUEST: 0x3f44b680 2
[1773159770.660829098] LOCK pid=34738 fd=10: SHARED -> RESERVED
DBimpl - LOCK REQUEST: 0x3f44b680 4
[1773159770.661812740] LOCK pid=34738 fd=10: RESERVED -> PENDING
[1773159770.661814735] LOCK pid=34738 fd=10: PENDING -> EXCLUSIVE
DBimpl - UNLOCK REQUEST: 0x3f44b680 1
[1773159770.663442463] UNLOCK pid=34738 fd=10: EXCLUSIVE -> SHARED
DBimpl - UNLOCK REQUEST: 0x3f44b680 0
[1773159770.663446356] UNLOCK pid=34738 fd=10: SHARED -> NO_LOCK
DBimpl - LOCK REQUEST: 0x3f44b680 1
[1773159770.665149814] LOCK pid=34738 fd=10: NO_LOCK -> SHARED (fallback)
[1773159770.665151050] LOCK pid=34738 fd=10: SHARED -> SHARED
DBimpl - LOCK REQUEST: 0x3f44b680 2
[1773159770.665159266] LOCK pid=34738 fd=10: SHARED -> RESERVED
DBimpl - LOCK REQUEST: 0x3f44b680 4
[1773159770.665252604] LOCK pid=34738 fd=10: RESERVED -> PENDING
[1773159770.665254332] LOCK pid=34738 fd=10: PENDING -> EXCLUSIVE
DBimpl - UNLOCK REQUEST: 0x3f44b680 1
[1773159770.666836526] UNLOCK pid=34738 fd=10: EXCLUSIVE -> SHARED
DBimpl - UNLOCK REQUEST: 0x3f44b680 0
[1773159770.666839849] UNLOCK pid=34738 fd=10: SHARED -> NO_LOCK
DBimpl - LOCK REQUEST: 0x3f44b680 1
[1773159770.668157229] LOCK pid=34738 fd=10: NO_LOCK -> SHARED (fallback)
[1773159770.668158452] LOCK pid=34738 fd=10: SHARED -> SHARED
DBimpl - LOCK REQUEST: 0x3f44b680 2
[1773159770.668166426] LOCK pid=34738 fd=10: SHARED -> RESERVED
DBimpl - LOCK REQUEST: 0x3f44b680 4
[1773159770.669091105] LOCK pid=34738 fd=10: RESERVED -> PENDING
[1773159770.669092932] LOCK pid=34738 fd=10: PENDING -> EXCLUSIVE
DBimpl - UNLOCK REQUEST: 0x3f44b680 1
[1773159770.670798643] UNLOCK pid=34738 fd=10: EXCLUSIVE -> SHARED
DBimpl - UNLOCK REQUEST: 0x3f44b680 0
[1773159770.670802405] UNLOCK pid=34738 fd=10: SHARED -> NO_LOCK
DBimpl - LOCK REQUEST: 0x3f44b680 1
[1773159770.671317543] LOCK pid=34738 fd=10: NO_LOCK -> SHARED (fallback)
[1773159770.671321928] LOCK pid=34738 fd=10: SHARED -> SHARED
DBimpl - LOCK REQUEST: 0x3f44b680 2
[1773159770.671330199] LOCK pid=34738 fd=10: SHARED -> RESERVED
DBimpl - LOCK REQUEST: 0x3f44b680 4
[1773159770.671503210] LOCK pid=34738 fd=10: RESERVED -> PENDING
[1773159770.671523195] LOCK pid=34738 fd=10: PENDING -> EXCLUSIVE
DBimpl - UNLOCK REQUEST: 0x3f44b680 1
[1773159770.673250319] UNLOCK pid=34738 fd=10: EXCLUSIVE -> SHARED
DBimpl - UNLOCK REQUEST: 0x3f44b680 0
[1773159770.673257458] UNLOCK pid=34738 fd=10: SHARED -> NO_LOCK
DBimpl - LOCK REQUEST: 0x3f44b680 1
[1773159770.673851221] LOCK pid=34738 fd=10: NO_LOCK -> SHARED (fallback)
[1773159770.673854001] LOCK pid=34738 fd=10: SHARED -> SHARED
DBimpl - LOCK REQUEST: 0x3f44b680 2
[1773159770.673869263] LOCK pid=34738 fd=10: SHARED -> RESERVED
DBimpl - LOCK REQUEST: 0x3f44b680 4
[1773159770.674957276] LOCK pid=34738 fd=10: RESERVED -> PENDING
[1773159770.674959278] LOCK pid=34738 fd=10: PENDING -> EXCLUSIVE
DBimpl - UNLOCK REQUEST: 0x3f44b680 1
[1773159770.676684087] UNLOCK pid=34738 fd=10: EXCLUSIVE -> SHARED
DBimpl - UNLOCK REQUEST: 0x3f44b680 0
[1773159770.676688651] UNLOCK pid=34738 fd=10: SHARED -> NO_LOCK
DBimpl - LOCK REQUEST: 0x3f44b680 1
[1773159770.681214619] LOCK pid=34738 fd=10: NO_LOCK -> SHARED (fallback)
[1773159770.681216175] LOCK pid=34738 fd=10: SHARED -> SHARED
DBimpl - LOCK REQUEST: 0x3f44b680 2
[1773159770.681226431] LOCK pid=34738 fd=10: SHARED -> RESERVED
DBimpl - LOCK REQUEST: 0x3f44b680 4
[1773159770.681334825] LOCK pid=34738 fd=10: RESERVED -> PENDING
[1773159770.681336985] LOCK pid=34738 fd=10: PENDING -> EXCLUSIVE
DBimpl - UNLOCK REQUEST: 0x3f44b680 1
[1773159770.683010176] UNLOCK pid=34738 fd=10: EXCLUSIVE -> SHARED
DBimpl - UNLOCK REQUEST: 0x3f44b680 0
[1773159770.683013860] UNLOCK pid=34738 fd=10: SHARED -> NO_LOCK
DBimpl - LOCK REQUEST: 0x3f44b680 1
[1773159770.686576686] LOCK pid=34738 fd=10: NO_LOCK -> SHARED (fallback)
[1773159770.686578278] LOCK pid=34738 fd=10: SHARED -> SHARED
DBimpl - LOCK REQUEST: 0x3f44b680 2
[1773159770.686586983] LOCK pid=34738 fd=10: SHARED -> RESERVED
DBimpl - LOCK REQUEST: 0x3f44b680 4
[1773159770.687636330] LOCK pid=34738 fd=10: RESERVED -> PENDING
[1773159770.687638525] LOCK pid=34738 fd=10: PENDING -> EXCLUSIVE
DBimpl - UNLOCK REQUEST: 0x3f44b680 1
[1773159770.689329125] UNLOCK pid=34738 fd=10: EXCLUSIVE -> SHARED
DBimpl - UNLOCK REQUEST: 0x3f44b680 0
[1773159770.689333535] UNLOCK pid=34738 fd=10: SHARED -> NO_LOCK
DBimpl - LOCK REQUEST: 0x3f44b680 1
[1773159770.690631721] LOCK pid=34738 fd=10: NO_LOCK -> SHARED (fallback)
[1773159770.690633233] LOCK pid=34738 fd=10: SHARED -> SHARED
DBimpl - LOCK REQUEST: 0x3f44b680 2
[1773159770.690643602] LOCK pid=34738 fd=10: SHARED -> RESERVED
DBimpl - LOCK REQUEST: 0x3f44b680 4
[1773159770.691808858] LOCK pid=34738 fd=10: RESERVED -> PENDING
[1773159770.691810625] LOCK pid=34738 fd=10: PENDING -> EXCLUSIVE
DBimpl - UNLOCK REQUEST: 0x3f44b680 1
[1773159770.693516067] UNLOCK pid=34738 fd=10: EXCLUSIVE -> SHARED
DBimpl - UNLOCK REQUEST: 0x3f44b680 0
[1773159770.693520262] UNLOCK pid=34738 fd=10: SHARED -> NO_LOCK
DBimpl - LOCK REQUEST: 0x3f44b680 1
[1773159770.695639111] LOCK pid=34738 fd=10: NO_LOCK -> SHARED (fallback)
[1773159770.695641301] LOCK pid=34738 fd=10: SHARED -> SHARED
DBimpl - LOCK REQUEST: 0x3f44b680 2
[1773159770.695651910] LOCK pid=34738 fd=10: SHARED -> RESERVED
DBimpl - LOCK REQUEST: 0x3f44b680 4
[1773159770.696825130] LOCK pid=34738 fd=10: RESERVED -> PENDING
[1773159770.696826960] LOCK pid=34738 fd=10: PENDING -> EXCLUSIVE
DBimpl - UNLOCK REQUEST: 0x3f44b680 1
[1773159770.699924315] UNLOCK pid=34738 fd=10: EXCLUSIVE -> SHARED
DBimpl - UNLOCK REQUEST: 0x3f44b680 0
[1773159770.699930129] UNLOCK pid=34738 fd=10: SHARED -> NO_LOCK
DBimpl - LOCK REQUEST: 0x3f44b680 1
[1773159770.700012474] LOCK pid=34738 fd=10: NO_LOCK -> SHARED (fallback)
[1773159770.700013980] LOCK pid=34738 fd=10: SHARED -> SHARED
DBimpl - LOCK REQUEST: 0x3f44b680 2
[1773159770.700024707] LOCK pid=34738 fd=10: SHARED -> RESERVED
DBimpl - LOCK REQUEST: 0x3f44b680 4
[1773159770.701083347] LOCK pid=34738 fd=10: RESERVED -> PENDING
[1773159770.701085202] LOCK pid=34738 fd=10: PENDING -> EXCLUSIVE
DBimpl - UNLOCK REQUEST: 0x3f44b680 1
[1773159770.704261186] UNLOCK pid=34738 fd=10: EXCLUSIVE -> SHARED
DBimpl - UNLOCK REQUEST: 0x3f44b680 0
[1773159770.704265414] UNLOCK pid=34738 fd=10: SHARED -> NO_LOCK
DBimpl - LOCK REQUEST: 0x3f44b680 1
[1773159770.707480804] LOCK pid=34738 fd=10: NO_LOCK -> SHARED (fallback)
[1773159770.707482508] LOCK pid=34738 fd=10: SHARED -> SHARED
DBimpl - LOCK REQUEST: 0x3f44b680 2
[1773159770.707495672] LOCK pid=34738 fd=10: SHARED -> RESERVED
DBimpl - LOCK REQUEST: 0x3f44b680 4
[1773159770.708600216] LOCK pid=34738 fd=10: RESERVED -> PENDING
[1773159770.708602129] LOCK pid=34738 fd=10: PENDING -> EXCLUSIVE
DBimpl - UNLOCK REQUEST: 0x3f44b680 1
[1773159770.710490215] UNLOCK pid=34738 fd=10: EXCLUSIVE -> SHARED
DBimpl - UNLOCK REQUEST: 0x3f44b680 0
[1773159770.710494003] UNLOCK pid=34738 fd=10: SHARED -> NO_LOCK
DBimpl - LOCK REQUEST: 0x3f44b680 1
[1773159770.714090127] LOCK pid=34738 fd=10: NO_LOCK -> SHARED (fallback)
[1773159770.714091937] LOCK pid=34738 fd=10: SHARED -> SHARED
DBimpl - LOCK REQUEST: 0x3f44b680 2
[1773159770.714107314] LOCK pid=34738 fd=10: SHARED -> RESERVED
DBimpl - LOCK REQUEST: 0x3f44b680 4
[1773159770.715443339] LOCK pid=34738 fd=10: RESERVED -> PENDING
[1773159770.715446424] LOCK pid=34738 fd=10: PENDING -> EXCLUSIVE
DBimpl - UNLOCK REQUEST: 0x3f44b680 1
[1773159770.717251408] UNLOCK pid=34738 fd=10: EXCLUSIVE -> SHARED
DBimpl - UNLOCK REQUEST: 0x3f44b680 0
[1773159770.717255764] UNLOCK pid=34738 fd=10: SHARED -> NO_LOCK
DBimpl - LOCK REQUEST: 0x3f44b680 1
[1773159770.717676553] LOCK pid=34738 fd=10: NO_LOCK -> SHARED (fallback)
[1773159770.717677860] LOCK pid=34738 fd=10: SHARED -> SHARED
DBimpl - LOCK REQUEST: 0x3f44b680 2
[1773159770.717686236] LOCK pid=34738 fd=10: SHARED -> RESERVED
DBimpl - LOCK REQUEST: 0x3f44b680 4
[1773159770.718707206] LOCK pid=34738 fd=10: RESERVED -> PENDING
[1773159770.718709101] LOCK pid=34738 fd=10: PENDING -> EXCLUSIVE
DBimpl - UNLOCK REQUEST: 0x3f44b680 1
[1773159770.720388866] UNLOCK pid=34738 fd=10: EXCLUSIVE -> SHARED
DBimpl - UNLOCK REQUEST: 0x3f44b680 0
[1773159770.720392495] UNLOCK pid=34738 fd=10: SHARED -> NO_LOCK
DBimpl - LOCK REQUEST: 0x3f44b680 1
[1773159770.722503058] LOCK pid=34738 fd=10: NO_LOCK -> SHARED (fallback)
[1773159770.722504411] LOCK pid=34738 fd=10: SHARED -> SHARED
DBimpl - LOCK REQUEST: 0x3f44b680 2
[1773159770.722512343] LOCK pid=34738 fd=10: SHARED -> RESERVED
DBimpl - LOCK REQUEST: 0x3f44b680 4
[1773159770.723566045] LOCK pid=34738 fd=10: RESERVED -> PENDING
[1773159770.723567891] LOCK pid=34738 fd=10: PENDING -> EXCLUSIVE
DBimpl - UNLOCK REQUEST: 0x3f44b680 1
[1773159770.725360129] UNLOCK pid=34738 fd=10: EXCLUSIVE -> SHARED
DBimpl - UNLOCK REQUEST: 0x3f44b680 0
[1773159770.725363782] UNLOCK pid=34738 fd=10: SHARED -> NO_LOCK
DBimpl - LOCK REQUEST: 0x3f44b680 1
[1773159770.726368018] LOCK pid=34738 fd=10: NO_LOCK -> SHARED (fallback)
[1773159770.726369307] LOCK pid=34738 fd=10: SHARED -> SHARED
DBimpl - LOCK REQUEST: 0x3f44b680 2
[1773159770.726376879] LOCK pid=34738 fd=10: SHARED -> RESERVED
DBimpl - LOCK REQUEST: 0x3f44b680 4
[1773159770.726450790] LOCK pid=34738 fd=10: RESERVED -> PENDING
[1773159770.726452507] LOCK pid=34738 fd=10: PENDING -> EXCLUSIVE
DBimpl - UNLOCK REQUEST: 0x3f44b680 1
[1773159770.728194159] UNLOCK pid=34738 fd=10: EXCLUSIVE -> SHARED
DBimpl - UNLOCK REQUEST: 0x3f44b680 0
[1773159770.728197406] UNLOCK pid=34738 fd=10: SHARED -> NO_LOCK
DBimpl - LOCK REQUEST: 0x3f44b680 1
[1773159770.729228483] LOCK pid=34738 fd=10: NO_LOCK -> SHARED (fallback)
[1773159770.729232004] LOCK pid=34738 fd=10: SHARED -> SHARED
DBimpl - LOCK REQUEST: 0x3f44b680 2
[1773159770.729247832] LOCK pid=34738 fd=10: SHARED -> RESERVED
DBimpl - LOCK REQUEST: 0x3f44b680 4
[1773159770.729378941] LOCK pid=34738 fd=10: RESERVED -> PENDING
[1773159770.729381588] LOCK pid=34738 fd=10: PENDING -> EXCLUSIVE
DBimpl - UNLOCK REQUEST: 0x3f44b680 1
[1773159770.732796975] UNLOCK pid=34738 fd=10: EXCLUSIVE -> SHARED
DBimpl - UNLOCK REQUEST: 0x3f44b680 0
[1773159770.732802642] UNLOCK pid=34738 fd=10: SHARED -> NO_LOCK
DBimpl - LOCK REQUEST: 0x3f44b680 1
[1773159770.733068446] LOCK pid=34738 fd=10: NO_LOCK -> SHARED (fallback)
[1773159770.733070344] LOCK pid=34738 fd=10: SHARED -> SHARED
DBimpl - LOCK REQUEST: 0x3f44b680 2
[1773159770.733081711] LOCK pid=34738 fd=10: SHARED -> RESERVED
DBimpl - LOCK REQUEST: 0x3f44b680 4
[1773159770.733195205] LOCK pid=34738 fd=10: RESERVED -> PENDING
[1773159770.733197934] LOCK pid=34738 fd=10: PENDING -> EXCLUSIVE
DBimpl - UNLOCK REQUEST: 0x3f44b680 1
[1773159770.734823260] UNLOCK pid=34738 fd=10: EXCLUSIVE -> SHARED
DBimpl - UNLOCK REQUEST: 0x3f44b680 0
[1773159770.734828650] UNLOCK pid=34738 fd=10: SHARED -> NO_LOCK
DBimpl - LOCK REQUEST: 0x3f44b680 1
[1773159770.735909916] LOCK pid=34738 fd=10: NO_LOCK -> SHARED (fallback)
[1773159770.735911816] LOCK pid=34738 fd=10: SHARED -> SHARED
DBimpl - LOCK REQUEST: 0x3f44b680 2
[1773159770.735923483] LOCK pid=34738 fd=10: SHARED -> RESERVED
DBimpl - LOCK REQUEST: 0x3f44b680 4
[1773159770.736066505] LOCK pid=34738 fd=10: RESERVED -> PENDING
[1773159770.736069271] LOCK pid=34738 fd=10: PENDING -> EXCLUSIVE
DBimpl - UNLOCK REQUEST: 0x3f44b680 1
[1773159770.737803613] UNLOCK pid=34738 fd=10: EXCLUSIVE -> SHARED
DBimpl - UNLOCK REQUEST: 0x3f44b680 0
[1773159770.737809189] UNLOCK pid=34738 fd=10: SHARED -> NO_LOCK
DBimpl - LOCK REQUEST: 0x3f44b680 1
[1773159770.739171625] LOCK pid=34738 fd=10: NO_LOCK -> SHARED (fallback)
[1773159770.739173562] LOCK pid=34738 fd=10: SHARED -> SHARED
DBimpl - LOCK REQUEST: 0x3f44b680 2
[1773159770.739186218] LOCK pid=34738 fd=10: SHARED -> RESERVED
DBimpl - LOCK REQUEST: 0x3f44b680 4
[1773159770.740406046] LOCK pid=34738 fd=10: RESERVED -> PENDING
[1773159770.740408964] LOCK pid=34738 fd=10: PENDING -> EXCLUSIVE
DBimpl - UNLOCK REQUEST: 0x3f44b680 1
[1773159770.742862288] UNLOCK pid=34738 fd=10: EXCLUSIVE -> SHARED
DBimpl - UNLOCK REQUEST: 0x3f44b680 0
[1773159770.742870332] UNLOCK pid=34738 fd=10: SHARED -> NO_LOCK
DBimpl - LOCK REQUEST: 0x3f44b680 1
[1773159770.743104565] LOCK pid=34738 fd=10: NO_LOCK -> SHARED (fallback)
[1773159770.743106443] LOCK pid=34738 fd=10: SHARED -> SHARED
DBimpl - LOCK REQUEST: 0x3f44b680 2
[1773159770.743117449] LOCK pid=34738 fd=10: SHARED -> RESERVED
DBimpl - LOCK REQUEST: 0x3f44b680 4
[1773159770.744296234] LOCK pid=34738 fd=10: RESERVED -> PENDING
[1773159770.744299056] LOCK pid=34738 fd=10: PENDING -> EXCLUSIVE
DBimpl - UNLOCK REQUEST: 0x3f44b680 1
[1773159770.748058285] UNLOCK pid=34738 fd=10: EXCLUSIVE -> SHARED
DBimpl - UNLOCK REQUEST: 0x3f44b680 0
[1773159770.748064034] UNLOCK pid=34738 fd=10: SHARED -> NO_LOCK
DBimpl - LOCK REQUEST: 0x3f44b680 1
[1773159770.748851074] LOCK pid=34738 fd=10: NO_LOCK -> SHARED (fallback)
[1773159770.748852892] LOCK pid=34738 fd=10: SHARED -> SHARED
DBimpl - LOCK REQUEST: 0x3f44b680 2
[1773159770.748864008] LOCK pid=34738 fd=10: SHARED -> RESERVED
DBimpl - LOCK REQUEST: 0x3f44b680 4
[1773159770.750016616] LOCK pid=34738 fd=10: RESERVED -> PENDING
[1773159770.750019429] LOCK pid=34738 fd=10: PENDING -> EXCLUSIVE
DBimpl - UNLOCK REQUEST: 0x3f44b680 1
[1773159770.751768213] UNLOCK pid=34738 fd=10: EXCLUSIVE -> SHARED
DBimpl - UNLOCK REQUEST: 0x3f44b680 0
[1773159770.751774500] UNLOCK pid=34738 fd=10: SHARED -> NO_LOCK
DBimpl - LOCK REQUEST: 0x3f44b680 1
[1773159770.752125731] LOCK pid=34738 fd=10: NO_LOCK -> SHARED (fallback)
[1773159770.752133344] LOCK pid=34738 fd=10: SHARED -> SHARED
DBimpl - LOCK REQUEST: 0x3f44b680 2
[1773159770.752145101] LOCK pid=34738 fd=10: SHARED -> RESERVED
DBimpl - LOCK REQUEST: 0x3f44b680 4
[1773159770.752461233] LOCK pid=34738 fd=10: RESERVED -> PENDING
[1773159770.752463870] LOCK pid=34738 fd=10: PENDING -> EXCLUSIVE
DBimpl - UNLOCK REQUEST: 0x3f44b680 1
[1773159770.754301389] UNLOCK pid=34738 fd=10: EXCLUSIVE -> SHARED
DBimpl - UNLOCK REQUEST: 0x3f44b680 0
[1773159770.754307306] UNLOCK pid=34738 fd=10: SHARED -> NO_LOCK
DBimpl - LOCK REQUEST: 0x3f44b680 1
[1773159770.755243635] LOCK pid=34738 fd=10: NO_LOCK -> SHARED (fallback)
[1773159770.755249328] LOCK pid=34738 fd=10: SHARED -> SHARED
DBimpl - LOCK REQUEST: 0x3f44b680 2
[1773159770.755262529] LOCK pid=34738 fd=10: SHARED -> RESERVED
DBimpl - LOCK REQUEST: 0x3f44b680 4
[1773159770.756463498] LOCK pid=34738 fd=10: RESERVED -> PENDING
[1773159770.756466502] LOCK pid=34738 fd=10: PENDING -> EXCLUSIVE
DBimpl - UNLOCK REQUEST: 0x3f44b680 1
[1773159770.758158866] UNLOCK pid=34738 fd=10: EXCLUSIVE -> SHARED
DBimpl - UNLOCK REQUEST: 0x3f44b680 0
[1773159770.758164649] UNLOCK pid=34738 fd=10: SHARED -> NO_LOCK
DBimpl - LOCK REQUEST: 0x3f44b680 1
[1773159770.758795026] LOCK pid=34738 fd=10: NO_LOCK -> SHARED (fallback)
[1773159770.758796531] LOCK pid=34738 fd=10: SHARED -> SHARED
DBimpl - LOCK REQUEST: 0x3f44b680 2
[1773159770.758805152] LOCK pid=34738 fd=10: SHARED -> RESERVED
DBimpl - LOCK REQUEST: 0x3f44b680 4
[1773159770.759941826] LOCK pid=34738 fd=10: RESERVED -> PENDING
[1773159770.759943808] LOCK pid=34738 fd=10: PENDING -> EXCLUSIVE
DBimpl - UNLOCK REQUEST: 0x3f44b680 1
[1773159770.761647623] UNLOCK pid=34738 fd=10: EXCLUSIVE -> SHARED
DBimpl - UNLOCK REQUEST: 0x3f44b680 0
[1773159770.761654568] UNLOCK pid=34738 fd=10: SHARED -> NO_LOCK
DBimpl - LOCK REQUEST: 0x3f44b680 1
[1773159770.763291006] LOCK pid=34738 fd=10: NO_LOCK -> SHARED (fallback)
[1773159770.763292519] LOCK pid=34738 fd=10: SHARED -> SHARED
DBimpl - LOCK REQUEST: 0x3f44b680 2
[1773159770.763300835] LOCK pid=34738 fd=10: SHARED -> RESERVED
DBimpl - LOCK REQUEST: 0x3f44b680 4
[1773159770.763380085] LOCK pid=34738 fd=10: RESERVED -> PENDING
[1773159770.763381783] LOCK pid=34738 fd=10: PENDING -> EXCLUSIVE
DBimpl - UNLOCK REQUEST: 0x3f44b680 1
[1773159770.765122502] UNLOCK pid=34738 fd=10: EXCLUSIVE -> SHARED
DBimpl - UNLOCK REQUEST: 0x3f44b680 0
[1773159770.765125923] UNLOCK pid=34738 fd=10: SHARED -> NO_LOCK
DBimpl - LOCK REQUEST: 0x3f44b680 1
[1773159770.766989019] LOCK pid=34738 fd=10: NO_LOCK -> SHARED (fallback)
[1773159770.766990274] LOCK pid=34738 fd=10: SHARED -> SHARED
DBimpl - LOCK REQUEST: 0x3f44b680 2
[1773159770.766997945] LOCK pid=34738 fd=10: SHARED -> RESERVED
DBimpl - LOCK REQUEST: 0x3f44b680 4
[1773159770.767081088] LOCK pid=34738 fd=10: RESERVED -> PENDING
[1773159770.767082677] LOCK pid=34738 fd=10: PENDING -> EXCLUSIVE
DBimpl - UNLOCK REQUEST: 0x3f44b680 1
[1773159770.768747583] UNLOCK pid=34738 fd=10: EXCLUSIVE -> SHARED
DBimpl - UNLOCK REQUEST: 0x3f44b680 0
[1773159770.768751342] UNLOCK pid=34738 fd=10: SHARED -> NO_LOCK
DBimpl - LOCK REQUEST: 0x3f44b680 1
[1773159770.768867727] LOCK pid=34738 fd=10: NO_LOCK -> SHARED (fallback)
[1773159770.768869077] LOCK pid=34738 fd=10: SHARED -> SHARED
DBimpl - LOCK REQUEST: 0x3f44b680 2
[1773159770.768877695] LOCK pid=34738 fd=10: SHARED -> RESERVED
DBimpl - LOCK REQUEST: 0x3f44b680 4
[1773159770.769975296] LOCK pid=34738 fd=10: RESERVED -> PENDING
[1773159770.769977140] LOCK pid=34738 fd=10: PENDING -> EXCLUSIVE
DBimpl - UNLOCK REQUEST: 0x3f44b680 1
[1773159770.771675003] UNLOCK pid=34738 fd=10: EXCLUSIVE -> SHARED
DBimpl - UNLOCK REQUEST: 0x3f44b680 0
[1773159770.771678461] UNLOCK pid=34738 fd=10: SHARED -> NO_LOCK
DBimpl - LOCK REQUEST: 0x3f44b680 1
[1773159770.771735555] LOCK pid=34738 fd=10: NO_LOCK -> SHARED (fallback)
[1773159770.771736682] LOCK pid=34738 fd=10: SHARED -> SHARED
DBimpl - LOCK REQUEST: 0x3f44b680 2
[1773159770.771744055] LOCK pid=34738 fd=10: SHARED -> RESERVED
DBimpl - LOCK REQUEST: 0x3f44b680 4
[1773159770.772925865] LOCK pid=34738 fd=10: RESERVED -> PENDING
[1773159770.772927730] LOCK pid=34738 fd=10: PENDING -> EXCLUSIVE
DBimpl - UNLOCK REQUEST: 0x3f44b680 1
[1773159770.774590028] UNLOCK pid=34738 fd=10: EXCLUSIVE -> SHARED
DBimpl - UNLOCK REQUEST: 0x3f44b680 0
[1773159770.774593763] UNLOCK pid=34738 fd=10: SHARED -> NO_LOCK
DBimpl - LOCK REQUEST: 0x3f44b680 1
[1773159770.774821446] LOCK pid=34738 fd=10: NO_LOCK -> SHARED (fallback)
[1773159770.774823144] LOCK pid=34738 fd=10: SHARED -> SHARED
DBimpl - LOCK REQUEST: 0x3f44b680 2
[1773159770.774833520] LOCK pid=34738 fd=10: SHARED -> RESERVED
DBimpl - LOCK REQUEST: 0x3f44b680 4
[1773159770.776065011] LOCK pid=34738 fd=10: RESERVED -> PENDING
[1773159770.776067017] LOCK pid=34738 fd=10: PENDING -> EXCLUSIVE
DBimpl - UNLOCK REQUEST: 0x3f44b680 1
[1773159770.778341620] UNLOCK pid=34738 fd=10: EXCLUSIVE -> SHARED
DBimpl - UNLOCK REQUEST: 0x3f44b680 0
[1773159770.778346232] UNLOCK pid=34738 fd=10: SHARED -> NO_LOCK
DBimpl - LOCK REQUEST: 0x3f44b680 1
[1773159770.779280346] LOCK pid=34738 fd=10: NO_LOCK -> SHARED (fallback)
[1773159770.779281698] LOCK pid=34738 fd=10: SHARED -> SHARED
DBimpl - LOCK REQUEST: 0x3f44b680 2
[1773159770.779291181] LOCK pid=34738 fd=10: SHARED -> RESERVED
DBimpl - LOCK REQUEST: 0x3f44b680 4
[1773159770.780456354] LOCK pid=34738 fd=10: RESERVED -> PENDING
[1773159770.780458106] LOCK pid=34738 fd=10: PENDING -> EXCLUSIVE
DBimpl - UNLOCK REQUEST: 0x3f44b680 1
[1773159770.782154227] UNLOCK pid=34738 fd=10: EXCLUSIVE -> SHARED
DBimpl - UNLOCK REQUEST: 0x3f44b680 0
[1773159770.782157917] UNLOCK pid=34738 fd=10: SHARED -> NO_LOCK
DBimpl - LOCK REQUEST: 0x3f44b680 1
[1773159770.783803292] LOCK pid=34738 fd=10: NO_LOCK -> SHARED (fallback)
[1773159770.783804586] LOCK pid=34738 fd=10: SHARED -> SHARED
DBimpl - LOCK REQUEST: 0x3f44b680 2
[1773159770.783812509] LOCK pid=34738 fd=10: SHARED -> RESERVED
DBimpl - LOCK REQUEST: 0x3f44b680 4
[1773159770.784919544] LOCK pid=34738 fd=10: RESERVED -> PENDING
[1773159770.784921882] LOCK pid=34738 fd=10: PENDING -> EXCLUSIVE
DBimpl - UNLOCK REQUEST: 0x3f44b680 1
[1773159770.786552296] UNLOCK pid=34738 fd=10: EXCLUSIVE -> SHARED
DBimpl - UNLOCK REQUEST: 0x3f44b680 0
[1773159770.786556362] UNLOCK pid=34738 fd=10: SHARED -> NO_LOCK
DBimpl - LOCK REQUEST: 0x3f44b680 1
[1773159770.788122398] LOCK pid=34738 fd=10: NO_LOCK -> SHARED (fallback)
[1773159770.788123804] LOCK pid=34738 fd=10: SHARED -> SHARED
DBimpl - LOCK REQUEST: 0x3f44b680 2
[1773159770.788131890] LOCK pid=34738 fd=10: SHARED -> RESERVED
DBimpl - LOCK REQUEST: 0x3f44b680 4
[1773159770.788253307] LOCK pid=34738 fd=10: RESERVED -> PENDING
[1773159770.788254895] LOCK pid=34738 fd=10: PENDING -> EXCLUSIVE
DBimpl - UNLOCK REQUEST: 0x3f44b680 1
[1773159770.789917149] UNLOCK pid=34738 fd=10: EXCLUSIVE -> SHARED
DBimpl - UNLOCK REQUEST: 0x3f44b680 0
[1773159770.789920603] UNLOCK pid=34738 fd=10: SHARED -> NO_LOCK
DBimpl - LOCK REQUEST: 0x3f44b680 1
[1773159770.791211239] LOCK pid=34738 fd=10: NO_LOCK -> SHARED (fallback)
[1773159770.791212516] LOCK pid=34738 fd=10: SHARED -> SHARED
DBimpl - LOCK REQUEST: 0x3f44b680 2
[1773159770.791220197] LOCK pid=34738 fd=10: SHARED -> RESERVED
DBimpl - LOCK REQUEST: 0x3f44b680 4
[1773159770.791293457] LOCK pid=34738 fd=10: RESERVED -> PENDING
[1773159770.791295057] LOCK pid=34738 fd=10: PENDING -> EXCLUSIVE
DBimpl - UNLOCK REQUEST: 0x3f44b680 1
[1773159770.792906030] UNLOCK pid=34738 fd=10: EXCLUSIVE -> SHARED
DBimpl - UNLOCK REQUEST: 0x3f44b680 0
[1773159770.792909450] UNLOCK pid=34738 fd=10: SHARED -> NO_LOCK
DBimpl - LOCK REQUEST: 0x3f44b680 1
[1773159770.793364860] LOCK pid=34738 fd=10: NO_LOCK -> SHARED (fallback)
[1773159770.793366186] LOCK pid=34738 fd=10: SHARED -> SHARED
DBimpl - LOCK REQUEST: 0x3f44b680 2
[1773159770.793373812] LOCK pid=34738 fd=10: SHARED -> RESERVED
DBimpl - LOCK REQUEST: 0x3f44b680 4
[1773159770.794565034] LOCK pid=34738 fd=10: RESERVED -> PENDING
[1773159770.794566819] LOCK pid=34738 fd=10: PENDING -> EXCLUSIVE
DBimpl - UNLOCK REQUEST: 0x3f44b680 1
[1773159770.796218666] UNLOCK pid=34738 fd=10: EXCLUSIVE -> SHARED
DBimpl - UNLOCK REQUEST: 0x3f44b680 0
[1773159770.796222553] UNLOCK pid=34738 fd=10: SHARED -> NO_LOCK
DBimpl - LOCK REQUEST: 0x3f44b680 1
[1773159770.796452325] LOCK pid=34738 fd=10: NO_LOCK -> SHARED (fallback)
[1773159770.796453766] LOCK pid=34738 fd=10: SHARED -> SHARED
DBimpl - LOCK REQUEST: 0x3f44b680 2
[1773159770.796461877] LOCK pid=34738 fd=10: SHARED -> RESERVED
DBimpl - LOCK REQUEST: 0x3f44b680 4
[1773159770.797587661] LOCK pid=34738 fd=10: RESERVED -> PENDING
[1773159770.797589383] LOCK pid=34738 fd=10: PENDING -> EXCLUSIVE
DBimpl - UNLOCK REQUEST: 0x3f44b680 1
[1773159770.799310413] UNLOCK pid=34738 fd=10: EXCLUSIVE -> SHARED
DBimpl - UNLOCK REQUEST: 0x3f44b680 0
[1773159770.799314040] UNLOCK pid=34738 fd=10: SHARED -> NO_LOCK
DBimpl - LOCK REQUEST: 0x3f44b680 1
[1773159770.799867930] LOCK pid=34738 fd=10: NO_LOCK -> SHARED (fallback)
[1773159770.799869108] LOCK pid=34738 fd=10: SHARED -> SHARED
DBimpl - LOCK REQUEST: 0x3f44b680 2
[1773159770.799876625] LOCK pid=34738 fd=10: SHARED -> RESERVED
DBimpl - LOCK REQUEST: 0x3f44b680 4
[1773159770.801256902] LOCK pid=34738 fd=10: RESERVED -> PENDING
[1773159770.801258905] LOCK pid=34738 fd=10: PENDING -> EXCLUSIVE
DBimpl - UNLOCK REQUEST: 0x3f44b680 1
[1773159770.802940702] UNLOCK pid=34738 fd=10: EXCLUSIVE -> SHARED
DBimpl - UNLOCK REQUEST: 0x3f44b680 0
[1773159770.802944662] UNLOCK pid=34738 fd=10: SHARED -> NO_LOCK
DBimpl - LOCK REQUEST: 0x3f44b680 1
[1773159770.803172953] LOCK pid=34738 fd=10: NO_LOCK -> SHARED (fallback)
[1773159770.803174430] LOCK pid=34738 fd=10: SHARED -> SHARED
DBimpl - LOCK REQUEST: 0x3f44b680 2
[1773159770.803183136] LOCK pid=34738 fd=10: SHARED -> RESERVED
DBimpl - LOCK REQUEST: 0x3f44b680 4
[1773159770.804380902] LOCK pid=34738 fd=10: RESERVED -> PENDING
[1773159770.804382859] LOCK pid=34738 fd=10: PENDING -> EXCLUSIVE
DBimpl - UNLOCK REQUEST: 0x3f44b680 1
[1773159770.806056238] UNLOCK pid=34738 fd=10: EXCLUSIVE -> SHARED
DBimpl - UNLOCK REQUEST: 0x3f44b680 0
[1773159770.806059932] UNLOCK pid=34738 fd=10: SHARED -> NO_LOCK
DBimpl - LOCK REQUEST: 0x3f44b680 1
[1773159770.806485863] LOCK pid=34738 fd=10: NO_LOCK -> SHARED (fallback)
[1773159770.806487161] LOCK pid=34738 fd=10: SHARED -> SHARED
DBimpl - LOCK REQUEST: 0x3f44b680 2
[1773159770.806495164] LOCK pid=34738 fd=10: SHARED -> RESERVED
DBimpl - LOCK REQUEST: 0x3f44b680 4
[1773159770.806572405] LOCK pid=34738 fd=10: RESERVED -> PENDING
[1773159770.806574078] LOCK pid=34738 fd=10: PENDING -> EXCLUSIVE
DBimpl - UNLOCK REQUEST: 0x3f44b680 1
[1773159770.808287654] UNLOCK pid=34738 fd=10: EXCLUSIVE -> SHARED
DBimpl - UNLOCK REQUEST: 0x3f44b680 0
[1773159770.808291003] UNLOCK pid=34738 fd=10: SHARED -> NO_LOCK
DBimpl - LOCK REQUEST: 0x3f44b680 1
[1773159770.812513466] LOCK pid=34738 fd=10: NO_LOCK -> SHARED (fallback)
[1773159770.812514998] LOCK pid=34738 fd=10: SHARED -> SHARED
DBimpl - LOCK REQUEST: 0x3f44b680 2
[1773159770.812526343] LOCK pid=34738 fd=10: SHARED -> RESERVED
DBimpl - LOCK REQUEST: 0x3f44b680 4
[1773159770.813950697] LOCK pid=34738 fd=10: RESERVED -> PENDING
[1773159770.813953388] LOCK pid=34738 fd=10: PENDING -> EXCLUSIVE
DBimpl - UNLOCK REQUEST: 0x3f44b680 1
[1773159770.816382585] UNLOCK pid=34738 fd=10: EXCLUSIVE -> SHARED
DBimpl - UNLOCK REQUEST: 0x3f44b680 0
[1773159770.816386542] UNLOCK pid=34738 fd=10: SHARED -> NO_LOCK
DBimpl - LOCK REQUEST: 0x3f44b680 1
[1773159770.818812294] LOCK pid=34738 fd=10: NO_LOCK -> SHARED (fallback)
[1773159770.818813679] LOCK pid=34738 fd=10: SHARED -> SHARED
DBimpl - LOCK REQUEST: 0x3f44b680 2
[1773159770.818822128] LOCK pid=34738 fd=10: SHARED -> RESERVED
DBimpl - LOCK REQUEST: 0x3f44b680 4
[1773159770.820054131] LOCK pid=34738 fd=10: RESERVED -> PENDING
[1773159770.820056032] LOCK pid=34738 fd=10: PENDING -> EXCLUSIVE
DBimpl - UNLOCK REQUEST: 0x3f44b680 1
[1773159770.823897915] UNLOCK pid=34738 fd=10: EXCLUSIVE -> SHARED
DBimpl - UNLOCK REQUEST: 0x3f44b680 0
[1773159770.823902416] UNLOCK pid=34738 fd=10: SHARED -> NO_LOCK
DBimpl - LOCK REQUEST: 0x3f44b680 1
[1773159770.825773681] LOCK pid=34738 fd=10: NO_LOCK -> SHARED (fallback)
[1773159770.825775083] LOCK pid=34738 fd=10: SHARED -> SHARED
DBimpl - LOCK REQUEST: 0x3f44b680 2
[1773159770.825783542] LOCK pid=34738 fd=10: SHARED -> RESERVED
DBimpl - LOCK REQUEST: 0x3f44b680 4
[1773159770.825866010] LOCK pid=34738 fd=10: RESERVED -> PENDING
[1773159770.825868485] LOCK pid=34738 fd=10: PENDING -> EXCLUSIVE
DBimpl - UNLOCK REQUEST: 0x3f44b680 1
[1773159770.827542685] UNLOCK pid=34738 fd=10: EXCLUSIVE -> SHARED
DBimpl - UNLOCK REQUEST: 0x3f44b680 0
[1773159770.827545981] UNLOCK pid=34738 fd=10: SHARED -> NO_LOCK
DBimpl - LOCK REQUEST: 0x3f44b680 1
[1773159770.831537065] LOCK pid=34738 fd=10: NO_LOCK -> SHARED (fallback)
[1773159770.831540476] LOCK pid=34738 fd=10: SHARED -> SHARED
DBimpl - LOCK REQUEST: 0x3f44b680 2
[1773159770.831559112] LOCK pid=34738 fd=10: SHARED -> RESERVED
DBimpl - LOCK REQUEST: 0x3f44b680 4
[1773159770.831757656] LOCK pid=34738 fd=10: RESERVED -> PENDING
[1773159770.831760722] LOCK pid=34738 fd=10: PENDING -> EXCLUSIVE
DBimpl - UNLOCK REQUEST: 0x3f44b680 1
[1773159770.833631235] UNLOCK pid=34738 fd=10: EXCLUSIVE -> SHARED
DBimpl - UNLOCK REQUEST: 0x3f44b680 0
[1773159770.833638119] UNLOCK pid=34738 fd=10: SHARED -> NO_LOCK
DBimpl - LOCK REQUEST: 0x3f44b680 1
[1773159770.834746450] LOCK pid=34738 fd=10: NO_LOCK -> SHARED (fallback)
[1773159770.834749195] LOCK pid=34738 fd=10: SHARED -> SHARED
DBimpl - LOCK REQUEST: 0x3f44b680 2
[1773159770.834765786] LOCK pid=34738 fd=10: SHARED -> RESERVED
DBimpl - LOCK REQUEST: 0x3f44b680 4
[1773159770.834929240] LOCK pid=34738 fd=10: RESERVED -> PENDING
[1773159770.834931132] LOCK pid=34738 fd=10: PENDING -> EXCLUSIVE
DBimpl - UNLOCK REQUEST: 0x3f44b680 1
[1773159770.836786232] UNLOCK pid=34738 fd=10: EXCLUSIVE -> SHARED
DBimpl - UNLOCK REQUEST: 0x3f44b680 0
[1773159770.836790961] UNLOCK pid=34738 fd=10: SHARED -> NO_LOCK
DBimpl - LOCK REQUEST: 0x3f44b680 1
[1773159770.837161324] LOCK pid=34738 fd=10: NO_LOCK -> SHARED (fallback)
[1773159770.837162662] LOCK pid=34738 fd=10: SHARED -> SHARED
DBimpl - LOCK REQUEST: 0x3f44b680 2
[1773159770.837173372] LOCK pid=34738 fd=10: SHARED -> RESERVED
DBimpl - LOCK REQUEST: 0x3f44b680 4
[1773159770.838565991] LOCK pid=34738 fd=10: RESERVED -> PENDING
[1773159770.838568059] LOCK pid=34738 fd=10: PENDING -> EXCLUSIVE
DBimpl - UNLOCK REQUEST: 0x3f44b680 1
[1773159770.840285152] UNLOCK pid=34738 fd=10: EXCLUSIVE -> SHARED
DBimpl - UNLOCK REQUEST: 0x3f44b680 0
[1773159770.840290699] UNLOCK pid=34738 fd=10: SHARED -> NO_LOCK
DBimpl - LOCK REQUEST: 0x3f44b680 1
[1773159770.840528862] LOCK pid=34738 fd=10: NO_LOCK -> SHARED (fallback)
[1773159770.840530402] LOCK pid=34738 fd=10: SHARED -> SHARED
DBimpl - LOCK REQUEST: 0x3f44b680 2
[1773159770.840540587] LOCK pid=34738 fd=10: SHARED -> RESERVED
DBimpl - LOCK REQUEST: 0x3f44b680 4
[1773159770.840675539] LOCK pid=34738 fd=10: RESERVED -> PENDING
[1773159770.840677389] LOCK pid=34738 fd=10: PENDING -> EXCLUSIVE
DBimpl - UNLOCK REQUEST: 0x3f44b680 1
[1773159770.842358768] UNLOCK pid=34738 fd=10: EXCLUSIVE -> SHARED
DBimpl - UNLOCK REQUEST: 0x3f44b680 0
[1773159770.842362925] UNLOCK pid=34738 fd=10: SHARED -> NO_LOCK
DBimpl - LOCK REQUEST: 0x3f44b680 1
[1773159770.842800783] LOCK pid=34738 fd=10: NO_LOCK -> SHARED (fallback)
[1773159770.842802172] LOCK pid=34738 fd=10: SHARED -> SHARED
DBimpl - LOCK REQUEST: 0x3f44b680 2
[1773159770.842811648] LOCK pid=34738 fd=10: SHARED -> RESERVED
DBimpl - LOCK REQUEST: 0x3f44b680 4
[1773159770.844219464] LOCK pid=34738 fd=10: RESERVED -> PENDING
[1773159770.844221686] LOCK pid=34738 fd=10: PENDING -> EXCLUSIVE
DBimpl - UNLOCK REQUEST: 0x3f44b680 1
[1773159770.845899375] UNLOCK pid=34738 fd=10: EXCLUSIVE -> SHARED
DBimpl - UNLOCK REQUEST: 0x3f44b680 0
[1773159770.845903936] UNLOCK pid=34738 fd=10: SHARED -> NO_LOCK
DBimpl - LOCK REQUEST: 0x3f44b680 1
[1773159770.846146839] LOCK pid=34738 fd=10: NO_LOCK -> SHARED (fallback)
[1773159770.846148033] LOCK pid=34738 fd=10: SHARED -> SHARED
DBimpl - LOCK REQUEST: 0x3f44b680 2
[1773159770.846156276] LOCK pid=34738 fd=10: SHARED -> RESERVED
DBimpl - LOCK REQUEST: 0x3f44b680 4
[1773159770.847414240] LOCK pid=34738 fd=10: RESERVED -> PENDING
[1773159770.847416054] LOCK pid=34738 fd=10: PENDING -> EXCLUSIVE
DBimpl - UNLOCK REQUEST: 0x3f44b680 1
[1773159770.849235046] UNLOCK pid=34738 fd=10: EXCLUSIVE -> SHARED
DBimpl - UNLOCK REQUEST: 0x3f44b680 0
[1773159770.849239146] UNLOCK pid=34738 fd=10: SHARED -> NO_LOCK
DBimpl - LOCK REQUEST: 0x3f44b680 1
[1773159770.849638407] LOCK pid=34738 fd=10: NO_LOCK -> SHARED (fallback)
[1773159770.849639764] LOCK pid=34738 fd=10: SHARED -> SHARED
DBimpl - LOCK REQUEST: 0x3f44b680 2
[1773159770.849648948] LOCK pid=34738 fd=10: SHARED -> RESERVED
DBimpl - LOCK REQUEST: 0x3f44b680 4
[1773159770.849749342] LOCK pid=34738 fd=10: RESERVED -> PENDING
[1773159770.849751414] LOCK pid=34738 fd=10: PENDING -> EXCLUSIVE
DBimpl - UNLOCK REQUEST: 0x3f44b680 1
[1773159770.851324996] UNLOCK pid=34738 fd=10: EXCLUSIVE -> SHARED
DBimpl - UNLOCK REQUEST: 0x3f44b680 0
[1773159770.851328643] UNLOCK pid=34738 fd=10: SHARED -> NO_LOCK
DBimpl - LOCK REQUEST: 0x3f44b680 1
[1773159770.851738568] LOCK pid=34738 fd=10: NO_LOCK -> SHARED (fallback)
[1773159770.851739725] LOCK pid=34738 fd=10: SHARED -> SHARED
DBimpl - LOCK REQUEST: 0x3f44b680 2
[1773159770.851747809] LOCK pid=34738 fd=10: SHARED -> RESERVED
DBimpl - LOCK REQUEST: 0x3f44b680 4
[1773159770.853037047] LOCK pid=34738 fd=10: RESERVED -> PENDING
[1773159770.853038830] LOCK pid=34738 fd=10: PENDING -> EXCLUSIVE
DBimpl - UNLOCK REQUEST: 0x3f44b680 1
[1773159770.854765282] UNLOCK pid=34738 fd=10: EXCLUSIVE -> SHARED
DBimpl - UNLOCK REQUEST: 0x3f44b680 0
[1773159770.854771435] UNLOCK pid=34738 fd=10: SHARED -> NO_LOCK
DBimpl - LOCK REQUEST: 0x3f44b680 1
[1773159770.855594471] LOCK pid=34738 fd=10: NO_LOCK -> SHARED (fallback)
[1773159770.855595980] LOCK pid=34738 fd=10: SHARED -> SHARED
DBimpl - LOCK REQUEST: 0x3f44b680 2
[1773159770.855606646] LOCK pid=34738 fd=10: SHARED -> RESERVED
DBimpl - LOCK REQUEST: 0x3f44b680 4
[1773159770.855734997] LOCK pid=34738 fd=10: RESERVED -> PENDING
[1773159770.855736915] LOCK pid=34738 fd=10: PENDING -> EXCLUSIVE
DBimpl - UNLOCK REQUEST: 0x3f44b680 1
[1773159770.857367413] UNLOCK pid=34738 fd=10: EXCLUSIVE -> SHARED
DBimpl - UNLOCK REQUEST: 0x3f44b680 0
[1773159770.857372920] UNLOCK pid=34738 fd=10: SHARED -> NO_LOCK
DBimpl - LOCK REQUEST: 0x3f44b680 1
[1773159770.857789490] LOCK pid=34738 fd=10: NO_LOCK -> SHARED (fallback)
[1773159770.857790847] LOCK pid=34738 fd=10: SHARED -> SHARED
DBimpl - LOCK REQUEST: 0x3f44b680 2
[1773159770.857800358] LOCK pid=34738 fd=10: SHARED -> RESERVED
DBimpl - LOCK REQUEST: 0x3f44b680 4
[1773159770.859134645] LOCK pid=34738 fd=10: RESERVED -> PENDING
[1773159770.859136773] LOCK pid=34738 fd=10: PENDING -> EXCLUSIVE
DBimpl - UNLOCK REQUEST: 0x3f44b680 1
[1773159770.860824458] UNLOCK pid=34738 fd=10: EXCLUSIVE -> SHARED
DBimpl - UNLOCK REQUEST: 0x3f44b680 0
[1773159770.860828311] UNLOCK pid=34738 fd=10: SHARED -> NO_LOCK
DBimpl - LOCK REQUEST: 0x3f44b680 1
[1773159770.861650786] LOCK pid=34738 fd=10: NO_LOCK -> SHARED (fallback)
[1773159770.861660476] LOCK pid=34738 fd=10: SHARED -> SHARED
DBimpl - LOCK REQUEST: 0x3f44b680 2
[1773159770.861669389] LOCK pid=34738 fd=10: SHARED -> RESERVED
DBimpl - LOCK REQUEST: 0x3f44b680 4
[1773159770.863171634] LOCK pid=34738 fd=10: RESERVED -> PENDING
[1773159770.863173935] LOCK pid=34738 fd=10: PENDING -> EXCLUSIVE
DBimpl - UNLOCK REQUEST: 0x3f44b680 1
[1773159770.864818363] UNLOCK pid=34738 fd=10: EXCLUSIVE -> SHARED
DBimpl - UNLOCK REQUEST: 0x3f44b680 0
[1773159770.864822297] UNLOCK pid=34738 fd=10: SHARED -> NO_LOCK
DBimpl - LOCK REQUEST: 0x3f44b680 1
[1773159770.865498525] LOCK pid=34738 fd=10: NO_LOCK -> SHARED (fallback)
[1773159770.865499920] LOCK pid=34738 fd=10: SHARED -> SHARED
DBimpl - LOCK REQUEST: 0x3f44b680 2
[1773159770.865509307] LOCK pid=34738 fd=10: SHARED -> RESERVED
DBimpl - LOCK REQUEST: 0x3f44b680 4
[1773159770.866854220] LOCK pid=34738 fd=10: RESERVED -> PENDING
[1773159770.866856540] LOCK pid=34738 fd=10: PENDING -> EXCLUSIVE
DBimpl - UNLOCK REQUEST: 0x3f44b680 1
[1773159770.868507469] UNLOCK pid=34738 fd=10: EXCLUSIVE -> SHARED
DBimpl - UNLOCK REQUEST: 0x3f44b680 0
[1773159770.868513530] UNLOCK pid=34738 fd=10: SHARED -> NO_LOCK
DBimpl - LOCK REQUEST: 0x3f44b680 1
[1773159770.869934776] LOCK pid=34738 fd=10: NO_LOCK -> SHARED (fallback)
[1773159770.869936892] LOCK pid=34738 fd=10: SHARED -> SHARED
DBimpl - LOCK REQUEST: 0x3f44b680 2
[1773159770.869947511] LOCK pid=34738 fd=10: SHARED -> RESERVED
DBimpl - LOCK REQUEST: 0x3f44b680 4
[1773159770.870071639] LOCK pid=34738 fd=10: RESERVED -> PENDING
[1773159770.870073528] LOCK pid=34738 fd=10: PENDING -> EXCLUSIVE
DBimpl - UNLOCK REQUEST: 0x3f44b680 1
[1773159770.871716765] UNLOCK pid=34738 fd=10: EXCLUSIVE -> SHARED
DBimpl - UNLOCK REQUEST: 0x3f44b680 0
[1773159770.871720665] UNLOCK pid=34738 fd=10: SHARED -> NO_LOCK
DBimpl - LOCK REQUEST: 0x3f44b680 1
[1773159770.872957279] LOCK pid=34738 fd=10: NO_LOCK -> SHARED (fallback)
[1773159770.872958830] LOCK pid=34738 fd=10: SHARED -> SHARED
DBimpl - LOCK REQUEST: 0x3f44b680 2
[1773159770.872969538] LOCK pid=34738 fd=10: SHARED -> RESERVED
DBimpl - LOCK REQUEST: 0x3f44b680 4
[1773159770.874338038] LOCK pid=34738 fd=10: RESERVED -> PENDING
[1773159770.874340891] LOCK pid=34738 fd=10: PENDING -> EXCLUSIVE
DBimpl - UNLOCK REQUEST: 0x3f44b680 1
[1773159770.876127861] UNLOCK pid=34738 fd=10: EXCLUSIVE -> SHARED
DBimpl - UNLOCK REQUEST: 0x3f44b680 0
[1773159770.876132463] UNLOCK pid=34738 fd=10: SHARED -> NO_LOCK
DBimpl - LOCK REQUEST: 0x3f44b680 1
[1773159770.877196029] LOCK pid=34738 fd=10: NO_LOCK -> SHARED (fallback)
[1773159770.877197661] LOCK pid=34738 fd=10: SHARED -> SHARED
DBimpl - LOCK REQUEST: 0x3f44b680 2
[1773159770.877210099] LOCK pid=34738 fd=10: SHARED -> RESERVED
DBimpl - LOCK REQUEST: 0x3f44b680 4
[1773159770.878553694] LOCK pid=34738 fd=10: RESERVED -> PENDING
[1773159770.878555493] LOCK pid=34738 fd=10: PENDING -> EXCLUSIVE
DBimpl - UNLOCK REQUEST: 0x3f44b680 1
[1773159770.880311283] UNLOCK pid=34738 fd=10: EXCLUSIVE -> SHARED
DBimpl - UNLOCK REQUEST: 0x3f44b680 0
[1773159770.880316705] UNLOCK pid=34738 fd=10: SHARED -> NO_LOCK
DBimpl - LOCK REQUEST: 0x3f44b680 1
[1773159770.881253928] LOCK pid=34738 fd=10: NO_LOCK -> SHARED (fallback)
[1773159770.881255707] LOCK pid=34738 fd=10: SHARED -> SHARED
DBimpl - LOCK REQUEST: 0x3f44b680 2
[1773159770.881268065] LOCK pid=34738 fd=10: SHARED -> RESERVED
DBimpl - LOCK REQUEST: 0x3f44b680 4
[1773159770.882757660] LOCK pid=34738 fd=10: RESERVED -> PENDING
[1773159770.882760262] LOCK pid=34738 fd=10: PENDING -> EXCLUSIVE
DBimpl - UNLOCK REQUEST: 0x3f44b680 1
[1773159770.884497360] UNLOCK pid=34738 fd=10: EXCLUSIVE -> SHARED
DBimpl - UNLOCK REQUEST: 0x3f44b680 0
[1773159770.884502127] UNLOCK pid=34738 fd=10: SHARED -> NO_LOCK
DBimpl - LOCK REQUEST: 0x3f44b680 1
[1773159770.884910654] LOCK pid=34738 fd=10: NO_LOCK -> SHARED (fallback)
[1773159770.884911866] LOCK pid=34738 fd=10: SHARED -> SHARED
DBimpl - LOCK REQUEST: 0x3f44b680 2
[1773159770.884920302] LOCK pid=34738 fd=10: SHARED -> RESERVED
DBimpl - LOCK REQUEST: 0x3f44b680 4
[1773159770.885020253] LOCK pid=34738 fd=10: RESERVED -> PENDING
[1773159770.885021935] LOCK pid=34738 fd=10: PENDING -> EXCLUSIVE
DBimpl - UNLOCK REQUEST: 0x3f44b680 1
[1773159770.886833558] UNLOCK pid=34738 fd=10: EXCLUSIVE -> SHARED
DBimpl - UNLOCK REQUEST: 0x3f44b680 0
[1773159770.886840585] UNLOCK pid=34738 fd=10: SHARED -> NO_LOCK
DBimpl - LOCK REQUEST: 0x3f44b680 1
[1773159770.887264046] LOCK pid=34738 fd=10: NO_LOCK -> SHARED (fallback)
[1773159770.887265986] LOCK pid=34738 fd=10: SHARED -> SHARED
DBimpl - LOCK REQUEST: 0x3f44b680 2
[1773159770.887280714] LOCK pid=34738 fd=10: SHARED -> RESERVED
DBimpl - LOCK REQUEST: 0x3f44b680 4
[1773159770.888804752] LOCK pid=34738 fd=10: RESERVED -> PENDING
[1773159770.888808137] LOCK pid=34738 fd=10: PENDING -> EXCLUSIVE
DBimpl - UNLOCK REQUEST: 0x3f44b680 1
[1773159770.890561223] UNLOCK pid=34738 fd=10: EXCLUSIVE -> SHARED
DBimpl - UNLOCK REQUEST: 0x3f44b680 0
[1773159770.890568248] UNLOCK pid=34738 fd=10: SHARED -> NO_LOCK
DBimpl - LOCK REQUEST: 0x3f44b680 1
[1773159770.892869758] LOCK pid=34738 fd=10: NO_LOCK -> SHARED (fallback)
[1773159770.892872059] LOCK pid=34738 fd=10: SHARED -> SHARED
DBimpl - LOCK REQUEST: 0x3f44b680 2
[1773159770.892890507] LOCK pid=34738 fd=10: SHARED -> RESERVED
DBimpl - LOCK REQUEST: 0x3f44b680 4
[1773159770.894391045] LOCK pid=34738 fd=10: RESERVED -> PENDING
[1773159770.894394860] LOCK pid=34738 fd=10: PENDING -> EXCLUSIVE
DBimpl - UNLOCK REQUEST: 0x3f44b680 1
[1773159770.896549864] UNLOCK pid=34738 fd=10: EXCLUSIVE -> SHARED
DBimpl - UNLOCK REQUEST: 0x3f44b680 0
[1773159770.896556961] UNLOCK pid=34738 fd=10: SHARED -> NO_LOCK
DBimpl - UNLOCK REQUEST: 0x3f44b680 0
