DBimpl - LOCK REQUEST: 0x34d8ea50 1
[1773159758.979547019] LOCK pid=34583 fd=3: NO_LOCK -> SHARED (fallback)
[1773159758.979549695] LOCK pid=34583 fd=3: SHARED -> SHARED
DBimpl - UNLOCK REQUEST: 0x34d8ea50 0
[1773159758.979648139] UNLOCK pid=34583 fd=3: SHARED -> NO_LOCK
DBimpl - LOCK REQUEST: 0x34d8ea50 1
[1773159758.979668429] LOCK pid=34583 fd=3: NO_LOCK -> SHARED (fallback)
[1773159758.979670354] LOCK pid=34583 fd=3: SHARED -> SHARED
DBimpl - UNLOCK REQUEST: 0x34d8ea50 0
[1773159758.979679360] UNLOCK pid=34583 fd=3: SHARED -> NO_LOCK
DBimpl - LOCK REQUEST: 0x34d8ea50 1
[1773159758.979689592] LOCK pid=34583 fd=3: NO_LOCK -> SHARED (fallback)
[1773159758.979690602] LOCK pid=34583 fd=3: SHARED -> SHARED
DBimpl - UNLOCK REQUEST: 0x34d8ea50 0
[1773159758.979696665] UNLOCK pid=34583 fd=3: SHARED -> NO_LOCK
DBimpl - LOCK REQUEST: 0x34d8ea50 1
[1773159758.979704747] LOCK pid=34583 fd=3: NO_LOCK -> SHARED (fallback)
[1773159758.979705712] LOCK pid=34583 fd=3: SHARED -> SHARED
DBimpl - UNLOCK REQUEST: 0x34d8ea50 0
[1773159758.979711486] UNLOCK pid=34583 fd=3: SHARED -> NO_LOCK
DBimpl - LOCK REQUEST: 0x34d8ea50 1
[1773159758.979772952] LOCK pid=34583 fd=3: NO_LOCK -> SHARED (fallback)
[1773159758.979774131] LOCK pid=34583 fd=3: SHARED -> SHARED
DBimpl - LOCK REQUEST: 0x34d8ea50 2
[1773159758.979790327] LOCK pid=34583 fd=3: SHARED -> RESERVED
DBimpl - LOCK REQUEST: 0x34d8ea50 4
[1773159758.979920353] LOCK pid=34583 fd=3: RESERVED -> PENDING
[1773159758.979922266] LOCK pid=34583 fd=3: PENDING -> EXCLUSIVE
DBimpl - UNLOCK REQUEST: 0x34d8ea50 1
[1773159758.982133003] UNLOCK pid=34583 fd=3: EXCLUSIVE -> SHARED
DBimpl - UNLOCK REQUEST: 0x34d8ea50 0
[1773159758.982141139] UNLOCK pid=34583 fd=3: SHARED -> NO_LOCK
DBimpl - LOCK REQUEST: 0x34d8ea50 1
[1773159758.982230509] LOCK pid=34583 fd=3: NO_LOCK -> SHARED (fallback)
[1773159758.982232182] LOCK pid=34583 fd=3: SHARED -> SHARED
DBimpl - LOCK REQUEST: 0x34d8ea50 2
[1773159758.982243736] LOCK pid=34583 fd=3: SHARED -> RESERVED
DBimpl - LOCK REQUEST: 0x34d8ea50 4
[1773159758.982353712] LOCK pid=34583 fd=3: RESERVED -> PENDING
[1773159758.982355630] LOCK pid=34583 fd=3: PENDING -> EXCLUSIVE
DBimpl - UNLOCK REQUEST: 0x34d8ea50 1
[1773159758.984009949] UNLOCK pid=34583 fd=3: EXCLUSIVE -> SHARED
DBimpl - UNLOCK REQUEST: 0x34d8ea50 0
[1773159758.984013397] UNLOCK pid=34583 fd=3: SHARED -> NO_LOCK
DBimpl - LOCK REQUEST: 0x34d8ea50 1
[1773159758.984068535] LOCK pid=34583 fd=3: NO_LOCK -> SHARED (fallback)
[1773159758.984070384] LOCK pid=34583 fd=3: SHARED -> SHARED
DBimpl - LOCK REQUEST: 0x34d8ea50 2
[1773159758.984078685] LOCK pid=34583 fd=3: SHARED -> RESERVED
DBimpl - LOCK REQUEST: 0x34d8ea50 4
[1773159758.984162643] LOCK pid=34583 fd=3: RESERVED -> PENDING
[1773159758.984164354] LOCK pid=34583 fd=3: PENDING -> EXCLUSIVE
DBimpl - UNLOCK REQUEST: 0x34d8ea50 1
[1773159758.985866144] UNLOCK pid=34583 fd=3: EXCLUSIVE -> SHARED
DBimpl - UNLOCK REQUEST: 0x34d8ea50 0
[1773159758.985869640] UNLOCK pid=34583 fd=3: SHARED -> NO_LOCK
DBimpl - LOCK REQUEST: 0x34d8ea50 1
[1773159758.985893661] LOCK pid=34583 fd=3: NO_LOCK -> SHARED (fallback)
[1773159758.985894832] LOCK pid=34583 fd=3: SHARED -> SHARED
DBimpl - UNLOCK REQUEST: 0x34d8ea50 0
[1773159758.985912446] UNLOCK pid=34583 fd=3: SHARED -> NO_LOCK
DBimpl - LOCK REQUEST: 0x34d8ea50 1
[1773159758.985951684] LOCK pid=34583 fd=3: NO_LOCK -> SHARED (fallback)
[1773159758.985952753] LOCK pid=34583 fd=3: SHARED -> SHARED
DBimpl - LOCK REQUEST: 0x34d8ea50 2
[1773159758.985959012] LOCK pid=34583 fd=3: SHARED -> RESERVED
DBimpl - LOCK REQUEST: 0x34d8ea50 4
[1773159758.986112793] LOCK pid=34583 fd=3: RESERVED -> PENDING
[1773159758.986114594] LOCK pid=34583 fd=3: PENDING -> EXCLUSIVE
DBimpl - UNLOCK REQUEST: 0x34d8ea50 1
[1773159758.987783658] UNLOCK pid=34583 fd=3: EXCLUSIVE -> SHARED
DBimpl - UNLOCK REQUEST: 0x34d8ea50 0
[1773159758.987788295] UNLOCK pid=34583 fd=3: SHARED -> NO_LOCK
DBimpl - UNLOCK REQUEST: 0x34d8ea50 0
DBimpl - LOCK REQUEST: 0x34db4680 1
[1773159758.991739768] LOCK pid=34585 fd=8: NO_LOCK -> SHARED (fallback)
[1773159758.991743695] LOCK pid=34585 fd=8: SHARED -> SHARED
DBimpl - UNLOCK REQUEST: 0x34db4680 0
[1773159758.991913448] UNLOCK pid=34585 fd=8: SHARED -> NO_LOCK
DBimpl - LOCK REQUEST: 0x34db4680 1
[1773159758.991943181] LOCK pid=34585 fd=8: NO_LOCK -> SHARED (fallback)
[1773159758.991944497] LOCK pid=34585 fd=8: SHARED -> SHARED
DBimpl - UNLOCK REQUEST: 0x34db4680 0
[1773159758.992183217] UNLOCK pid=34585 fd=8: SHARED -> NO_LOCK
DBimpl - LOCK REQUEST: 0x34db4680 1
[1773159758.992686024] LOCK pid=34587 fd=12: NO_LOCK -> SHARED (fallback)
[1773159758.992689383] LOCK pid=34587 fd=12: SHARED -> SHARED
DBimpl - LOCK REQUEST: 0x34db4680 2
[1773159758.992737595] LOCK pid=34587 fd=12: SHARED -> RESERVED
DBimpl - LOCK REQUEST: 0x34db4680 4
[1773159758.993266618] LOCK pid=34587 fd=12: RESERVED -> PENDING
[1773159758.993269506] LOCK pid=34587 fd=12: PENDING -> EXCLUSIVE
DBimpl - LOCK REQUEST: 0x34db4680 1
DBimpl - LOCK REQUEST: 0x34db4680 1
DBimpl - UNLOCK REQUEST: 0x34db4680 1
[1773159758.994951646] UNLOCK pid=34587 fd=12: EXCLUSIVE -> SHARED
DBimpl - UNLOCK REQUEST: 0x34db4680 0
[1773159758.994958034] UNLOCK pid=34587 fd=12: SHARED -> NO_LOCK
DBimpl - LOCK REQUEST: 0x34db4680 1
[1773159758.995081598] LOCK pid=34586 fd=10: NO_LOCK -> SHARED (fallback)
[1773159758.995083316] LOCK pid=34586 fd=10: SHARED -> SHARED
DBimpl - LOCK REQUEST: 0x34db4680 2
[1773159758.995113911] LOCK pid=34586 fd=10: SHARED -> RESERVED
DBimpl - LOCK REQUEST: 0x34db4680 1
[1773159758.995546589] LOCK pid=34588 fd=14: NO_LOCK -> SHARED (fallback)
[1773159758.995548433] LOCK pid=34588 fd=14: SHARED -> SHARED
DBimpl - LOCK REQUEST: 0x34db4680 2
DBimpl - UNLOCK REQUEST: 0x34db4680 0
[1773159758.995583194] UNLOCK pid=34588 fd=14: SHARED -> NO_LOCK
DBimpl - LOCK REQUEST: 0x34db4680 4
[1773159758.995687796] LOCK pid=34586 fd=10: RESERVED -> PENDING
[1773159758.995689876] LOCK pid=34586 fd=10: PENDING -> EXCLUSIVE
DBimpl - UNLOCK REQUEST: 0x34db4680 1
[1773159758.997422516] UNLOCK pid=34586 fd=10: EXCLUSIVE -> SHARED
DBimpl - UNLOCK REQUEST: 0x34db4680 0
[1773159758.997426921] UNLOCK pid=34586 fd=10: SHARED -> NO_LOCK
DBimpl - LOCK REQUEST: 0x34db4680 1
[1773159758.997645952] LOCK pid=34588 fd=14: NO_LOCK -> SHARED (fallback)
[1773159758.997647451] LOCK pid=34588 fd=14: SHARED -> SHARED
DBimpl - LOCK REQUEST: 0x34db4680 2
[1773159758.997658560] LOCK pid=34588 fd=14: SHARED -> RESERVED
DBimpl - LOCK REQUEST: 0x34db4680 4
[1773159758.998029130] LOCK pid=34588 fd=14: RESERVED -> PENDING
[1773159758.998031086] LOCK pid=34588 fd=14: PENDING -> EXCLUSIVE
DBimpl - UNLOCK REQUEST: 0x34db4680 1
[1773159758.999783831] UNLOCK pid=34588 fd=14: EXCLUSIVE -> SHARED
DBimpl - UNLOCK REQUEST: 0x34db4680 0
[1773159758.999787646] UNLOCK pid=34588 fd=14: SHARED -> NO_LOCK
DBimpl - LOCK REQUEST: 0x34db4680 1
[1773159759.000169132] LOCK pid=34586 fd=10: NO_LOCK -> SHARED (fallback)
[1773159759.000170762] LOCK pid=34586 fd=10: SHARED -> SHARED
DBimpl - LOCK REQUEST: 0x34db4680 2
[1773159759.000181573] LOCK pid=34586 fd=10: SHARED -> RESERVED
DBimpl - LOCK REQUEST: 0x34db4680 4
[1773159759.000406847] LOCK pid=34586 fd=10: RESERVED -> PENDING
[1773159759.000408792] LOCK pid=34586 fd=10: PENDING -> EXCLUSIVE
DBimpl - UNLOCK REQUEST: 0x34db4680 1
[1773159759.002147500] UNLOCK pid=34586 fd=10: EXCLUSIVE -> SHARED
DBimpl - UNLOCK REQUEST: 0x34db4680 0
[1773159759.002151500] UNLOCK pid=34586 fd=10: SHARED -> NO_LOCK
DBimpl - LOCK REQUEST: 0x34db4680 1
[1773159759.003748684] LOCK pid=34584 fd=6: NO_LOCK -> SHARED (fallback)
[1773159759.003750650] LOCK pid=34584 fd=6: SHARED -> SHARED
DBimpl - UNLOCK REQUEST: 0x34db4680 0
[1773159759.003880043] UNLOCK pid=34584 fd=6: SHARED -> NO_LOCK
DBimpl - LOCK REQUEST: 0x34db4680 1
[1773159759.003933525] LOCK pid=34584 fd=6: NO_LOCK -> SHARED (fallback)
[1773159759.003934789] LOCK pid=34584 fd=6: SHARED -> SHARED
DBimpl - UNLOCK REQUEST: 0x34db4680 0
[1773159759.004065062] UNLOCK pid=34584 fd=6: SHARED -> NO_LOCK
DBimpl - LOCK REQUEST: 0x34db4680 1
[1773159759.004120992] LOCK pid=34586 fd=10: NO_LOCK -> SHARED (fallback)
[1773159759.004122367] LOCK pid=34586 fd=10: SHARED -> SHARED
DBimpl - LOCK REQUEST: 0x34db4680 2
[1773159759.004133712] LOCK pid=34586 fd=10: SHARED -> RESERVED
DBimpl - LOCK REQUEST: 0x34db4680 4
[1773159759.004320524] LOCK pid=34586 fd=10: RESERVED -> PENDING
[1773159759.004322409] LOCK pid=34586 fd=10: PENDING -> EXCLUSIVE
DBimpl - LOCK REQUEST: 0x34db4680 1
DBimpl - UNLOCK REQUEST: 0x34db4680 1
[1773159759.005938870] UNLOCK pid=34586 fd=10: EXCLUSIVE -> SHARED
DBimpl - UNLOCK REQUEST: 0x34db4680 0
[1773159759.005943028] UNLOCK pid=34586 fd=10: SHARED -> NO_LOCK
DBimpl - LOCK REQUEST: 0x34db4680 1
[1773159759.006576897] LOCK pid=34588 fd=14: NO_LOCK -> SHARED (fallback)
[1773159759.006579991] LOCK pid=34588 fd=14: SHARED -> SHARED
DBimpl - LOCK REQUEST: 0x34db4680 1
DBimpl - LOCK REQUEST: 0x34db4680 2
[1773159759.006596310] LOCK pid=34588 fd=14: SHARED -> RESERVED
[1773159759.006596470] LOCK pid=34586 fd=10: NO_LOCK -> SHARED (fallback)
[1773159759.006598972] LOCK pid=34586 fd=10: SHARED -> SHARED
DBimpl - LOCK REQUEST: 0x34db4680 2
DBimpl - UNLOCK REQUEST: 0x34db4680 0
[1773159759.006611370] UNLOCK pid=34586 fd=10: SHARED -> NO_LOCK
DBimpl - LOCK REQUEST: 0x34db4680 4
[1773159759.006697804] LOCK pid=34588 fd=14: RESERVED -> PENDING
[1773159759.006699538] LOCK pid=34588 fd=14: PENDING -> EXCLUSIVE
DBimpl - LOCK REQUEST: 0x34db4680 1
DBimpl - UNLOCK REQUEST: 0x34db4680 1
[1773159759.008495814] UNLOCK pid=34588 fd=14: EXCLUSIVE -> SHARED
DBimpl - UNLOCK REQUEST: 0x34db4680 0
[1773159759.008501042] UNLOCK pid=34588 fd=14: SHARED -> NO_LOCK
DBimpl - LOCK REQUEST: 0x34db4680 1
[1773159759.008698927] LOCK pid=34584 fd=6: NO_LOCK -> SHARED (fallback)
[1773159759.008700911] LOCK pid=34584 fd=6: SHARED -> SHARED
DBimpl - UNLOCK REQUEST: 0x34db4680 0
[1773159759.008769916] UNLOCK pid=34584 fd=6: SHARED -> NO_LOCK
DBimpl - LOCK REQUEST: 0x34db4680 1
[1773159759.009789871] LOCK pid=34586 fd=10: NO_LOCK -> SHARED (fallback)
[1773159759.009791395] LOCK pid=34586 fd=10: SHARED -> SHARED
DBimpl - LOCK REQUEST: 0x34db4680 2
[1773159759.009801303] LOCK pid=34586 fd=10: SHARED -> RESERVED
DBimpl - LOCK REQUEST: 0x34db4680 4
[1773159759.010052201] LOCK pid=34586 fd=10: RESERVED -> PENDING
[1773159759.010054133] LOCK pid=34586 fd=10: PENDING -> EXCLUSIVE
DBimpl - UNLOCK REQUEST: 0x34db4680 1
[1773159759.011775355] UNLOCK pid=34586 fd=10: EXCLUSIVE -> SHARED
DBimpl - UNLOCK REQUEST: 0x34db4680 0
[1773159759.011779044] UNLOCK pid=34586 fd=10: SHARED -> NO_LOCK
DBimpl - LOCK REQUEST: 0x34db4680 1
[1773159759.013671236] LOCK pid=34585 fd=8: NO_LOCK -> SHARED (fallback)
[1773159759.013673441] LOCK pid=34585 fd=8: SHARED -> SHARED
DBimpl - UNLOCK REQUEST: 0x34db4680 0
[1773159759.013795283] UNLOCK pid=34585 fd=8: SHARED -> NO_LOCK
DBimpl - LOCK REQUEST: 0x34db4680 1
[1773159759.016689786] LOCK pid=34584 fd=6: NO_LOCK -> SHARED (fallback)
[1773159759.016691928] LOCK pid=34584 fd=6: SHARED -> SHARED
DBimpl - UNLOCK REQUEST: 0x34db4680 0
[1773159759.016757016] UNLOCK pid=34584 fd=6: SHARED -> NO_LOCK
DBimpl - LOCK REQUEST: 0x34db4680 1
[1773159759.017965742] LOCK pid=34586 fd=10: NO_LOCK -> SHARED (fallback)
[1773159759.017967308] LOCK pid=34586 fd=10: SHARED -> SHARED
DBimpl - LOCK REQUEST: 0x34db4680 2
[1773159759.017976536] LOCK pid=34586 fd=10: SHARED -> RESERVED
DBimpl - LOCK REQUEST: 0x34db4680 4
[1773159759.018068779] LOCK pid=34586 fd=10: RESERVED -> PENDING
[1773159759.018070582] LOCK pid=34586 fd=10: PENDING -> EXCLUSIVE
DBimpl - LOCK REQUEST: 0x34db4680 1
DBimpl - UNLOCK REQUEST: 0x34db4680 1
[1773159759.019837046] UNLOCK pid=34586 fd=10: EXCLUSIVE -> SHARED
DBimpl - UNLOCK REQUEST: 0x34db4680 0
[1773159759.019840452] UNLOCK pid=34586 fd=10: SHARED -> NO_LOCK
DBimpl - LOCK REQUEST: 0x34db4680 1
[1773159759.019863041] LOCK pid=34587 fd=12: NO_LOCK -> SHARED (fallback)
[1773159759.019867488] LOCK pid=34587 fd=12: SHARED -> SHARED
DBimpl - LOCK REQUEST: 0x34db4680 2
[1773159759.019878911] LOCK pid=34587 fd=12: SHARED -> RESERVED
DBimpl - LOCK REQUEST: 0x34db4680 4
[1773159759.020631123] LOCK pid=34587 fd=12: RESERVED -> PENDING
[1773159759.020633052] LOCK pid=34587 fd=12: PENDING -> EXCLUSIVE
DBimpl - LOCK REQUEST: 0x34db4680 1
DBimpl - LOCK REQUEST: 0x34db4680 1
DBimpl - LOCK REQUEST: 0x34db4680 1
DBimpl - LOCK REQUEST: 0x34db4680 1
DBimpl - UNLOCK REQUEST: 0x34db4680 1
[1773159759.023807709] UNLOCK pid=34587 fd=12: EXCLUSIVE -> SHARED
DBimpl - UNLOCK REQUEST: 0x34db4680 0
[1773159759.023811693] UNLOCK pid=34587 fd=12: SHARED -> NO_LOCK
DBimpl - LOCK REQUEST: 0x34db4680 1
[1773159759.024354822] LOCK pid=34586 fd=10: NO_LOCK -> SHARED (fallback)
[1773159759.024356441] LOCK pid=34586 fd=10: SHARED -> SHARED
DBimpl - LOCK REQUEST: 0x34db4680 2
[1773159759.024367345] LOCK pid=34586 fd=10: SHARED -> RESERVED
DBimpl - LOCK REQUEST: 0x34db4680 4
[1773159759.024497731] LOCK pid=34586 fd=10: RESERVED -> PENDING
[1773159759.024500174] LOCK pid=34586 fd=10: PENDING -> EXCLUSIVE
DBimpl - LOCK REQUEST: 0x34db4680 1
DBimpl - UNLOCK REQUEST: 0x34db4680 1
[1773159759.028052050] UNLOCK pid=34586 fd=10: EXCLUSIVE -> SHARED
DBimpl - UNLOCK REQUEST: 0x34db4680 0
[1773159759.028056374] UNLOCK pid=34586 fd=10: SHARED -> NO_LOCK
DBimpl - LOCK REQUEST: 0x34db4680 1
[1773159759.028971746] LOCK pid=34585 fd=8: NO_LOCK -> SHARED (fallback)
[1773159759.028973877] LOCK pid=34585 fd=8: SHARED -> SHARED
DBimpl - UNLOCK REQUEST: 0x34db4680 0
[1773159759.029138071] UNLOCK pid=34585 fd=8: SHARED -> NO_LOCK
DBimpl - LOCK REQUEST: 0x34db4680 1
[1773159759.030538736] LOCK pid=34585 fd=8: NO_LOCK -> SHARED (fallback)
[1773159759.030540424] LOCK pid=34585 fd=8: SHARED -> SHARED
DBimpl - UNLOCK REQUEST: 0x34db4680 0
[1773159759.030693950] UNLOCK pid=34585 fd=8: SHARED -> NO_LOCK
DBimpl - LOCK REQUEST: 0x34db4680 1
[1773159759.030830751] LOCK pid=34587 fd=12: NO_LOCK -> SHARED (fallback)
[1773159759.030832039] LOCK pid=34587 fd=12: SHARED -> SHARED
DBimpl - LOCK REQUEST: 0x34db4680 2
[1773159759.030841322] LOCK pid=34587 fd=12: SHARED -> RESERVED
DBimpl - LOCK REQUEST: 0x34db4680 1
[1773159759.031323046] LOCK pid=34586 fd=10: NO_LOCK -> SHARED (fallback)
[1773159759.031325292] LOCK pid=34586 fd=10: SHARED -> SHARED
DBimpl - LOCK REQUEST: 0x34db4680 2
DBimpl - UNLOCK REQUEST: 0x34db4680 0
[1773159759.031342395] UNLOCK pid=34586 fd=10: SHARED -> NO_LOCK
DBimpl - LOCK REQUEST: 0x34db4680 4
[1773159759.032115441] LOCK pid=34587 fd=12: RESERVED -> PENDING
[1773159759.032117272] LOCK pid=34587 fd=12: PENDING -> EXCLUSIVE
DBimpl - LOCK REQUEST: 0x34db4680 1
DBimpl - LOCK REQUEST: 0x34db4680 1
DBimpl - UNLOCK REQUEST: 0x34db4680 1
[1773159759.034308610] UNLOCK pid=34587 fd=12: EXCLUSIVE -> SHARED
DBimpl - UNLOCK REQUEST: 0x34db4680 0
[1773159759.034312246] UNLOCK pid=34587 fd=12: SHARED -> NO_LOCK
DBimpl - LOCK REQUEST: 0x34db4680 1
[1773159759.034463213] LOCK pid=34586 fd=10: NO_LOCK -> SHARED (fallback)
[1773159759.034464562] LOCK pid=34586 fd=10: SHARED -> SHARED
DBimpl - LOCK REQUEST: 0x34db4680 2
[1773159759.034474260] LOCK pid=34586 fd=10: SHARED -> RESERVED
DBimpl - LOCK REQUEST: 0x34db4680 4
[1773159759.034748414] LOCK pid=34586 fd=10: RESERVED -> PENDING
[1773159759.034750248] LOCK pid=34586 fd=10: PENDING -> EXCLUSIVE
DBimpl - LOCK REQUEST: 0x34db4680 1
DBimpl - UNLOCK REQUEST: 0x34db4680 1
[1773159759.037030518] UNLOCK pid=34586 fd=10: EXCLUSIVE -> SHARED
DBimpl - UNLOCK REQUEST: 0x34db4680 0
[1773159759.037035206] UNLOCK pid=34586 fd=10: SHARED -> NO_LOCK
DBimpl - LOCK REQUEST: 0x34db4680 1
[1773159759.037163405] LOCK pid=34588 fd=14: NO_LOCK -> SHARED (fallback)
[1773159759.037165041] LOCK pid=34588 fd=14: SHARED -> SHARED
DBimpl - LOCK REQUEST: 0x34db4680 2
[1773159759.037176764] LOCK pid=34588 fd=14: SHARED -> RESERVED
DBimpl - LOCK REQUEST: 0x34db4680 4
[1773159759.037308085] LOCK pid=34588 fd=14: RESERVED -> PENDING
[1773159759.037309752] LOCK pid=34588 fd=14: PENDING -> EXCLUSIVE
DBimpl - LOCK REQUEST: 0x34db4680 1
DBimpl - LOCK REQUEST: 0x34db4680 1
DBimpl - UNLOCK REQUEST: 0x34db4680 1
[1773159759.039548299] UNLOCK pid=34588 fd=14: EXCLUSIVE -> SHARED
DBimpl - UNLOCK REQUEST: 0x34db4680 0
[1773159759.039553298] UNLOCK pid=34588 fd=14: SHARED -> NO_LOCK
DBimpl - LOCK REQUEST: 0x34db4680 1
[1773159759.040371122] LOCK pid=34586 fd=10: NO_LOCK -> SHARED (fallback)
[1773159759.040379498] LOCK pid=34586 fd=10: SHARED -> SHARED
DBimpl - LOCK REQUEST: 0x34db4680 2
[1773159759.040398539] LOCK pid=34586 fd=10: SHARED -> RESERVED
DBimpl - LOCK REQUEST: 0x34db4680 1
[1773159759.040429397] LOCK pid=34587 fd=12: NO_LOCK -> SHARED (fallback)
[1773159759.040431578] LOCK pid=34587 fd=12: SHARED -> SHARED
DBimpl - LOCK REQUEST: 0x34db4680 2
DBimpl - UNLOCK REQUEST: 0x34db4680 0
[1773159759.040447351] UNLOCK pid=34587 fd=12: SHARED -> NO_LOCK
DBimpl - LOCK REQUEST: 0x34db4680 4
[1773159759.040550405] LOCK pid=34586 fd=10: RESERVED -> PENDING
[1773159759.040552378] LOCK pid=34586 fd=10: PENDING -> EXCLUSIVE
DBimpl - LOCK REQUEST: 0x34db4680 1
DBimpl - LOCK REQUEST: 0x34db4680 1
DBimpl - UNLOCK REQUEST: 0x34db4680 1
[1773159759.042307950] UNLOCK pid=34586 fd=10: EXCLUSIVE -> SHARED
DBimpl - UNLOCK REQUEST: 0x34db4680 0
[1773159759.042315771] UNLOCK pid=34586 fd=10: SHARED -> NO_LOCK
DBimpl - LOCK REQUEST: 0x34db4680 1
[1773159759.043080632] LOCK pid=34588 fd=14: NO_LOCK -> SHARED (fallback)
[1773159759.043083571] LOCK pid=34588 fd=14: SHARED -> SHARED
DBimpl - LOCK REQUEST: 0x34db4680 2
[1773159759.043100482] LOCK pid=34588 fd=14: SHARED -> RESERVED
DBimpl - LOCK REQUEST: 0x34db4680 4
[1773159759.043287506] LOCK pid=34588 fd=14: RESERVED -> PENDING
[1773159759.043289697] LOCK pid=34588 fd=14: PENDING -> EXCLUSIVE
DBimpl - LOCK REQUEST: 0x34db4680 1
DBimpl - UNLOCK REQUEST: 0x34db4680 1
DBimpl - LOCK REQUEST: 0x34db4680 1
[1773159759.045573079] UNLOCK pid=34588 fd=14: EXCLUSIVE -> SHARED
DBimpl - UNLOCK REQUEST: 0x34db4680 0
[1773159759.045577803] LOCK pid=34586 fd=10: NO_LOCK -> SHARED (fallback)
[1773159759.045579216] UNLOCK pid=34588 fd=14: SHARED -> NO_LOCK
[1773159759.045580581] LOCK pid=34586 fd=10: SHARED -> SHARED
DBimpl - LOCK REQUEST: 0x34db4680 2
[1773159759.045597760] LOCK pid=34586 fd=10: SHARED -> RESERVED
DBimpl - LOCK REQUEST: 0x34db4680 4
[1773159759.045761004] LOCK pid=34586 fd=10: RESERVED -> PENDING
[1773159759.045763827] LOCK pid=34586 fd=10: PENDING -> EXCLUSIVE
DBimpl - UNLOCK REQUEST: 0x34db4680 1
[1773159759.047446231] UNLOCK pid=34586 fd=10: EXCLUSIVE -> SHARED
DBimpl - UNLOCK REQUEST: 0x34db4680 0
[1773159759.047451971] UNLOCK pid=34586 fd=10: SHARED -> NO_LOCK
DBimpl - LOCK REQUEST: 0x34db4680 1
[1773159759.048670276] LOCK pid=34587 fd=12: NO_LOCK -> SHARED (fallback)
[1773159759.048672947] LOCK pid=34587 fd=12: SHARED -> SHARED
DBimpl - LOCK REQUEST: 0x34db4680 2
[1773159759.048695542] LOCK pid=34587 fd=12: SHARED -> RESERVED
DBimpl - LOCK REQUEST: 0x34db4680 4
[1773159759.049933608] LOCK pid=34587 fd=12: RESERVED -> PENDING
[1773159759.049936557] LOCK pid=34587 fd=12: PENDING -> EXCLUSIVE
DBimpl - UNLOCK REQUEST: 0x34db4680 1
[1773159759.051708206] UNLOCK pid=34587 fd=12: EXCLUSIVE -> SHARED
DBimpl - UNLOCK REQUEST: 0x34db4680 0
[1773159759.051714338] UNLOCK pid=34587 fd=12: SHARED -> NO_LOCK
DBimpl - LOCK REQUEST: 0x34db4680 1
[1773159759.052474345] LOCK pid=34585 fd=8: NO_LOCK -> SHARED (fallback)
[1773159759.052476146] LOCK pid=34585 fd=8: SHARED -> SHARED
DBimpl - UNLOCK REQUEST: 0x34db4680 0
[1773159759.052717727] UNLOCK pid=34585 fd=8: SHARED -> NO_LOCK
DBimpl - LOCK REQUEST: 0x34db4680 1
[1773159759.052937999] LOCK pid=34584 fd=6: NO_LOCK -> SHARED (fallback)
[1773159759.052940214] LOCK pid=34584 fd=6: SHARED -> SHARED
DBimpl - UNLOCK REQUEST: 0x34db4680 0
[1773159759.053121689] UNLOCK pid=34584 fd=6: SHARED -> NO_LOCK
DBimpl - LOCK REQUEST: 0x34db4680 1
[1773159759.053942917] LOCK pid=34586 fd=10: NO_LOCK -> SHARED (fallback)
[1773159759.053945323] LOCK pid=34586 fd=10: SHARED -> SHARED
DBimpl - LOCK REQUEST: 0x34db4680 2
[1773159759.053959827] LOCK pid=34586 fd=10: SHARED -> RESERVED
DBimpl - LOCK REQUEST: 0x34db4680 4
[1773159759.054321935] LOCK pid=34586 fd=10: RESERVED -> PENDING
[1773159759.054324729] LOCK pid=34586 fd=10: PENDING -> EXCLUSIVE
DBimpl - LOCK REQUEST: 0x34db4680 1
DBimpl - LOCK REQUEST: 0x34db4680 1
DBimpl - UNLOCK REQUEST: 0x34db4680 1
[1773159759.056656276] UNLOCK pid=34586 fd=10: EXCLUSIVE -> SHARED
DBimpl - UNLOCK REQUEST: 0x34db4680 0
[1773159759.056666785] UNLOCK pid=34586 fd=10: SHARED -> NO_LOCK
DBimpl - LOCK REQUEST: 0x34db4680 1
[1773159759.057734098] LOCK pid=34586 fd=10: NO_LOCK -> SHARED (fallback)
[1773159759.057736291] LOCK pid=34586 fd=10: SHARED -> SHARED
DBimpl - LOCK REQUEST: 0x34db4680 2
[1773159759.057748029] LOCK pid=34586 fd=10: SHARED -> RESERVED
DBimpl - LOCK REQUEST: 0x34db4680 4
[1773159759.058112748] LOCK pid=34586 fd=10: RESERVED -> PENDING
[1773159759.058114726] LOCK pid=34586 fd=10: PENDING -> EXCLUSIVE
DBimpl - LOCK REQUEST: 0x34db4680 1
DBimpl - UNLOCK REQUEST: 0x34db4680 1
[1773159759.059810240] UNLOCK pid=34586 fd=10: EXCLUSIVE -> SHARED
DBimpl - UNLOCK REQUEST: 0x34db4680 0
[1773159759.059815023] UNLOCK pid=34586 fd=10: SHARED -> NO_LOCK
DBimpl - LOCK REQUEST: 0x34db4680 1
[1773159759.063208932] LOCK pid=34585 fd=8: NO_LOCK -> SHARED (fallback)
[1773159759.063211470] LOCK pid=34585 fd=8: SHARED -> SHARED
DBimpl - UNLOCK REQUEST: 0x34db4680 0
[1773159759.063458233] UNLOCK pid=34585 fd=8: SHARED -> NO_LOCK
DBimpl - LOCK REQUEST: 0x34db4680 1
[1773159759.063494777] LOCK pid=34587 fd=12: NO_LOCK -> SHARED (fallback)
[1773159759.063498649] LOCK pid=34587 fd=12: SHARED -> SHARED
DBimpl - LOCK REQUEST: 0x34db4680 1
DBimpl - LOCK REQUEST: 0x34db4680 2
[1773159759.063519681] LOCK pid=34587 fd=12: SHARED -> RESERVED
[1773159759.063521891] LOCK pid=34584 fd=6: NO_LOCK -> SHARED (fallback)
[1773159759.063525011] LOCK pid=34584 fd=6: SHARED -> SHARED
DBimpl - UNLOCK REQUEST: 0x34db4680 0
[1773159759.063743112] UNLOCK pid=34584 fd=6: SHARED -> NO_LOCK
DBimpl - LOCK REQUEST: 0x34db4680 4
[1773159759.064646246] LOCK pid=34587 fd=12: RESERVED -> PENDING
[1773159759.064648431] LOCK pid=34587 fd=12: PENDING -> EXCLUSIVE
DBimpl - LOCK REQUEST: 0x34db4680 1
DBimpl - UNLOCK REQUEST: 0x34db4680 1
[1773159759.066374746] UNLOCK pid=34587 fd=12: EXCLUSIVE -> SHARED
DBimpl - UNLOCK REQUEST: 0x34db4680 0
[1773159759.066384554] UNLOCK pid=34587 fd=12: SHARED -> NO_LOCK
DBimpl - LOCK REQUEST: 0x34db4680 1
[1773159759.067028243] LOCK pid=34587 fd=12: NO_LOCK -> SHARED (fallback)
[1773159759.067030649] LOCK pid=34587 fd=12: SHARED -> SHARED
DBimpl - LOCK REQUEST: 0x34db4680 2
[1773159759.067045082] LOCK pid=34587 fd=12: SHARED -> RESERVED
DBimpl - LOCK REQUEST: 0x34db4680 1
[1773159759.067281721] LOCK pid=34588 fd=14: NO_LOCK -> SHARED (fallback)
[1773159759.067283883] LOCK pid=34588 fd=14: SHARED -> SHARED
DBimpl - LOCK REQUEST: 0x34db4680 2
DBimpl - UNLOCK REQUEST: 0x34db4680 0
[1773159759.067304981] UNLOCK pid=34588 fd=14: SHARED -> NO_LOCK
DBimpl - LOCK REQUEST: 0x34db4680 4
[1773159759.067986923] LOCK pid=34587 fd=12: RESERVED -> PENDING
[1773159759.067989657] LOCK pid=34587 fd=12: PENDING -> EXCLUSIVE
DBimpl - UNLOCK REQUEST: 0x34db4680 1
[1773159759.067995898] UNLOCK pid=34587 fd=12: EXCLUSIVE -> SHARED
DBimpl - UNLOCK REQUEST: 0x34db4680 0
[1773159759.068001551] UNLOCK pid=34587 fd=12: SHARED -> NO_LOCK
DBimpl - LOCK REQUEST: 0x34db4680 1
[1773159759.068341603] LOCK pid=34585 fd=8: NO_LOCK -> SHARED (fallback)
[1773159759.068343176] LOCK pid=34585 fd=8: SHARED -> SHARED
DBimpl - UNLOCK REQUEST: 0x34db4680 0
[1773159759.068535788] UNLOCK pid=34585 fd=8: SHARED -> NO_LOCK
DBimpl - LOCK REQUEST: 0x34db4680 1
[1773159759.069403688] LOCK pid=34588 fd=14: NO_LOCK -> SHARED (fallback)
[1773159759.069405330] LOCK pid=34588 fd=14: SHARED -> SHARED
DBimpl - LOCK REQUEST: 0x34db4680 2
[1773159759.069413446] LOCK pid=34588 fd=14: SHARED -> RESERVED
DBimpl - LOCK REQUEST: 0x34db4680 4
[1773159759.069581280] LOCK pid=34588 fd=14: RESERVED -> PENDING
[1773159759.069583357] LOCK pid=34588 fd=14: PENDING -> EXCLUSIVE
DBimpl - LOCK REQUEST: 0x34db4680 1
DBimpl - UNLOCK REQUEST: 0x34db4680 1
[1773159759.071291972] UNLOCK pid=34588 fd=14: EXCLUSIVE -> SHARED
DBimpl - UNLOCK REQUEST: 0x34db4680 0
[1773159759.071299881] UNLOCK pid=34588 fd=14: SHARED -> NO_LOCK
DBimpl - LOCK REQUEST: 0x34db4680 1
[1773159759.071514944] LOCK pid=34587 fd=12: NO_LOCK -> SHARED (fallback)
[1773159759.071517091] LOCK pid=34587 fd=12: SHARED -> SHARED
DBimpl - LOCK REQUEST: 0x34db4680 2
[1773159759.071536256] LOCK pid=34587 fd=12: SHARED -> RESERVED
DBimpl - LOCK REQUEST: 0x34db4680 4
[1773159759.073021129] LOCK pid=34587 fd=12: RESERVED -> PENDING
[1773159759.073024068] LOCK pid=34587 fd=12: PENDING -> EXCLUSIVE
DBimpl - LOCK REQUEST: 0x34db4680 1
DBimpl - LOCK REQUEST: 0x34db4680 1
DBimpl - UNLOCK REQUEST: 0x34db4680 1
[1773159759.075240776] UNLOCK pid=34587 fd=12: EXCLUSIVE -> SHARED
DBimpl - UNLOCK REQUEST: 0x34db4680 0
[1773159759.075247696] UNLOCK pid=34587 fd=12: SHARED -> NO_LOCK
DBimpl - LOCK REQUEST: 0x34db4680 1
[1773159759.076742839] LOCK pid=34585 fd=8: NO_LOCK -> SHARED (fallback)
[1773159759.076745265] LOCK pid=34585 fd=8: SHARED -> SHARED
DBimpl - UNLOCK REQUEST: 0x34db4680 0
[1773159759.077047518] UNLOCK pid=34585 fd=8: SHARED -> NO_LOCK
DBimpl - LOCK REQUEST: 0x34db4680 1
[1773159759.077608410] LOCK pid=34587 fd=12: NO_LOCK -> SHARED (fallback)
[1773159759.077610516] LOCK pid=34587 fd=12: SHARED -> SHARED
DBimpl - LOCK REQUEST: 0x34db4680 2
[1773159759.077622581] LOCK pid=34587 fd=12: SHARED -> RESERVED
DBimpl - LOCK REQUEST: 0x34db4680 4
[1773159759.079279008] LOCK pid=34587 fd=12: RESERVED -> PENDING
[1773159759.079281952] LOCK pid=34587 fd=12: PENDING -> EXCLUSIVE
DBimpl - UNLOCK REQUEST: 0x34db4680 1
[1773159759.079287592] UNLOCK pid=34587 fd=12: EXCLUSIVE -> SHARED
DBimpl - UNLOCK REQUEST: 0x34db4680 0
[1773159759.079292980] UNLOCK pid=34587 fd=12: SHARED -> NO_LOCK
DBimpl - LOCK REQUEST: 0x34db4680 1
[1773159759.080312828] LOCK pid=34588 fd=14: NO_LOCK -> SHARED (fallback)
[1773159759.080317115] LOCK pid=34588 fd=14: SHARED -> SHARED
DBimpl - LOCK REQUEST: 0x34db4680 2
[1773159759.080333770] LOCK pid=34588 fd=14: SHARED -> RESERVED
DBimpl - LOCK REQUEST: 0x34db4680 4
[1773159759.080481810] LOCK pid=34588 fd=14: RESERVED -> PENDING
[1773159759.080483793] LOCK pid=34588 fd=14: PENDING -> EXCLUSIVE
DBimpl - UNLOCK REQUEST: 0x34db4680 1
[1773159759.082194948] UNLOCK pid=34588 fd=14: EXCLUSIVE -> SHARED
DBimpl - UNLOCK REQUEST: 0x34db4680 0
[1773159759.082198992] UNLOCK pid=34588 fd=14: SHARED -> NO_LOCK
DBimpl - LOCK REQUEST: 0x34db4680 1
[1773159759.087701122] LOCK pid=34585 fd=8: NO_LOCK -> SHARED (fallback)
[1773159759.087703355] LOCK pid=34585 fd=8: SHARED -> SHARED
DBimpl - UNLOCK REQUEST: 0x34db4680 0
[1773159759.087875064] UNLOCK pid=34585 fd=8: SHARED -> NO_LOCK
DBimpl - LOCK REQUEST: 0x34db4680 1
[1773159759.090779854] LOCK pid=34584 fd=6: NO_LOCK -> SHARED (fallback)
[1773159759.090781674] LOCK pid=34584 fd=6: SHARED -> SHARED
DBimpl - UNLOCK REQUEST: 0x34db4680 0
[1773159759.090936824] UNLOCK pid=34584 fd=6: SHARED -> NO_LOCK
DBimpl - LOCK REQUEST: 0x34db4680 1
[1773159759.092917608] LOCK pid=34585 fd=8: NO_LOCK -> SHARED (fallback)
[1773159759.092919181] LOCK pid=34585 fd=8: SHARED -> SHARED
DBimpl - UNLOCK REQUEST: 0x34db4680 0
[1773159759.093061744] UNLOCK pid=34585 fd=8: SHARED -> NO_LOCK
DBimpl - LOCK REQUEST: 0x34db4680 1
[1773159759.094151733] LOCK pid=34584 fd=6: NO_LOCK -> SHARED (fallback)
[1773159759.094153035] LOCK pid=34584 fd=6: SHARED -> SHARED
DBimpl - UNLOCK REQUEST: 0x34db4680 0
[1773159759.094281006] UNLOCK pid=34584 fd=6: SHARED -> NO_LOCK
DBimpl - LOCK REQUEST: 0x34db4680 1
[1773159759.101463809] LOCK pid=34586 fd=10: NO_LOCK -> SHARED (fallback)
[1773159759.101465874] LOCK pid=34586 fd=10: SHARED -> SHARED
DBimpl - LOCK REQUEST: 0x34db4680 2
[1773159759.101489366] LOCK pid=34586 fd=10: SHARED -> RESERVED
DBimpl - LOCK REQUEST: 0x34db4680 4
[1773159759.101858293] LOCK pid=34586 fd=10: RESERVED -> PENDING
[1773159759.101860232] LOCK pid=34586 fd=10: PENDING -> EXCLUSIVE
DBimpl - LOCK REQUEST: 0x34db4680 1
DBimpl - UNLOCK REQUEST: 0x34db4680 1
[1773159759.103864856] UNLOCK pid=34586 fd=10: EXCLUSIVE -> SHARED
DBimpl - UNLOCK REQUEST: 0x34db4680 0
[1773159759.103870917] UNLOCK pid=34586 fd=10: SHARED -> NO_LOCK
DBimpl - LOCK REQUEST: 0x34db4680 1
[1773159759.104411056] LOCK pid=34587 fd=12: NO_LOCK -> SHARED (fallback)
[1773159759.104412915] LOCK pid=34587 fd=12: SHARED -> SHARED
DBimpl - LOCK REQUEST: 0x34db4680 2
[1773159759.104425053] LOCK pid=34587 fd=12: SHARED -> RESERVED
DBimpl - LOCK REQUEST: 0x34db4680 4
[1773159759.106479383] LOCK pid=34587 fd=12: RESERVED -> PENDING
[1773159759.106482151] LOCK pid=34587 fd=12: PENDING -> EXCLUSIVE
DBimpl - UNLOCK REQUEST: 0x34db4680 1
[1773159759.108161153] UNLOCK pid=34587 fd=12: EXCLUSIVE -> SHARED
DBimpl - UNLOCK REQUEST: 0x34db4680 0
[1773159759.108167381] UNLOCK pid=34587 fd=12: SHARED -> NO_LOCK
DBimpl - LOCK REQUEST: 0x34db4680 1
[1773159759.109535740] LOCK pid=34585 fd=8: NO_LOCK -> SHARED (fallback)
[1773159759.109537954] LOCK pid=34585 fd=8: SHARED -> SHARED
DBimpl - UNLOCK REQUEST: 0x34db4680 0
[1773159759.109745625] UNLOCK pid=34585 fd=8: SHARED -> NO_LOCK
DBimpl - LOCK REQUEST: 0x34db4680 1
[1773159759.111784725] LOCK pid=34585 fd=8: NO_LOCK -> SHARED (fallback)
[1773159759.111786344] LOCK pid=34585 fd=8: SHARED -> SHARED
DBimpl - UNLOCK REQUEST: 0x34db4680 0
[1773159759.111955432] UNLOCK pid=34585 fd=8: SHARED -> NO_LOCK
DBimpl - LOCK REQUEST: 0x34db4680 1
[1773159759.122228203] LOCK pid=34586 fd=10: NO_LOCK -> SHARED (fallback)
[1773159759.122230151] LOCK pid=34586 fd=10: SHARED -> SHARED
DBimpl - LOCK REQUEST: 0x34db4680 2
[1773159759.122242926] LOCK pid=34586 fd=10: SHARED -> RESERVED
DBimpl - LOCK REQUEST: 0x34db4680 4
[1773159759.122585384] LOCK pid=34586 fd=10: RESERVED -> PENDING
[1773159759.122587809] LOCK pid=34586 fd=10: PENDING -> EXCLUSIVE
DBimpl - LOCK REQUEST: 0x34db4680 1
DBimpl - LOCK REQUEST: 0x34db4680 1
DBimpl - UNLOCK REQUEST: 0x34db4680 1
[1773159759.124892539] UNLOCK pid=34586 fd=10: EXCLUSIVE -> SHARED
DBimpl - UNLOCK REQUEST: 0x34db4680 0
[1773159759.124897364] UNLOCK pid=34586 fd=10: SHARED -> NO_LOCK
DBimpl - LOCK REQUEST: 0x34db4680 1
[1773159759.124935804] LOCK pid=34588 fd=14: NO_LOCK -> SHARED (fallback)
[1773159759.124937808] LOCK pid=34588 fd=14: SHARED -> SHARED
DBimpl - LOCK REQUEST: 0x34db4680 2
[1773159759.124952358] LOCK pid=34588 fd=14: SHARED -> RESERVED
DBimpl - LOCK REQUEST: 0x34db4680 1
[1773159759.125058591] LOCK pid=34585 fd=8: NO_LOCK -> SHARED (fallback)
[1773159759.125061005] LOCK pid=34585 fd=8: SHARED -> SHARED
DBimpl - LOCK REQUEST: 0x34db4680 4
[1773159759.125095456] LOCK pid=34588 fd=14: RESERVED -> PENDING
DBimpl - UNLOCK REQUEST: 0x34db4680 0
[1773159759.125286926] UNLOCK pid=34585 fd=8: SHARED -> NO_LOCK
DBimpl - LOCK REQUEST: 0x34db4680 4
[1773159759.126187729] LOCK pid=34588 fd=14: PENDING -> EXCLUSIVE
DBimpl - LOCK REQUEST: 0x34db4680 1
DBimpl - LOCK REQUEST: 0x34db4680 1
DBimpl - LOCK REQUEST: 0x34db4680 1
DBimpl - UNLOCK REQUEST: 0x34db4680 1
[1773159759.127878403] UNLOCK pid=34588 fd=14: EXCLUSIVE -> SHARED
DBimpl - UNLOCK REQUEST: 0x34db4680 0
[1773159759.127882778] UNLOCK pid=34588 fd=14: SHARED -> NO_LOCK
DBimpl - LOCK REQUEST: 0x34db4680 1
[1773159759.128630739] LOCK pid=34587 fd=12: NO_LOCK -> SHARED (fallback)
[1773159759.128632679] LOCK pid=34587 fd=12: SHARED -> SHARED
DBimpl - LOCK REQUEST: 0x34db4680 2
[1773159759.128645100] LOCK pid=34587 fd=12: SHARED -> RESERVED
DBimpl - LOCK REQUEST: 0x34db4680 1
[1773159759.129439235] LOCK pid=34584 fd=6: NO_LOCK -> SHARED (fallback)
[1773159759.129440768] LOCK pid=34584 fd=6: SHARED -> SHARED
DBimpl - UNLOCK REQUEST: 0x34db4680 0
[1773159759.129591849] UNLOCK pid=34584 fd=6: SHARED -> NO_LOCK
DBimpl - LOCK REQUEST: 0x34db4680 4
[1773159759.129834263] LOCK pid=34587 fd=12: RESERVED -> PENDING
[1773159759.129836229] LOCK pid=34587 fd=12: PENDING -> EXCLUSIVE
DBimpl - LOCK REQUEST: 0x34db4680 1
DBimpl - LOCK REQUEST: 0x34db4680 1
DBimpl - UNLOCK REQUEST: 0x34db4680 1
[1773159759.132248250] UNLOCK pid=34587 fd=12: EXCLUSIVE -> SHARED
DBimpl - UNLOCK REQUEST: 0x34db4680 0
[1773159759.132252187] UNLOCK pid=34587 fd=12: SHARED -> NO_LOCK
DBimpl - LOCK REQUEST: 0x34db4680 1
[1773159759.134256549] LOCK pid=34584 fd=6: NO_LOCK -> SHARED (fallback)
[1773159759.134257999] LOCK pid=34584 fd=6: SHARED -> SHARED
DBimpl - LOCK REQUEST: 0x34db4680 1
[1773159759.134278807] LOCK pid=34588 fd=14: NO_LOCK -> SHARED (fallback)
[1773159759.134280524] LOCK pid=34588 fd=14: SHARED -> SHARED
DBimpl - LOCK REQUEST: 0x34db4680 2
[1773159759.134295325] LOCK pid=34588 fd=14: SHARED -> RESERVED
DBimpl - LOCK REQUEST: 0x34db4680 1
[1773159759.134325077] LOCK pid=34587 fd=12: NO_LOCK -> SHARED (fallback)
[1773159759.134326359] LOCK pid=34587 fd=12: SHARED -> SHARED
DBimpl - LOCK REQUEST: 0x34db4680 2
DBimpl - UNLOCK REQUEST: 0x34db4680 0
[1773159759.134337377] UNLOCK pid=34587 fd=12: SHARED -> NO_LOCK
DBimpl - UNLOCK REQUEST: 0x34db4680 0
[1773159759.134404864] UNLOCK pid=34584 fd=6: SHARED -> NO_LOCK
DBimpl - LOCK REQUEST: 0x34db4680 4
[1773159759.134410063] LOCK pid=34588 fd=14: RESERVED -> PENDING
[1773159759.134412761] LOCK pid=34588 fd=14: PENDING -> EXCLUSIVE
DBimpl - LOCK REQUEST: 0x34db4680 1
DBimpl - LOCK REQUEST: 0x34db4680 1
DBimpl - UNLOCK REQUEST: 0x34db4680 1
[1773159759.138860906] UNLOCK pid=34588 fd=14: EXCLUSIVE -> SHARED
DBimpl - UNLOCK REQUEST: 0x34db4680 0
[1773159759.138864773] UNLOCK pid=34588 fd=14: SHARED -> NO_LOCK
DBimpl - LOCK REQUEST: 0x34db4680 1
[1773159759.140689989] LOCK pid=34586 fd=10: NO_LOCK -> SHARED (fallback)
[1773159759.140691733] LOCK pid=34586 fd=10: SHARED -> SHARED
DBimpl - LOCK REQUEST: 0x34db4680 2
[1773159759.140702304] LOCK pid=34586 fd=10: SHARED -> RESERVED
DBimpl - LOCK REQUEST: 0x34db4680 4
[1773159759.140801280] LOCK pid=34586 fd=10: RESERVED -> PENDING
[1773159759.140803151] LOCK pid=34586 fd=10: PENDING -> EXCLUSIVE
DBimpl - UNLOCK REQUEST: 0x34db4680 1
[1773159759.142406432] UNLOCK pid=34586 fd=10: EXCLUSIVE -> SHARED
DBimpl - UNLOCK REQUEST: 0x34db4680 0
[1773159759.142410515] UNLOCK pid=34586 fd=10: SHARED -> NO_LOCK
DBimpl - LOCK REQUEST: 0x34db4680 1
[1773159759.142541435] LOCK pid=34587 fd=12: NO_LOCK -> SHARED (fallback)
[1773159759.142542769] LOCK pid=34587 fd=12: SHARED -> SHARED
DBimpl - LOCK REQUEST: 0x34db4680 2
[1773159759.142553080] LOCK pid=34587 fd=12: SHARED -> RESERVED
DBimpl - LOCK REQUEST: 0x34db4680 1
[1773159759.143224210] LOCK pid=34584 fd=6: NO_LOCK -> SHARED (fallback)
[1773159759.143225738] LOCK pid=34584 fd=6: SHARED -> SHARED
DBimpl - UNLOCK REQUEST: 0x34db4680 0
[1773159759.143364962] UNLOCK pid=34584 fd=6: SHARED -> NO_LOCK
DBimpl - LOCK REQUEST: 0x34db4680 1
[1773159759.143850276] LOCK pid=34588 fd=14: NO_LOCK -> SHARED (fallback)
[1773159759.143852256] LOCK pid=34588 fd=14: SHARED -> SHARED
DBimpl - LOCK REQUEST: 0x34db4680 2
DBimpl - UNLOCK REQUEST: 0x34db4680 0
[1773159759.143865479] UNLOCK pid=34588 fd=14: SHARED -> NO_LOCK
DBimpl - LOCK REQUEST: 0x34db4680 4
[1773159759.144319404] LOCK pid=34587 fd=12: RESERVED -> PENDING
[1773159759.144321337] LOCK pid=34587 fd=12: PENDING -> EXCLUSIVE
DBimpl - LOCK REQUEST: 0x34db4680 1
DBimpl - UNLOCK REQUEST: 0x34db4680 1
[1773159759.145970842] UNLOCK pid=34587 fd=12: EXCLUSIVE -> SHARED
DBimpl - UNLOCK REQUEST: 0x34db4680 0
[1773159759.145975410] UNLOCK pid=34587 fd=12: SHARED -> NO_LOCK
DBimpl - LOCK REQUEST: 0x34db4680 1
[1773159759.146263036] LOCK pid=34585 fd=8: NO_LOCK -> SHARED (fallback)
[1773159759.146264495] LOCK pid=34585 fd=8: SHARED -> SHARED
DBimpl - UNLOCK REQUEST: 0x34db4680 0
[1773159759.146460039] UNLOCK pid=34585 fd=8: SHARED -> NO_LOCK
DBimpl - LOCK REQUEST: 0x34db4680 1
[1773159759.146549636] LOCK pid=34587 fd=12: NO_LOCK -> SHARED (fallback)
[1773159759.146551541] LOCK pid=34587 fd=12: SHARED -> SHARED
DBimpl - LOCK REQUEST: 0x34db4680 2
[1773159759.146561907] LOCK pid=34587 fd=12: SHARED -> RESERVED
DBimpl - LOCK REQUEST: 0x34db4680 1
[1773159759.146982507] LOCK pid=34588 fd=14: NO_LOCK -> SHARED (fallback)
[1773159759.146983666] LOCK pid=34588 fd=14: SHARED -> SHARED
DBimpl - LOCK REQUEST: 0x34db4680 2
DBimpl - UNLOCK REQUEST: 0x34db4680 0
[1773159759.146993403] UNLOCK pid=34588 fd=14: SHARED -> NO_LOCK
DBimpl - LOCK REQUEST: 0x34db4680 4
[1773159759.149341656] LOCK pid=34587 fd=12: RESERVED -> PENDING
[1773159759.149344336] LOCK pid=34587 fd=12: PENDING -> EXCLUSIVE
DBimpl - UNLOCK REQUEST: 0x34db4680 1
[1773159759.149350186] UNLOCK pid=34587 fd=12: EXCLUSIVE -> SHARED
DBimpl - UNLOCK REQUEST: 0x34db4680 0
[1773159759.149355402] UNLOCK pid=34587 fd=12: SHARED -> NO_LOCK
DBimpl - LOCK REQUEST: 0x34db4680 1
[1773159759.151383832] LOCK pid=34587 fd=12: NO_LOCK -> SHARED (fallback)
[1773159759.151385835] LOCK pid=34587 fd=12: SHARED -> SHARED
DBimpl - LOCK REQUEST: 0x34db4680 2
[1773159759.151396189] LOCK pid=34587 fd=12: SHARED -> RESERVED
DBimpl - LOCK REQUEST: 0x34db4680 1
[1773159759.152052053] LOCK pid=34588 fd=14: NO_LOCK -> SHARED (fallback)
[1773159759.152053371] LOCK pid=34588 fd=14: SHARED -> SHARED
DBimpl - LOCK REQUEST: 0x34db4680 2
DBimpl - UNLOCK REQUEST: 0x34db4680 0
[1773159759.152061031] UNLOCK pid=34588 fd=14: SHARED -> NO_LOCK
DBimpl - LOCK REQUEST: 0x34db4680 4
[1773159759.152945532] LOCK pid=34587 fd=12: RESERVED -> PENDING
[1773159759.152948338] LOCK pid=34587 fd=12: PENDING -> EXCLUSIVE
DBimpl - UNLOCK REQUEST: 0x34db4680 1
[1773159759.152954064] UNLOCK pid=34587 fd=12: EXCLUSIVE -> SHARED
DBimpl - UNLOCK REQUEST: 0x34db4680 0
[1773159759.152959458] UNLOCK pid=34587 fd=12: SHARED -> NO_LOCK
DBimpl - LOCK REQUEST: 0x34db4680 1
[1773159759.157410745] LOCK pid=34587 fd=12: NO_LOCK -> SHARED (fallback)
[1773159759.157412701] LOCK pid=34587 fd=12: SHARED -> SHARED
DBimpl - LOCK REQUEST: 0x34db4680 2
[1773159759.157424282] LOCK pid=34587 fd=12: SHARED -> RESERVED
DBimpl - LOCK REQUEST: 0x34db4680 1
[1773159759.158700767] LOCK pid=34584 fd=6: NO_LOCK -> SHARED (fallback)
[1773159759.158702556] LOCK pid=34584 fd=6: SHARED -> SHARED
DBimpl - UNLOCK REQUEST: 0x34db4680 0
[1773159759.158914174] UNLOCK pid=34584 fd=6: SHARED -> NO_LOCK
DBimpl - LOCK REQUEST: 0x34db4680 4
[1773159759.159268638] LOCK pid=34587 fd=12: RESERVED -> PENDING
[1773159759.159271252] LOCK pid=34587 fd=12: PENDING -> EXCLUSIVE
DBimpl - UNLOCK REQUEST: 0x34db4680 1
[1773159759.159276591] UNLOCK pid=34587 fd=12: EXCLUSIVE -> SHARED
DBimpl - UNLOCK REQUEST: 0x34db4680 0
[1773159759.159281766] UNLOCK pid=34587 fd=12: SHARED -> NO_LOCK
DBimpl - LOCK REQUEST: 0x34db4680 1
[1773159759.162155866] LOCK pid=34588 fd=14: NO_LOCK -> SHARED (fallback)
[1773159759.162157512] LOCK pid=34588 fd=14: SHARED -> SHARED
DBimpl - LOCK REQUEST: 0x34db4680 2
[1773159759.162166267] LOCK pid=34588 fd=14: SHARED -> RESERVED
DBimpl - LOCK REQUEST: 0x34db4680 4
[1773159759.162300091] LOCK pid=34588 fd=14: RESERVED -> PENDING
[1773159759.162301860] LOCK pid=34588 fd=14: PENDING -> EXCLUSIVE
DBimpl - LOCK REQUEST: 0x34db4680 1
DBimpl - LOCK REQUEST: 0x34db4680 1
DBimpl - LOCK REQUEST: 0x34db4680 1
DBimpl - LOCK REQUEST: 0x34db4680 1
DBimpl - UNLOCK REQUEST: 0x34db4680 1
[1773159759.164515003] UNLOCK pid=34588 fd=14: EXCLUSIVE -> SHARED
DBimpl - UNLOCK REQUEST: 0x34db4680 0
[1773159759.164518612] UNLOCK pid=34588 fd=14: SHARED -> NO_LOCK
DBimpl - LOCK REQUEST: 0x34db4680 1
[1773159759.164633855] LOCK pid=34586 fd=10: NO_LOCK -> SHARED (fallback)
[1773159759.164635679] LOCK pid=34586 fd=10: SHARED -> SHARED
DBimpl - LOCK REQUEST: 0x34db4680 2
[1773159759.164647947] LOCK pid=34586 fd=10: SHARED -> RESERVED
DBimpl - LOCK REQUEST: 0x34db4680 4
[1773159759.165054561] LOCK pid=34586 fd=10: RESERVED -> PENDING
[1773159759.165056520] LOCK pid=34586 fd=10: PENDING -> EXCLUSIVE
DBimpl - LOCK REQUEST: 0x34db4680 1
DBimpl - LOCK REQUEST: 0x34db4680 1
DBimpl - UNLOCK REQUEST: 0x34db4680 1
[1773159759.167165996] UNLOCK pid=34586 fd=10: EXCLUSIVE -> SHARED
DBimpl - UNLOCK REQUEST: 0x34db4680 0
[1773159759.167170710] UNLOCK pid=34586 fd=10: SHARED -> NO_LOCK
DBimpl - LOCK REQUEST: 0x34db4680 1
[1773159759.167256146] LOCK pid=34584 fd=6: NO_LOCK -> SHARED (fallback)
[1773159759.167257578] LOCK pid=34584 fd=6: SHARED -> SHARED
DBimpl - UNLOCK REQUEST: 0x34db4680 0
[1773159759.167384298] UNLOCK pid=34584 fd=6: SHARED -> NO_LOCK
DBimpl - LOCK REQUEST: 0x34db4680 1
[1773159759.170940398] LOCK pid=34585 fd=8: NO_LOCK -> SHARED (fallback)
[1773159759.170941977] LOCK pid=34585 fd=8: SHARED -> SHARED
DBimpl - UNLOCK REQUEST: 0x34db4680 0
[1773159759.171094354] UNLOCK pid=34585 fd=8: SHARED -> NO_LOCK
DBimpl - LOCK REQUEST: 0x34db4680 1
[1773159759.175088273] LOCK pid=34588 fd=14: NO_LOCK -> SHARED (fallback)
[1773159759.175089665] LOCK pid=34588 fd=14: SHARED -> SHARED
DBimpl - LOCK REQUEST: 0x34db4680 2
[1773159759.175102639] LOCK pid=34588 fd=14: SHARED -> RESERVED
DBimpl - LOCK REQUEST: 0x34db4680 4
[1773159759.175208849] LOCK pid=34588 fd=14: RESERVED -> PENDING
[1773159759.175210599] LOCK pid=34588 fd=14: PENDING -> EXCLUSIVE
DBimpl - LOCK REQUEST: 0x34db4680 1
DBimpl - LOCK REQUEST: 0x34db4680 1
DBimpl - UNLOCK REQUEST: 0x34db4680 1
[1773159759.177159230] UNLOCK pid=34588 fd=14: EXCLUSIVE -> SHARED
DBimpl - UNLOCK REQUEST: 0x34db4680 0
[1773159759.177164483] UNLOCK pid=34588 fd=14: SHARED -> NO_LOCK
DBimpl - LOCK REQUEST: 0x34db4680 1
[1773159759.178166746] LOCK pid=34584 fd=6: NO_LOCK -> SHARED (fallback)
[1773159759.178168242] LOCK pid=34584 fd=6: SHARED -> SHARED
DBimpl - UNLOCK REQUEST: 0x34db4680 0
[1773159759.178286424] UNLOCK pid=34584 fd=6: SHARED -> NO_LOCK
DBimpl - LOCK REQUEST: 0x34db4680 1
[1773159759.179191290] LOCK pid=34585 fd=8: NO_LOCK -> SHARED (fallback)
[1773159759.179192916] LOCK pid=34585 fd=8: SHARED -> SHARED
DBimpl - UNLOCK REQUEST: 0x34db4680 0
[1773159759.179332974] UNLOCK pid=34585 fd=8: SHARED -> NO_LOCK
DBimpl - LOCK REQUEST: 0x34db4680 1
[1773159759.189396095] LOCK pid=34586 fd=10: NO_LOCK -> SHARED (fallback)
[1773159759.189400125] LOCK pid=34586 fd=10: SHARED -> SHARED
DBimpl - LOCK REQUEST: 0x34db4680 2
[1773159759.189428899] LOCK pid=34586 fd=10: SHARED -> RESERVED
DBimpl - LOCK REQUEST: 0x34db4680 4
[1773159759.189877731] LOCK pid=34586 fd=10: RESERVED -> PENDING
[1773159759.189880006] LOCK pid=34586 fd=10: PENDING -> EXCLUSIVE
DBimpl - LOCK REQUEST: 0x34db4680 1
DBimpl - LOCK REQUEST: 0x34db4680 1
DBimpl - UNLOCK REQUEST: 0x34db4680 1
[1773159759.192295358] UNLOCK pid=34586 fd=10: EXCLUSIVE -> SHARED
DBimpl - UNLOCK REQUEST: 0x34db4680 0
[1773159759.192301816] UNLOCK pid=34586 fd=10: SHARED -> NO_LOCK
DBimpl - LOCK REQUEST: 0x34db4680 1
[1773159759.194288088] LOCK pid=34585 fd=8: NO_LOCK -> SHARED (fallback)
[1773159759.194292557] LOCK pid=34585 fd=8: SHARED -> SHARED
DBimpl - UNLOCK REQUEST: 0x34db4680 0
[1773159759.194484248] UNLOCK pid=34585 fd=8: SHARED -> NO_LOCK
DBimpl - LOCK REQUEST: 0x34db4680 1
[1773159759.194567292] LOCK pid=34587 fd=12: NO_LOCK -> SHARED (fallback)
[1773159759.194568910] LOCK pid=34587 fd=12: SHARED -> SHARED
DBimpl - LOCK REQUEST: 0x34db4680 2
[1773159759.194581403] LOCK pid=34587 fd=12: SHARED -> RESERVED
DBimpl - LOCK REQUEST: 0x34db4680 4
[1773159759.196253249] LOCK pid=34587 fd=12: RESERVED -> PENDING
[1773159759.196255367] LOCK pid=34587 fd=12: PENDING -> EXCLUSIVE
DBimpl - LOCK REQUEST: 0x34db4680 1
DBimpl - UNLOCK REQUEST: 0x34db4680 1
[1773159759.197957084] UNLOCK pid=34587 fd=12: EXCLUSIVE -> SHARED
DBimpl - UNLOCK REQUEST: 0x34db4680 0
[1773159759.197960821] UNLOCK pid=34587 fd=12: SHARED -> NO_LOCK
DBimpl - LOCK REQUEST: 0x34db4680 1
[1773159759.198145714] LOCK pid=34588 fd=14: NO_LOCK -> SHARED (fallback)
[1773159759.198147956] LOCK pid=34588 fd=14: SHARED -> SHARED
DBimpl - LOCK REQUEST: 0x34db4680 2
[1773159759.198160006] LOCK pid=34588 fd=14: SHARED -> RESERVED
DBimpl - LOCK REQUEST: 0x34db4680 4
[1773159759.198299104] LOCK pid=34588 fd=14: RESERVED -> PENDING
[1773159759.198300993] LOCK pid=34588 fd=14: PENDING -> EXCLUSIVE
DBimpl - UNLOCK REQUEST: 0x34db4680 1
[1773159759.199934417] UNLOCK pid=34588 fd=14: EXCLUSIVE -> SHARED
DBimpl - UNLOCK REQUEST: 0x34db4680 0
[1773159759.199938722] UNLOCK pid=34588 fd=14: SHARED -> NO_LOCK
DBimpl - LOCK REQUEST: 0x34db4680 1
[1773159759.200190802] LOCK pid=34584 fd=6: NO_LOCK -> SHARED (fallback)
[1773159759.200192275] LOCK pid=34584 fd=6: SHARED -> SHARED
DBimpl - UNLOCK REQUEST: 0x34db4680 0
[1773159759.200332641] UNLOCK pid=34584 fd=6: SHARED -> NO_LOCK
DBimpl - LOCK REQUEST: 0x34db4680 1
[1773159759.201324260] LOCK pid=34587 fd=12: NO_LOCK -> SHARED (fallback)
[1773159759.201325739] LOCK pid=34587 fd=12: SHARED -> SHARED
DBimpl - LOCK REQUEST: 0x34db4680 2
[1773159759.201335534] LOCK pid=34587 fd=12: SHARED -> RESERVED
DBimpl - LOCK REQUEST: 0x34db4680 4
[1773159759.202824847] LOCK pid=34587 fd=12: RESERVED -> PENDING
[1773159759.202826808] LOCK pid=34587 fd=12: PENDING -> EXCLUSIVE
DBimpl - UNLOCK REQUEST: 0x34db4680 1
[1773159759.204551570] UNLOCK pid=34587 fd=12: EXCLUSIVE -> SHARED
DBimpl - UNLOCK REQUEST: 0x34db4680 0
[1773159759.204555090] UNLOCK pid=34587 fd=12: SHARED -> NO_LOCK
DBimpl - LOCK REQUEST: 0x34db4680 1
[1773159759.206911254] LOCK pid=34587 fd=12: NO_LOCK -> SHARED (fallback)
[1773159759.206912617] LOCK pid=34587 fd=12: SHARED -> SHARED
DBimpl - LOCK REQUEST: 0x34db4680 2
[1773159759.206920928] LOCK pid=34587 fd=12: SHARED -> RESERVED
DBimpl - LOCK REQUEST: 0x34db4680 4
[1773159759.207742924] LOCK pid=34587 fd=12: RESERVED -> PENDING
[1773159759.207744539] LOCK pid=34587 fd=12: PENDING -> EXCLUSIVE
DBimpl - UNLOCK REQUEST: 0x34db4680 1
[1773159759.207747887] UNLOCK pid=34587 fd=12: EXCLUSIVE -> SHARED
DBimpl - UNLOCK REQUEST: 0x34db4680 0
[1773159759.207750848] UNLOCK pid=34587 fd=12: SHARED -> NO_LOCK
DBimpl - LOCK REQUEST: 0x34db4680 1
[1773159759.209704869] LOCK pid=34588 fd=14: NO_LOCK -> SHARED (fallback)
[1773159759.209706546] LOCK pid=34588 fd=14: SHARED -> SHARED
DBimpl - LOCK REQUEST: 0x34db4680 2
[1773159759.209716917] LOCK pid=34588 fd=14: SHARED -> RESERVED
DBimpl - LOCK REQUEST: 0x34db4680 4
[1773159759.209838276] LOCK pid=34588 fd=14: RESERVED -> PENDING
[1773159759.209840690] LOCK pid=34588 fd=14: PENDING -> EXCLUSIVE
DBimpl - UNLOCK REQUEST: 0x34db4680 1
[1773159759.211647695] UNLOCK pid=34588 fd=14: EXCLUSIVE -> SHARED
DBimpl - UNLOCK REQUEST: 0x34db4680 0
[1773159759.211651534] UNLOCK pid=34588 fd=14: SHARED -> NO_LOCK
DBimpl - LOCK REQUEST: 0x34db4680 1
[1773159759.213978669] LOCK pid=34588 fd=14: NO_LOCK -> SHARED (fallback)
[1773159759.213979987] LOCK pid=34588 fd=14: SHARED -> SHARED
DBimpl - LOCK REQUEST: 0x34db4680 2
[1773159759.213987945] LOCK pid=34588 fd=14: SHARED -> RESERVED
DBimpl - LOCK REQUEST: 0x34db4680 4
[1773159759.214079221] LOCK pid=34588 fd=14: RESERVED -> PENDING
[1773159759.214080811] LOCK pid=34588 fd=14: PENDING -> EXCLUSIVE
DBimpl - LOCK REQUEST: 0x34db4680 1
DBimpl - LOCK REQUEST: 0x34db4680 1
DBimpl - LOCK REQUEST: 0x34db4680 1
DBimpl - UNLOCK REQUEST: 0x34db4680 1
[1773159759.216314107] UNLOCK pid=34588 fd=14: EXCLUSIVE -> SHARED
DBimpl - UNLOCK REQUEST: 0x34db4680 0
[1773159759.216317801] UNLOCK pid=34588 fd=14: SHARED -> NO_LOCK
DBimpl - LOCK REQUEST: 0x34db4680 1
[1773159759.217334730] LOCK pid=34586 fd=10: NO_LOCK -> SHARED (fallback)
[1773159759.217336768] LOCK pid=34586 fd=10: SHARED -> SHARED
DBimpl - LOCK REQUEST: 0x34db4680 2
[1773159759.217350277] LOCK pid=34586 fd=10: SHARED -> RESERVED
DBimpl - LOCK REQUEST: 0x34db4680 1
[1773159759.217527215] LOCK pid=34584 fd=6: NO_LOCK -> SHARED (fallback)
[1773159759.217528444] LOCK pid=34584 fd=6: SHARED -> SHARED
DBimpl - UNLOCK REQUEST: 0x34db4680 0
[1773159759.217654838] UNLOCK pid=34584 fd=6: SHARED -> NO_LOCK
DBimpl - LOCK REQUEST: 0x34db4680 4
[1773159759.217671285] LOCK pid=34586 fd=10: RESERVED -> PENDING
[1773159759.217673337] LOCK pid=34586 fd=10: PENDING -> EXCLUSIVE
DBimpl - LOCK REQUEST: 0x34db4680 1
DBimpl - UNLOCK REQUEST: 0x34db4680 1
DBimpl - LOCK REQUEST: 0x34db4680 1
[1773159759.219313664] UNLOCK pid=34586 fd=10: EXCLUSIVE -> SHARED
[1773159759.219315797] LOCK pid=34587 fd=12: NO_LOCK -> SHARED (fallback)
DBimpl - UNLOCK REQUEST: 0x34db4680 0
[1773159759.219317818] LOCK pid=34587 fd=12: SHARED -> SHARED
[1773159759.219319611] UNLOCK pid=34586 fd=10: SHARED -> NO_LOCK
DBimpl - LOCK REQUEST: 0x34db4680 2
[1773159759.219331677] LOCK pid=34587 fd=12: SHARED -> RESERVED
DBimpl - LOCK REQUEST: 0x34db4680 1
[1773159759.221249219] LOCK pid=34584 fd=6: NO_LOCK -> SHARED (fallback)
[1773159759.221250609] LOCK pid=34584 fd=6: SHARED -> SHARED
DBimpl - UNLOCK REQUEST: 0x34db4680 0
[1773159759.221360505] UNLOCK pid=34584 fd=6: SHARED -> NO_LOCK
DBimpl - LOCK REQUEST: 0x34db4680 4
[1773159759.221871998] LOCK pid=34587 fd=12: RESERVED -> PENDING
[1773159759.221873878] LOCK pid=34587 fd=12: PENDING -> EXCLUSIVE
DBimpl - LOCK REQUEST: 0x34db4680 1
DBimpl - UNLOCK REQUEST: 0x34db4680 1
[1773159759.223530058] UNLOCK pid=34587 fd=12: EXCLUSIVE -> SHARED
DBimpl - UNLOCK REQUEST: 0x34db4680 0
[1773159759.223536812] UNLOCK pid=34587 fd=12: SHARED -> NO_LOCK
DBimpl - LOCK REQUEST: 0x34db4680 1
[1773159759.223652780] LOCK pid=34586 fd=10: NO_LOCK -> SHARED (fallback)
[1773159759.223654103] LOCK pid=34586 fd=10: SHARED -> SHARED
DBimpl - LOCK REQUEST: 0x34db4680 2
[1773159759.223663541] LOCK pid=34586 fd=10: SHARED -> RESERVED
DBimpl - LOCK REQUEST: 0x34db4680 4
[1773159759.223754339] LOCK pid=34586 fd=10: RESERVED -> PENDING
[1773159759.223756294] LOCK pid=34586 fd=10: PENDING -> EXCLUSIVE
DBimpl - UNLOCK REQUEST: 0x34db4680 1
[1773159759.225323754] UNLOCK pid=34586 fd=10: EXCLUSIVE -> SHARED
DBimpl - UNLOCK REQUEST: 0x34db4680 0
[1773159759.225327188] UNLOCK pid=34586 fd=10: SHARED -> NO_LOCK
DBimpl - LOCK REQUEST: 0x34db4680 1
[1773159759.225427137] LOCK pid=34586 fd=10: NO_LOCK -> SHARED (fallback)
[1773159759.225428580] LOCK pid=34586 fd=10: SHARED -> SHARED
DBimpl - LOCK REQUEST: 0x34db4680 2
[1773159759.225435978] LOCK pid=34586 fd=10: SHARED -> RESERVED
DBimpl - LOCK REQUEST: 0x34db4680 4
[1773159759.225759468] LOCK pid=34586 fd=10: RESERVED -> PENDING
[1773159759.225761259] LOCK pid=34586 fd=10: PENDING -> EXCLUSIVE
DBimpl - UNLOCK REQUEST: 0x34db4680 1
[1773159759.227362016] UNLOCK pid=34586 fd=10: EXCLUSIVE -> SHARED
DBimpl - UNLOCK REQUEST: 0x34db4680 0
[1773159759.227365544] UNLOCK pid=34586 fd=10: SHARED -> NO_LOCK
DBimpl - LOCK REQUEST: 0x34db4680 1
[1773159759.228230866] LOCK pid=34585 fd=8: NO_LOCK -> SHARED (fallback)
[1773159759.228232745] LOCK pid=34585 fd=8: SHARED -> SHARED
DBimpl - UNLOCK REQUEST: 0x34db4680 0
[1773159759.228419645] UNLOCK pid=34585 fd=8: SHARED -> NO_LOCK
DBimpl - LOCK REQUEST: 0x34db4680 1
[1773159759.232884960] LOCK pid=34585 fd=8: NO_LOCK -> SHARED (fallback)
[1773159759.232886477] LOCK pid=34585 fd=8: SHARED -> SHARED
DBimpl - UNLOCK REQUEST: 0x34db4680 0
[1773159759.233052361] UNLOCK pid=34585 fd=8: SHARED -> NO_LOCK
DBimpl - LOCK REQUEST: 0x34db4680 1
[1773159759.234232235] LOCK pid=34588 fd=14: NO_LOCK -> SHARED (fallback)
[1773159759.234234292] LOCK pid=34588 fd=14: SHARED -> SHARED
DBimpl - LOCK REQUEST: 0x34db4680 2
[1773159759.234244925] LOCK pid=34588 fd=14: SHARED -> RESERVED
DBimpl - LOCK REQUEST: 0x34db4680 4
[1773159759.234363504] LOCK pid=34588 fd=14: RESERVED -> PENDING
[1773159759.234365289] LOCK pid=34588 fd=14: PENDING -> EXCLUSIVE
DBimpl - UNLOCK REQUEST: 0x34db4680 1
[1773159759.236375387] UNLOCK pid=34588 fd=14: EXCLUSIVE -> SHARED
DBimpl - UNLOCK REQUEST: 0x34db4680 0
[1773159759.236379383] UNLOCK pid=34588 fd=14: SHARED -> NO_LOCK
DBimpl - LOCK REQUEST: 0x34db4680 1
[1773159759.242297055] LOCK pid=34587 fd=12: NO_LOCK -> SHARED (fallback)
[1773159759.242298682] LOCK pid=34587 fd=12: SHARED -> SHARED
DBimpl - LOCK REQUEST: 0x34db4680 2
[1773159759.242310007] LOCK pid=34587 fd=12: SHARED -> RESERVED
DBimpl - LOCK REQUEST: 0x34db4680 1
[1773159759.244669546] LOCK pid=34585 fd=8: NO_LOCK -> SHARED (fallback)
[1773159759.244671274] LOCK pid=34585 fd=8: SHARED -> SHARED
DBimpl - LOCK REQUEST: 0x34db4680 4
[1773159759.244837628] LOCK pid=34587 fd=12: RESERVED -> PENDING
DBimpl - UNLOCK REQUEST: 0x34db4680 0
[1773159759.244857759] UNLOCK pid=34585 fd=8: SHARED -> NO_LOCK
DBimpl - LOCK REQUEST: 0x34db4680 4
[1773159759.245896724] LOCK pid=34587 fd=12: PENDING -> EXCLUSIVE
DBimpl - LOCK REQUEST: 0x34db4680 1
DBimpl - UNLOCK REQUEST: 0x34db4680 1
[1773159759.247676153] UNLOCK pid=34587 fd=12: EXCLUSIVE -> SHARED
DBimpl - UNLOCK REQUEST: 0x34db4680 0
[1773159759.247680020] UNLOCK pid=34587 fd=12: SHARED -> NO_LOCK
DBimpl - LOCK REQUEST: 0x34db4680 1
[1773159759.247810506] LOCK pid=34584 fd=6: NO_LOCK -> SHARED (fallback)
[1773159759.247812297] LOCK pid=34584 fd=6: SHARED -> SHARED
DBimpl - UNLOCK REQUEST: 0x34db4680 0
[1773159759.248001530] UNLOCK pid=34584 fd=6: SHARED -> NO_LOCK
DBimpl - LOCK REQUEST: 0x34db4680 1
[1773159759.249155452] LOCK pid=34584 fd=6: NO_LOCK -> SHARED (fallback)
[1773159759.249156714] LOCK pid=34584 fd=6: SHARED -> SHARED
DBimpl - UNLOCK REQUEST: 0x34db4680 0
[1773159759.249297083] UNLOCK pid=34584 fd=6: SHARED -> NO_LOCK
DBimpl - LOCK REQUEST: 0x34db4680 1
[1773159759.254669494] LOCK pid=34587 fd=12: NO_LOCK -> SHARED (fallback)
[1773159759.254670860] LOCK pid=34587 fd=12: SHARED -> SHARED
DBimpl - LOCK REQUEST: 0x34db4680 2
[1773159759.254678490] LOCK pid=34587 fd=12: SHARED -> RESERVED
DBimpl - LOCK REQUEST: 0x34db4680 4
[1773159759.257537860] LOCK pid=34587 fd=12: RESERVED -> PENDING
[1773159759.257539504] LOCK pid=34587 fd=12: PENDING -> EXCLUSIVE
DBimpl - UNLOCK REQUEST: 0x34db4680 1
[1773159759.257542665] UNLOCK pid=34587 fd=12: EXCLUSIVE -> SHARED
DBimpl - UNLOCK REQUEST: 0x34db4680 0
[1773159759.257545416] UNLOCK pid=34587 fd=12: SHARED -> NO_LOCK
DBimpl - LOCK REQUEST: 0x34db4680 1
[1773159759.257619151] LOCK pid=34588 fd=14: NO_LOCK -> SHARED (fallback)
[1773159759.257620480] LOCK pid=34588 fd=14: SHARED -> SHARED
DBimpl - LOCK REQUEST: 0x34db4680 2
[1773159759.257629695] LOCK pid=34588 fd=14: SHARED -> RESERVED
DBimpl - LOCK REQUEST: 0x34db4680 4
[1773159759.257741408] LOCK pid=34588 fd=14: RESERVED -> PENDING
[1773159759.257743279] LOCK pid=34588 fd=14: PENDING -> EXCLUSIVE
DBimpl - UNLOCK REQUEST: 0x34db4680 1
[1773159759.259683655] UNLOCK pid=34588 fd=14: EXCLUSIVE -> SHARED
DBimpl - UNLOCK REQUEST: 0x34db4680 0
[1773159759.259687306] UNLOCK pid=34588 fd=14: SHARED -> NO_LOCK
DBimpl - LOCK REQUEST: 0x34db4680 1
[1773159759.261401186] LOCK pid=34585 fd=8: NO_LOCK -> SHARED (fallback)
[1773159759.261403265] LOCK pid=34585 fd=8: SHARED -> SHARED
DBimpl - UNLOCK REQUEST: 0x34db4680 0
[1773159759.261590642] UNLOCK pid=34585 fd=8: SHARED -> NO_LOCK
DBimpl - LOCK REQUEST: 0x34db4680 1
[1773159759.264345594] LOCK pid=34587 fd=12: NO_LOCK -> SHARED (fallback)
[1773159759.264347625] LOCK pid=34587 fd=12: SHARED -> SHARED
DBimpl - LOCK REQUEST: 0x34db4680 2
[1773159759.264359757] LOCK pid=34587 fd=12: SHARED -> RESERVED
DBimpl - LOCK REQUEST: 0x34db4680 1
[1773159759.265766557] LOCK pid=34584 fd=6: NO_LOCK -> SHARED (fallback)
[1773159759.265767889] LOCK pid=34584 fd=6: SHARED -> SHARED
DBimpl - UNLOCK REQUEST: 0x34db4680 0
[1773159759.265899090] UNLOCK pid=34584 fd=6: SHARED -> NO_LOCK
DBimpl - LOCK REQUEST: 0x34db4680 1
[1773159759.266768246] LOCK pid=34584 fd=6: NO_LOCK -> SHARED (fallback)
DBimpl - LOCK REQUEST: 0x34db4680 4
[1773159759.266769543] LOCK pid=34584 fd=6: SHARED -> SHARED
[1773159759.266772438] LOCK pid=34587 fd=12: RESERVED -> PENDING
DBimpl - UNLOCK REQUEST: 0x34db4680 0
[1773159759.266893462] UNLOCK pid=34584 fd=6: SHARED -> NO_LOCK
DBimpl - LOCK REQUEST: 0x34db4680 4
[1773159759.267834809] LOCK pid=34587 fd=12: PENDING -> EXCLUSIVE
DBimpl - LOCK REQUEST: 0x34db4680 1
DBimpl - LOCK REQUEST: 0x34db4680 1
DBimpl - LOCK REQUEST: 0x34db4680 1
DBimpl - UNLOCK REQUEST: 0x34db4680 1
[1773159759.272067680] UNLOCK pid=34587 fd=12: EXCLUSIVE -> SHARED
DBimpl - UNLOCK REQUEST: 0x34db4680 0
[1773159759.272077285] UNLOCK pid=34587 fd=12: SHARED -> NO_LOCK
DBimpl - LOCK REQUEST: 0x34db4680 1
[1773159759.273119530] LOCK pid=34588 fd=14: NO_LOCK -> SHARED (fallback)
[1773159759.273121878] LOCK pid=34588 fd=14: SHARED -> SHARED
DBimpl - LOCK REQUEST: 0x34db4680 2
[1773159759.273133925] LOCK pid=34588 fd=14: SHARED -> RESERVED
DBimpl - LOCK REQUEST: 0x34db4680 4
[1773159759.273277911] LOCK pid=34588 fd=14: RESERVED -> PENDING
[1773159759.273279712] LOCK pid=34588 fd=14: PENDING -> EXCLUSIVE
DBimpl - LOCK REQUEST: 0x34db4680 1
DBimpl - UNLOCK REQUEST: 0x34db4680 1
[1773159759.276492187] UNLOCK pid=34588 fd=14: EXCLUSIVE -> SHARED
DBimpl - UNLOCK REQUEST: 0x34db4680 0
[1773159759.276498745] UNLOCK pid=34588 fd=14: SHARED -> NO_LOCK
DBimpl - LOCK REQUEST: 0x34db4680 1
[1773159759.278569237] LOCK pid=34586 fd=10: NO_LOCK -> SHARED (fallback)
[1773159759.278571576] LOCK pid=34586 fd=10: SHARED -> SHARED
DBimpl - LOCK REQUEST: 0x34db4680 2
[1773159759.278587745] LOCK pid=34586 fd=10: SHARED -> RESERVED
DBimpl - LOCK REQUEST: 0x34db4680 4
[1773159759.278770551] LOCK pid=34586 fd=10: RESERVED -> PENDING
[1773159759.278772527] LOCK pid=34586 fd=10: PENDING -> EXCLUSIVE
DBimpl - UNLOCK REQUEST: 0x34db4680 1
[1773159759.281203818] UNLOCK pid=34586 fd=10: EXCLUSIVE -> SHARED
DBimpl - UNLOCK REQUEST: 0x34db4680 0
[1773159759.281214365] UNLOCK pid=34586 fd=10: SHARED -> NO_LOCK
DBimpl - LOCK REQUEST: 0x34db4680 1
[1773159759.282671437] LOCK pid=34584 fd=6: NO_LOCK -> SHARED (fallback)
[1773159759.282674348] LOCK pid=34584 fd=6: SHARED -> SHARED
DBimpl - UNLOCK REQUEST: 0x34db4680 0
[1773159759.282875103] UNLOCK pid=34584 fd=6: SHARED -> NO_LOCK
DBimpl - LOCK REQUEST: 0x34db4680 1
[1773159759.284139584] LOCK pid=34586 fd=10: NO_LOCK -> SHARED (fallback)
[1773159759.284142028] LOCK pid=34586 fd=10: SHARED -> SHARED
DBimpl - LOCK REQUEST: 0x34db4680 2
[1773159759.284157234] LOCK pid=34586 fd=10: SHARED -> RESERVED
DBimpl - LOCK REQUEST: 0x34db4680 4
[1773159759.284569051] LOCK pid=34586 fd=10: RESERVED -> PENDING
[1773159759.284571439] LOCK pid=34586 fd=10: PENDING -> EXCLUSIVE
DBimpl - UNLOCK REQUEST: 0x34db4680 1
[1773159759.286469168] UNLOCK pid=34586 fd=10: EXCLUSIVE -> SHARED
DBimpl - UNLOCK REQUEST: 0x34db4680 0
[1773159759.286476812] UNLOCK pid=34586 fd=10: SHARED -> NO_LOCK
DBimpl - LOCK REQUEST: 0x34db4680 1
[1773159759.286562361] LOCK pid=34585 fd=8: NO_LOCK -> SHARED (fallback)
[1773159759.286564755] LOCK pid=34585 fd=8: SHARED -> SHARED
DBimpl - UNLOCK REQUEST: 0x34db4680 0
[1773159759.286806412] UNLOCK pid=34585 fd=8: SHARED -> NO_LOCK
DBimpl - LOCK REQUEST: 0x34db4680 1
[1773159759.289643182] LOCK pid=34587 fd=12: NO_LOCK -> SHARED (fallback)
[1773159759.289647725] LOCK pid=34587 fd=12: SHARED -> SHARED
DBimpl - LOCK REQUEST: 0x34db4680 2
[1773159759.289688504] LOCK pid=34587 fd=12: SHARED -> RESERVED
DBimpl - LOCK REQUEST: 0x34db4680 1
[1773159759.291191553] LOCK pid=34586 fd=10: NO_LOCK -> SHARED (fallback)
[1773159759.291194732] LOCK pid=34586 fd=10: SHARED -> SHARED
DBimpl - LOCK REQUEST: 0x34db4680 2
DBimpl - UNLOCK REQUEST: 0x34db4680 0
[1773159759.291216122] UNLOCK pid=34586 fd=10: SHARED -> NO_LOCK
DBimpl - LOCK REQUEST: 0x34db4680 1
[1773159759.292299764] LOCK pid=34586 fd=10: NO_LOCK -> SHARED (fallback)
[1773159759.292302133] LOCK pid=34586 fd=10: SHARED -> SHARED
DBimpl - LOCK REQUEST: 0x34db4680 2
DBimpl - UNLOCK REQUEST: 0x34db4680 0
[1773159759.292320910] UNLOCK pid=34586 fd=10: SHARED -> NO_LOCK
DBimpl - LOCK REQUEST: 0x34db4680 4
[1773159759.294340682] LOCK pid=34587 fd=12: RESERVED -> PENDING
[1773159759.294346085] LOCK pid=34587 fd=12: PENDING -> EXCLUSIVE
DBimpl - LOCK REQUEST: 0x34db4680 1
DBimpl - UNLOCK REQUEST: 0x34db4680 1
[1773159759.299009074] UNLOCK pid=34587 fd=12: EXCLUSIVE -> SHARED
DBimpl - UNLOCK REQUEST: 0x34db4680 0
[1773159759.299018641] UNLOCK pid=34587 fd=12: SHARED -> NO_LOCK
DBimpl - LOCK REQUEST: 0x34db4680 1
[1773159759.299469875] LOCK pid=34584 fd=6: NO_LOCK -> SHARED (fallback)
[1773159759.299473258] LOCK pid=34584 fd=6: SHARED -> SHARED
DBimpl - LOCK REQUEST: 0x34db4680 1
[1773159759.299614205] LOCK pid=34586 fd=10: NO_LOCK -> SHARED (fallback)
[1773159759.299616680] LOCK pid=34586 fd=10: SHARED -> SHARED
DBimpl - LOCK REQUEST: 0x34db4680 2
[1773159759.299638186] LOCK pid=34586 fd=10: SHARED -> RESERVED
DBimpl - UNLOCK REQUEST: 0x34db4680 0
[1773159759.299819040] UNLOCK pid=34584 fd=6: SHARED -> NO_LOCK
DBimpl - LOCK REQUEST: 0x34db4680 4
[1773159759.301265098] LOCK pid=34586 fd=10: RESERVED -> PENDING
[1773159759.301268250] LOCK pid=34586 fd=10: PENDING -> EXCLUSIVE
DBimpl - LOCK REQUEST: 0x34db4680 1
DBimpl - UNLOCK REQUEST: 0x34db4680 1
[1773159759.303537547] UNLOCK pid=34586 fd=10: EXCLUSIVE -> SHARED
DBimpl - UNLOCK REQUEST: 0x34db4680 0
[1773159759.303544732] UNLOCK pid=34586 fd=10: SHARED -> NO_LOCK
DBimpl - LOCK REQUEST: 0x34db4680 1
[1773159759.303598105] LOCK pid=34587 fd=12: NO_LOCK -> SHARED (fallback)
[1773159759.303600686] LOCK pid=34587 fd=12: SHARED -> SHARED
DBimpl - LOCK REQUEST: 0x34db4680 2
[1773159759.303619275] LOCK pid=34587 fd=12: SHARED -> RESERVED
DBimpl - LOCK REQUEST: 0x34db4680 1
[1773159759.307336607] LOCK pid=34584 fd=6: NO_LOCK -> SHARED (fallback)
[1773159759.307339734] LOCK pid=34584 fd=6: SHARED -> SHARED
DBimpl - UNLOCK REQUEST: 0x34db4680 0
[1773159759.307740966] UNLOCK pid=34584 fd=6: SHARED -> NO_LOCK
DBimpl - LOCK REQUEST: 0x34db4680 1
[1773159759.308639889] LOCK pid=34588 fd=14: NO_LOCK -> SHARED (fallback)
[1773159759.308644735] LOCK pid=34588 fd=14: SHARED -> SHARED
DBimpl - LOCK REQUEST: 0x34db4680 2
DBimpl - UNLOCK REQUEST: 0x34db4680 0
[1773159759.308662609] UNLOCK pid=34588 fd=14: SHARED -> NO_LOCK
DBimpl - LOCK REQUEST: 0x34db4680 1
[1773159759.309740278] LOCK pid=34588 fd=14: NO_LOCK -> SHARED (fallback)
[1773159759.309742384] LOCK pid=34588 fd=14: SHARED -> SHARED
DBimpl - LOCK REQUEST: 0x34db4680 2
DBimpl - UNLOCK REQUEST: 0x34db4680 0
[1773159759.309755097] UNLOCK pid=34588 fd=14: SHARED -> NO_LOCK
DBimpl - LOCK REQUEST: 0x34db4680 1
[1773159759.311831828] LOCK pid=34588 fd=14: NO_LOCK -> SHARED (fallback)
[1773159759.311834650] LOCK pid=34588 fd=14: SHARED -> SHARED
DBimpl - LOCK REQUEST: 0x34db4680 2
DBimpl - UNLOCK REQUEST: 0x34db4680 0
[1773159759.311857428] UNLOCK pid=34588 fd=14: SHARED -> NO_LOCK
DBimpl - LOCK REQUEST: 0x34db4680 4
[1773159759.313015404] LOCK pid=34587 fd=12: RESERVED -> PENDING
[1773159759.313021812] LOCK pid=34587 fd=12: PENDING -> EXCLUSIVE
DBimpl - UNLOCK REQUEST: 0x34db4680 1
[1773159759.313029958] UNLOCK pid=34587 fd=12: EXCLUSIVE -> SHARED
DBimpl - UNLOCK REQUEST: 0x34db4680 0
[1773159759.313036551] UNLOCK pid=34587 fd=12: SHARED -> NO_LOCK
DBimpl - LOCK REQUEST: 0x34db4680 1
[1773159759.315296147] LOCK pid=34585 fd=8: NO_LOCK -> SHARED (fallback)
[1773159759.315300451] LOCK pid=34585 fd=8: SHARED -> SHARED
DBimpl - UNLOCK REQUEST: 0x34db4680 0
[1773159759.315698275] UNLOCK pid=34585 fd=8: SHARED -> NO_LOCK
DBimpl - LOCK REQUEST: 0x34db4680 1
[1773159759.316128562] LOCK pid=34585 fd=8: NO_LOCK -> SHARED (fallback)
[1773159759.316177305] LOCK pid=34585 fd=8: SHARED -> SHARED
DBimpl - UNLOCK REQUEST: 0x34db4680 0
[1773159759.316534218] UNLOCK pid=34585 fd=8: SHARED -> NO_LOCK
DBimpl - LOCK REQUEST: 0x34db4680 1
[1773159759.317003599] LOCK pid=34588 fd=14: NO_LOCK -> SHARED (fallback)
[1773159759.317062330] LOCK pid=34588 fd=14: SHARED -> SHARED
DBimpl - LOCK REQUEST: 0x34db4680 2
[1773159759.317076519] LOCK pid=34588 fd=14: SHARED -> RESERVED
DBimpl - LOCK REQUEST: 0x34db4680 4
[1773159759.317305757] LOCK pid=34588 fd=14: RESERVED -> PENDING
[1773159759.317308655] LOCK pid=34588 fd=14: PENDING -> EXCLUSIVE
DBimpl - LOCK REQUEST: 0x34db4680 1
DBimpl - LOCK REQUEST: 0x34db4680 1
DBimpl - UNLOCK REQUEST: 0x34db4680 1
[1773159759.321545512] UNLOCK pid=34588 fd=14: EXCLUSIVE -> SHARED
DBimpl - UNLOCK REQUEST: 0x34db4680 0
[1773159759.321555023] UNLOCK pid=34588 fd=14: SHARED -> NO_LOCK
DBimpl - LOCK REQUEST: 0x34db4680 1
[1773159759.322443080] LOCK pid=34585 fd=8: NO_LOCK -> SHARED (fallback)
[1773159759.322446093] LOCK pid=34585 fd=8: SHARED -> SHARED
DBimpl - LOCK REQUEST: 0x34db4680 1
[1773159759.322701111] LOCK pid=34586 fd=10: NO_LOCK -> SHARED (fallback)
[1773159759.322703974] LOCK pid=34586 fd=10: SHARED -> SHARED
DBimpl - LOCK REQUEST: 0x34db4680 2
[1773159759.322727182] LOCK pid=34586 fd=10: SHARED -> RESERVED
DBimpl - UNLOCK REQUEST: 0x34db4680 0
[1773159759.322805242] UNLOCK pid=34585 fd=8: SHARED -> NO_LOCK
DBimpl - LOCK REQUEST: 0x34db4680 4
[1773159759.323380934] LOCK pid=34586 fd=10: RESERVED -> PENDING
[1773159759.323384019] LOCK pid=34586 fd=10: PENDING -> EXCLUSIVE
DBimpl - LOCK REQUEST: 0x34db4680 1
DBimpl - LOCK REQUEST: 0x34db4680 1
DBimpl - LOCK REQUEST: 0x34db4680 1
DBimpl - LOCK REQUEST: 0x34db4680 1
DBimpl - UNLOCK REQUEST: 0x34db4680 1
[1773159759.326009876] UNLOCK pid=34586 fd=10: EXCLUSIVE -> SHARED
DBimpl - UNLOCK REQUEST: 0x34db4680 0
[1773159759.326018996] UNLOCK pid=34586 fd=10: SHARED -> NO_LOCK
DBimpl - LOCK REQUEST: 0x34db4680 1
[1773159759.326645734] LOCK pid=34584 fd=6: NO_LOCK -> SHARED (fallback)
[1773159759.326649358] LOCK pid=34584 fd=6: SHARED -> SHARED
DBimpl - LOCK REQUEST: 0x34db4680 1
[1773159759.326908738] LOCK pid=34588 fd=14: NO_LOCK -> SHARED (fallback)
[1773159759.326910943] LOCK pid=34588 fd=14: SHARED -> SHARED
DBimpl - LOCK REQUEST: 0x34db4680 2
[1773159759.326927309] LOCK pid=34588 fd=14: SHARED -> RESERVED
DBimpl - UNLOCK REQUEST: 0x34db4680 0
[1773159759.326939928] UNLOCK pid=34584 fd=6: SHARED -> NO_LOCK
DBimpl - LOCK REQUEST: 0x34db4680 4
[1773159759.327130475] LOCK pid=34588 fd=14: RESERVED -> PENDING
[1773159759.327133346] LOCK pid=34588 fd=14: PENDING -> EXCLUSIVE
DBimpl - LOCK REQUEST: 0x34db4680 1
DBimpl - UNLOCK REQUEST: 0x34db4680 1
[1773159759.330061930] UNLOCK pid=34588 fd=14: EXCLUSIVE -> SHARED
DBimpl - UNLOCK REQUEST: 0x34db4680 0
[1773159759.330069227] UNLOCK pid=34588 fd=14: SHARED -> NO_LOCK
DBimpl - LOCK REQUEST: 0x34db4680 1
[1773159759.332835049] LOCK pid=34587 fd=12: NO_LOCK -> SHARED (fallback)
[1773159759.332839115] LOCK pid=34587 fd=12: SHARED -> SHARED
DBimpl - LOCK REQUEST: 0x34db4680 2
[1773159759.332887331] LOCK pid=34587 fd=12: SHARED -> RESERVED
DBimpl - LOCK REQUEST: 0x34db4680 4
[1773159759.334048046] LOCK pid=34587 fd=12: RESERVED -> PENDING
[1773159759.334051060] LOCK pid=34587 fd=12: PENDING -> EXCLUSIVE
DBimpl - LOCK REQUEST: 0x34db4680 1
DBimpl - LOCK REQUEST: 0x34db4680 1
DBimpl - LOCK REQUEST: 0x34db4680 1
DBimpl - LOCK REQUEST: 0x34db4680 1
DBimpl - UNLOCK REQUEST: 0x34db4680 1
[1773159759.338038877] UNLOCK pid=34587 fd=12: EXCLUSIVE -> SHARED
DBimpl - UNLOCK REQUEST: 0x34db4680 0
[1773159759.338049607] UNLOCK pid=34587 fd=12: SHARED -> NO_LOCK
DBimpl - LOCK REQUEST: 0x34db4680 1
[1773159759.339717469] LOCK pid=34586 fd=10: NO_LOCK -> SHARED (fallback)
[1773159759.339721624] LOCK pid=34586 fd=10: SHARED -> SHARED
DBimpl - LOCK REQUEST: 0x34db4680 1
[1773159759.339764546] LOCK pid=34585 fd=8: NO_LOCK -> SHARED (fallback)
DBimpl - LOCK REQUEST: 0x34db4680 2
[1773159759.339768117] LOCK pid=34585 fd=8: SHARED -> SHARED
[1773159759.339771891] LOCK pid=34586 fd=10: SHARED -> RESERVED
DBimpl - LOCK REQUEST: 0x34db4680 4
[1773159759.340022009] LOCK pid=34586 fd=10: RESERVED -> PENDING
DBimpl - UNLOCK REQUEST: 0x34db4680 0
[1773159759.340174085] UNLOCK pid=34585 fd=8: SHARED -> NO_LOCK
DBimpl - LOCK REQUEST: 0x34db4680 1
DBimpl - LOCK REQUEST: 0x34db4680 4
[1773159759.341091281] LOCK pid=34586 fd=10: PENDING -> EXCLUSIVE
DBimpl - LOCK REQUEST: 0x34db4680 1
DBimpl - LOCK REQUEST: 0x34db4680 1
DBimpl - LOCK REQUEST: 0x34db4680 1
DBimpl - LOCK REQUEST: 0x34db4680 1
DBimpl - UNLOCK REQUEST: 0x34db4680 1
[1773159759.345554373] UNLOCK pid=34586 fd=10: EXCLUSIVE -> SHARED
DBimpl - UNLOCK REQUEST: 0x34db4680 0
[1773159759.345562767] UNLOCK pid=34586 fd=10: SHARED -> NO_LOCK
DBimpl - LOCK REQUEST: 0x34db4680 1
[1773159759.347678820] LOCK pid=34587 fd=12: NO_LOCK -> SHARED (fallback)
[1773159759.347683756] LOCK pid=34587 fd=12: SHARED -> SHARED
DBimpl - LOCK REQUEST: 0x34db4680 2
[1773159759.347717799] LOCK pid=34587 fd=12: SHARED -> RESERVED
DBimpl - LOCK REQUEST: 0x34db4680 1
[1773159759.348578641] LOCK pid=34588 fd=14: NO_LOCK -> SHARED (fallback)
[1773159759.348582015] LOCK pid=34588 fd=14: SHARED -> SHARED
DBimpl - LOCK REQUEST: 0x34db4680 2
DBimpl - UNLOCK REQUEST: 0x34db4680 0
[1773159759.348607530] UNLOCK pid=34588 fd=14: SHARED -> NO_LOCK
DBimpl - LOCK REQUEST: 0x34db4680 1
[1773159759.349675823] LOCK pid=34588 fd=14: NO_LOCK -> SHARED (fallback)
[1773159759.349677893] LOCK pid=34588 fd=14: SHARED -> SHARED
DBimpl - LOCK REQUEST: 0x34db4680 2
DBimpl - UNLOCK REQUEST: 0x34db4680 0
[1773159759.349692555] UNLOCK pid=34588 fd=14: SHARED -> NO_LOCK
DBimpl - LOCK REQUEST: 0x34db4680 1
[1773159759.349864202] LOCK pid=34585 fd=8: NO_LOCK -> SHARED (fallback)
[1773159759.349866362] LOCK pid=34585 fd=8: SHARED -> SHARED
DBimpl - UNLOCK REQUEST: 0x34db4680 0
[1773159759.350448829] UNLOCK pid=34585 fd=8: SHARED -> NO_LOCK
DBimpl - LOCK REQUEST: 0x34db4680 1
[1773159759.352129440] LOCK pid=34588 fd=14: NO_LOCK -> SHARED (fallback)
[1773159759.352133111] LOCK pid=34588 fd=14: SHARED -> SHARED
DBimpl - LOCK REQUEST: 0x34db4680 2
DBimpl - UNLOCK REQUEST: 0x34db4680 0
[1773159759.352153473] UNLOCK pid=34588 fd=14: SHARED -> NO_LOCK
DBimpl - LOCK REQUEST: 0x34db4680 1
[1773159759.352299655] LOCK pid=34586 fd=10: NO_LOCK -> SHARED (fallback)
[1773159759.352302290] LOCK pid=34586 fd=10: SHARED -> SHARED
DBimpl - LOCK REQUEST: 0x34db4680 2
DBimpl - UNLOCK REQUEST: 0x34db4680 0
[1773159759.352330031] UNLOCK pid=34586 fd=10: SHARED -> NO_LOCK
DBimpl - LOCK REQUEST: 0x34db4680 4
[1773159759.352503682] LOCK pid=34587 fd=12: RESERVED -> PENDING
[1773159759.352508319] LOCK pid=34587 fd=12: PENDING -> EXCLUSIVE
DBimpl - LOCK REQUEST: 0x34db4680 1
DBimpl - LOCK REQUEST: 0x34db4680 1
DBimpl - LOCK REQUEST: 0x34db4680 1
DBimpl - UNLOCK REQUEST: 0x34db4680 1
[1773159759.356466057] UNLOCK pid=34587 fd=12: EXCLUSIVE -> SHARED
DBimpl - UNLOCK REQUEST: 0x34db4680 0
[1773159759.356473915] UNLOCK pid=34587 fd=12: SHARED -> NO_LOCK
DBimpl - LOCK REQUEST: 0x34db4680 1
[1773159759.357226570] LOCK pid=34588 fd=14: NO_LOCK -> SHARED (fallback)
[1773159759.357229147] LOCK pid=34588 fd=14: SHARED -> SHARED
DBimpl - LOCK REQUEST: 0x34db4680 2
[1773159759.357245902] LOCK pid=34588 fd=14: SHARED -> RESERVED
DBimpl - LOCK REQUEST: 0x34db4680 4
[1773159759.357483756] LOCK pid=34588 fd=14: RESERVED -> PENDING
[1773159759.357486546] LOCK pid=34588 fd=14: PENDING -> EXCLUSIVE
DBimpl - LOCK REQUEST: 0x34db4680 1
DBimpl - LOCK REQUEST: 0x34db4680 1
DBimpl - LOCK REQUEST: 0x34db4680 1
DBimpl - UNLOCK REQUEST: 0x34db4680 1
[1773159759.359938668] UNLOCK pid=34588 fd=14: EXCLUSIVE -> SHARED
DBimpl - UNLOCK REQUEST: 0x34db4680 0
[1773159759.359945585] UNLOCK pid=34588 fd=14: SHARED -> NO_LOCK
DBimpl - LOCK REQUEST: 0x34db4680 1
[1773159759.360659565] LOCK pid=34586 fd=10: NO_LOCK -> SHARED (fallback)
[1773159759.360662108] LOCK pid=34586 fd=10: SHARED -> SHARED
DBimpl - LOCK REQUEST: 0x34db4680 2
[1773159759.360680434] LOCK pid=34586 fd=10: SHARED -> RESERVED
DBimpl - LOCK REQUEST: 0x34db4680 1
[1773159759.360964883] LOCK pid=34587 fd=12: NO_LOCK -> SHARED (fallback)
[1773159759.360967628] LOCK pid=34587 fd=12: SHARED -> SHARED
DBimpl - LOCK REQUEST: 0x34db4680 1
[1773159759.360982964] LOCK pid=34585 fd=8: NO_LOCK -> SHARED (fallback)
DBimpl - LOCK REQUEST: 0x34db4680 2
[1773159759.360985875] LOCK pid=34585 fd=8: SHARED -> SHARED
DBimpl - UNLOCK REQUEST: 0x34db4680 0
[1773159759.360992215] UNLOCK pid=34587 fd=12: SHARED -> NO_LOCK
DBimpl - LOCK REQUEST: 0x34db4680 4
[1773159759.361209570] LOCK pid=34586 fd=10: RESERVED -> PENDING
DBimpl - UNLOCK REQUEST: 0x34db4680 0
[1773159759.361292649] UNLOCK pid=34585 fd=8: SHARED -> NO_LOCK
DBimpl - LOCK REQUEST: 0x34db4680 4
[1773159759.362976605] LOCK pid=34586 fd=10: PENDING -> EXCLUSIVE
DBimpl - LOCK REQUEST: 0x34db4680 1
DBimpl - LOCK REQUEST: 0x34db4680 1
DBimpl - UNLOCK REQUEST: 0x34db4680 1
[1773159759.365020061] UNLOCK pid=34586 fd=10: EXCLUSIVE -> SHARED
DBimpl - UNLOCK REQUEST: 0x34db4680 0
[1773159759.365028897] UNLOCK pid=34586 fd=10: SHARED -> NO_LOCK
DBimpl - LOCK REQUEST: 0x34db4680 1
[1773159759.366090375] LOCK pid=34587 fd=12: NO_LOCK -> SHARED (fallback)
[1773159759.366094153] LOCK pid=34587 fd=12: SHARED -> SHARED
DBimpl - LOCK REQUEST: 0x34db4680 2
[1773159759.366117525] LOCK pid=34587 fd=12: SHARED -> RESERVED
DBimpl - LOCK REQUEST: 0x34db4680 1
[1773159759.367024230] LOCK pid=34585 fd=8: NO_LOCK -> SHARED (fallback)
[1773159759.367028215] LOCK pid=34585 fd=8: SHARED -> SHARED
DBimpl - UNLOCK REQUEST: 0x34db4680 0
[1773159759.367408554] UNLOCK pid=34585 fd=8: SHARED -> NO_LOCK
DBimpl - LOCK REQUEST: 0x34db4680 4
[1773159759.370088085] LOCK pid=34587 fd=12: RESERVED -> PENDING
[1773159759.370090600] LOCK pid=34587 fd=12: PENDING -> EXCLUSIVE
DBimpl - LOCK REQUEST: 0x34db4680 1
DBimpl - LOCK REQUEST: 0x34db4680 1
DBimpl - LOCK REQUEST: 0x34db4680 1
DBimpl - UNLOCK REQUEST: 0x34db4680 1
[1773159759.372691383] UNLOCK pid=34587 fd=12: EXCLUSIVE -> SHARED
DBimpl - UNLOCK REQUEST: 0x34db4680 0
[1773159759.372701431] UNLOCK pid=34587 fd=12: SHARED -> NO_LOCK
DBimpl - LOCK REQUEST: 0x34db4680 1
[1773159759.373792669] LOCK pid=34588 fd=14: NO_LOCK -> SHARED (fallback)
[1773159759.373796305] LOCK pid=34588 fd=14: SHARED -> SHARED
DBimpl - LOCK REQUEST: 0x34db4680 2
[1773159759.373811708] LOCK pid=34588 fd=14: SHARED -> RESERVED
DBimpl - LOCK REQUEST: 0x34db4680 4
[1773159759.374001099] LOCK pid=34588 fd=14: RESERVED -> PENDING
[1773159759.374005237] LOCK pid=34588 fd=14: PENDING -> EXCLUSIVE
DBimpl - UNLOCK REQUEST: 0x34db4680 1
[1773159759.376031630] UNLOCK pid=34588 fd=14: EXCLUSIVE -> SHARED
DBimpl - UNLOCK REQUEST: 0x34db4680 0
[1773159759.376039975] UNLOCK pid=34588 fd=14: SHARED -> NO_LOCK
DBimpl - LOCK REQUEST: 0x34db4680 1
[1773159759.380482174] LOCK pid=34588 fd=14: NO_LOCK -> SHARED (fallback)
[1773159759.380485219] LOCK pid=34588 fd=14: SHARED -> SHARED
DBimpl - LOCK REQUEST: 0x34db4680 2
[1773159759.380503798] LOCK pid=34588 fd=14: SHARED -> RESERVED
DBimpl - LOCK REQUEST: 0x34db4680 4
[1773159759.380671773] LOCK pid=34588 fd=14: RESERVED -> PENDING
[1773159759.380673649] LOCK pid=34588 fd=14: PENDING -> EXCLUSIVE
DBimpl - UNLOCK REQUEST: 0x34db4680 1
[1773159759.382926764] UNLOCK pid=34588 fd=14: EXCLUSIVE -> SHARED
DBimpl - UNLOCK REQUEST: 0x34db4680 0
[1773159759.382935696] UNLOCK pid=34588 fd=14: SHARED -> NO_LOCK
DBimpl - LOCK REQUEST: 0x34db4680 1
[1773159759.383736998] LOCK pid=34587 fd=12: NO_LOCK -> SHARED (fallback)
[1773159759.383739256] LOCK pid=34587 fd=12: SHARED -> SHARED
DBimpl - LOCK REQUEST: 0x34db4680 2
[1773159759.383753185] LOCK pid=34587 fd=12: SHARED -> RESERVED
DBimpl - LOCK REQUEST: 0x34db4680 4
[1773159759.386488669] LOCK pid=34587 fd=12: RESERVED -> PENDING
[1773159759.386490549] LOCK pid=34587 fd=12: PENDING -> EXCLUSIVE
DBimpl - LOCK REQUEST: 0x34db4680 1
DBimpl - LOCK REQUEST: 0x34db4680 1
DBimpl - UNLOCK REQUEST: 0x34db4680 1
[1773159759.389331962] UNLOCK pid=34587 fd=12: EXCLUSIVE -> SHARED
DBimpl - UNLOCK REQUEST: 0x34db4680 0
[1773159759.389336683] UNLOCK pid=34587 fd=12: SHARED -> NO_LOCK
DBimpl - LOCK REQUEST: 0x34db4680 1
[1773159759.390387508] LOCK pid=34586 fd=10: NO_LOCK -> SHARED (fallback)
[1773159759.390389442] LOCK pid=34586 fd=10: SHARED -> SHARED
DBimpl - LOCK REQUEST: 0x34db4680 2
[1773159759.390401320] LOCK pid=34586 fd=10: SHARED -> RESERVED
DBimpl - LOCK REQUEST: 0x34db4680 1
[1773159759.390425250] LOCK pid=34588 fd=14: NO_LOCK -> SHARED (fallback)
[1773159759.390428212] LOCK pid=34588 fd=14: SHARED -> SHARED
DBimpl - LOCK REQUEST: 0x34db4680 2
DBimpl - UNLOCK REQUEST: 0x34db4680 0
[1773159759.390452560] UNLOCK pid=34588 fd=14: SHARED -> NO_LOCK
DBimpl - LOCK REQUEST: 0x34db4680 1
[1773159759.390551068] LOCK pid=34584 fd=6: NO_LOCK -> SHARED (fallback)
[1773159759.390553586] LOCK pid=34584 fd=6: SHARED -> SHARED
DBimpl - UNLOCK REQUEST: 0x34db4680 0
[1773159759.390804301] UNLOCK pid=34584 fd=6: SHARED -> NO_LOCK
DBimpl - LOCK REQUEST: 0x34db4680 1
DBimpl - LOCK REQUEST: 0x34db4680 4
[1773159759.390850978] LOCK pid=34587 fd=12: NO_LOCK -> SHARED (fallback)
[1773159759.390853741] LOCK pid=34587 fd=12: SHARED -> SHARED
DBimpl - LOCK REQUEST: 0x34db4680 2
DBimpl - UNLOCK REQUEST: 0x34db4680 0
[1773159759.390872270] UNLOCK pid=34587 fd=12: SHARED -> NO_LOCK
DBimpl - LOCK REQUEST: 0x34db4680 1
[1773159759.391519157] LOCK pid=34588 fd=14: NO_LOCK -> SHARED (fallback)
[1773159759.391521499] LOCK pid=34588 fd=14: SHARED -> SHARED
DBimpl - LOCK REQUEST: 0x34db4680 2
DBimpl - UNLOCK REQUEST: 0x34db4680 0
[1773159759.391538497] UNLOCK pid=34588 fd=14: SHARED -> NO_LOCK
DBimpl - LOCK REQUEST: 0x34db4680 4
[1773159759.391921632] LOCK pid=34586 fd=10: RESERVED -> PENDING
[1773159759.391925650] LOCK pid=34586 fd=10: PENDING -> EXCLUSIVE
DBimpl - LOCK REQUEST: 0x34db4680 1
DBimpl - LOCK REQUEST: 0x34db4680 1
DBimpl - LOCK REQUEST: 0x34db4680 1
DBimpl - UNLOCK REQUEST: 0x34db4680 1
[1773159759.394964111] UNLOCK pid=34586 fd=10: EXCLUSIVE -> SHARED
DBimpl - UNLOCK REQUEST: 0x34db4680 0
[1773159759.394971924] UNLOCK pid=34586 fd=10: SHARED -> NO_LOCK
DBimpl - LOCK REQUEST: 0x34db4680 1
[1773159759.398712673] LOCK pid=34588 fd=14: NO_LOCK -> SHARED (fallback)
[1773159759.398718631] LOCK pid=34588 fd=14: SHARED -> SHARED
DBimpl - LOCK REQUEST: 0x34db4680 2
[1773159759.398772225] LOCK pid=34588 fd=14: SHARED -> RESERVED
DBimpl - LOCK REQUEST: 0x34db4680 4
DBimpl - LOCK REQUEST: 0x34db4680 1
[1773159759.399066367] LOCK pid=34588 fd=14: RESERVED -> PENDING
[1773159759.399071845] LOCK pid=34588 fd=14: PENDING -> EXCLUSIVE
DBimpl - LOCK REQUEST: 0x34db4680 1
DBimpl - LOCK REQUEST: 0x34db4680 1
DBimpl - LOCK REQUEST: 0x34db4680 1
DBimpl - UNLOCK REQUEST: 0x34db4680 1
[1773159759.403164834] UNLOCK pid=34588 fd=14: EXCLUSIVE -> SHARED
DBimpl - UNLOCK REQUEST: 0x34db4680 0
[1773159759.403171740] UNLOCK pid=34588 fd=14: SHARED -> NO_LOCK
DBimpl - LOCK REQUEST: 0x34db4680 1
[1773159759.407611276] LOCK pid=34586 fd=10: NO_LOCK -> SHARED (fallback)
[1773159759.407616509] LOCK pid=34586 fd=10: SHARED -> SHARED
DBimpl - LOCK REQUEST: 0x34db4680 2
[1773159759.407648868] LOCK pid=34586 fd=10: SHARED -> RESERVED
DBimpl - LOCK REQUEST: 0x34db4680 4
[1773159759.408535967] LOCK pid=34586 fd=10: RESERVED -> PENDING
[1773159759.408539506] LOCK pid=34586 fd=10: PENDING -> EXCLUSIVE
DBimpl - LOCK REQUEST: 0x34db4680 1
DBimpl - LOCK REQUEST: 0x34db4680 1
DBimpl - UNLOCK REQUEST: 0x34db4680 1
[1773159759.411494536] UNLOCK pid=34586 fd=10: EXCLUSIVE -> SHARED
DBimpl - UNLOCK REQUEST: 0x34db4680 0
[1773159759.411502067] UNLOCK pid=34586 fd=10: SHARED -> NO_LOCK
DBimpl - LOCK REQUEST: 0x34db4680 1
[1773159759.411705486] LOCK pid=34588 fd=14: NO_LOCK -> SHARED (fallback)
[1773159759.411707544] LOCK pid=34588 fd=14: SHARED -> SHARED
DBimpl - LOCK REQUEST: 0x34db4680 2
[1773159759.411727258] LOCK pid=34588 fd=14: SHARED -> RESERVED
DBimpl - LOCK REQUEST: 0x34db4680 4
[1773159759.411890790] LOCK pid=34588 fd=14: RESERVED -> PENDING
[1773159759.411893061] LOCK pid=34588 fd=14: PENDING -> EXCLUSIVE
DBimpl - UNLOCK REQUEST: 0x34db4680 1
[1773159759.413820287] UNLOCK pid=34588 fd=14: EXCLUSIVE -> SHARED
DBimpl - UNLOCK REQUEST: 0x34db4680 0
[1773159759.413825886] UNLOCK pid=34588 fd=14: SHARED -> NO_LOCK
DBimpl - LOCK REQUEST: 0x34db4680 1
[1773159759.414492694] LOCK pid=34586 fd=10: NO_LOCK -> SHARED (fallback)
[1773159759.414495093] LOCK pid=34586 fd=10: SHARED -> SHARED
DBimpl - LOCK REQUEST: 0x34db4680 2
[1773159759.414509093] LOCK pid=34586 fd=10: SHARED -> RESERVED
DBimpl - LOCK REQUEST: 0x34db4680 4
[1773159759.415209366] LOCK pid=34586 fd=10: RESERVED -> PENDING
[1773159759.415212933] LOCK pid=34586 fd=10: PENDING -> EXCLUSIVE
DBimpl - UNLOCK REQUEST: 0x34db4680 1
[1773159759.417081818] UNLOCK pid=34586 fd=10: EXCLUSIVE -> SHARED
DBimpl - UNLOCK REQUEST: 0x34db4680 0
[1773159759.417090601] UNLOCK pid=34586 fd=10: SHARED -> NO_LOCK
DBimpl - LOCK REQUEST: 0x34db4680 1
[1773159759.419753501] LOCK pid=34584 fd=6: NO_LOCK -> SHARED (fallback)
[1773159759.419756947] LOCK pid=34584 fd=6: SHARED -> SHARED
DBimpl - UNLOCK REQUEST: 0x34db4680 0
[1773159759.420016762] UNLOCK pid=34584 fd=6: SHARED -> NO_LOCK
DBimpl - LOCK REQUEST: 0x34db4680 1
[1773159759.424293228] LOCK pid=34587 fd=12: NO_LOCK -> SHARED (fallback)
[1773159759.424296240] LOCK pid=34587 fd=12: SHARED -> SHARED
DBimpl - LOCK REQUEST: 0x34db4680 2
[1773159759.424319840] LOCK pid=34587 fd=12: SHARED -> RESERVED
DBimpl - LOCK REQUEST: 0x34db4680 4
[1773159759.424900789] LOCK pid=34587 fd=12: RESERVED -> PENDING
[1773159759.424903202] LOCK pid=34587 fd=12: PENDING -> EXCLUSIVE
DBimpl - UNLOCK REQUEST: 0x34db4680 1
[1773159759.426887567] UNLOCK pid=34587 fd=12: EXCLUSIVE -> SHARED
DBimpl - UNLOCK REQUEST: 0x34db4680 0
[1773159759.426893781] UNLOCK pid=34587 fd=12: SHARED -> NO_LOCK
DBimpl - LOCK REQUEST: 0x34db4680 1
[1773159759.430551566] LOCK pid=34585 fd=8: NO_LOCK -> SHARED (fallback)
[1773159759.430555688] LOCK pid=34585 fd=8: SHARED -> SHARED
DBimpl - UNLOCK REQUEST: 0x34db4680 0
[1773159759.430862624] UNLOCK pid=34585 fd=8: SHARED -> NO_LOCK
DBimpl - LOCK REQUEST: 0x34db4680 1
[1773159759.431570844] LOCK pid=34588 fd=14: NO_LOCK -> SHARED (fallback)
[1773159759.431573440] LOCK pid=34588 fd=14: SHARED -> SHARED
DBimpl - LOCK REQUEST: 0x34db4680 2
[1773159759.431586437] LOCK pid=34588 fd=14: SHARED -> RESERVED
DBimpl - LOCK REQUEST: 0x34db4680 4
[1773159759.431750314] LOCK pid=34588 fd=14: RESERVED -> PENDING
[1773159759.431752340] LOCK pid=34588 fd=14: PENDING -> EXCLUSIVE
DBimpl - UNLOCK REQUEST: 0x34db4680 1
[1773159759.433601761] UNLOCK pid=34588 fd=14: EXCLUSIVE -> SHARED
DBimpl - UNLOCK REQUEST: 0x34db4680 0
[1773159759.433610110] UNLOCK pid=34588 fd=14: SHARED -> NO_LOCK
DBimpl - LOCK REQUEST: 0x34db4680 1
[1773159759.434508913] LOCK pid=34587 fd=12: NO_LOCK -> SHARED (fallback)
[1773159759.434510965] LOCK pid=34587 fd=12: SHARED -> SHARED
DBimpl - LOCK REQUEST: 0x34db4680 2
[1773159759.434526078] LOCK pid=34587 fd=12: SHARED -> RESERVED
DBimpl - LOCK REQUEST: 0x34db4680 4
[1773159759.437464541] LOCK pid=34587 fd=12: RESERVED -> PENDING
[1773159759.437467097] LOCK pid=34587 fd=12: PENDING -> EXCLUSIVE
DBimpl - UNLOCK REQUEST: 0x34db4680 1
[1773159759.439269471] UNLOCK pid=34587 fd=12: EXCLUSIVE -> SHARED
DBimpl - UNLOCK REQUEST: 0x34db4680 0
[1773159759.439274912] UNLOCK pid=34587 fd=12: SHARED -> NO_LOCK
DBimpl - LOCK REQUEST: 0x34db4680 1
[1773159759.441693604] LOCK pid=34586 fd=10: NO_LOCK -> SHARED (fallback)
[1773159759.441695896] LOCK pid=34586 fd=10: SHARED -> SHARED
DBimpl - LOCK REQUEST: 0x34db4680 2
[1773159759.441715163] LOCK pid=34586 fd=10: SHARED -> RESERVED
DBimpl - LOCK REQUEST: 0x34db4680 4
[1773159759.442242909] LOCK pid=34586 fd=10: RESERVED -> PENDING
[1773159759.442245647] LOCK pid=34586 fd=10: PENDING -> EXCLUSIVE
DBimpl - LOCK REQUEST: 0x34db4680 1
DBimpl - UNLOCK REQUEST: 0x34db4680 1
[1773159759.444392697] UNLOCK pid=34586 fd=10: EXCLUSIVE -> SHARED
DBimpl - UNLOCK REQUEST: 0x34db4680 0
[1773159759.444400941] UNLOCK pid=34586 fd=10: SHARED -> NO_LOCK
DBimpl - LOCK REQUEST: 0x34db4680 1
[1773159759.445165683] LOCK pid=34588 fd=14: NO_LOCK -> SHARED (fallback)
[1773159759.445167791] LOCK pid=34588 fd=14: SHARED -> SHARED
DBimpl - LOCK REQUEST: 0x34db4680 2
[1773159759.445256290] LOCK pid=34588 fd=14: SHARED -> RESERVED
DBimpl - LOCK REQUEST: 0x34db4680 4
[1773159759.445438238] LOCK pid=34588 fd=14: RESERVED -> PENDING
[1773159759.445440410] LOCK pid=34588 fd=14: PENDING -> EXCLUSIVE
DBimpl - UNLOCK REQUEST: 0x34db4680 1
[1773159759.447501074] UNLOCK pid=34588 fd=14: EXCLUSIVE -> SHARED
DBimpl - UNLOCK REQUEST: 0x34db4680 0
[1773159759.447509246] UNLOCK pid=34588 fd=14: SHARED -> NO_LOCK
DBimpl - LOCK REQUEST: 0x34db4680 1
[1773159759.450005587] LOCK pid=34588 fd=14: NO_LOCK -> SHARED (fallback)
[1773159759.450009971] LOCK pid=34588 fd=14: SHARED -> SHARED
DBimpl - LOCK REQUEST: 0x34db4680 2
[1773159759.450035610] LOCK pid=34588 fd=14: SHARED -> RESERVED
DBimpl - LOCK REQUEST: 0x34db4680 1
[1773159759.450229851] LOCK pid=34584 fd=6: NO_LOCK -> SHARED (fallback)
[1773159759.450233524] LOCK pid=34584 fd=6: SHARED -> SHARED
DBimpl - LOCK REQUEST: 0x34db4680 4
[1773159759.450283627] LOCK pid=34588 fd=14: RESERVED -> PENDING
DBimpl - UNLOCK REQUEST: 0x34db4680 0
[1773159759.450477444] UNLOCK pid=34584 fd=6: SHARED -> NO_LOCK
DBimpl - LOCK REQUEST: 0x34db4680 4
[1773159759.451361478] LOCK pid=34588 fd=14: PENDING -> EXCLUSIVE
DBimpl - UNLOCK REQUEST: 0x34db4680 1
[1773159759.453278543] UNLOCK pid=34588 fd=14: EXCLUSIVE -> SHARED
DBimpl - UNLOCK REQUEST: 0x34db4680 0
[1773159759.453286849] UNLOCK pid=34588 fd=14: SHARED -> NO_LOCK
DBimpl - LOCK REQUEST: 0x34db4680 1
[1773159759.456980709] LOCK pid=34588 fd=14: NO_LOCK -> SHARED (fallback)
[1773159759.456985022] LOCK pid=34588 fd=14: SHARED -> SHARED
DBimpl - LOCK REQUEST: 0x34db4680 2
[1773159759.457014130] LOCK pid=34588 fd=14: SHARED -> RESERVED
DBimpl - LOCK REQUEST: 0x34db4680 4
[1773159759.457231436] LOCK pid=34588 fd=14: RESERVED -> PENDING
[1773159759.457234397] LOCK pid=34588 fd=14: PENDING -> EXCLUSIVE
DBimpl - LOCK REQUEST: 0x34db4680 1
DBimpl - LOCK REQUEST: 0x34db4680 1
DBimpl - UNLOCK REQUEST: 0x34db4680 1
[1773159759.459380277] UNLOCK pid=34588 fd=14: EXCLUSIVE -> SHARED
DBimpl - UNLOCK REQUEST: 0x34db4680 0
[1773159759.459390075] UNLOCK pid=34588 fd=14: SHARED -> NO_LOCK
DBimpl - LOCK REQUEST: 0x34db4680 1
[1773159759.461391124] LOCK pid=34586 fd=10: NO_LOCK -> SHARED (fallback)
[1773159759.461395394] LOCK pid=34586 fd=10: SHARED -> SHARED
DBimpl - LOCK REQUEST: 0x34db4680 2
[1773159759.461430675] LOCK pid=34586 fd=10: SHARED -> RESERVED
DBimpl - LOCK REQUEST: 0x34db4680 4
[1773159759.462345815] LOCK pid=34586 fd=10: RESERVED -> PENDING
[1773159759.462351503] LOCK pid=34586 fd=10: PENDING -> EXCLUSIVE
DBimpl - UNLOCK REQUEST: 0x34db4680 1
[1773159759.464284744] UNLOCK pid=34586 fd=10: EXCLUSIVE -> SHARED
DBimpl - UNLOCK REQUEST: 0x34db4680 0
[1773159759.464294184] UNLOCK pid=34586 fd=10: SHARED -> NO_LOCK
DBimpl - LOCK REQUEST: 0x34db4680 1
[1773159759.466433739] LOCK pid=34585 fd=8: NO_LOCK -> SHARED (fallback)
[1773159759.466436802] LOCK pid=34585 fd=8: SHARED -> SHARED
DBimpl - UNLOCK REQUEST: 0x34db4680 0
[1773159759.466656492] UNLOCK pid=34585 fd=8: SHARED -> NO_LOCK
DBimpl - LOCK REQUEST: 0x34db4680 1
[1773159759.467003908] LOCK pid=34586 fd=10: NO_LOCK -> SHARED (fallback)
[1773159759.467006802] LOCK pid=34586 fd=10: SHARED -> SHARED
DBimpl - LOCK REQUEST: 0x34db4680 2
[1773159759.467028698] LOCK pid=34586 fd=10: SHARED -> RESERVED
DBimpl - LOCK REQUEST: 0x34db4680 4
[1773159759.467250790] LOCK pid=34586 fd=10: RESERVED -> PENDING
[1773159759.467253664] LOCK pid=34586 fd=10: PENDING -> EXCLUSIVE
DBimpl - LOCK REQUEST: 0x34db4680 1
DBimpl - LOCK REQUEST: 0x34db4680 1
DBimpl - UNLOCK REQUEST: 0x34db4680 1
[1773159759.469596474] UNLOCK pid=34586 fd=10: EXCLUSIVE -> SHARED
DBimpl - UNLOCK REQUEST: 0x34db4680 0
[1773159759.469605111] UNLOCK pid=34586 fd=10: SHARED -> NO_LOCK
DBimpl - LOCK REQUEST: 0x34db4680 1
[1773159759.470701184] LOCK pid=34587 fd=12: NO_LOCK -> SHARED (fallback)
[1773159759.470703877] LOCK pid=34587 fd=12: SHARED -> SHARED
DBimpl - LOCK REQUEST: 0x34db4680 2
[1773159759.470722344] LOCK pid=34587 fd=12: SHARED -> RESERVED
DBimpl - LOCK REQUEST: 0x34db4680 1
[1773159759.470905147] LOCK pid=34584 fd=6: NO_LOCK -> SHARED (fallback)
[1773159759.470907823] LOCK pid=34584 fd=6: SHARED -> SHARED
DBimpl - UNLOCK REQUEST: 0x34db4680 0
[1773159759.471156619] UNLOCK pid=34584 fd=6: SHARED -> NO_LOCK
DBimpl - LOCK REQUEST: 0x34db4680 1
[1773159759.471872304] LOCK pid=34585 fd=8: NO_LOCK -> SHARED (fallback)
[1773159759.471874884] LOCK pid=34585 fd=8: SHARED -> SHARED
DBimpl - UNLOCK REQUEST: 0x34db4680 0
[1773159759.472129279] UNLOCK pid=34585 fd=8: SHARED -> NO_LOCK
DBimpl - LOCK REQUEST: 0x34db4680 1
[1773159759.472461754] LOCK pid=34584 fd=6: NO_LOCK -> SHARED (fallback)
[1773159759.472464218] LOCK pid=34584 fd=6: SHARED -> SHARED
DBimpl - UNLOCK REQUEST: 0x34db4680 0
[1773159759.472661091] UNLOCK pid=34584 fd=6: SHARED -> NO_LOCK
DBimpl - LOCK REQUEST: 0x34db4680 1
[1773159759.476463074] LOCK pid=34585 fd=8: NO_LOCK -> SHARED (fallback)
[1773159759.476465924] LOCK pid=34585 fd=8: SHARED -> SHARED
DBimpl - UNLOCK REQUEST: 0x34db4680 0
[1773159759.476672855] UNLOCK pid=34585 fd=8: SHARED -> NO_LOCK
DBimpl - LOCK REQUEST: 0x34db4680 4
[1773159759.477798246] LOCK pid=34587 fd=12: RESERVED -> PENDING
[1773159759.477802611] LOCK pid=34587 fd=12: PENDING -> EXCLUSIVE
DBimpl - LOCK REQUEST: 0x34db4680 1
DBimpl - LOCK REQUEST: 0x34db4680 1
DBimpl - UNLOCK REQUEST: 0x34db4680 1
[1773159759.479761712] UNLOCK pid=34587 fd=12: EXCLUSIVE -> SHARED
DBimpl - UNLOCK REQUEST: 0x34db4680 0
[1773159759.479769271] UNLOCK pid=34587 fd=12: SHARED -> NO_LOCK
DBimpl - LOCK REQUEST: 0x34db4680 1
[1773159759.479837185] LOCK pid=34588 fd=14: NO_LOCK -> SHARED (fallback)
[1773159759.479839337] LOCK pid=34588 fd=14: SHARED -> SHARED
DBimpl - LOCK REQUEST: 0x34db4680 2
DBimpl - LOCK REQUEST: 0x34db4680 1
[1773159759.479853838] LOCK pid=34588 fd=14: SHARED -> RESERVED
[1773159759.479857476] LOCK pid=34586 fd=10: NO_LOCK -> SHARED (fallback)
[1773159759.479859813] LOCK pid=34586 fd=10: SHARED -> SHARED
DBimpl - LOCK REQUEST: 0x34db4680 2
DBimpl - UNLOCK REQUEST: 0x34db4680 0
[1773159759.479878043] UNLOCK pid=34586 fd=10: SHARED -> NO_LOCK
DBimpl - LOCK REQUEST: 0x34db4680 4
[1773159759.480006579] LOCK pid=34588 fd=14: RESERVED -> PENDING
[1773159759.480008503] LOCK pid=34588 fd=14: PENDING -> EXCLUSIVE
DBimpl - LOCK REQUEST: 0x34db4680 1
DBimpl - UNLOCK REQUEST: 0x34db4680 1
[1773159759.481787352] UNLOCK pid=34588 fd=14: EXCLUSIVE -> SHARED
DBimpl - UNLOCK REQUEST: 0x34db4680 0
[1773159759.481795511] UNLOCK pid=34588 fd=14: SHARED -> NO_LOCK
DBimpl - LOCK REQUEST: 0x34db4680 1
[1773159759.481949916] LOCK pid=34586 fd=10: NO_LOCK -> SHARED (fallback)
[1773159759.481952550] LOCK pid=34586 fd=10: SHARED -> SHARED
DBimpl - LOCK REQUEST: 0x34db4680 2
[1773159759.481972300] LOCK pid=34586 fd=10: SHARED -> RESERVED
DBimpl - LOCK REQUEST: 0x34db4680 1
[1773159759.482076195] LOCK pid=34585 fd=8: NO_LOCK -> SHARED (fallback)
[1773159759.482078257] LOCK pid=34585 fd=8: SHARED -> SHARED
DBimpl - UNLOCK REQUEST: 0x34db4680 0
[1773159759.482300226] UNLOCK pid=34585 fd=8: SHARED -> NO_LOCK
DBimpl - LOCK REQUEST: 0x34db4680 4
[1773159759.482804282] LOCK pid=34586 fd=10: RESERVED -> PENDING
[1773159759.482807176] LOCK pid=34586 fd=10: PENDING -> EXCLUSIVE
DBimpl - LOCK REQUEST: 0x34db4680 1
DBimpl - LOCK REQUEST: 0x34db4680 1
DBimpl - LOCK REQUEST: 0x34db4680 1
DBimpl - UNLOCK REQUEST: 0x34db4680 1
[1773159759.484489948] UNLOCK pid=34586 fd=10: EXCLUSIVE -> SHARED
DBimpl - UNLOCK REQUEST: 0x34db4680 0
[1773159759.484496223] UNLOCK pid=34586 fd=10: SHARED -> NO_LOCK
DBimpl - LOCK REQUEST: 0x34db4680 1
[1773159759.484791179] LOCK pid=34585 fd=8: NO_LOCK -> SHARED (fallback)
[1773159759.484792855] LOCK pid=34585 fd=8: SHARED -> SHARED
DBimpl - UNLOCK REQUEST: 0x34db4680 0
[1773159759.484965834] UNLOCK pid=34585 fd=8: SHARED -> NO_LOCK
DBimpl - LOCK REQUEST: 0x34db4680 1
[1773159759.485362666] LOCK pid=34587 fd=12: NO_LOCK -> SHARED (fallback)
[1773159759.485365004] LOCK pid=34587 fd=12: SHARED -> SHARED
DBimpl - LOCK REQUEST: 0x34db4680 2
[1773159759.485381363] LOCK pid=34587 fd=12: SHARED -> RESERVED
DBimpl - LOCK REQUEST: 0x34db4680 1
[1773159759.485459628] LOCK pid=34588 fd=14: NO_LOCK -> SHARED (fallback)
[1773159759.485461813] LOCK pid=34588 fd=14: SHARED -> SHARED
DBimpl - LOCK REQUEST: 0x34db4680 2
DBimpl - UNLOCK REQUEST: 0x34db4680 0
[1773159759.485473985] UNLOCK pid=34588 fd=14: SHARED -> NO_LOCK
DBimpl - LOCK REQUEST: 0x34db4680 1
[1773159759.486032054] LOCK pid=34586 fd=10: NO_LOCK -> SHARED (fallback)
[1773159759.486033519] LOCK pid=34586 fd=10: SHARED -> SHARED
DBimpl - LOCK REQUEST: 0x34db4680 2
DBimpl - UNLOCK REQUEST: 0x34db4680 0
[1773159759.486048467] UNLOCK pid=34586 fd=10: SHARED -> NO_LOCK
DBimpl - LOCK REQUEST: 0x34db4680 1
[1773159759.487132840] LOCK pid=34586 fd=10: NO_LOCK -> SHARED (fallback)
[1773159759.487134094] LOCK pid=34586 fd=10: SHARED -> SHARED
DBimpl - LOCK REQUEST: 0x34db4680 2
DBimpl - UNLOCK REQUEST: 0x34db4680 0
[1773159759.487143116] UNLOCK pid=34586 fd=10: SHARED -> NO_LOCK
DBimpl - LOCK REQUEST: 0x34db4680 1
[1773159759.487542679] LOCK pid=34588 fd=14: NO_LOCK -> SHARED (fallback)
[1773159759.487544879] LOCK pid=34588 fd=14: SHARED -> SHARED
DBimpl - LOCK REQUEST: 0x34db4680 2
DBimpl - UNLOCK REQUEST: 0x34db4680 0
[1773159759.487562040] UNLOCK pid=34588 fd=14: SHARED -> NO_LOCK
DBimpl - LOCK REQUEST: 0x34db4680 1
[1773159759.489237975] LOCK pid=34586 fd=10: NO_LOCK -> SHARED (fallback)
[1773159759.489239850] LOCK pid=34586 fd=10: SHARED -> SHARED
DBimpl - LOCK REQUEST: 0x34db4680 2
DBimpl - UNLOCK REQUEST: 0x34db4680 0
[1773159759.489254845] UNLOCK pid=34586 fd=10: SHARED -> NO_LOCK
DBimpl - LOCK REQUEST: 0x34db4680 4
[1773159759.491430836] LOCK pid=34587 fd=12: RESERVED -> PENDING
DBimpl - LOCK REQUEST: 0x34db4680 1
[1773159759.491434469] LOCK pid=34587 fd=12: PENDING -> EXCLUSIVE
DBimpl - LOCK REQUEST: 0x34db4680 1
DBimpl - LOCK REQUEST: 0x34db4680 1
DBimpl - UNLOCK REQUEST: 0x34db4680 1
[1773159759.493425196] UNLOCK pid=34587 fd=12: EXCLUSIVE -> SHARED
DBimpl - UNLOCK REQUEST: 0x34db4680 0
[1773159759.493430878] UNLOCK pid=34587 fd=12: SHARED -> NO_LOCK
DBimpl - LOCK REQUEST: 0x34db4680 1
[1773159759.494265062] LOCK pid=34587 fd=12: NO_LOCK -> SHARED (fallback)
[1773159759.494267662] LOCK pid=34587 fd=12: SHARED -> SHARED
DBimpl - LOCK REQUEST: 0x34db4680 2
[1773159759.494282811] LOCK pid=34587 fd=12: SHARED -> RESERVED
DBimpl - LOCK REQUEST: 0x34db4680 1
[1773159759.494329407] LOCK pid=34586 fd=10: NO_LOCK -> SHARED (fallback)
[1773159759.494333197] LOCK pid=34586 fd=10: SHARED -> SHARED
DBimpl - LOCK REQUEST: 0x34db4680 2
DBimpl - UNLOCK REQUEST: 0x34db4680 0
[1773159759.494364621] UNLOCK pid=34586 fd=10: SHARED -> NO_LOCK
DBimpl - LOCK REQUEST: 0x34db4680 1
[1773159759.494597624] LOCK pid=34584 fd=6: NO_LOCK -> SHARED (fallback)
[1773159759.494600147] LOCK pid=34584 fd=6: SHARED -> SHARED
DBimpl - UNLOCK REQUEST: 0x34db4680 0
[1773159759.494965200] UNLOCK pid=34584 fd=6: SHARED -> NO_LOCK
DBimpl - LOCK REQUEST: 0x34db4680 1
[1773159759.499760717] LOCK pid=34584 fd=6: NO_LOCK -> SHARED (fallback)
[1773159759.499764833] LOCK pid=34584 fd=6: SHARED -> SHARED
DBimpl - UNLOCK REQUEST: 0x34db4680 0
[1773159759.500082570] UNLOCK pid=34584 fd=6: SHARED -> NO_LOCK
DBimpl - LOCK REQUEST: 0x34db4680 4
[1773159759.500691347] LOCK pid=34587 fd=12: RESERVED -> PENDING
[1773159759.500693493] LOCK pid=34587 fd=12: PENDING -> EXCLUSIVE
DBimpl - UNLOCK REQUEST: 0x34db4680 1
[1773159759.500697942] UNLOCK pid=34587 fd=12: EXCLUSIVE -> SHARED
DBimpl - UNLOCK REQUEST: 0x34db4680 0
[1773159759.500701547] UNLOCK pid=34587 fd=12: SHARED -> NO_LOCK
DBimpl - LOCK REQUEST: 0x34db4680 1
[1773159759.502748181] LOCK pid=34588 fd=14: NO_LOCK -> SHARED (fallback)
[1773159759.502751281] LOCK pid=34588 fd=14: SHARED -> SHARED
DBimpl - LOCK REQUEST: 0x34db4680 2
[1773159759.502766689] LOCK pid=34588 fd=14: SHARED -> RESERVED
DBimpl - LOCK REQUEST: 0x34db4680 4
[1773159759.502947274] LOCK pid=34588 fd=14: RESERVED -> PENDING
[1773159759.502949127] LOCK pid=34588 fd=14: PENDING -> EXCLUSIVE
DBimpl - LOCK REQUEST: 0x34db4680 1
DBimpl - LOCK REQUEST: 0x34db4680 1
DBimpl - UNLOCK REQUEST: 0x34db4680 1
[1773159759.505115017] UNLOCK pid=34588 fd=14: EXCLUSIVE -> SHARED
DBimpl - UNLOCK REQUEST: 0x34db4680 0
[1773159759.505123978] UNLOCK pid=34588 fd=14: SHARED -> NO_LOCK
DBimpl - LOCK REQUEST: 0x34db4680 1
[1773159759.506144256] LOCK pid=34584 fd=6: NO_LOCK -> SHARED (fallback)
[1773159759.506146799] LOCK pid=34584 fd=6: SHARED -> SHARED
DBimpl - UNLOCK REQUEST: 0x34db4680 0
[1773159759.506318519] UNLOCK pid=34584 fd=6: SHARED -> NO_LOCK
DBimpl - LOCK REQUEST: 0x34db4680 1
[1773159759.506421496] LOCK pid=34587 fd=12: NO_LOCK -> SHARED (fallback)
[1773159759.506423061] LOCK pid=34587 fd=12: SHARED -> SHARED
DBimpl - LOCK REQUEST: 0x34db4680 2
[1773159759.506433139] LOCK pid=34587 fd=12: SHARED -> RESERVED
DBimpl - LOCK REQUEST: 0x34db4680 1
DBimpl - LOCK REQUEST: 0x34db4680 4
[1773159759.512386960] LOCK pid=34585 fd=8: NO_LOCK -> SHARED (fallback)
[1773159759.512389331] LOCK pid=34587 fd=12: RESERVED -> PENDING
[1773159759.512390986] LOCK pid=34585 fd=8: SHARED -> SHARED
DBimpl - LOCK REQUEST: 0x34db4680 1
DBimpl - UNLOCK REQUEST: 0x34db4680 0
[1773159759.512756381] UNLOCK pid=34585 fd=8: SHARED -> NO_LOCK
DBimpl - LOCK REQUEST: 0x34db4680 4
[1773159759.513464737] LOCK pid=34587 fd=12: PENDING -> EXCLUSIVE
DBimpl - LOCK REQUEST: 0x34db4680 1
DBimpl - LOCK REQUEST: 0x34db4680 1
DBimpl - UNLOCK REQUEST: 0x34db4680 1
[1773159759.516333176] UNLOCK pid=34587 fd=12: EXCLUSIVE -> SHARED
DBimpl - UNLOCK REQUEST: 0x34db4680 0
[1773159759.516340950] UNLOCK pid=34587 fd=12: SHARED -> NO_LOCK
DBimpl - LOCK REQUEST: 0x34db4680 1
[1773159759.517282229] LOCK pid=34585 fd=8: NO_LOCK -> SHARED (fallback)
[1773159759.517285227] LOCK pid=34585 fd=8: SHARED -> SHARED
DBimpl - UNLOCK REQUEST: 0x34db4680 0
[1773159759.517647307] UNLOCK pid=34585 fd=8: SHARED -> NO_LOCK
DBimpl - LOCK REQUEST: 0x34db4680 1
[1773159759.519528142] LOCK pid=34586 fd=10: NO_LOCK -> SHARED (fallback)
[1773159759.519531486] LOCK pid=34586 fd=10: SHARED -> SHARED
DBimpl - LOCK REQUEST: 0x34db4680 2
[1773159759.519552668] LOCK pid=34586 fd=10: SHARED -> RESERVED
DBimpl - LOCK REQUEST: 0x34db4680 4
[1773159759.519786770] LOCK pid=34586 fd=10: RESERVED -> PENDING
[1773159759.519789615] LOCK pid=34586 fd=10: PENDING -> EXCLUSIVE
DBimpl - LOCK REQUEST: 0x34db4680 1
DBimpl - LOCK REQUEST: 0x34db4680 1
DBimpl - LOCK REQUEST: 0x34db4680 1
DBimpl - LOCK REQUEST: 0x34db4680 1
DBimpl - UNLOCK REQUEST: 0x34db4680 1
[1773159759.523047586] UNLOCK pid=34586 fd=10: EXCLUSIVE -> SHARED
DBimpl - UNLOCK REQUEST: 0x34db4680 0
[1773159759.523053843] UNLOCK pid=34586 fd=10: SHARED -> NO_LOCK
DBimpl - LOCK REQUEST: 0x34db4680 1
[1773159759.523553385] LOCK pid=34584 fd=6: NO_LOCK -> SHARED (fallback)
[1773159759.523556005] LOCK pid=34584 fd=6: SHARED -> SHARED
DBimpl - LOCK REQUEST: 0x34db4680 1
[1773159759.523681482] LOCK pid=34585 fd=8: NO_LOCK -> SHARED (fallback)
[1773159759.523683652] LOCK pid=34585 fd=8: SHARED -> SHARED
DBimpl - UNLOCK REQUEST: 0x34db4680 0
[1773159759.524045857] UNLOCK pid=34585 fd=8: SHARED -> NO_LOCK
DBimpl - UNLOCK REQUEST: 0x34db4680 0
[1773159759.524279159] UNLOCK pid=34584 fd=6: SHARED -> NO_LOCK
DBimpl - LOCK REQUEST: 0x34db4680 1
[1773159759.524919676] LOCK pid=34584 fd=6: NO_LOCK -> SHARED (fallback)
[1773159759.524921460] LOCK pid=34584 fd=6: SHARED -> SHARED
DBimpl - UNLOCK REQUEST: 0x34db4680 0
[1773159759.525220568] UNLOCK pid=34584 fd=6: SHARED -> NO_LOCK
DBimpl - LOCK REQUEST: 0x34db4680 1
[1773159759.526131222] LOCK pid=34585 fd=8: NO_LOCK -> SHARED (fallback)
[1773159759.526133912] LOCK pid=34585 fd=8: SHARED -> SHARED
DBimpl - UNLOCK REQUEST: 0x34db4680 0
[1773159759.526480977] UNLOCK pid=34585 fd=8: SHARED -> NO_LOCK
DBimpl - LOCK REQUEST: 0x34db4680 1
[1773159759.528165151] LOCK pid=34586 fd=10: NO_LOCK -> SHARED (fallback)
[1773159759.528168190] LOCK pid=34586 fd=10: SHARED -> SHARED
DBimpl - LOCK REQUEST: 0x34db4680 2
[1773159759.528182859] LOCK pid=34586 fd=10: SHARED -> RESERVED
DBimpl - LOCK REQUEST: 0x34db4680 1
[1773159759.528331090] LOCK pid=34585 fd=8: NO_LOCK -> SHARED (fallback)
[1773159759.528333334] LOCK pid=34585 fd=8: SHARED -> SHARED
DBimpl - UNLOCK REQUEST: 0x34db4680 0
[1773159759.528647847] UNLOCK pid=34585 fd=8: SHARED -> NO_LOCK
DBimpl - LOCK REQUEST: 0x34db4680 4
[1773159759.529073166] LOCK pid=34586 fd=10: RESERVED -> PENDING
[1773159759.529076235] LOCK pid=34586 fd=10: PENDING -> EXCLUSIVE
DBimpl - LOCK REQUEST: 0x34db4680 1
DBimpl - LOCK REQUEST: 0x34db4680 1
DBimpl - LOCK REQUEST: 0x34db4680 1
DBimpl - LOCK REQUEST: 0x34db4680 1
DBimpl - LOCK REQUEST: 0x34db4680 1
DBimpl - LOCK REQUEST: 0x34db4680 1
DBimpl - UNLOCK REQUEST: 0x34db4680 1
[1773159759.535846301] UNLOCK pid=34586 fd=10: EXCLUSIVE -> SHARED
DBimpl - UNLOCK REQUEST: 0x34db4680 0
[1773159759.535856471] UNLOCK pid=34586 fd=10: SHARED -> NO_LOCK
DBimpl - LOCK REQUEST: 0x34db4680 1
[1773159759.536025286] LOCK pid=34585 fd=8: NO_LOCK -> SHARED (fallback)
[1773159759.536027909] LOCK pid=34585 fd=8: SHARED -> SHARED
DBimpl - UNLOCK REQUEST: 0x34db4680 0
[1773159759.536423881] UNLOCK pid=34585 fd=8: SHARED -> NO_LOCK
DBimpl - LOCK REQUEST: 0x34db4680 1
[1773159759.539681285] LOCK pid=34584 fd=6: NO_LOCK -> SHARED (fallback)
[1773159759.539685722] LOCK pid=34584 fd=6: SHARED -> SHARED
DBimpl - UNLOCK REQUEST: 0x34db4680 0
[1773159759.540041201] UNLOCK pid=34584 fd=6: SHARED -> NO_LOCK
DBimpl - LOCK REQUEST: 0x34db4680 1
[1773159759.548032641] LOCK pid=34588 fd=14: NO_LOCK -> SHARED (fallback)
[1773159759.548036662] LOCK pid=34588 fd=14: SHARED -> SHARED
DBimpl - LOCK REQUEST: 0x34db4680 2
[1773159759.548075175] LOCK pid=34588 fd=14: SHARED -> RESERVED
DBimpl - LOCK REQUEST: 0x34db4680 4
[1773159759.548437787] LOCK pid=34588 fd=14: RESERVED -> PENDING
[1773159759.548441563] LOCK pid=34588 fd=14: PENDING -> EXCLUSIVE
DBimpl - UNLOCK REQUEST: 0x34db4680 1
[1773159759.550300791] UNLOCK pid=34588 fd=14: EXCLUSIVE -> SHARED
DBimpl - UNLOCK REQUEST: 0x34db4680 0
[1773159759.550305655] UNLOCK pid=34588 fd=14: SHARED -> NO_LOCK
DBimpl - LOCK REQUEST: 0x34db4680 1
[1773159759.552054740] LOCK pid=34585 fd=8: NO_LOCK -> SHARED (fallback)
[1773159759.552057594] LOCK pid=34585 fd=8: SHARED -> SHARED
DBimpl - UNLOCK REQUEST: 0x34db4680 0
[1773159759.552289390] UNLOCK pid=34585 fd=8: SHARED -> NO_LOCK
DBimpl - LOCK REQUEST: 0x34db4680 1
[1773159759.552773255] LOCK pid=34584 fd=6: NO_LOCK -> SHARED (fallback)
[1773159759.552774987] LOCK pid=34584 fd=6: SHARED -> SHARED
DBimpl - LOCK REQUEST: 0x34db4680 1
[1773159759.552871983] LOCK pid=34585 fd=8: NO_LOCK -> SHARED (fallback)
[1773159759.552873924] LOCK pid=34585 fd=8: SHARED -> SHARED
DBimpl - UNLOCK REQUEST: 0x34db4680 0
[1773159759.552995521] UNLOCK pid=34584 fd=6: SHARED -> NO_LOCK
DBimpl - UNLOCK REQUEST: 0x34db4680 0
[1773159759.553089079] UNLOCK pid=34585 fd=8: SHARED -> NO_LOCK
DBimpl - LOCK REQUEST: 0x34db4680 1
[1773159759.553643615] LOCK pid=34586 fd=10: NO_LOCK -> SHARED (fallback)
[1773159759.553645806] LOCK pid=34586 fd=10: SHARED -> SHARED
DBimpl - LOCK REQUEST: 0x34db4680 2
[1773159759.553659857] LOCK pid=34586 fd=10: SHARED -> RESERVED
DBimpl - LOCK REQUEST: 0x34db4680 4
[1773159759.553833722] LOCK pid=34586 fd=10: RESERVED -> PENDING
[1773159759.553835758] LOCK pid=34586 fd=10: PENDING -> EXCLUSIVE
DBimpl - LOCK REQUEST: 0x34db4680 1
DBimpl - UNLOCK REQUEST: 0x34db4680 1
[1773159759.555578874] UNLOCK pid=34586 fd=10: EXCLUSIVE -> SHARED
DBimpl - UNLOCK REQUEST: 0x34db4680 0
[1773159759.555583968] UNLOCK pid=34586 fd=10: SHARED -> NO_LOCK
DBimpl - LOCK REQUEST: 0x34db4680 1
[1773159759.556081335] LOCK pid=34588 fd=14: NO_LOCK -> SHARED (fallback)
[1773159759.556082768] LOCK pid=34588 fd=14: SHARED -> SHARED
DBimpl - LOCK REQUEST: 0x34db4680 2
[1773159759.556094819] LOCK pid=34588 fd=14: SHARED -> RESERVED
DBimpl - LOCK REQUEST: 0x34db4680 1
DBimpl - LOCK REQUEST: 0x34db4680 4
[1773159759.556214907] LOCK pid=34587 fd=12: NO_LOCK -> SHARED (fallback)
[1773159759.556216547] LOCK pid=34588 fd=14: RESERVED -> PENDING
[1773159759.556217706] LOCK pid=34587 fd=12: SHARED -> SHARED
DBimpl - LOCK REQUEST: 0x34db4680 2
DBimpl - UNLOCK REQUEST: 0x34db4680 0
[1773159759.556236953] UNLOCK pid=34587 fd=12: SHARED -> NO_LOCK
DBimpl - LOCK REQUEST: 0x34db4680 4
[1773159759.557279281] LOCK pid=34588 fd=14: PENDING -> EXCLUSIVE
DBimpl - LOCK REQUEST: 0x34db4680 1
DBimpl - LOCK REQUEST: 0x34db4680 1
DBimpl - LOCK REQUEST: 0x34db4680 1
DBimpl - UNLOCK REQUEST: 0x34db4680 1
[1773159759.559394709] UNLOCK pid=34588 fd=14: EXCLUSIVE -> SHARED
DBimpl - UNLOCK REQUEST: 0x34db4680 0
[1773159759.559400450] UNLOCK pid=34588 fd=14: SHARED -> NO_LOCK
DBimpl - LOCK REQUEST: 0x34db4680 1
[1773159759.561170596] LOCK pid=34586 fd=10: NO_LOCK -> SHARED (fallback)
[1773159759.561173558] LOCK pid=34586 fd=10: SHARED -> SHARED
DBimpl - LOCK REQUEST: 0x34db4680 2
[1773159759.561192283] LOCK pid=34586 fd=10: SHARED -> RESERVED
DBimpl - LOCK REQUEST: 0x34db4680 4
[1773159759.561800147] LOCK pid=34586 fd=10: RESERVED -> PENDING
[1773159759.561802542] LOCK pid=34586 fd=10: PENDING -> EXCLUSIVE
DBimpl - LOCK REQUEST: 0x34db4680 1
DBimpl - LOCK REQUEST: 0x34db4680 1
DBimpl - UNLOCK REQUEST: 0x34db4680 1
[1773159759.563497816] UNLOCK pid=34586 fd=10: EXCLUSIVE -> SHARED
DBimpl - UNLOCK REQUEST: 0x34db4680 0
[1773159759.563502244] UNLOCK pid=34586 fd=10: SHARED -> NO_LOCK
DBimpl - LOCK REQUEST: 0x34db4680 1
[1773159759.563770290] LOCK pid=34585 fd=8: NO_LOCK -> SHARED (fallback)
[1773159759.563772565] LOCK pid=34585 fd=8: SHARED -> SHARED
DBimpl - UNLOCK REQUEST: 0x34db4680 0
[1773159759.563967742] UNLOCK pid=34585 fd=8: SHARED -> NO_LOCK
DBimpl - LOCK REQUEST: 0x34db4680 1
[1773159759.564407893] LOCK pid=34584 fd=6: NO_LOCK -> SHARED (fallback)
[1773159759.564409597] LOCK pid=34584 fd=6: SHARED -> SHARED
DBimpl - UNLOCK REQUEST: 0x34db4680 0
[1773159759.564535046] UNLOCK pid=34584 fd=6: SHARED -> NO_LOCK
DBimpl - LOCK REQUEST: 0x34db4680 1
[1773159759.570069754] LOCK pid=34585 fd=8: NO_LOCK -> SHARED (fallback)
[1773159759.570071748] LOCK pid=34585 fd=8: SHARED -> SHARED
DBimpl - UNLOCK REQUEST: 0x34db4680 0
[1773159759.570222990] UNLOCK pid=34585 fd=8: SHARED -> NO_LOCK
DBimpl - LOCK REQUEST: 0x34db4680 1
[1773159759.573480976] LOCK pid=34587 fd=12: NO_LOCK -> SHARED (fallback)
[1773159759.573483000] LOCK pid=34587 fd=12: SHARED -> SHARED
DBimpl - LOCK REQUEST: 0x34db4680 2
[1773159759.573497379] LOCK pid=34587 fd=12: SHARED -> RESERVED
DBimpl - LOCK REQUEST: 0x34db4680 1
[1773159759.574867009] LOCK pid=34588 fd=14: NO_LOCK -> SHARED (fallback)
[1773159759.574869419] LOCK pid=34588 fd=14: SHARED -> SHARED
DBimpl - LOCK REQUEST: 0x34db4680 2
DBimpl - UNLOCK REQUEST: 0x34db4680 0
[1773159759.574905158] UNLOCK pid=34588 fd=14: SHARED -> NO_LOCK
DBimpl - LOCK REQUEST: 0x34db4680 1
[1773159759.575970805] LOCK pid=34588 fd=14: NO_LOCK -> SHARED (fallback)
[1773159759.575972751] LOCK pid=34588 fd=14: SHARED -> SHARED
DBimpl - LOCK REQUEST: 0x34db4680 2
DBimpl - UNLOCK REQUEST: 0x34db4680 0
[1773159759.575986068] UNLOCK pid=34588 fd=14: SHARED -> NO_LOCK
DBimpl - LOCK REQUEST: 0x34db4680 1
[1773159759.576379280] LOCK pid=34585 fd=8: NO_LOCK -> SHARED (fallback)
[1773159759.576380913] LOCK pid=34585 fd=8: SHARED -> SHARED
DBimpl - UNLOCK REQUEST: 0x34db4680 0
[1773159759.576518533] UNLOCK pid=34585 fd=8: SHARED -> NO_LOCK
DBimpl - LOCK REQUEST: 0x34db4680 1
[1773159759.576614829] LOCK pid=34584 fd=6: NO_LOCK -> SHARED (fallback)
[1773159759.576616413] LOCK pid=34584 fd=6: SHARED -> SHARED
DBimpl - UNLOCK REQUEST: 0x34db4680 0
[1773159759.576747612] UNLOCK pid=34584 fd=6: SHARED -> NO_LOCK
DBimpl - LOCK REQUEST: 0x34db4680 1
[1773159759.578069121] LOCK pid=34588 fd=14: NO_LOCK -> SHARED (fallback)
[1773159759.578070803] LOCK pid=34588 fd=14: SHARED -> SHARED
DBimpl - LOCK REQUEST: 0x34db4680 2
DBimpl - UNLOCK REQUEST: 0x34db4680 0
[1773159759.578083946] UNLOCK pid=34588 fd=14: SHARED -> NO_LOCK
DBimpl - LOCK REQUEST: 0x34db4680 4
[1773159759.579228552] LOCK pid=34587 fd=12: RESERVED -> PENDING
[1773159759.579230711] LOCK pid=34587 fd=12: PENDING -> EXCLUSIVE
DBimpl - UNLOCK REQUEST: 0x34db4680 1
[1773159759.581158768] UNLOCK pid=34587 fd=12: EXCLUSIVE -> SHARED
DBimpl - UNLOCK REQUEST: 0x34db4680 0
[1773159759.581164782] UNLOCK pid=34587 fd=12: SHARED -> NO_LOCK
DBimpl - LOCK REQUEST: 0x34db4680 1
[1773159759.581917836] LOCK pid=34585 fd=8: NO_LOCK -> SHARED (fallback)
[1773159759.581919946] LOCK pid=34585 fd=8: SHARED -> SHARED
DBimpl - UNLOCK REQUEST: 0x34db4680 0
[1773159759.582165981] UNLOCK pid=34585 fd=8: SHARED -> NO_LOCK
DBimpl - LOCK REQUEST: 0x34db4680 1
[1773159759.583201751] LOCK pid=34588 fd=14: NO_LOCK -> SHARED (fallback)
[1773159759.583204898] LOCK pid=34588 fd=14: SHARED -> SHARED
DBimpl - LOCK REQUEST: 0x34db4680 2
[1773159759.583227162] LOCK pid=34588 fd=14: SHARED -> RESERVED
DBimpl - LOCK REQUEST: 0x34db4680 4
[1773159759.583493098] LOCK pid=34588 fd=14: RESERVED -> PENDING
[1773159759.583496351] LOCK pid=34588 fd=14: PENDING -> EXCLUSIVE
DBimpl - UNLOCK REQUEST: 0x34db4680 1
[1773159759.585479291] UNLOCK pid=34588 fd=14: EXCLUSIVE -> SHARED
DBimpl - UNLOCK REQUEST: 0x34db4680 0
[1773159759.585485922] UNLOCK pid=34588 fd=14: SHARED -> NO_LOCK
DBimpl - LOCK REQUEST: 0x34db4680 1
[1773159759.586800387] LOCK pid=34587 fd=12: NO_LOCK -> SHARED (fallback)
[1773159759.586802672] LOCK pid=34587 fd=12: SHARED -> SHARED
DBimpl - LOCK REQUEST: 0x34db4680 2
[1773159759.586817391] LOCK pid=34587 fd=12: SHARED -> RESERVED
DBimpl - LOCK REQUEST: 0x34db4680 4
[1773159759.587767039] LOCK pid=34587 fd=12: RESERVED -> PENDING
[1773159759.587769118] LOCK pid=34587 fd=12: PENDING -> EXCLUSIVE
DBimpl - UNLOCK REQUEST: 0x34db4680 1
[1773159759.589442327] UNLOCK pid=34587 fd=12: EXCLUSIVE -> SHARED
DBimpl - UNLOCK REQUEST: 0x34db4680 0
[1773159759.589448638] UNLOCK pid=34587 fd=12: SHARED -> NO_LOCK
DBimpl - LOCK REQUEST: 0x34db4680 1
[1773159759.595579067] LOCK pid=34587 fd=12: NO_LOCK -> SHARED (fallback)
[1773159759.595582012] LOCK pid=34587 fd=12: SHARED -> SHARED
DBimpl - LOCK REQUEST: 0x34db4680 2
[1773159759.595600361] LOCK pid=34587 fd=12: SHARED -> RESERVED
DBimpl - LOCK REQUEST: 0x34db4680 4
[1773159759.600094452] LOCK pid=34587 fd=12: RESERVED -> PENDING
[1773159759.600096656] LOCK pid=34587 fd=12: PENDING -> EXCLUSIVE
DBimpl - UNLOCK REQUEST: 0x34db4680 1
[1773159759.602145550] UNLOCK pid=34587 fd=12: EXCLUSIVE -> SHARED
DBimpl - UNLOCK REQUEST: 0x34db4680 0
[1773159759.602151286] UNLOCK pid=34587 fd=12: SHARED -> NO_LOCK
DBimpl - LOCK REQUEST: 0x34db4680 1
[1773159759.604475875] LOCK pid=34584 fd=6: NO_LOCK -> SHARED (fallback)
[1773159759.604479170] LOCK pid=34584 fd=6: SHARED -> SHARED
DBimpl - UNLOCK REQUEST: 0x34db4680 0
[1773159759.604775719] UNLOCK pid=34584 fd=6: SHARED -> NO_LOCK
DBimpl - LOCK REQUEST: 0x34db4680 1
[1773159759.605043017] LOCK pid=34587 fd=12: NO_LOCK -> SHARED (fallback)
[1773159759.605048922] LOCK pid=34587 fd=12: SHARED -> SHARED
DBimpl - LOCK REQUEST: 0x34db4680 2
[1773159759.605060259] LOCK pid=34587 fd=12: SHARED -> RESERVED
DBimpl - LOCK REQUEST: 0x34db4680 1
[1773159759.606010938] LOCK pid=34588 fd=14: NO_LOCK -> SHARED (fallback)
[1773159759.606012874] LOCK pid=34588 fd=14: SHARED -> SHARED
DBimpl - LOCK REQUEST: 0x34db4680 2
DBimpl - UNLOCK REQUEST: 0x34db4680 0
[1773159759.606028645] UNLOCK pid=34588 fd=14: SHARED -> NO_LOCK
DBimpl - LOCK REQUEST: 0x34db4680 1
[1773159759.607089310] LOCK pid=34588 fd=14: NO_LOCK -> SHARED (fallback)
[1773159759.607091094] LOCK pid=34588 fd=14: SHARED -> SHARED
DBimpl - LOCK REQUEST: 0x34db4680 2
DBimpl - UNLOCK REQUEST: 0x34db4680 0
[1773159759.607102475] UNLOCK pid=34588 fd=14: SHARED -> NO_LOCK
DBimpl - LOCK REQUEST: 0x34db4680 1
[1773159759.609188253] LOCK pid=34588 fd=14: NO_LOCK -> SHARED (fallback)
[1773159759.609190465] LOCK pid=34588 fd=14: SHARED -> SHARED
DBimpl - LOCK REQUEST: 0x34db4680 2
DBimpl - UNLOCK REQUEST: 0x34db4680 0
[1773159759.609205219] UNLOCK pid=34588 fd=14: SHARED -> NO_LOCK
DBimpl - LOCK REQUEST: 0x34db4680 1
[1773159759.610329658] LOCK pid=34584 fd=6: NO_LOCK -> SHARED (fallback)
[1773159759.610331568] LOCK pid=34584 fd=6: SHARED -> SHARED
DBimpl - UNLOCK REQUEST: 0x34db4680 0
[1773159759.610511407] UNLOCK pid=34584 fd=6: SHARED -> NO_LOCK
DBimpl - LOCK REQUEST: 0x34db4680 4
[1773159759.610591519] LOCK pid=34587 fd=12: RESERVED -> PENDING
[1773159759.610593969] LOCK pid=34587 fd=12: PENDING -> EXCLUSIVE
DBimpl - UNLOCK REQUEST: 0x34db4680 1
[1773159759.610598838] UNLOCK pid=34587 fd=12: EXCLUSIVE -> SHARED
DBimpl - UNLOCK REQUEST: 0x34db4680 0
[1773159759.610602673] UNLOCK pid=34587 fd=12: SHARED -> NO_LOCK
DBimpl - LOCK REQUEST: 0x34db4680 1
[1773159759.614305467] LOCK pid=34588 fd=14: NO_LOCK -> SHARED (fallback)
[1773159759.614308927] LOCK pid=34588 fd=14: SHARED -> SHARED
DBimpl - LOCK REQUEST: 0x34db4680 2
[1773159759.614325954] LOCK pid=34588 fd=14: SHARED -> RESERVED
DBimpl - LOCK REQUEST: 0x34db4680 4
[1773159759.614595229] LOCK pid=34588 fd=14: RESERVED -> PENDING
[1773159759.614598288] LOCK pid=34588 fd=14: PENDING -> EXCLUSIVE
DBimpl - UNLOCK REQUEST: 0x34db4680 1
[1773159759.617051088] UNLOCK pid=34588 fd=14: EXCLUSIVE -> SHARED
DBimpl - UNLOCK REQUEST: 0x34db4680 0
[1773159759.617059609] UNLOCK pid=34588 fd=14: SHARED -> NO_LOCK
DBimpl - LOCK REQUEST: 0x34db4680 1
[1773159759.617183660] LOCK pid=34587 fd=12: NO_LOCK -> SHARED (fallback)
[1773159759.617186092] LOCK pid=34587 fd=12: SHARED -> SHARED
DBimpl - LOCK REQUEST: 0x34db4680 2
[1773159759.617201010] LOCK pid=34587 fd=12: SHARED -> RESERVED
DBimpl - LOCK REQUEST: 0x34db4680 4
[1773159759.618052297] LOCK pid=34587 fd=12: RESERVED -> PENDING
[1773159759.618054307] LOCK pid=34587 fd=12: PENDING -> EXCLUSIVE
DBimpl - UNLOCK REQUEST: 0x34db4680 1
[1773159759.619983199] UNLOCK pid=34587 fd=12: EXCLUSIVE -> SHARED
DBimpl - UNLOCK REQUEST: 0x34db4680 0
[1773159759.619988593] UNLOCK pid=34587 fd=12: SHARED -> NO_LOCK
DBimpl - LOCK REQUEST: 0x34db4680 1
[1773159759.620369972] LOCK pid=34587 fd=12: NO_LOCK -> SHARED (fallback)
[1773159759.620371409] LOCK pid=34587 fd=12: SHARED -> SHARED
DBimpl - LOCK REQUEST: 0x34db4680 2
[1773159759.620382256] LOCK pid=34587 fd=12: SHARED -> RESERVED
DBimpl - LOCK REQUEST: 0x34db4680 1
[1773159759.620756615] LOCK pid=34585 fd=8: NO_LOCK -> SHARED (fallback)
[1773159759.620758826] LOCK pid=34585 fd=8: SHARED -> SHARED
DBimpl - UNLOCK REQUEST: 0x34db4680 0
[1773159759.620980405] UNLOCK pid=34585 fd=8: SHARED -> NO_LOCK
DBimpl - LOCK REQUEST: 0x34db4680 1
[1773159759.623819736] LOCK pid=34586 fd=10: NO_LOCK -> SHARED (fallback)
[1773159759.623822412] LOCK pid=34586 fd=10: SHARED -> SHARED
DBimpl - LOCK REQUEST: 0x34db4680 2
DBimpl - UNLOCK REQUEST: 0x34db4680 0
[1773159759.623839912] UNLOCK pid=34586 fd=10: SHARED -> NO_LOCK
DBimpl - LOCK REQUEST: 0x34db4680 1
[1773159759.624909647] LOCK pid=34586 fd=10: NO_LOCK -> SHARED (fallback)
[1773159759.624911576] LOCK pid=34586 fd=10: SHARED -> SHARED
DBimpl - LOCK REQUEST: 0x34db4680 2
DBimpl - UNLOCK REQUEST: 0x34db4680 0
[1773159759.624930754] UNLOCK pid=34586 fd=10: SHARED -> NO_LOCK
DBimpl - LOCK REQUEST: 0x34db4680 1
[1773159759.625247430] LOCK pid=34584 fd=6: NO_LOCK -> SHARED (fallback)
[1773159759.625249158] LOCK pid=34584 fd=6: SHARED -> SHARED
DBimpl - UNLOCK REQUEST: 0x34db4680 0
[1773159759.625430801] UNLOCK pid=34584 fd=6: SHARED -> NO_LOCK
DBimpl - LOCK REQUEST: 0x34db4680 1
[1773159759.625816338] LOCK pid=34584 fd=6: NO_LOCK -> SHARED (fallback)
[1773159759.625817530] LOCK pid=34584 fd=6: SHARED -> SHARED
DBimpl - UNLOCK REQUEST: 0x34db4680 0
[1773159759.625958212] UNLOCK pid=34584 fd=6: SHARED -> NO_LOCK
DBimpl - LOCK REQUEST: 0x34db4680 1
[1773159759.626574819] LOCK pid=34588 fd=14: NO_LOCK -> SHARED (fallback)
[1773159759.626577570] LOCK pid=34588 fd=14: SHARED -> SHARED
DBimpl - LOCK REQUEST: 0x34db4680 2
DBimpl - UNLOCK REQUEST: 0x34db4680 0
[1773159759.626599561] UNLOCK pid=34588 fd=14: SHARED -> NO_LOCK
DBimpl - LOCK REQUEST: 0x34db4680 1
[1773159759.626998915] LOCK pid=34586 fd=10: NO_LOCK -> SHARED (fallback)
[1773159759.627000787] LOCK pid=34586 fd=10: SHARED -> SHARED
DBimpl - LOCK REQUEST: 0x34db4680 2
DBimpl - UNLOCK REQUEST: 0x34db4680 0
[1773159759.627014708] UNLOCK pid=34586 fd=10: SHARED -> NO_LOCK
DBimpl - LOCK REQUEST: 0x34db4680 1
[1773159759.627242734] LOCK pid=34585 fd=8: NO_LOCK -> SHARED (fallback)
[1773159759.627244117] LOCK pid=34585 fd=8: SHARED -> SHARED
DBimpl - UNLOCK REQUEST: 0x34db4680 0
[1773159759.627428576] UNLOCK pid=34585 fd=8: SHARED -> NO_LOCK
DBimpl - LOCK REQUEST: 0x34db4680 4
[1773159759.627465595] LOCK pid=34587 fd=12: RESERVED -> PENDING
[1773159759.627468641] LOCK pid=34587 fd=12: PENDING -> EXCLUSIVE
DBimpl - LOCK REQUEST: 0x34db4680 1
DBimpl - LOCK REQUEST: 0x34db4680 1
DBimpl - UNLOCK REQUEST: 0x34db4680 1
[1773159759.630110080] UNLOCK pid=34587 fd=12: EXCLUSIVE -> SHARED
DBimpl - UNLOCK REQUEST: 0x34db4680 0
[1773159759.630115386] UNLOCK pid=34587 fd=12: SHARED -> NO_LOCK
DBimpl - LOCK REQUEST: 0x34db4680 1
[1773159759.631015285] LOCK pid=34587 fd=12: NO_LOCK -> SHARED (fallback)
[1773159759.631016674] LOCK pid=34587 fd=12: SHARED -> SHARED
DBimpl - LOCK REQUEST: 0x34db4680 2
[1773159759.631026982] LOCK pid=34587 fd=12: SHARED -> RESERVED
DBimpl - LOCK REQUEST: 0x34db4680 1
[1773159759.632097274] LOCK pid=34586 fd=10: NO_LOCK -> SHARED (fallback)
[1773159759.632098810] LOCK pid=34586 fd=10: SHARED -> SHARED
DBimpl - LOCK REQUEST: 0x34db4680 2
DBimpl - UNLOCK REQUEST: 0x34db4680 0
[1773159759.632110063] UNLOCK pid=34586 fd=10: SHARED -> NO_LOCK
DBimpl - LOCK REQUEST: 0x34db4680 4
[1773159759.632954998] LOCK pid=34587 fd=12: RESERVED -> PENDING
[1773159759.632956975] LOCK pid=34587 fd=12: PENDING -> EXCLUSIVE
DBimpl - UNLOCK REQUEST: 0x34db4680 1
[1773159759.632960991] UNLOCK pid=34587 fd=12: EXCLUSIVE -> SHARED
DBimpl - UNLOCK REQUEST: 0x34db4680 0
[1773159759.632964225] UNLOCK pid=34587 fd=12: SHARED -> NO_LOCK
DBimpl - LOCK REQUEST: 0x34db4680 1
[1773159759.634888392] LOCK pid=34588 fd=14: NO_LOCK -> SHARED (fallback)
[1773159759.634890484] LOCK pid=34588 fd=14: SHARED -> SHARED
DBimpl - LOCK REQUEST: 0x34db4680 2
[1773159759.634902491] LOCK pid=34588 fd=14: SHARED -> RESERVED
DBimpl - LOCK REQUEST: 0x34db4680 4
[1773159759.635142991] LOCK pid=34588 fd=14: RESERVED -> PENDING
[1773159759.635145859] LOCK pid=34588 fd=14: PENDING -> EXCLUSIVE
DBimpl - UNLOCK REQUEST: 0x34db4680 1
[1773159759.636934054] UNLOCK pid=34588 fd=14: EXCLUSIVE -> SHARED
DBimpl - UNLOCK REQUEST: 0x34db4680 0
[1773159759.636939698] UNLOCK pid=34588 fd=14: SHARED -> NO_LOCK
DBimpl - LOCK REQUEST: 0x34db4680 1
[1773159759.641328508] LOCK pid=34584 fd=6: NO_LOCK -> SHARED (fallback)
[1773159759.641331592] LOCK pid=34584 fd=6: SHARED -> SHARED
DBimpl - UNLOCK REQUEST: 0x34db4680 0
[1773159759.641548660] UNLOCK pid=34584 fd=6: SHARED -> NO_LOCK
DBimpl - LOCK REQUEST: 0x34db4680 1
[1773159759.642210044] LOCK pid=34586 fd=10: NO_LOCK -> SHARED (fallback)
[1773159759.642211721] LOCK pid=34586 fd=10: SHARED -> SHARED
DBimpl - LOCK REQUEST: 0x34db4680 2
[1773159759.642227974] LOCK pid=34586 fd=10: SHARED -> RESERVED
DBimpl - LOCK REQUEST: 0x34db4680 1
[1773159759.642728347] LOCK pid=34588 fd=14: NO_LOCK -> SHARED (fallback)
[1773159759.642731800] LOCK pid=34588 fd=14: SHARED -> SHARED
DBimpl - LOCK REQUEST: 0x34db4680 2
DBimpl - UNLOCK REQUEST: 0x34db4680 0
[1773159759.642744220] UNLOCK pid=34588 fd=14: SHARED -> NO_LOCK
DBimpl - LOCK REQUEST: 0x34db4680 4
[1773159759.642788463] LOCK pid=34586 fd=10: RESERVED -> PENDING
[1773159759.642791700] LOCK pid=34586 fd=10: PENDING -> EXCLUSIVE
DBimpl - LOCK REQUEST: 0x34db4680 1
DBimpl - LOCK REQUEST: 0x34db4680 1
DBimpl - LOCK REQUEST: 0x34db4680 1
DBimpl - UNLOCK REQUEST: 0x34db4680 1
[1773159759.645044643] UNLOCK pid=34586 fd=10: EXCLUSIVE -> SHARED
DBimpl - UNLOCK REQUEST: 0x34db4680 0
[1773159759.645049267] UNLOCK pid=34586 fd=10: SHARED -> NO_LOCK
DBimpl - LOCK REQUEST: 0x34db4680 1
[1773159759.645866923] LOCK pid=34588 fd=14: NO_LOCK -> SHARED (fallback)
[1773159759.645868444] LOCK pid=34588 fd=14: SHARED -> SHARED
DBimpl - LOCK REQUEST: 0x34db4680 2
[1773159759.645878700] LOCK pid=34588 fd=14: SHARED -> RESERVED
DBimpl - LOCK REQUEST: 0x34db4680 4
[1773159759.646027238] LOCK pid=34588 fd=14: RESERVED -> PENDING
[1773159759.646029079] LOCK pid=34588 fd=14: PENDING -> EXCLUSIVE
DBimpl - LOCK REQUEST: 0x34db4680 1
DBimpl - LOCK REQUEST: 0x34db4680 1
DBimpl - LOCK REQUEST: 0x34db4680 1
DBimpl - UNLOCK REQUEST: 0x34db4680 1
[1773159759.648272412] UNLOCK pid=34588 fd=14: EXCLUSIVE -> SHARED
DBimpl - UNLOCK REQUEST: 0x34db4680 0
[1773159759.648277686] UNLOCK pid=34588 fd=14: SHARED -> NO_LOCK
DBimpl - LOCK REQUEST: 0x34db4680 1
[1773159759.649271246] LOCK pid=34586 fd=10: NO_LOCK -> SHARED (fallback)
[1773159759.649274239] LOCK pid=34586 fd=10: SHARED -> SHARED
DBimpl - LOCK REQUEST: 0x34db4680 2
[1773159759.649289601] LOCK pid=34586 fd=10: SHARED -> RESERVED
DBimpl - LOCK REQUEST: 0x34db4680 1
[1773159759.649383397] LOCK pid=34587 fd=12: NO_LOCK -> SHARED (fallback)
[1773159759.649386274] LOCK pid=34587 fd=12: SHARED -> SHARED
DBimpl - LOCK REQUEST: 0x34db4680 2
DBimpl - UNLOCK REQUEST: 0x34db4680 0
[1773159759.649409064] UNLOCK pid=34587 fd=12: SHARED -> NO_LOCK
DBimpl - LOCK REQUEST: 0x34db4680 4
[1773159759.649810117] LOCK pid=34586 fd=10: RESERVED -> PENDING
[1773159759.649812061] LOCK pid=34586 fd=10: PENDING -> EXCLUSIVE
DBimpl - LOCK REQUEST: 0x34db4680 1
DBimpl - LOCK REQUEST: 0x34db4680 1
DBimpl - LOCK REQUEST: 0x34db4680 1
DBimpl - LOCK REQUEST: 0x34db4680 1
DBimpl - UNLOCK REQUEST: 0x34db4680 1
[1773159759.652013657] UNLOCK pid=34586 fd=10: EXCLUSIVE -> SHARED
DBimpl - UNLOCK REQUEST: 0x34db4680 0
[1773159759.652018153] UNLOCK pid=34586 fd=10: SHARED -> NO_LOCK
DBimpl - LOCK REQUEST: 0x34db4680 1
[1773159759.652558128] LOCK pid=34587 fd=12: NO_LOCK -> SHARED (fallback)
[1773159759.652559894] LOCK pid=34587 fd=12: SHARED -> SHARED
DBimpl - LOCK REQUEST: 0x34db4680 2
[1773159759.652574576] LOCK pid=34587 fd=12: SHARED -> RESERVED
DBimpl - LOCK REQUEST: 0x34db4680 1
[1773159759.652895926] LOCK pid=34586 fd=10: NO_LOCK -> SHARED (fallback)
[1773159759.652897307] LOCK pid=34586 fd=10: SHARED -> SHARED
DBimpl - LOCK REQUEST: 0x34db4680 2
DBimpl - UNLOCK REQUEST: 0x34db4680 0
[1773159759.652908441] UNLOCK pid=34586 fd=10: SHARED -> NO_LOCK
DBimpl - LOCK REQUEST: 0x34db4680 1
[1773159759.653206816] LOCK pid=34588 fd=14: NO_LOCK -> SHARED (fallback)
[1773159759.653208225] LOCK pid=34588 fd=14: SHARED -> SHARED
DBimpl - LOCK REQUEST: 0x34db4680 2
DBimpl - UNLOCK REQUEST: 0x34db4680 0
[1773159759.653221354] UNLOCK pid=34588 fd=14: SHARED -> NO_LOCK
DBimpl - LOCK REQUEST: 0x34db4680 1
[1773159759.653967231] LOCK pid=34586 fd=10: NO_LOCK -> SHARED (fallback)
[1773159759.653968382] LOCK pid=34586 fd=10: SHARED -> SHARED
DBimpl - LOCK REQUEST: 0x34db4680 2
DBimpl - UNLOCK REQUEST: 0x34db4680 0
[1773159759.653978177] UNLOCK pid=34586 fd=10: SHARED -> NO_LOCK
DBimpl - LOCK REQUEST: 0x34db4680 4
[1773159759.655681888] LOCK pid=34587 fd=12: RESERVED -> PENDING
[1773159759.655684747] LOCK pid=34587 fd=12: PENDING -> EXCLUSIVE
DBimpl - LOCK REQUEST: 0x34db4680 1
DBimpl - UNLOCK REQUEST: 0x34db4680 1
[1773159759.658000381] UNLOCK pid=34587 fd=12: EXCLUSIVE -> SHARED
DBimpl - UNLOCK REQUEST: 0x34db4680 0
[1773159759.658006902] UNLOCK pid=34587 fd=12: SHARED -> NO_LOCK
DBimpl - LOCK REQUEST: 0x34db4680 1
[1773159759.658287671] LOCK pid=34588 fd=14: NO_LOCK -> SHARED (fallback)
[1773159759.658289333] LOCK pid=34588 fd=14: SHARED -> SHARED
DBimpl - LOCK REQUEST: 0x34db4680 2
[1773159759.658300672] LOCK pid=34588 fd=14: SHARED -> RESERVED
DBimpl - LOCK REQUEST: 0x34db4680 4
[1773159759.658438712] LOCK pid=34588 fd=14: RESERVED -> PENDING
[1773159759.658440433] LOCK pid=34588 fd=14: PENDING -> EXCLUSIVE
DBimpl - UNLOCK REQUEST: 0x34db4680 1
[1773159759.660188872] UNLOCK pid=34588 fd=14: EXCLUSIVE -> SHARED
DBimpl - UNLOCK REQUEST: 0x34db4680 0
[1773159759.660193619] UNLOCK pid=34588 fd=14: SHARED -> NO_LOCK
DBimpl - LOCK REQUEST: 0x34db4680 1
[1773159759.661137514] LOCK pid=34586 fd=10: NO_LOCK -> SHARED (fallback)
[1773159759.661139887] LOCK pid=34586 fd=10: SHARED -> SHARED
DBimpl - LOCK REQUEST: 0x34db4680 2
[1773159759.661158973] LOCK pid=34586 fd=10: SHARED -> RESERVED
DBimpl - LOCK REQUEST: 0x34db4680 1
[1773159759.661532896] LOCK pid=34585 fd=8: NO_LOCK -> SHARED (fallback)
[1773159759.661536852] LOCK pid=34585 fd=8: SHARED -> SHARED
DBimpl - LOCK REQUEST: 0x34db4680 4
[1773159759.661777411] LOCK pid=34586 fd=10: RESERVED -> PENDING
DBimpl - UNLOCK REQUEST: 0x34db4680 0
[1773159759.661831611] UNLOCK pid=34585 fd=8: SHARED -> NO_LOCK
DBimpl - LOCK REQUEST: 0x34db4680 1
DBimpl - LOCK REQUEST: 0x34db4680 4
[1773159759.662841521] LOCK pid=34586 fd=10: PENDING -> EXCLUSIVE
DBimpl - LOCK REQUEST: 0x34db4680 1
DBimpl - LOCK REQUEST: 0x34db4680 1
DBimpl - LOCK REQUEST: 0x34db4680 1
DBimpl - LOCK REQUEST: 0x34db4680 1
DBimpl - UNLOCK REQUEST: 0x34db4680 1
[1773159759.665704862] UNLOCK pid=34586 fd=10: EXCLUSIVE -> SHARED
DBimpl - UNLOCK REQUEST: 0x34db4680 0
[1773159759.665711011] UNLOCK pid=34586 fd=10: SHARED -> NO_LOCK
DBimpl - LOCK REQUEST: 0x34db4680 1
[1773159759.666535690] LOCK pid=34588 fd=14: NO_LOCK -> SHARED (fallback)
[1773159759.666538615] LOCK pid=34588 fd=14: SHARED -> SHARED
DBimpl - LOCK REQUEST: 0x34db4680 2
[1773159759.666561538] LOCK pid=34588 fd=14: SHARED -> RESERVED
DBimpl - LOCK REQUEST: 0x34db4680 4
[1773159759.666841643] LOCK pid=34588 fd=14: RESERVED -> PENDING
[1773159759.666844415] LOCK pid=34588 fd=14: PENDING -> EXCLUSIVE
DBimpl - LOCK REQUEST: 0x34db4680 1
DBimpl - LOCK REQUEST: 0x34db4680 1
DBimpl - LOCK REQUEST: 0x34db4680 1
DBimpl - LOCK REQUEST: 0x34db4680 1
DBimpl - UNLOCK REQUEST: 0x34db4680 1
DBimpl - LOCK REQUEST: 0x34db4680 1
[1773159759.672042135] UNLOCK pid=34588 fd=14: EXCLUSIVE -> SHARED
[1773159759.672046717] LOCK pid=34584 fd=6: NO_LOCK -> SHARED (fallback)
[1773159759.672049130] LOCK pid=34584 fd=6: SHARED -> SHARED
DBimpl - UNLOCK REQUEST: 0x34db4680 0
[1773159759.672053122] UNLOCK pid=34588 fd=14: SHARED -> NO_LOCK
DBimpl - UNLOCK REQUEST: 0x34db4680 0
[1773159759.672211788] UNLOCK pid=34584 fd=6: SHARED -> NO_LOCK
DBimpl - LOCK REQUEST: 0x34db4680 1
[1773159759.672412220] LOCK pid=34586 fd=10: NO_LOCK -> SHARED (fallback)
[1773159759.672414042] LOCK pid=34586 fd=10: SHARED -> SHARED
DBimpl - LOCK REQUEST: 0x34db4680 2
[1773159759.672424866] LOCK pid=34586 fd=10: SHARED -> RESERVED
DBimpl - LOCK REQUEST: 0x34db4680 1
[1773159759.672647302] LOCK pid=34587 fd=12: NO_LOCK -> SHARED (fallback)
[1773159759.672649567] LOCK pid=34587 fd=12: SHARED -> SHARED
DBimpl - LOCK REQUEST: 0x34db4680 2
DBimpl - UNLOCK REQUEST: 0x34db4680 0
[1773159759.672664699] UNLOCK pid=34587 fd=12: SHARED -> NO_LOCK
DBimpl - LOCK REQUEST: 0x34db4680 4
[1773159759.672968800] LOCK pid=34586 fd=10: RESERVED -> PENDING
[1773159759.672970988] LOCK pid=34586 fd=10: PENDING -> EXCLUSIVE
DBimpl - LOCK REQUEST: 0x34db4680 1
DBimpl - UNLOCK REQUEST: 0x34db4680 1
[1773159759.675672219] UNLOCK pid=34586 fd=10: EXCLUSIVE -> SHARED
DBimpl - UNLOCK REQUEST: 0x34db4680 0
[1773159759.675678856] UNLOCK pid=34586 fd=10: SHARED -> NO_LOCK
DBimpl - LOCK REQUEST: 0x34db4680 1
[1773159759.675806162] LOCK pid=34587 fd=12: NO_LOCK -> SHARED (fallback)
[1773159759.675808164] LOCK pid=34587 fd=12: SHARED -> SHARED
DBimpl - LOCK REQUEST: 0x34db4680 2
[1773159759.675908343] LOCK pid=34587 fd=12: SHARED -> RESERVED
DBimpl - LOCK REQUEST: 0x34db4680 1
[1773159759.676348154] LOCK pid=34588 fd=14: NO_LOCK -> SHARED (fallback)
[1773159759.676352079] LOCK pid=34588 fd=14: SHARED -> SHARED
DBimpl - LOCK REQUEST: 0x34db4680 2
DBimpl - UNLOCK REQUEST: 0x34db4680 0
[1773159759.676375951] UNLOCK pid=34588 fd=14: SHARED -> NO_LOCK
DBimpl - LOCK REQUEST: 0x34db4680 1
[1773159759.677450772] LOCK pid=34588 fd=14: NO_LOCK -> SHARED (fallback)
[1773159759.677453391] LOCK pid=34588 fd=14: SHARED -> SHARED
DBimpl - LOCK REQUEST: 0x34db4680 2
DBimpl - UNLOCK REQUEST: 0x34db4680 0
[1773159759.677472725] UNLOCK pid=34588 fd=14: SHARED -> NO_LOCK
DBimpl - LOCK REQUEST: 0x34db4680 4
[1773159759.677957432] LOCK pid=34587 fd=12: RESERVED -> PENDING
[1773159759.677959638] LOCK pid=34587 fd=12: PENDING -> EXCLUSIVE
DBimpl - LOCK REQUEST: 0x34db4680 1
DBimpl - UNLOCK REQUEST: 0x34db4680 1
[1773159759.679687251] UNLOCK pid=34587 fd=12: EXCLUSIVE -> SHARED
DBimpl - UNLOCK REQUEST: 0x34db4680 0
[1773159759.679693991] UNLOCK pid=34587 fd=12: SHARED -> NO_LOCK
DBimpl - LOCK REQUEST: 0x34db4680 1
[1773159759.679773853] LOCK pid=34584 fd=6: NO_LOCK -> SHARED (fallback)
[1773159759.679776219] LOCK pid=34584 fd=6: SHARED -> SHARED
DBimpl - UNLOCK REQUEST: 0x34db4680 0
[1773159759.679974048] UNLOCK pid=34584 fd=6: SHARED -> NO_LOCK
DBimpl - LOCK REQUEST: 0x34db4680 1
[1773159759.680776367] LOCK pid=34585 fd=8: NO_LOCK -> SHARED (fallback)
[1773159759.680778268] LOCK pid=34585 fd=8: SHARED -> SHARED
DBimpl - UNLOCK REQUEST: 0x34db4680 0
[1773159759.681031012] UNLOCK pid=34585 fd=8: SHARED -> NO_LOCK
DBimpl - LOCK REQUEST: 0x34db4680 1
[1773159759.684659878] LOCK pid=34588 fd=14: NO_LOCK -> SHARED (fallback)
[1773159759.684663524] LOCK pid=34588 fd=14: SHARED -> SHARED
DBimpl - LOCK REQUEST: 0x34db4680 2
[1773159759.684686861] LOCK pid=34588 fd=14: SHARED -> RESERVED
DBimpl - LOCK REQUEST: 0x34db4680 4
[1773159759.684933868] LOCK pid=34588 fd=14: RESERVED -> PENDING
[1773159759.684935830] LOCK pid=34588 fd=14: PENDING -> EXCLUSIVE
DBimpl - LOCK REQUEST: 0x34db4680 1
DBimpl - UNLOCK REQUEST: 0x34db4680 1
[1773159759.687460527] UNLOCK pid=34588 fd=14: EXCLUSIVE -> SHARED
DBimpl - UNLOCK REQUEST: 0x34db4680 0
[1773159759.687467416] UNLOCK pid=34588 fd=14: SHARED -> NO_LOCK
DBimpl - LOCK REQUEST: 0x34db4680 1
[1773159759.687615284] LOCK pid=34587 fd=12: NO_LOCK -> SHARED (fallback)
[1773159759.687616985] LOCK pid=34587 fd=12: SHARED -> SHARED
DBimpl - LOCK REQUEST: 0x34db4680 2
[1773159759.687629086] LOCK pid=34587 fd=12: SHARED -> RESERVED
DBimpl - LOCK REQUEST: 0x34db4680 4
[1773159759.688437722] LOCK pid=34587 fd=12: RESERVED -> PENDING
[1773159759.688439499] LOCK pid=34587 fd=12: PENDING -> EXCLUSIVE
DBimpl - UNLOCK REQUEST: 0x34db4680 1
[1773159759.690430199] UNLOCK pid=34587 fd=12: EXCLUSIVE -> SHARED
DBimpl - UNLOCK REQUEST: 0x34db4680 0
[1773159759.690434827] UNLOCK pid=34587 fd=12: SHARED -> NO_LOCK
DBimpl - LOCK REQUEST: 0x34db4680 1
[1773159759.695816301] LOCK pid=34584 fd=6: NO_LOCK -> SHARED (fallback)
[1773159759.695818299] LOCK pid=34584 fd=6: SHARED -> SHARED
DBimpl - UNLOCK REQUEST: 0x34db4680 0
[1773159759.695981089] UNLOCK pid=34584 fd=6: SHARED -> NO_LOCK
DBimpl - LOCK REQUEST: 0x34db4680 1
[1773159759.697036888] LOCK pid=34584 fd=6: NO_LOCK -> SHARED (fallback)
[1773159759.697038348] LOCK pid=34584 fd=6: SHARED -> SHARED
DBimpl - UNLOCK REQUEST: 0x34db4680 0
[1773159759.697170157] UNLOCK pid=34584 fd=6: SHARED -> NO_LOCK
DBimpl - LOCK REQUEST: 0x34db4680 1
[1773159759.698653893] LOCK pid=34584 fd=6: NO_LOCK -> SHARED (fallback)
[1773159759.698655027] LOCK pid=34584 fd=6: SHARED -> SHARED
DBimpl - UNLOCK REQUEST: 0x34db4680 0
[1773159759.698793202] UNLOCK pid=34584 fd=6: SHARED -> NO_LOCK
DBimpl - LOCK REQUEST: 0x34db4680 1
[1773159759.700461129] LOCK pid=34586 fd=10: NO_LOCK -> SHARED (fallback)
[1773159759.700469292] LOCK pid=34586 fd=10: SHARED -> SHARED
DBimpl - LOCK REQUEST: 0x34db4680 2
[1773159759.700479504] LOCK pid=34586 fd=10: SHARED -> RESERVED
DBimpl - LOCK REQUEST: 0x34db4680 4
[1773159759.700995281] LOCK pid=34586 fd=10: RESERVED -> PENDING
[1773159759.700997363] LOCK pid=34586 fd=10: PENDING -> EXCLUSIVE
DBimpl - LOCK REQUEST: 0x34db4680 1
DBimpl - LOCK REQUEST: 0x34db4680 1
DBimpl - UNLOCK REQUEST: 0x34db4680 1
[1773159759.703687581] UNLOCK pid=34586 fd=10: EXCLUSIVE -> SHARED
DBimpl - UNLOCK REQUEST: 0x34db4680 0
[1773159759.703692696] UNLOCK pid=34586 fd=10: SHARED -> NO_LOCK
DBimpl - LOCK REQUEST: 0x34db4680 1
[1773159759.704731729] LOCK pid=34584 fd=6: NO_LOCK -> SHARED (fallback)
[1773159759.704733272] LOCK pid=34584 fd=6: SHARED -> SHARED
DBimpl - UNLOCK REQUEST: 0x34db4680 0
[1773159759.704896567] UNLOCK pid=34584 fd=6: SHARED -> NO_LOCK
DBimpl - LOCK REQUEST: 0x34db4680 1
[1773159759.705048819] LOCK pid=34585 fd=8: NO_LOCK -> SHARED (fallback)
[1773159759.705050327] LOCK pid=34585 fd=8: SHARED -> SHARED
DBimpl - UNLOCK REQUEST: 0x34db4680 0
[1773159759.705238796] UNLOCK pid=34585 fd=8: SHARED -> NO_LOCK
DBimpl - LOCK REQUEST: 0x34db4680 1
[1773159759.707461190] LOCK pid=34586 fd=10: NO_LOCK -> SHARED (fallback)
[1773159759.707463375] LOCK pid=34586 fd=10: SHARED -> SHARED
DBimpl - LOCK REQUEST: 0x34db4680 2
[1773159759.707476748] LOCK pid=34586 fd=10: SHARED -> RESERVED
DBimpl - LOCK REQUEST: 0x34db4680 4
[1773159759.708310325] LOCK pid=34586 fd=10: RESERVED -> PENDING
[1773159759.708312297] LOCK pid=34586 fd=10: PENDING -> EXCLUSIVE
DBimpl - LOCK REQUEST: 0x34db4680 1
DBimpl - LOCK REQUEST: 0x34db4680 1
DBimpl - LOCK REQUEST: 0x34db4680 1
DBimpl - UNLOCK REQUEST: 0x34db4680 1
[1773159759.710450510] UNLOCK pid=34586 fd=10: EXCLUSIVE -> SHARED
DBimpl - UNLOCK REQUEST: 0x34db4680 0
[1773159759.710454544] UNLOCK pid=34586 fd=10: SHARED -> NO_LOCK
DBimpl - LOCK REQUEST: 0x34db4680 1
[1773159759.710644495] LOCK pid=34587 fd=12: NO_LOCK -> SHARED (fallback)
[1773159759.710646288] LOCK pid=34587 fd=12: SHARED -> SHARED
DBimpl - LOCK REQUEST: 0x34db4680 2
[1773159759.710659687] LOCK pid=34587 fd=12: SHARED -> RESERVED
DBimpl - LOCK REQUEST: 0x34db4680 1
[1773159759.711734137] LOCK pid=34585 fd=8: NO_LOCK -> SHARED (fallback)
[1773159759.711735627] LOCK pid=34585 fd=8: SHARED -> SHARED
DBimpl - UNLOCK REQUEST: 0x34db4680 0
[1773159759.711926874] UNLOCK pid=34585 fd=8: SHARED -> NO_LOCK
DBimpl - LOCK REQUEST: 0x34db4680 1
[1773159759.712913305] LOCK pid=34584 fd=6: NO_LOCK -> SHARED (fallback)
[1773159759.712914993] LOCK pid=34584 fd=6: SHARED -> SHARED
DBimpl - UNLOCK REQUEST: 0x34db4680 0
[1773159759.713090567] UNLOCK pid=34584 fd=6: SHARED -> NO_LOCK
DBimpl - LOCK REQUEST: 0x34db4680 1
[1773159759.713657843] LOCK pid=34584 fd=6: NO_LOCK -> SHARED (fallback)
[1773159759.713659518] LOCK pid=34584 fd=6: SHARED -> SHARED
DBimpl - UNLOCK REQUEST: 0x34db4680 0
[1773159759.713830178] UNLOCK pid=34584 fd=6: SHARED -> NO_LOCK
DBimpl - LOCK REQUEST: 0x34db4680 1
[1773159759.714742472] LOCK pid=34585 fd=8: NO_LOCK -> SHARED (fallback)
[1773159759.714744243] LOCK pid=34585 fd=8: SHARED -> SHARED
DBimpl - UNLOCK REQUEST: 0x34db4680 0
[1773159759.714928516] UNLOCK pid=34585 fd=8: SHARED -> NO_LOCK
DBimpl - LOCK REQUEST: 0x34db4680 1
[1773159759.716398131] LOCK pid=34588 fd=14: NO_LOCK -> SHARED (fallback)
[1773159759.716401830] LOCK pid=34588 fd=14: SHARED -> SHARED
DBimpl - LOCK REQUEST: 0x34db4680 2
DBimpl - UNLOCK REQUEST: 0x34db4680 0
[1773159759.716427591] UNLOCK pid=34588 fd=14: SHARED -> NO_LOCK
DBimpl - LOCK REQUEST: 0x34db4680 1
[1773159759.716610977] LOCK pid=34585 fd=8: NO_LOCK -> SHARED (fallback)
[1773159759.716612992] LOCK pid=34585 fd=8: SHARED -> SHARED
DBimpl - UNLOCK REQUEST: 0x34db4680 0
[1773159759.716945030] UNLOCK pid=34585 fd=8: SHARED -> NO_LOCK
DBimpl - LOCK REQUEST: 0x34db4680 4
[1773159759.717256459] LOCK pid=34587 fd=12: RESERVED -> PENDING
[1773159759.717258694] LOCK pid=34587 fd=12: PENDING -> EXCLUSIVE
DBimpl - LOCK REQUEST: 0x34db4680 1
DBimpl - LOCK REQUEST: 0x34db4680 1
DBimpl - LOCK REQUEST: 0x34db4680 1
DBimpl - UNLOCK REQUEST: 0x34db4680 1
[1773159759.720382371] UNLOCK pid=34587 fd=12: EXCLUSIVE -> SHARED
DBimpl - UNLOCK REQUEST: 0x34db4680 0
[1773159759.720389143] UNLOCK pid=34587 fd=12: SHARED -> NO_LOCK
DBimpl - LOCK REQUEST: 0x34db4680 1
[1773159759.720819411] LOCK pid=34584 fd=6: NO_LOCK -> SHARED (fallback)
[1773159759.720821134] LOCK pid=34584 fd=6: SHARED -> SHARED
DBimpl - UNLOCK REQUEST: 0x34db4680 0
[1773159759.720987768] UNLOCK pid=34584 fd=6: SHARED -> NO_LOCK
DBimpl - LOCK REQUEST: 0x34db4680 1
[1773159759.724637950] LOCK pid=34588 fd=14: NO_LOCK -> SHARED (fallback)
[1773159759.724639796] LOCK pid=34588 fd=14: SHARED -> SHARED
DBimpl - LOCK REQUEST: 0x34db4680 2
[1773159759.724649781] LOCK pid=34588 fd=14: SHARED -> RESERVED
DBimpl - LOCK REQUEST: 0x34db4680 4
[1773159759.724831059] LOCK pid=34588 fd=14: RESERVED -> PENDING
[1773159759.724832978] LOCK pid=34588 fd=14: PENDING -> EXCLUSIVE
DBimpl - UNLOCK REQUEST: 0x34db4680 1
[1773159759.726565325] UNLOCK pid=34588 fd=14: EXCLUSIVE -> SHARED
DBimpl - UNLOCK REQUEST: 0x34db4680 0
[1773159759.726570251] UNLOCK pid=34588 fd=14: SHARED -> NO_LOCK
DBimpl - LOCK REQUEST: 0x34db4680 1
[1773159759.728776884] LOCK pid=34588 fd=14: NO_LOCK -> SHARED (fallback)
[1773159759.728778322] LOCK pid=34588 fd=14: SHARED -> SHARED
DBimpl - LOCK REQUEST: 0x34db4680 2
[1773159759.728787411] LOCK pid=34588 fd=14: SHARED -> RESERVED
DBimpl - LOCK REQUEST: 0x34db4680 4
[1773159759.728901639] LOCK pid=34588 fd=14: RESERVED -> PENDING
[1773159759.728904251] LOCK pid=34588 fd=14: PENDING -> EXCLUSIVE
DBimpl - LOCK REQUEST: 0x34db4680 1
DBimpl - UNLOCK REQUEST: 0x34db4680 1
[1773159759.730570625] UNLOCK pid=34588 fd=14: EXCLUSIVE -> SHARED
DBimpl - UNLOCK REQUEST: 0x34db4680 0
[1773159759.730575765] UNLOCK pid=34588 fd=14: SHARED -> NO_LOCK
DBimpl - LOCK REQUEST: 0x34db4680 1
[1773159759.730900679] LOCK pid=34587 fd=12: NO_LOCK -> SHARED (fallback)
[1773159759.730903002] LOCK pid=34587 fd=12: SHARED -> SHARED
DBimpl - LOCK REQUEST: 0x34db4680 2
[1773159759.730918710] LOCK pid=34587 fd=12: SHARED -> RESERVED
DBimpl - LOCK REQUEST: 0x34db4680 1
[1773159759.732041835] LOCK pid=34585 fd=8: NO_LOCK -> SHARED (fallback)
[1773159759.732043659] LOCK pid=34585 fd=8: SHARED -> SHARED
DBimpl - UNLOCK REQUEST: 0x34db4680 0
[1773159759.732198061] UNLOCK pid=34585 fd=8: SHARED -> NO_LOCK
DBimpl - LOCK REQUEST: 0x34db4680 1
[1773159759.735569742] LOCK pid=34584 fd=6: NO_LOCK -> SHARED (fallback)
[1773159759.735571214] LOCK pid=34584 fd=6: SHARED -> SHARED
DBimpl - UNLOCK REQUEST: 0x34db4680 0
[1773159759.735686236] UNLOCK pid=34584 fd=6: SHARED -> NO_LOCK
DBimpl - LOCK REQUEST: 0x34db4680 1
[1773159759.737437031] LOCK pid=34588 fd=14: NO_LOCK -> SHARED (fallback)
[1773159759.737438725] LOCK pid=34588 fd=14: SHARED -> SHARED
DBimpl - LOCK REQUEST: 0x34db4680 2
DBimpl - UNLOCK REQUEST: 0x34db4680 0
[1773159759.737450973] UNLOCK pid=34588 fd=14: SHARED -> NO_LOCK
DBimpl - LOCK REQUEST: 0x34db4680 4
[1773159759.737548114] LOCK pid=34587 fd=12: RESERVED -> PENDING
[1773159759.737550084] LOCK pid=34587 fd=12: PENDING -> EXCLUSIVE
DBimpl - LOCK REQUEST: 0x34db4680 1
DBimpl - UNLOCK REQUEST: 0x34db4680 1
[1773159759.739595379] UNLOCK pid=34587 fd=12: EXCLUSIVE -> SHARED
DBimpl - UNLOCK REQUEST: 0x34db4680 0
[1773159759.739600300] UNLOCK pid=34587 fd=12: SHARED -> NO_LOCK
DBimpl - LOCK REQUEST: 0x34db4680 1
[1773159759.740622438] LOCK pid=34588 fd=14: NO_LOCK -> SHARED (fallback)
[1773159759.740624104] LOCK pid=34588 fd=14: SHARED -> SHARED
DBimpl - LOCK REQUEST: 0x34db4680 2
[1773159759.740635393] LOCK pid=34588 fd=14: SHARED -> RESERVED
DBimpl - LOCK REQUEST: 0x34db4680 4
[1773159759.740766012] LOCK pid=34588 fd=14: RESERVED -> PENDING
[1773159759.740767823] LOCK pid=34588 fd=14: PENDING -> EXCLUSIVE
DBimpl - LOCK REQUEST: 0x34db4680 1
DBimpl - LOCK REQUEST: 0x34db4680 1
DBimpl - LOCK REQUEST: 0x34db4680 1
DBimpl - LOCK REQUEST: 0x34db4680 1
DBimpl - UNLOCK REQUEST: 0x34db4680 1
[1773159759.742808498] UNLOCK pid=34588 fd=14: EXCLUSIVE -> SHARED
DBimpl - UNLOCK REQUEST: 0x34db4680 0
[1773159759.742814362] UNLOCK pid=34588 fd=14: SHARED -> NO_LOCK
DBimpl - LOCK REQUEST: 0x34db4680 1
[1773159759.744129163] LOCK pid=34586 fd=10: NO_LOCK -> SHARED (fallback)
[1773159759.744131456] LOCK pid=34586 fd=10: SHARED -> SHARED
DBimpl - LOCK REQUEST: 0x34db4680 2
[1773159759.744144751] LOCK pid=34586 fd=10: SHARED -> RESERVED
DBimpl - LOCK REQUEST: 0x34db4680 1
[1773159759.744188233] LOCK pid=34584 fd=6: NO_LOCK -> SHARED (fallback)
[1773159759.744190168] LOCK pid=34584 fd=6: SHARED -> SHARED
DBimpl - UNLOCK REQUEST: 0x34db4680 0
[1773159759.744456463] UNLOCK pid=34584 fd=6: SHARED -> NO_LOCK
DBimpl - LOCK REQUEST: 0x34db4680 4
[1773159759.744860908] LOCK pid=34586 fd=10: RESERVED -> PENDING
[1773159759.744863205] LOCK pid=34586 fd=10: PENDING -> EXCLUSIVE
DBimpl - UNLOCK REQUEST: 0x34db4680 1
[1773159759.746484580] UNLOCK pid=34586 fd=10: EXCLUSIVE -> SHARED
DBimpl - UNLOCK REQUEST: 0x34db4680 0
[1773159759.746488519] UNLOCK pid=34586 fd=10: SHARED -> NO_LOCK
DBimpl - LOCK REQUEST: 0x34db4680 1
[1773159759.746907099] LOCK pid=34586 fd=10: NO_LOCK -> SHARED (fallback)
[1773159759.746908714] LOCK pid=34586 fd=10: SHARED -> SHARED
DBimpl - LOCK REQUEST: 0x34db4680 2
[1773159759.746916514] LOCK pid=34586 fd=10: SHARED -> RESERVED
DBimpl - LOCK REQUEST: 0x34db4680 4
[1773159759.747409105] LOCK pid=34586 fd=10: RESERVED -> PENDING
[1773159759.747411055] LOCK pid=34586 fd=10: PENDING -> EXCLUSIVE
DBimpl - LOCK REQUEST: 0x34db4680 1
DBimpl - LOCK REQUEST: 0x34db4680 1
DBimpl - LOCK REQUEST: 0x34db4680 1
DBimpl - LOCK REQUEST: 0x34db4680 1
DBimpl - UNLOCK REQUEST: 0x34db4680 1
[1773159759.749615137] UNLOCK pid=34586 fd=10: EXCLUSIVE -> SHARED
DBimpl - UNLOCK REQUEST: 0x34db4680 0
[1773159759.749619468] UNLOCK pid=34586 fd=10: SHARED -> NO_LOCK
DBimpl - LOCK REQUEST: 0x34db4680 1
[1773159759.750741222] LOCK pid=34588 fd=14: NO_LOCK -> SHARED (fallback)
[1773159759.750743123] LOCK pid=34588 fd=14: SHARED -> SHARED
DBimpl - LOCK REQUEST: 0x34db4680 2
[1773159759.750753252] LOCK pid=34588 fd=14: SHARED -> RESERVED
DBimpl - LOCK REQUEST: 0x34db4680 4
[1773159759.750851374] LOCK pid=34588 fd=14: RESERVED -> PENDING
[1773159759.750853283] LOCK pid=34588 fd=14: PENDING -> EXCLUSIVE
DBimpl - LOCK REQUEST: 0x34db4680 1
DBimpl - LOCK REQUEST: 0x34db4680 1
DBimpl - LOCK REQUEST: 0x34db4680 1
DBimpl - UNLOCK REQUEST: 0x34db4680 1
[1773159759.752501678] UNLOCK pid=34588 fd=14: EXCLUSIVE -> SHARED
DBimpl - UNLOCK REQUEST: 0x34db4680 0
[1773159759.752505745] UNLOCK pid=34588 fd=14: SHARED -> NO_LOCK
DBimpl - LOCK REQUEST: 0x34db4680 1
[1773159759.754034723] LOCK pid=34585 fd=8: NO_LOCK -> SHARED (fallback)
[1773159759.754036674] LOCK pid=34585 fd=8: SHARED -> SHARED
DBimpl - UNLOCK REQUEST: 0x34db4680 0
[1773159759.754216719] UNLOCK pid=34585 fd=8: SHARED -> NO_LOCK
DBimpl - LOCK REQUEST: 0x34db4680 1
[1773159759.756715550] LOCK pid=34584 fd=6: NO_LOCK -> SHARED (fallback)
[1773159759.756717091] LOCK pid=34584 fd=6: SHARED -> SHARED
DBimpl - UNLOCK REQUEST: 0x34db4680 0
[1773159759.756862866] UNLOCK pid=34584 fd=6: SHARED -> NO_LOCK
DBimpl - LOCK REQUEST: 0x34db4680 1
[1773159759.757981392] LOCK pid=34588 fd=14: NO_LOCK -> SHARED (fallback)
[1773159759.757982916] LOCK pid=34588 fd=14: SHARED -> SHARED
DBimpl - LOCK REQUEST: 0x34db4680 2
[1773159759.757991371] LOCK pid=34588 fd=14: SHARED -> RESERVED
DBimpl - LOCK REQUEST: 0x34db4680 4
[1773159759.758092657] LOCK pid=34588 fd=14: RESERVED -> PENDING
[1773159759.758094355] LOCK pid=34588 fd=14: PENDING -> EXCLUSIVE
DBimpl - LOCK REQUEST: 0x34db4680 1
DBimpl - LOCK REQUEST: 0x34db4680 1
DBimpl - UNLOCK REQUEST: 0x34db4680 1
[1773159759.759792224] UNLOCK pid=34588 fd=14: EXCLUSIVE -> SHARED
DBimpl - UNLOCK REQUEST: 0x34db4680 0
[1773159759.759795951] UNLOCK pid=34588 fd=14: SHARED -> NO_LOCK
DBimpl - LOCK REQUEST: 0x34db4680 1
[1773159759.761313670] LOCK pid=34587 fd=12: NO_LOCK -> SHARED (fallback)
[1773159759.761316188] LOCK pid=34587 fd=12: SHARED -> SHARED
DBimpl - LOCK REQUEST: 0x34db4680 2
[1773159759.761332983] LOCK pid=34587 fd=12: SHARED -> RESERVED
DBimpl - LOCK REQUEST: 0x34db4680 1
[1773159759.762521363] LOCK pid=34588 fd=14: NO_LOCK -> SHARED (fallback)
[1773159759.762522731] LOCK pid=34588 fd=14: SHARED -> SHARED
DBimpl - LOCK REQUEST: 0x34db4680 2
DBimpl - UNLOCK REQUEST: 0x34db4680 0
[1773159759.762533674] UNLOCK pid=34588 fd=14: SHARED -> NO_LOCK
DBimpl - LOCK REQUEST: 0x34db4680 4
[1773159759.763331958] LOCK pid=34587 fd=12: RESERVED -> PENDING
[1773159759.763334981] LOCK pid=34587 fd=12: PENDING -> EXCLUSIVE
DBimpl - LOCK REQUEST: 0x34db4680 1
DBimpl - LOCK REQUEST: 0x34db4680 1
DBimpl - LOCK REQUEST: 0x34db4680 1
DBimpl - UNLOCK REQUEST: 0x34db4680 1
[1773159759.765493349] UNLOCK pid=34587 fd=12: EXCLUSIVE -> SHARED
DBimpl - UNLOCK REQUEST: 0x34db4680 0
[1773159759.765499234] UNLOCK pid=34587 fd=12: SHARED -> NO_LOCK
DBimpl - LOCK REQUEST: 0x34db4680 1
[1773159759.765649602] LOCK pid=34588 fd=14: NO_LOCK -> SHARED (fallback)
[1773159759.765650915] LOCK pid=34588 fd=14: SHARED -> SHARED
DBimpl - LOCK REQUEST: 0x34db4680 2
[1773159759.765659841] LOCK pid=34588 fd=14: SHARED -> RESERVED
DBimpl - LOCK REQUEST: 0x34db4680 4
[1773159759.765783308] LOCK pid=34588 fd=14: RESERVED -> PENDING
[1773159759.765785060] LOCK pid=34588 fd=14: PENDING -> EXCLUSIVE
DBimpl - LOCK REQUEST: 0x34db4680 1
DBimpl - UNLOCK REQUEST: 0x34db4680 1
[1773159759.767340325] UNLOCK pid=34588 fd=14: EXCLUSIVE -> SHARED
DBimpl - UNLOCK REQUEST: 0x34db4680 0
[1773159759.767344431] UNLOCK pid=34588 fd=14: SHARED -> NO_LOCK
DBimpl - LOCK REQUEST: 0x34db4680 1
[1773159759.767540960] LOCK pid=34588 fd=14: NO_LOCK -> SHARED (fallback)
[1773159759.767542274] LOCK pid=34588 fd=14: SHARED -> SHARED
DBimpl - LOCK REQUEST: 0x34db4680 2
[1773159759.767549845] LOCK pid=34588 fd=14: SHARED -> RESERVED
DBimpl - LOCK REQUEST: 0x34db4680 4
[1773159759.767625848] LOCK pid=34588 fd=14: RESERVED -> PENDING
[1773159759.767627452] LOCK pid=34588 fd=14: PENDING -> EXCLUSIVE
DBimpl - LOCK REQUEST: 0x34db4680 1
DBimpl - LOCK REQUEST: 0x34db4680 1
DBimpl - UNLOCK REQUEST: 0x34db4680 1
[1773159759.770691162] UNLOCK pid=34588 fd=14: EXCLUSIVE -> SHARED
DBimpl - UNLOCK REQUEST: 0x34db4680 0
[1773159759.770694952] UNLOCK pid=34588 fd=14: SHARED -> NO_LOCK
DBimpl - LOCK REQUEST: 0x34db4680 1
[1773159759.771844425] LOCK pid=34584 fd=6: NO_LOCK -> SHARED (fallback)
[1773159759.771846178] LOCK pid=34584 fd=6: SHARED -> SHARED
DBimpl - UNLOCK REQUEST: 0x34db4680 0
[1773159759.771985581] UNLOCK pid=34584 fd=6: SHARED -> NO_LOCK
DBimpl - LOCK REQUEST: 0x34db4680 1
[1773159759.772461882] LOCK pid=34587 fd=12: NO_LOCK -> SHARED (fallback)
[1773159759.772464050] LOCK pid=34587 fd=12: SHARED -> SHARED
DBimpl - LOCK REQUEST: 0x34db4680 2
[1773159759.772477939] LOCK pid=34587 fd=12: SHARED -> RESERVED
DBimpl - LOCK REQUEST: 0x34db4680 1
[1773159759.779181239] LOCK pid=34584 fd=6: NO_LOCK -> SHARED (fallback)
[1773159759.779182936] LOCK pid=34584 fd=6: SHARED -> SHARED
DBimpl - UNLOCK REQUEST: 0x34db4680 0
[1773159759.779312513] UNLOCK pid=34584 fd=6: SHARED -> NO_LOCK
DBimpl - LOCK REQUEST: 0x34db4680 4
[1773159759.779503202] LOCK pid=34587 fd=12: RESERVED -> PENDING
[1773159759.779506114] LOCK pid=34587 fd=12: PENDING -> EXCLUSIVE
DBimpl - LOCK REQUEST: 0x34db4680 1
DBimpl - LOCK REQUEST: 0x34db4680 1
DBimpl - UNLOCK REQUEST: 0x34db4680 1
[1773159759.782936316] UNLOCK pid=34587 fd=12: EXCLUSIVE -> SHARED
DBimpl - UNLOCK REQUEST: 0x34db4680 0
[1773159759.782943637] UNLOCK pid=34587 fd=12: SHARED -> NO_LOCK
DBimpl - LOCK REQUEST: 0x34db4680 1
[1773159759.784786815] LOCK pid=34584 fd=6: NO_LOCK -> SHARED (fallback)
[1773159759.784788190] LOCK pid=34584 fd=6: SHARED -> SHARED
DBimpl - UNLOCK REQUEST: 0x34db4680 0
[1773159759.784937423] UNLOCK pid=34584 fd=6: SHARED -> NO_LOCK
DBimpl - LOCK REQUEST: 0x34db4680 1
[1773159759.785949682] LOCK pid=34584 fd=6: NO_LOCK -> SHARED (fallback)
[1773159759.785950919] LOCK pid=34584 fd=6: SHARED -> SHARED
DBimpl - LOCK REQUEST: 0x34db4680 1
[1773159759.785987738] LOCK pid=34586 fd=10: NO_LOCK -> SHARED (fallback)
[1773159759.785989263] LOCK pid=34586 fd=10: SHARED -> SHARED
DBimpl - LOCK REQUEST: 0x34db4680 2
[1773159759.786000765] LOCK pid=34586 fd=10: SHARED -> RESERVED
DBimpl - UNLOCK REQUEST: 0x34db4680 0
[1773159759.786091811] UNLOCK pid=34584 fd=6: SHARED -> NO_LOCK
DBimpl - LOCK REQUEST: 0x34db4680 4
[1773159759.786544146] LOCK pid=34586 fd=10: RESERVED -> PENDING
[1773159759.786546065] LOCK pid=34586 fd=10: PENDING -> EXCLUSIVE
DBimpl - LOCK REQUEST: 0x34db4680 1
DBimpl - UNLOCK REQUEST: 0x34db4680 1
[1773159759.788323075] UNLOCK pid=34586 fd=10: EXCLUSIVE -> SHARED
DBimpl - UNLOCK REQUEST: 0x34db4680 0
[1773159759.788327179] UNLOCK pid=34586 fd=10: SHARED -> NO_LOCK
DBimpl - LOCK REQUEST: 0x34db4680 1
[1773159759.788575061] LOCK pid=34584 fd=6: NO_LOCK -> SHARED (fallback)
[1773159759.788576406] LOCK pid=34584 fd=6: SHARED -> SHARED
DBimpl - UNLOCK REQUEST: 0x34db4680 0
[1773159759.788768843] UNLOCK pid=34584 fd=6: SHARED -> NO_LOCK
DBimpl - LOCK REQUEST: 0x34db4680 1
[1773159759.791448652] LOCK pid=34585 fd=8: NO_LOCK -> SHARED (fallback)
[1773159759.791450768] LOCK pid=34585 fd=8: SHARED -> SHARED
DBimpl - UNLOCK REQUEST: 0x34db4680 0
[1773159759.791710226] UNLOCK pid=34585 fd=8: SHARED -> NO_LOCK
DBimpl - LOCK REQUEST: 0x34db4680 1
[1773159759.791999826] LOCK pid=34586 fd=10: NO_LOCK -> SHARED (fallback)
[1773159759.792002232] LOCK pid=34586 fd=10: SHARED -> SHARED
DBimpl - LOCK REQUEST: 0x34db4680 2
[1773159759.792010650] LOCK pid=34586 fd=10: SHARED -> RESERVED
DBimpl - LOCK REQUEST: 0x34db4680 1
[1773159759.792091239] LOCK pid=34584 fd=6: NO_LOCK -> SHARED (fallback)
[1773159759.792093419] LOCK pid=34584 fd=6: SHARED -> SHARED
DBimpl - UNLOCK REQUEST: 0x34db4680 0
[1773159759.792365922] UNLOCK pid=34584 fd=6: SHARED -> NO_LOCK
DBimpl - LOCK REQUEST: 0x34db4680 4
[1773159759.792541012] LOCK pid=34586 fd=10: RESERVED -> PENDING
[1773159759.792542905] LOCK pid=34586 fd=10: PENDING -> EXCLUSIVE
DBimpl - LOCK REQUEST: 0x34db4680 1
DBimpl - UNLOCK REQUEST: 0x34db4680 1
[1773159759.794230225] UNLOCK pid=34586 fd=10: EXCLUSIVE -> SHARED
DBimpl - UNLOCK REQUEST: 0x34db4680 0
[1773159759.794234307] UNLOCK pid=34586 fd=10: SHARED -> NO_LOCK
DBimpl - LOCK REQUEST: 0x34db4680 1
[1773159759.795146731] LOCK pid=34584 fd=6: NO_LOCK -> SHARED (fallback)
[1773159759.795148383] LOCK pid=34584 fd=6: SHARED -> SHARED
DBimpl - LOCK REQUEST: 0x34db4680 1
[1773159759.795262279] LOCK pid=34585 fd=8: NO_LOCK -> SHARED (fallback)
[1773159759.795264021] LOCK pid=34585 fd=8: SHARED -> SHARED
DBimpl - UNLOCK REQUEST: 0x34db4680 0
[1773159759.795301148] UNLOCK pid=34584 fd=6: SHARED -> NO_LOCK
DBimpl - UNLOCK REQUEST: 0x34db4680 0
[1773159759.795452215] UNLOCK pid=34585 fd=8: SHARED -> NO_LOCK
DBimpl - LOCK REQUEST: 0x34db4680 1
[1773159759.795776327] LOCK pid=34588 fd=14: NO_LOCK -> SHARED (fallback)
[1773159759.795778232] LOCK pid=34588 fd=14: SHARED -> SHARED
DBimpl - LOCK REQUEST: 0x34db4680 2
[1773159759.795790417] LOCK pid=34588 fd=14: SHARED -> RESERVED
DBimpl - LOCK REQUEST: 0x34db4680 4
[1773159759.795912239] LOCK pid=34588 fd=14: RESERVED -> PENDING
[1773159759.795913992] LOCK pid=34588 fd=14: PENDING -> EXCLUSIVE
DBimpl - LOCK REQUEST: 0x34db4680 1
DBimpl - UNLOCK REQUEST: 0x34db4680 1
[1773159759.797638701] UNLOCK pid=34588 fd=14: EXCLUSIVE -> SHARED
DBimpl - UNLOCK REQUEST: 0x34db4680 0
[1773159759.797644017] UNLOCK pid=34588 fd=14: SHARED -> NO_LOCK
DBimpl - LOCK REQUEST: 0x34db4680 1
[1773159759.797651334] LOCK pid=34584 fd=6: NO_LOCK -> SHARED (fallback)
[1773159759.797652748] LOCK pid=34584 fd=6: SHARED -> SHARED
DBimpl - UNLOCK REQUEST: 0x34db4680 0
[1773159759.797800871] UNLOCK pid=34584 fd=6: SHARED -> NO_LOCK
DBimpl - LOCK REQUEST: 0x34db4680 1
[1773159759.799356761] LOCK pid=34584 fd=6: NO_LOCK -> SHARED (fallback)
[1773159759.799357986] LOCK pid=34584 fd=6: SHARED -> SHARED
DBimpl - UNLOCK REQUEST: 0x34db4680 0
[1773159759.799474986] UNLOCK pid=34584 fd=6: SHARED -> NO_LOCK
DBimpl - LOCK REQUEST: 0x34db4680 1
[1773159759.800850714] LOCK pid=34588 fd=14: NO_LOCK -> SHARED (fallback)
[1773159759.800851978] LOCK pid=34588 fd=14: SHARED -> SHARED
DBimpl - LOCK REQUEST: 0x34db4680 2
[1773159759.800859271] LOCK pid=34588 fd=14: SHARED -> RESERVED
DBimpl - LOCK REQUEST: 0x34db4680 4
[1773159759.800955003] LOCK pid=34588 fd=14: RESERVED -> PENDING
[1773159759.800956619] LOCK pid=34588 fd=14: PENDING -> EXCLUSIVE
DBimpl - LOCK REQUEST: 0x34db4680 1
DBimpl - LOCK REQUEST: 0x34db4680 1
DBimpl - LOCK REQUEST: 0x34db4680 1
DBimpl - LOCK REQUEST: 0x34db4680 1
DBimpl - UNLOCK REQUEST: 0x34db4680 1
[1773159759.802716043] UNLOCK pid=34588 fd=14: EXCLUSIVE -> SHARED
DBimpl - UNLOCK REQUEST: 0x34db4680 0
[1773159759.802720464] UNLOCK pid=34588 fd=14: SHARED -> NO_LOCK
DBimpl - LOCK REQUEST: 0x34db4680 1
[1773159759.802968589] LOCK pid=34586 fd=10: NO_LOCK -> SHARED (fallback)
[1773159759.802970418] LOCK pid=34586 fd=10: SHARED -> SHARED
DBimpl - LOCK REQUEST: 0x34db4680 2
[1773159759.802982274] LOCK pid=34586 fd=10: SHARED -> RESERVED
DBimpl - LOCK REQUEST: 0x34db4680 1
[1773159759.803403893] LOCK pid=34585 fd=8: NO_LOCK -> SHARED (fallback)
[1773159759.803405450] LOCK pid=34585 fd=8: SHARED -> SHARED
DBimpl - LOCK REQUEST: 0x34db4680 4
[1773159759.803467455] LOCK pid=34586 fd=10: RESERVED -> PENDING
DBimpl - UNLOCK REQUEST: 0x34db4680 0
[1773159759.803576681] UNLOCK pid=34585 fd=8: SHARED -> NO_LOCK
DBimpl - LOCK REQUEST: 0x34db4680 1
DBimpl - LOCK REQUEST: 0x34db4680 4
[1773159759.804572024] LOCK pid=34586 fd=10: PENDING -> EXCLUSIVE
DBimpl - LOCK REQUEST: 0x34db4680 1
DBimpl - LOCK REQUEST: 0x34db4680 1
DBimpl - LOCK REQUEST: 0x34db4680 1
DBimpl - UNLOCK REQUEST: 0x34db4680 1
[1773159759.806799913] UNLOCK pid=34586 fd=10: EXCLUSIVE -> SHARED
DBimpl - UNLOCK REQUEST: 0x34db4680 0
[1773159759.806804020] UNLOCK pid=34586 fd=10: SHARED -> NO_LOCK
DBimpl - LOCK REQUEST: 0x34db4680 1
[1773159759.806964111] LOCK pid=34584 fd=6: NO_LOCK -> SHARED (fallback)
[1773159759.806965598] LOCK pid=34584 fd=6: SHARED -> SHARED
DBimpl - UNLOCK REQUEST: 0x34db4680 0
[1773159759.807075769] UNLOCK pid=34584 fd=6: SHARED -> NO_LOCK
DBimpl - LOCK REQUEST: 0x34db4680 1
[1773159759.807326214] LOCK pid=34588 fd=14: NO_LOCK -> SHARED (fallback)
[1773159759.807327621] LOCK pid=34588 fd=14: SHARED -> SHARED
DBimpl - LOCK REQUEST: 0x34db4680 2
[1773159759.807336010] LOCK pid=34588 fd=14: SHARED -> RESERVED
DBimpl - LOCK REQUEST: 0x34db4680 4
[1773159759.807453042] LOCK pid=34588 fd=14: RESERVED -> PENDING
[1773159759.807455101] LOCK pid=34588 fd=14: PENDING -> EXCLUSIVE
DBimpl - UNLOCK REQUEST: 0x34db4680 1
[1773159759.809077895] UNLOCK pid=34588 fd=14: EXCLUSIVE -> SHARED
DBimpl - UNLOCK REQUEST: 0x34db4680 0
[1773159759.809081466] UNLOCK pid=34588 fd=14: SHARED -> NO_LOCK
DBimpl - LOCK REQUEST: 0x34db4680 1
[1773159759.809795478] LOCK pid=34587 fd=12: NO_LOCK -> SHARED (fallback)
[1773159759.809797140] LOCK pid=34587 fd=12: SHARED -> SHARED
DBimpl - LOCK REQUEST: 0x34db4680 2
[1773159759.809808375] LOCK pid=34587 fd=12: SHARED -> RESERVED
DBimpl - LOCK REQUEST: 0x34db4680 1
[1773159759.813912439] LOCK pid=34586 fd=10: NO_LOCK -> SHARED (fallback)
[1773159759.813914941] LOCK pid=34586 fd=10: SHARED -> SHARED
DBimpl - LOCK REQUEST: 0x34db4680 2
DBimpl - UNLOCK REQUEST: 0x34db4680 0
[1773159759.813933600] UNLOCK pid=34586 fd=10: SHARED -> NO_LOCK
DBimpl - LOCK REQUEST: 0x34db4680 1
[1773159759.814997902] LOCK pid=34586 fd=10: NO_LOCK -> SHARED (fallback)
[1773159759.814999923] LOCK pid=34586 fd=10: SHARED -> SHARED
DBimpl - LOCK REQUEST: 0x34db4680 2
DBimpl - UNLOCK REQUEST: 0x34db4680 0
[1773159759.815013951] UNLOCK pid=34586 fd=10: SHARED -> NO_LOCK
DBimpl - LOCK REQUEST: 0x34db4680 1
[1773159759.817076916] LOCK pid=34586 fd=10: NO_LOCK -> SHARED (fallback)
[1773159759.817078868] LOCK pid=34586 fd=10: SHARED -> SHARED
DBimpl - LOCK REQUEST: 0x34db4680 2
DBimpl - UNLOCK REQUEST: 0x34db4680 0
[1773159759.817092855] UNLOCK pid=34586 fd=10: SHARED -> NO_LOCK
DBimpl - LOCK REQUEST: 0x34db4680 4
[1773159759.817958746] LOCK pid=34587 fd=12: RESERVED -> PENDING
[1773159759.817960812] LOCK pid=34587 fd=12: PENDING -> EXCLUSIVE
DBimpl - LOCK REQUEST: 0x34db4680 1
DBimpl - UNLOCK REQUEST: 0x34db4680 1
[1773159759.819645483] UNLOCK pid=34587 fd=12: EXCLUSIVE -> SHARED
DBimpl - UNLOCK REQUEST: 0x34db4680 0
[1773159759.819651205] UNLOCK pid=34587 fd=12: SHARED -> NO_LOCK
DBimpl - LOCK REQUEST: 0x34db4680 1
[1773159759.820620455] LOCK pid=34585 fd=8: NO_LOCK -> SHARED (fallback)
[1773159759.820622077] LOCK pid=34585 fd=8: SHARED -> SHARED
DBimpl - UNLOCK REQUEST: 0x34db4680 0
[1773159759.820824050] UNLOCK pid=34585 fd=8: SHARED -> NO_LOCK
DBimpl - LOCK REQUEST: 0x34db4680 1
[1773159759.822186145] LOCK pid=34586 fd=10: NO_LOCK -> SHARED (fallback)
[1773159759.822187605] LOCK pid=34586 fd=10: SHARED -> SHARED
DBimpl - LOCK REQUEST: 0x34db4680 2
[1773159759.822196259] LOCK pid=34586 fd=10: SHARED -> RESERVED
DBimpl - LOCK REQUEST: 0x34db4680 4
[1773159759.822733046] LOCK pid=34586 fd=10: RESERVED -> PENDING
[1773159759.822735125] LOCK pid=34586 fd=10: PENDING -> EXCLUSIVE
DBimpl - UNLOCK REQUEST: 0x34db4680 1
[1773159759.824370931] UNLOCK pid=34586 fd=10: EXCLUSIVE -> SHARED
DBimpl - UNLOCK REQUEST: 0x34db4680 0
[1773159759.824374617] UNLOCK pid=34586 fd=10: SHARED -> NO_LOCK
DBimpl - LOCK REQUEST: 0x34db4680 1
[1773159759.825288206] LOCK pid=34588 fd=14: NO_LOCK -> SHARED (fallback)
[1773159759.825289876] LOCK pid=34588 fd=14: SHARED -> SHARED
DBimpl - LOCK REQUEST: 0x34db4680 2
[1773159759.825300241] LOCK pid=34588 fd=14: SHARED -> RESERVED
DBimpl - LOCK REQUEST: 0x34db4680 4
[1773159759.825408738] LOCK pid=34588 fd=14: RESERVED -> PENDING
[1773159759.825411012] LOCK pid=34588 fd=14: PENDING -> EXCLUSIVE
DBimpl - UNLOCK REQUEST: 0x34db4680 1
[1773159759.827128803] UNLOCK pid=34588 fd=14: EXCLUSIVE -> SHARED
DBimpl - UNLOCK REQUEST: 0x34db4680 0
[1773159759.827132224] UNLOCK pid=34588 fd=14: SHARED -> NO_LOCK
DBimpl - LOCK REQUEST: 0x34db4680 1
[1773159759.831616674] LOCK pid=34588 fd=14: NO_LOCK -> SHARED (fallback)
[1773159759.831617920] LOCK pid=34588 fd=14: SHARED -> SHARED
DBimpl - LOCK REQUEST: 0x34db4680 2
[1773159759.831625659] LOCK pid=34588 fd=14: SHARED -> RESERVED
DBimpl - LOCK REQUEST: 0x34db4680 4
[1773159759.831713110] LOCK pid=34588 fd=14: RESERVED -> PENDING
[1773159759.831714785] LOCK pid=34588 fd=14: PENDING -> EXCLUSIVE
DBimpl - UNLOCK REQUEST: 0x34db4680 1
[1773159759.833391285] UNLOCK pid=34588 fd=14: EXCLUSIVE -> SHARED
DBimpl - UNLOCK REQUEST: 0x34db4680 0
[1773159759.833394731] UNLOCK pid=34588 fd=14: SHARED -> NO_LOCK
DBimpl - LOCK REQUEST: 0x34db4680 1
[1773159759.836312083] LOCK pid=34586 fd=10: NO_LOCK -> SHARED (fallback)
[1773159759.836313904] LOCK pid=34586 fd=10: SHARED -> SHARED
DBimpl - LOCK REQUEST: 0x34db4680 2
[1773159759.836324219] LOCK pid=34586 fd=10: SHARED -> RESERVED
DBimpl - LOCK REQUEST: 0x34db4680 4
[1773159759.836841863] LOCK pid=34586 fd=10: RESERVED -> PENDING
[1773159759.836843778] LOCK pid=34586 fd=10: PENDING -> EXCLUSIVE
DBimpl - LOCK REQUEST: 0x34db4680 1
DBimpl - UNLOCK REQUEST: 0x34db4680 1
[1773159759.838514446] UNLOCK pid=34586 fd=10: EXCLUSIVE -> SHARED
DBimpl - UNLOCK REQUEST: 0x34db4680 0
[1773159759.838518195] UNLOCK pid=34586 fd=10: SHARED -> NO_LOCK
DBimpl - LOCK REQUEST: 0x34db4680 1
[1773159759.838807049] LOCK pid=34587 fd=12: NO_LOCK -> SHARED (fallback)
[1773159759.838808361] LOCK pid=34587 fd=12: SHARED -> SHARED
DBimpl - LOCK REQUEST: 0x34db4680 2
[1773159759.838817948] LOCK pid=34587 fd=12: SHARED -> RESERVED
DBimpl - LOCK REQUEST: 0x34db4680 1
[1773159759.839007097] LOCK pid=34584 fd=6: NO_LOCK -> SHARED (fallback)
[1773159759.839009006] LOCK pid=34584 fd=6: SHARED -> SHARED
DBimpl - UNLOCK REQUEST: 0x34db4680 0
[1773159759.839120705] UNLOCK pid=34584 fd=6: SHARED -> NO_LOCK
DBimpl - LOCK REQUEST: 0x34db4680 1
[1773159759.845303943] LOCK pid=34586 fd=10: NO_LOCK -> SHARED (fallback)
[1773159759.845306075] LOCK pid=34586 fd=10: SHARED -> SHARED
DBimpl - LOCK REQUEST: 0x34db4680 2
DBimpl - UNLOCK REQUEST: 0x34db4680 0
[1773159759.845321917] UNLOCK pid=34586 fd=10: SHARED -> NO_LOCK
DBimpl - LOCK REQUEST: 0x34db4680 4
[1773159759.845972547] LOCK pid=34587 fd=12: RESERVED -> PENDING
[1773159759.845974463] LOCK pid=34587 fd=12: PENDING -> EXCLUSIVE
DBimpl - LOCK REQUEST: 0x34db4680 1
DBimpl - LOCK REQUEST: 0x34db4680 1
DBimpl - UNLOCK REQUEST: 0x34db4680 1
[1773159759.848481023] UNLOCK pid=34587 fd=12: EXCLUSIVE -> SHARED
DBimpl - UNLOCK REQUEST: 0x34db4680 0
[1773159759.848488913] UNLOCK pid=34587 fd=12: SHARED -> NO_LOCK
DBimpl - LOCK REQUEST: 0x34db4680 1
[1773159759.849851381] LOCK pid=34588 fd=14: NO_LOCK -> SHARED (fallback)
[1773159759.849853128] LOCK pid=34588 fd=14: SHARED -> SHARED
DBimpl - LOCK REQUEST: 0x34db4680 2
[1773159759.849864411] LOCK pid=34588 fd=14: SHARED -> RESERVED
DBimpl - LOCK REQUEST: 0x34db4680 4
[1773159759.849984102] LOCK pid=34588 fd=14: RESERVED -> PENDING
[1773159759.849985857] LOCK pid=34588 fd=14: PENDING -> EXCLUSIVE
DBimpl - LOCK REQUEST: 0x34db4680 1
DBimpl - LOCK REQUEST: 0x34db4680 1
DBimpl - UNLOCK REQUEST: 0x34db4680 1
[1773159759.852187151] UNLOCK pid=34588 fd=14: EXCLUSIVE -> SHARED
DBimpl - UNLOCK REQUEST: 0x34db4680 0
[1773159759.852192025] UNLOCK pid=34588 fd=14: SHARED -> NO_LOCK
DBimpl - LOCK REQUEST: 0x34db4680 1
[1773159759.853359872] LOCK pid=34587 fd=12: NO_LOCK -> SHARED (fallback)
[1773159759.853362048] LOCK pid=34587 fd=12: SHARED -> SHARED
DBimpl - LOCK REQUEST: 0x34db4680 2
[1773159759.853378052] LOCK pid=34587 fd=12: SHARED -> RESERVED
DBimpl - LOCK REQUEST: 0x34db4680 1
[1773159759.853509597] LOCK pid=34586 fd=10: NO_LOCK -> SHARED (fallback)
[1773159759.853511627] LOCK pid=34586 fd=10: SHARED -> SHARED
DBimpl - LOCK REQUEST: 0x34db4680 2
DBimpl - UNLOCK REQUEST: 0x34db4680 0
[1773159759.853526280] UNLOCK pid=34586 fd=10: SHARED -> NO_LOCK
DBimpl - LOCK REQUEST: 0x34db4680 1
[1773159759.854307147] LOCK pid=34584 fd=6: NO_LOCK -> SHARED (fallback)
[1773159759.854308722] LOCK pid=34584 fd=6: SHARED -> SHARED
DBimpl - UNLOCK REQUEST: 0x34db4680 0
[1773159759.854440940] UNLOCK pid=34584 fd=6: SHARED -> NO_LOCK
DBimpl - LOCK REQUEST: 0x34db4680 1
[1773159759.856617852] LOCK pid=34584 fd=6: NO_LOCK -> SHARED (fallback)
[1773159759.856619227] LOCK pid=34584 fd=6: SHARED -> SHARED
DBimpl - UNLOCK REQUEST: 0x34db4680 0
[1773159759.856750491] UNLOCK pid=34584 fd=6: SHARED -> NO_LOCK
DBimpl - LOCK REQUEST: 0x34db4680 1
[1773159759.857506951] LOCK pid=34588 fd=14: NO_LOCK -> SHARED (fallback)
[1773159759.857508473] LOCK pid=34588 fd=14: SHARED -> SHARED
DBimpl - LOCK REQUEST: 0x34db4680 2
DBimpl - UNLOCK REQUEST: 0x34db4680 0
[1773159759.857520296] UNLOCK pid=34588 fd=14: SHARED -> NO_LOCK
DBimpl - LOCK REQUEST: 0x34db4680 1
[1773159759.858580905] LOCK pid=34588 fd=14: NO_LOCK -> SHARED (fallback)
[1773159759.858582264] LOCK pid=34588 fd=14: SHARED -> SHARED
DBimpl - LOCK REQUEST: 0x34db4680 2
DBimpl - UNLOCK REQUEST: 0x34db4680 0
[1773159759.858592549] UNLOCK pid=34588 fd=14: SHARED -> NO_LOCK
DBimpl - LOCK REQUEST: 0x34db4680 1
[1773159759.859098017] LOCK pid=34585 fd=8: NO_LOCK -> SHARED (fallback)
[1773159759.859099527] LOCK pid=34585 fd=8: SHARED -> SHARED
DBimpl - UNLOCK REQUEST: 0x34db4680 0
[1773159759.859275575] UNLOCK pid=34585 fd=8: SHARED -> NO_LOCK
DBimpl - LOCK REQUEST: 0x34db4680 1
[1773159759.860689223] LOCK pid=34588 fd=14: NO_LOCK -> SHARED (fallback)
[1773159759.860690656] LOCK pid=34588 fd=14: SHARED -> SHARED
DBimpl - LOCK REQUEST: 0x34db4680 2
DBimpl - UNLOCK REQUEST: 0x34db4680 0
[1773159759.860700757] UNLOCK pid=34588 fd=14: SHARED -> NO_LOCK
DBimpl - LOCK REQUEST: 0x34db4680 4
[1773159759.862311124] LOCK pid=34587 fd=12: RESERVED -> PENDING
[1773159759.862313807] LOCK pid=34587 fd=12: PENDING -> EXCLUSIVE
DBimpl - LOCK REQUEST: 0x34db4680 1
DBimpl - LOCK REQUEST: 0x34db4680 1
DBimpl - LOCK REQUEST: 0x34db4680 1
DBimpl - UNLOCK REQUEST: 0x34db4680 1
[1773159759.864209952] UNLOCK pid=34587 fd=12: EXCLUSIVE -> SHARED
DBimpl - UNLOCK REQUEST: 0x34db4680 0
[1773159759.864217017] UNLOCK pid=34587 fd=12: SHARED -> NO_LOCK
DBimpl - LOCK REQUEST: 0x34db4680 1
[1773159759.864303682] LOCK pid=34584 fd=6: NO_LOCK -> SHARED (fallback)
[1773159759.864305223] LOCK pid=34584 fd=6: SHARED -> SHARED
DBimpl - UNLOCK REQUEST: 0x34db4680 0
[1773159759.864461662] UNLOCK pid=34584 fd=6: SHARED -> NO_LOCK
DBimpl - LOCK REQUEST: 0x34db4680 1
[1773159759.865194159] LOCK pid=34585 fd=8: NO_LOCK -> SHARED (fallback)
[1773159759.865195412] LOCK pid=34585 fd=8: SHARED -> SHARED
DBimpl - UNLOCK REQUEST: 0x34db4680 0
[1773159759.865376127] UNLOCK pid=34585 fd=8: SHARED -> NO_LOCK
DBimpl - LOCK REQUEST: 0x34db4680 1
[1773159759.865788912] LOCK pid=34588 fd=14: NO_LOCK -> SHARED (fallback)
[1773159759.865790295] LOCK pid=34588 fd=14: SHARED -> SHARED
DBimpl - LOCK REQUEST: 0x34db4680 2
[1773159759.865798242] LOCK pid=34588 fd=14: SHARED -> RESERVED
DBimpl - LOCK REQUEST: 0x34db4680 4
[1773159759.865902994] LOCK pid=34588 fd=14: RESERVED -> PENDING
[1773159759.865904680] LOCK pid=34588 fd=14: PENDING -> EXCLUSIVE
DBimpl - UNLOCK REQUEST: 0x34db4680 1
[1773159759.867495786] UNLOCK pid=34588 fd=14: EXCLUSIVE -> SHARED
DBimpl - UNLOCK REQUEST: 0x34db4680 0
[1773159759.867499630] UNLOCK pid=34588 fd=14: SHARED -> NO_LOCK
DBimpl - LOCK REQUEST: 0x34db4680 1
[1773159759.869145751] LOCK pid=34587 fd=12: NO_LOCK -> SHARED (fallback)
[1773159759.869147810] LOCK pid=34587 fd=12: SHARED -> SHARED
DBimpl - LOCK REQUEST: 0x34db4680 2
[1773159759.869164608] LOCK pid=34587 fd=12: SHARED -> RESERVED
DBimpl - LOCK REQUEST: 0x34db4680 1
[1773159759.869952871] LOCK pid=34584 fd=6: NO_LOCK -> SHARED (fallback)
[1773159759.869954348] LOCK pid=34584 fd=6: SHARED -> SHARED
DBimpl - UNLOCK REQUEST: 0x34db4680 0
[1773159759.870080108] UNLOCK pid=34584 fd=6: SHARED -> NO_LOCK
DBimpl - LOCK REQUEST: 0x34db4680 4
[1773159759.871676551] LOCK pid=34587 fd=12: RESERVED -> PENDING
[1773159759.871679411] LOCK pid=34587 fd=12: PENDING -> EXCLUSIVE
DBimpl - LOCK REQUEST: 0x34db4680 1
DBimpl - UNLOCK REQUEST: 0x34db4680 1
[1773159759.873315016] UNLOCK pid=34587 fd=12: EXCLUSIVE -> SHARED
DBimpl - UNLOCK REQUEST: 0x34db4680 0
[1773159759.873320938] UNLOCK pid=34587 fd=12: SHARED -> NO_LOCK
DBimpl - LOCK REQUEST: 0x34db4680 1
[1773159759.873865381] LOCK pid=34584 fd=6: NO_LOCK -> SHARED (fallback)
[1773159759.873866849] LOCK pid=34584 fd=6: SHARED -> SHARED
DBimpl - UNLOCK REQUEST: 0x34db4680 0
[1773159759.874014965] UNLOCK pid=34584 fd=6: SHARED -> NO_LOCK
DBimpl - LOCK REQUEST: 0x34db4680 1
[1773159759.874851778] LOCK pid=34588 fd=14: NO_LOCK -> SHARED (fallback)
[1773159759.874853351] LOCK pid=34588 fd=14: SHARED -> SHARED
DBimpl - LOCK REQUEST: 0x34db4680 2
[1773159759.874863413] LOCK pid=34588 fd=14: SHARED -> RESERVED
DBimpl - LOCK REQUEST: 0x34db4680 4
[1773159759.874972812] LOCK pid=34588 fd=14: RESERVED -> PENDING
[1773159759.874974461] LOCK pid=34588 fd=14: PENDING -> EXCLUSIVE
DBimpl - LOCK REQUEST: 0x34db4680 1
DBimpl - UNLOCK REQUEST: 0x34db4680 1
[1773159759.876675925] UNLOCK pid=34588 fd=14: EXCLUSIVE -> SHARED
DBimpl - UNLOCK REQUEST: 0x34db4680 0
[1773159759.876680175] UNLOCK pid=34588 fd=14: SHARED -> NO_LOCK
DBimpl - LOCK REQUEST: 0x34db4680 1
[1773159759.876736799] LOCK pid=34585 fd=8: NO_LOCK -> SHARED (fallback)
[1773159759.876739129] LOCK pid=34585 fd=8: SHARED -> SHARED
DBimpl - UNLOCK REQUEST: 0x34db4680 0
[1773159759.876925413] UNLOCK pid=34585 fd=8: SHARED -> NO_LOCK
DBimpl - LOCK REQUEST: 0x34db4680 1
[1773159759.878200172] LOCK pid=34588 fd=14: NO_LOCK -> SHARED (fallback)
[1773159759.878201731] LOCK pid=34588 fd=14: SHARED -> SHARED
DBimpl - LOCK REQUEST: 0x34db4680 2
[1773159759.878210383] LOCK pid=34588 fd=14: SHARED -> RESERVED
DBimpl - LOCK REQUEST: 0x34db4680 4
[1773159759.878318167] LOCK pid=34588 fd=14: RESERVED -> PENDING
[1773159759.878319937] LOCK pid=34588 fd=14: PENDING -> EXCLUSIVE
DBimpl - LOCK REQUEST: 0x34db4680 1
DBimpl - UNLOCK REQUEST: 0x34db4680 1
[1773159759.880432271] UNLOCK pid=34588 fd=14: EXCLUSIVE -> SHARED
DBimpl - UNLOCK REQUEST: 0x34db4680 0
[1773159759.880435922] UNLOCK pid=34588 fd=14: SHARED -> NO_LOCK
DBimpl - LOCK REQUEST: 0x34db4680 1
[1773159759.881445746] LOCK pid=34585 fd=8: NO_LOCK -> SHARED (fallback)
[1773159759.881447955] LOCK pid=34585 fd=8: SHARED -> SHARED
DBimpl - UNLOCK REQUEST: 0x34db4680 0
[1773159759.881619548] UNLOCK pid=34585 fd=8: SHARED -> NO_LOCK
DBimpl - LOCK REQUEST: 0x34db4680 1
[1773159759.882378424] LOCK pid=34585 fd=8: NO_LOCK -> SHARED (fallback)
[1773159759.882380235] LOCK pid=34585 fd=8: SHARED -> SHARED
DBimpl - UNLOCK REQUEST: 0x34db4680 0
[1773159759.882555181] UNLOCK pid=34585 fd=8: SHARED -> NO_LOCK
DBimpl - LOCK REQUEST: 0x34db4680 1
[1773159759.884121234] LOCK pid=34588 fd=14: NO_LOCK -> SHARED (fallback)
DBimpl - LOCK REQUEST: 0x34db4680 1
[1773159759.884123125] LOCK pid=34588 fd=14: SHARED -> SHARED
[1773159759.884128438] LOCK pid=34587 fd=12: NO_LOCK -> SHARED (fallback)
[1773159759.884130357] LOCK pid=34587 fd=12: SHARED -> SHARED
DBimpl - LOCK REQUEST: 0x34db4680 2
[1773159759.884136080] LOCK pid=34588 fd=14: SHARED -> RESERVED
DBimpl - LOCK REQUEST: 0x34db4680 2
DBimpl - UNLOCK REQUEST: 0x34db4680 0
[1773159759.884145519] UNLOCK pid=34587 fd=12: SHARED -> NO_LOCK
DBimpl - LOCK REQUEST: 0x34db4680 4
[1773159759.884218629] LOCK pid=34588 fd=14: RESERVED -> PENDING
[1773159759.884220287] LOCK pid=34588 fd=14: PENDING -> EXCLUSIVE
DBimpl - LOCK REQUEST: 0x34db4680 1
DBimpl - UNLOCK REQUEST: 0x34db4680 1
[1773159759.887273261] UNLOCK pid=34588 fd=14: EXCLUSIVE -> SHARED
DBimpl - UNLOCK REQUEST: 0x34db4680 0
DBimpl - LOCK REQUEST: 0x34db4680 1
[1773159759.887278464] UNLOCK pid=34588 fd=14: SHARED -> NO_LOCK
[1773159759.887283612] LOCK pid=34587 fd=12: NO_LOCK -> SHARED (fallback)
[1773159759.887285447] LOCK pid=34587 fd=12: SHARED -> SHARED
DBimpl - LOCK REQUEST: 0x34db4680 2
[1773159759.887297132] LOCK pid=34587 fd=12: SHARED -> RESERVED
DBimpl - LOCK REQUEST: 0x34db4680 1
[1773159759.892091355] LOCK pid=34588 fd=14: NO_LOCK -> SHARED (fallback)
[1773159759.892093053] LOCK pid=34588 fd=14: SHARED -> SHARED
DBimpl - LOCK REQUEST: 0x34db4680 2
DBimpl - UNLOCK REQUEST: 0x34db4680 0
[1773159759.892105441] UNLOCK pid=34588 fd=14: SHARED -> NO_LOCK
DBimpl - LOCK REQUEST: 0x34db4680 4
[1773159759.892326315] LOCK pid=34587 fd=12: RESERVED -> PENDING
[1773159759.892328297] LOCK pid=34587 fd=12: PENDING -> EXCLUSIVE
DBimpl - LOCK REQUEST: 0x34db4680 1
DBimpl - LOCK REQUEST: 0x34db4680 1
DBimpl - LOCK REQUEST: 0x34db4680 1
DBimpl - LOCK REQUEST: 0x34db4680 1
DBimpl - UNLOCK REQUEST: 0x34db4680 1
[1773159759.895875439] UNLOCK pid=34587 fd=12: EXCLUSIVE -> SHARED
DBimpl - UNLOCK REQUEST: 0x34db4680 0
[1773159759.895879671] UNLOCK pid=34587 fd=12: SHARED -> NO_LOCK
DBimpl - LOCK REQUEST: 0x34db4680 1
[1773159759.897104541] LOCK pid=34585 fd=8: NO_LOCK -> SHARED (fallback)
[1773159759.897106737] LOCK pid=34585 fd=8: SHARED -> SHARED
DBimpl - UNLOCK REQUEST: 0x34db4680 0
[1773159759.897323063] UNLOCK pid=34585 fd=8: SHARED -> NO_LOCK
DBimpl - LOCK REQUEST: 0x34db4680 1
[1773159759.898765836] LOCK pid=34586 fd=10: NO_LOCK -> SHARED (fallback)
[1773159759.898767246] LOCK pid=34586 fd=10: SHARED -> SHARED
DBimpl - LOCK REQUEST: 0x34db4680 2
[1773159759.898777043] LOCK pid=34586 fd=10: SHARED -> RESERVED
DBimpl - LOCK REQUEST: 0x34db4680 4
[1773159759.899366253] LOCK pid=34586 fd=10: RESERVED -> PENDING
[1773159759.899368135] LOCK pid=34586 fd=10: PENDING -> EXCLUSIVE
DBimpl - LOCK REQUEST: 0x34db4680 1
DBimpl - UNLOCK REQUEST: 0x34db4680 1
[1773159759.900981803] UNLOCK pid=34586 fd=10: EXCLUSIVE -> SHARED
DBimpl - UNLOCK REQUEST: 0x34db4680 0
[1773159759.900985849] UNLOCK pid=34586 fd=10: SHARED -> NO_LOCK
DBimpl - LOCK REQUEST: 0x34db4680 1
[1773159759.901397825] LOCK pid=34586 fd=10: NO_LOCK -> SHARED (fallback)
[1773159759.901399042] LOCK pid=34586 fd=10: SHARED -> SHARED
DBimpl - LOCK REQUEST: 0x34db4680 2
[1773159759.901406843] LOCK pid=34586 fd=10: SHARED -> RESERVED
DBimpl - LOCK REQUEST: 0x34db4680 4
[1773159759.901928699] LOCK pid=34586 fd=10: RESERVED -> PENDING
[1773159759.901930526] LOCK pid=34586 fd=10: PENDING -> EXCLUSIVE
DBimpl - UNLOCK REQUEST: 0x34db4680 1
[1773159759.903615277] UNLOCK pid=34586 fd=10: EXCLUSIVE -> SHARED
DBimpl - UNLOCK REQUEST: 0x34db4680 0
[1773159759.903619333] UNLOCK pid=34586 fd=10: SHARED -> NO_LOCK
DBimpl - LOCK REQUEST: 0x34db4680 1
[1773159759.905834138] LOCK pid=34584 fd=6: NO_LOCK -> SHARED (fallback)
[1773159759.905835764] LOCK pid=34584 fd=6: SHARED -> SHARED
DBimpl - UNLOCK REQUEST: 0x34db4680 0
[1773159759.906008869] UNLOCK pid=34584 fd=6: SHARED -> NO_LOCK
DBimpl - LOCK REQUEST: 0x34db4680 1
[1773159759.909514475] LOCK pid=34584 fd=6: NO_LOCK -> SHARED (fallback)
[1773159759.909516085] LOCK pid=34584 fd=6: SHARED -> SHARED
DBimpl - UNLOCK REQUEST: 0x34db4680 0
[1773159759.909669693] UNLOCK pid=34584 fd=6: SHARED -> NO_LOCK
DBimpl - LOCK REQUEST: 0x34db4680 1
[1773159759.909845477] LOCK pid=34586 fd=10: NO_LOCK -> SHARED (fallback)
[1773159759.909846968] LOCK pid=34586 fd=10: SHARED -> SHARED
DBimpl - LOCK REQUEST: 0x34db4680 2
[1773159759.909854444] LOCK pid=34586 fd=10: SHARED -> RESERVED
DBimpl - LOCK REQUEST: 0x34db4680 1
[1773159759.910285975] LOCK pid=34587 fd=12: NO_LOCK -> SHARED (fallback)
[1773159759.910287628] LOCK pid=34587 fd=12: SHARED -> SHARED
DBimpl - LOCK REQUEST: 0x34db4680 2
DBimpl - UNLOCK REQUEST: 0x34db4680 0
[1773159759.910300677] UNLOCK pid=34587 fd=12: SHARED -> NO_LOCK
DBimpl - LOCK REQUEST: 0x34db4680 4
[1773159759.910325135] LOCK pid=34586 fd=10: RESERVED -> PENDING
[1773159759.910327384] LOCK pid=34586 fd=10: PENDING -> EXCLUSIVE
DBimpl - LOCK REQUEST: 0x34db4680 1
DBimpl - LOCK REQUEST: 0x34db4680 1
DBimpl - UNLOCK REQUEST: 0x34db4680 1
[1773159759.911940493] UNLOCK pid=34586 fd=10: EXCLUSIVE -> SHARED
DBimpl - UNLOCK REQUEST: 0x34db4680 0
[1773159759.911944140] UNLOCK pid=34586 fd=10: SHARED -> NO_LOCK
DBimpl - LOCK REQUEST: 0x34db4680 1
[1773159759.913476540] LOCK pid=34587 fd=12: NO_LOCK -> SHARED (fallback)
[1773159759.913477789] LOCK pid=34587 fd=12: SHARED -> SHARED
DBimpl - LOCK REQUEST: 0x34db4680 2
[1773159759.913485623] LOCK pid=34587 fd=12: SHARED -> RESERVED
DBimpl - LOCK REQUEST: 0x34db4680 1
[1773159759.915050608] LOCK pid=34584 fd=6: NO_LOCK -> SHARED (fallback)
[1773159759.915052232] LOCK pid=34584 fd=6: SHARED -> SHARED
DBimpl - UNLOCK REQUEST: 0x34db4680 0
[1773159759.915208992] UNLOCK pid=34584 fd=6: SHARED -> NO_LOCK
DBimpl - LOCK REQUEST: 0x34db4680 1
[1773159759.917146489] LOCK pid=34584 fd=6: NO_LOCK -> SHARED (fallback)
[1773159759.917147710] LOCK pid=34584 fd=6: SHARED -> SHARED
DBimpl - UNLOCK REQUEST: 0x34db4680 0
[1773159759.917292708] UNLOCK pid=34584 fd=6: SHARED -> NO_LOCK
DBimpl - LOCK REQUEST: 0x34db4680 1
[1773159759.918959640] LOCK pid=34585 fd=8: NO_LOCK -> SHARED (fallback)
[1773159759.918962079] LOCK pid=34585 fd=8: SHARED -> SHARED
DBimpl - UNLOCK REQUEST: 0x34db4680 0
[1773159759.919186728] UNLOCK pid=34585 fd=8: SHARED -> NO_LOCK
DBimpl - LOCK REQUEST: 0x34db4680 1
[1773159759.919288568] LOCK pid=34586 fd=10: NO_LOCK -> SHARED (fallback)
[1773159759.919289853] LOCK pid=34586 fd=10: SHARED -> SHARED
DBimpl - LOCK REQUEST: 0x34db4680 2
DBimpl - UNLOCK REQUEST: 0x34db4680 0
[1773159759.919299164] UNLOCK pid=34586 fd=10: SHARED -> NO_LOCK
DBimpl - LOCK REQUEST: 0x34db4680 1
[1773159759.920361647] LOCK pid=34586 fd=10: NO_LOCK -> SHARED (fallback)
[1773159759.920363679] LOCK pid=34586 fd=10: SHARED -> SHARED
DBimpl - LOCK REQUEST: 0x34db4680 2
DBimpl - UNLOCK REQUEST: 0x34db4680 0
[1773159759.920373706] UNLOCK pid=34586 fd=10: SHARED -> NO_LOCK
DBimpl - LOCK REQUEST: 0x34db4680 1
[1773159759.922458421] LOCK pid=34586 fd=10: NO_LOCK -> SHARED (fallback)
[1773159759.922459703] LOCK pid=34586 fd=10: SHARED -> SHARED
DBimpl - LOCK REQUEST: 0x34db4680 2
DBimpl - UNLOCK REQUEST: 0x34db4680 0
[1773159759.922467655] UNLOCK pid=34586 fd=10: SHARED -> NO_LOCK
DBimpl - LOCK REQUEST: 0x34db4680 4
[1773159759.922804679] LOCK pid=34587 fd=12: RESERVED -> PENDING
[1773159759.922807097] LOCK pid=34587 fd=12: PENDING -> EXCLUSIVE
DBimpl - UNLOCK REQUEST: 0x34db4680 1
[1773159759.922811231] UNLOCK pid=34587 fd=12: EXCLUSIVE -> SHARED
DBimpl - UNLOCK REQUEST: 0x34db4680 0
[1773159759.922814709] UNLOCK pid=34587 fd=12: SHARED -> NO_LOCK
DBimpl - LOCK REQUEST: 0x34db4680 1
[1773159759.925526014] LOCK pid=34588 fd=14: NO_LOCK -> SHARED (fallback)
[1773159759.925529773] LOCK pid=34588 fd=14: SHARED -> SHARED
DBimpl - LOCK REQUEST: 0x34db4680 2
[1773159759.925546049] LOCK pid=34588 fd=14: SHARED -> RESERVED
DBimpl - LOCK REQUEST: 0x34db4680 4
[1773159759.925698076] LOCK pid=34588 fd=14: RESERVED -> PENDING
[1773159759.925700084] LOCK pid=34588 fd=14: PENDING -> EXCLUSIVE
DBimpl - LOCK REQUEST: 0x34db4680 1
DBimpl - LOCK REQUEST: 0x34db4680 1
DBimpl - LOCK REQUEST: 0x34db4680 1
DBimpl - UNLOCK REQUEST: 0x34db4680 1
[1773159759.927834875] UNLOCK pid=34588 fd=14: EXCLUSIVE -> SHARED
DBimpl - UNLOCK REQUEST: 0x34db4680 0
[1773159759.927839244] UNLOCK pid=34588 fd=14: SHARED -> NO_LOCK
DBimpl - LOCK REQUEST: 0x34db4680 1
[1773159759.929281066] LOCK pid=34584 fd=6: NO_LOCK -> SHARED (fallback)
[1773159759.929283034] LOCK pid=34584 fd=6: SHARED -> SHARED
DBimpl - LOCK REQUEST: 0x34db4680 1
DBimpl - UNLOCK REQUEST: 0x34db4680 0
[1773159759.929430348] LOCK pid=34585 fd=8: NO_LOCK -> SHARED (fallback)
[1773159759.929431433] UNLOCK pid=34584 fd=6: SHARED -> NO_LOCK
[1773159759.929431828] LOCK pid=34585 fd=8: SHARED -> SHARED
DBimpl - UNLOCK REQUEST: 0x34db4680 0
[1773159759.929612875] UNLOCK pid=34585 fd=8: SHARED -> NO_LOCK
DBimpl - LOCK REQUEST: 0x34db4680 1
[1773159759.932120362] LOCK pid=34585 fd=8: NO_LOCK -> SHARED (fallback)
[1773159759.932121857] LOCK pid=34585 fd=8: SHARED -> SHARED
DBimpl - UNLOCK REQUEST: 0x34db4680 0
[1773159759.932277672] UNLOCK pid=34585 fd=8: SHARED -> NO_LOCK
DBimpl - LOCK REQUEST: 0x34db4680 1
[1773159759.933228619] LOCK pid=34585 fd=8: NO_LOCK -> SHARED (fallback)
[1773159759.933229830] LOCK pid=34585 fd=8: SHARED -> SHARED
DBimpl - UNLOCK REQUEST: 0x34db4680 0
[1773159759.933371432] UNLOCK pid=34585 fd=8: SHARED -> NO_LOCK
DBimpl - LOCK REQUEST: 0x34db4680 1
[1773159759.934733037] LOCK pid=34587 fd=12: NO_LOCK -> SHARED (fallback)
[1773159759.934735269] LOCK pid=34587 fd=12: SHARED -> SHARED
DBimpl - LOCK REQUEST: 0x34db4680 2
[1773159759.934744115] LOCK pid=34587 fd=12: SHARED -> RESERVED
DBimpl - LOCK REQUEST: 0x34db4680 1
[1773159759.937626871] LOCK pid=34586 fd=10: NO_LOCK -> SHARED (fallback)
[1773159759.937628568] LOCK pid=34586 fd=10: SHARED -> SHARED
DBimpl - LOCK REQUEST: 0x34db4680 2
DBimpl - UNLOCK REQUEST: 0x34db4680 0
[1773159759.937641688] UNLOCK pid=34586 fd=10: SHARED -> NO_LOCK
DBimpl - LOCK REQUEST: 0x34db4680 1
[1773159759.938534203] LOCK pid=34588 fd=14: NO_LOCK -> SHARED (fallback)
[1773159759.938536731] LOCK pid=34588 fd=14: SHARED -> SHARED
DBimpl - LOCK REQUEST: 0x34db4680 2
DBimpl - UNLOCK REQUEST: 0x34db4680 0
[1773159759.938552810] UNLOCK pid=34588 fd=14: SHARED -> NO_LOCK
DBimpl - LOCK REQUEST: 0x34db4680 1
[1773159759.939616363] LOCK pid=34588 fd=14: NO_LOCK -> SHARED (fallback)
[1773159759.939618337] LOCK pid=34588 fd=14: SHARED -> SHARED
DBimpl - LOCK REQUEST: 0x34db4680 2
DBimpl - UNLOCK REQUEST: 0x34db4680 0
[1773159759.939631924] UNLOCK pid=34588 fd=14: SHARED -> NO_LOCK
DBimpl - LOCK REQUEST: 0x34db4680 1
[1773159759.941695117] LOCK pid=34588 fd=14: NO_LOCK -> SHARED (fallback)
[1773159759.941697054] LOCK pid=34588 fd=14: SHARED -> SHARED
DBimpl - LOCK REQUEST: 0x34db4680 2
DBimpl - UNLOCK REQUEST: 0x34db4680 0
[1773159759.941710657] UNLOCK pid=34588 fd=14: SHARED -> NO_LOCK
DBimpl - LOCK REQUEST: 0x34db4680 4
[1773159759.942875767] LOCK pid=34587 fd=12: RESERVED -> PENDING
[1773159759.942877477] LOCK pid=34587 fd=12: PENDING -> EXCLUSIVE
DBimpl - LOCK REQUEST: 0x34db4680 1
DBimpl - UNLOCK REQUEST: 0x34db4680 1
[1773159759.945144447] UNLOCK pid=34587 fd=12: EXCLUSIVE -> SHARED
DBimpl - UNLOCK REQUEST: 0x34db4680 0
[1773159759.945153737] UNLOCK pid=34587 fd=12: SHARED -> NO_LOCK
DBimpl - LOCK REQUEST: 0x34db4680 1
[1773159759.945264890] LOCK pid=34585 fd=8: NO_LOCK -> SHARED (fallback)
[1773159759.945267224] LOCK pid=34585 fd=8: SHARED -> SHARED
DBimpl - UNLOCK REQUEST: 0x34db4680 0
[1773159759.945451458] UNLOCK pid=34585 fd=8: SHARED -> NO_LOCK
DBimpl - LOCK REQUEST: 0x34db4680 1
[1773159759.946786826] LOCK pid=34588 fd=14: NO_LOCK -> SHARED (fallback)
[1773159759.946788217] LOCK pid=34588 fd=14: SHARED -> SHARED
DBimpl - LOCK REQUEST: 0x34db4680 2
[1773159759.946796490] LOCK pid=34588 fd=14: SHARED -> RESERVED
DBimpl - LOCK REQUEST: 0x34db4680 4
[1773159759.946901446] LOCK pid=34588 fd=14: RESERVED -> PENDING
[1773159759.946903185] LOCK pid=34588 fd=14: PENDING -> EXCLUSIVE
DBimpl - UNLOCK REQUEST: 0x34db4680 1
[1773159759.948584653] UNLOCK pid=34588 fd=14: EXCLUSIVE -> SHARED
DBimpl - UNLOCK REQUEST: 0x34db4680 0
[1773159759.948588804] UNLOCK pid=34588 fd=14: SHARED -> NO_LOCK
DBimpl - LOCK REQUEST: 0x34db4680 1
[1773159759.952658298] LOCK pid=34584 fd=6: NO_LOCK -> SHARED (fallback)
[1773159759.952660492] LOCK pid=34584 fd=6: SHARED -> SHARED
DBimpl - LOCK REQUEST: 0x34db4680 1
[1773159759.952741189] LOCK pid=34586 fd=10: NO_LOCK -> SHARED (fallback)
[1773159759.952743107] LOCK pid=34586 fd=10: SHARED -> SHARED
DBimpl - LOCK REQUEST: 0x34db4680 2
[1773159759.952755069] LOCK pid=34586 fd=10: SHARED -> RESERVED
DBimpl - UNLOCK REQUEST: 0x34db4680 0
[1773159759.952825747] UNLOCK pid=34584 fd=6: SHARED -> NO_LOCK
DBimpl - LOCK REQUEST: 0x34db4680 1
DBimpl - LOCK REQUEST: 0x34db4680 4
[1773159759.953467903] LOCK pid=34585 fd=8: NO_LOCK -> SHARED (fallback)
[1773159759.953469378] LOCK pid=34585 fd=8: SHARED -> SHARED
[1773159759.953469490] LOCK pid=34586 fd=10: RESERVED -> PENDING
DBimpl - UNLOCK REQUEST: 0x34db4680 0
[1773159759.953629417] UNLOCK pid=34585 fd=8: SHARED -> NO_LOCK
DBimpl - LOCK REQUEST: 0x34db4680 4
[1773159759.954579383] LOCK pid=34586 fd=10: PENDING -> EXCLUSIVE
DBimpl - UNLOCK REQUEST: 0x34db4680 1
[1773159759.956285106] UNLOCK pid=34586 fd=10: EXCLUSIVE -> SHARED
DBimpl - UNLOCK REQUEST: 0x34db4680 0
[1773159759.956289332] UNLOCK pid=34586 fd=10: SHARED -> NO_LOCK
DBimpl - LOCK REQUEST: 0x34db4680 1
[1773159759.960253679] LOCK pid=34587 fd=12: NO_LOCK -> SHARED (fallback)
[1773159759.960255624] LOCK pid=34587 fd=12: SHARED -> SHARED
DBimpl - LOCK REQUEST: 0x34db4680 2
[1773159759.960265599] LOCK pid=34587 fd=12: SHARED -> RESERVED
DBimpl - LOCK REQUEST: 0x34db4680 4
[1773159759.960789538] LOCK pid=34587 fd=12: RESERVED -> PENDING
[1773159759.960791445] LOCK pid=34587 fd=12: PENDING -> EXCLUSIVE
DBimpl - UNLOCK REQUEST: 0x34db4680 1
[1773159759.962444841] UNLOCK pid=34587 fd=12: EXCLUSIVE -> SHARED
DBimpl - UNLOCK REQUEST: 0x34db4680 0
[1773159759.962449066] UNLOCK pid=34587 fd=12: SHARED -> NO_LOCK
DBimpl - LOCK REQUEST: 0x34db4680 1
[1773159759.963314467] LOCK pid=34587 fd=12: NO_LOCK -> SHARED (fallback)
[1773159759.963316295] LOCK pid=34587 fd=12: SHARED -> SHARED
DBimpl - LOCK REQUEST: 0x34db4680 2
[1773159759.963328048] LOCK pid=34587 fd=12: SHARED -> RESERVED
DBimpl - LOCK REQUEST: 0x34db4680 1
[1773159759.964324662] LOCK pid=34588 fd=14: NO_LOCK -> SHARED (fallback)
[1773159759.964326913] LOCK pid=34588 fd=14: SHARED -> SHARED
DBimpl - LOCK REQUEST: 0x34db4680 2
DBimpl - UNLOCK REQUEST: 0x34db4680 0
[1773159759.964345049] UNLOCK pid=34588 fd=14: SHARED -> NO_LOCK
DBimpl - LOCK REQUEST: 0x34db4680 4
[1773159759.965287959] LOCK pid=34587 fd=12: RESERVED -> PENDING
[1773159759.965289776] LOCK pid=34587 fd=12: PENDING -> EXCLUSIVE
DBimpl - LOCK REQUEST: 0x34db4680 1
DBimpl - LOCK REQUEST: 0x34db4680 1
DBimpl - LOCK REQUEST: 0x34db4680 1
DBimpl - LOCK REQUEST: 0x34db4680 1
DBimpl - UNLOCK REQUEST: 0x34db4680 1
[1773159759.967450385] UNLOCK pid=34587 fd=12: EXCLUSIVE -> SHARED
DBimpl - UNLOCK REQUEST: 0x34db4680 0
[1773159759.967455761] UNLOCK pid=34587 fd=12: SHARED -> NO_LOCK
DBimpl - LOCK REQUEST: 0x34db4680 1
[1773159759.967495820] LOCK pid=34588 fd=14: NO_LOCK -> SHARED (fallback)
[1773159759.967497250] LOCK pid=34588 fd=14: SHARED -> SHARED
DBimpl - LOCK REQUEST: 0x34db4680 2
[1773159759.967509086] LOCK pid=34588 fd=14: SHARED -> RESERVED
DBimpl - LOCK REQUEST: 0x34db4680 4
[1773159759.967616351] LOCK pid=34588 fd=14: RESERVED -> PENDING
[1773159759.967618011] LOCK pid=34588 fd=14: PENDING -> EXCLUSIVE
DBimpl - LOCK REQUEST: 0x34db4680 1
DBimpl - UNLOCK REQUEST: 0x34db4680 1
[1773159759.969335258] UNLOCK pid=34588 fd=14: EXCLUSIVE -> SHARED
DBimpl - UNLOCK REQUEST: 0x34db4680 0
[1773159759.969338979] UNLOCK pid=34588 fd=14: SHARED -> NO_LOCK
DBimpl - LOCK REQUEST: 0x34db4680 1
[1773159759.969545743] LOCK pid=34586 fd=10: NO_LOCK -> SHARED (fallback)
[1773159759.969547461] LOCK pid=34586 fd=10: SHARED -> SHARED
DBimpl - LOCK REQUEST: 0x34db4680 2
[1773159759.969560404] LOCK pid=34586 fd=10: SHARED -> RESERVED
DBimpl - LOCK REQUEST: 0x34db4680 1
[1773159759.969829781] LOCK pid=34584 fd=6: NO_LOCK -> SHARED (fallback)
[1773159759.969845546] LOCK pid=34584 fd=6: SHARED -> SHARED
DBimpl - LOCK REQUEST: 0x34db4680 1
[1773159759.969994769] LOCK pid=34587 fd=12: NO_LOCK -> SHARED (fallback)
[1773159759.969997260] LOCK pid=34587 fd=12: SHARED -> SHARED
DBimpl - LOCK REQUEST: 0x34db4680 2
DBimpl - UNLOCK REQUEST: 0x34db4680 0
[1773159759.970017588] UNLOCK pid=34587 fd=12: SHARED -> NO_LOCK
DBimpl - UNLOCK REQUEST: 0x34db4680 0
[1773159759.970042766] UNLOCK pid=34584 fd=6: SHARED -> NO_LOCK
DBimpl - LOCK REQUEST: 0x34db4680 4
[1773159759.970244526] LOCK pid=34586 fd=10: RESERVED -> PENDING
[1773159759.970246609] LOCK pid=34586 fd=10: PENDING -> EXCLUSIVE
DBimpl - LOCK REQUEST: 0x34db4680 1
DBimpl - UNLOCK REQUEST: 0x34db4680 1
[1773159759.971868678] UNLOCK pid=34586 fd=10: EXCLUSIVE -> SHARED
DBimpl - UNLOCK REQUEST: 0x34db4680 0
[1773159759.971872921] UNLOCK pid=34586 fd=10: SHARED -> NO_LOCK
DBimpl - LOCK REQUEST: 0x34db4680 1
[1773159759.973179125] LOCK pid=34587 fd=12: NO_LOCK -> SHARED (fallback)
[1773159759.973180897] LOCK pid=34587 fd=12: SHARED -> SHARED
DBimpl - LOCK REQUEST: 0x34db4680 2
[1773159759.973193560] LOCK pid=34587 fd=12: SHARED -> RESERVED
DBimpl - LOCK REQUEST: 0x34db4680 1
[1773159759.974839255] LOCK pid=34585 fd=8: NO_LOCK -> SHARED (fallback)
[1773159759.974840854] LOCK pid=34585 fd=8: SHARED -> SHARED
DBimpl - UNLOCK REQUEST: 0x34db4680 0
[1773159759.975011325] UNLOCK pid=34585 fd=8: SHARED -> NO_LOCK
DBimpl - LOCK REQUEST: 0x34db4680 4
[1773159759.977218208] LOCK pid=34587 fd=12: RESERVED -> PENDING
[1773159759.977221145] LOCK pid=34587 fd=12: PENDING -> EXCLUSIVE
DBimpl - UNLOCK REQUEST: 0x34db4680 1
[1773159759.978893768] UNLOCK pid=34587 fd=12: EXCLUSIVE -> SHARED
DBimpl - UNLOCK REQUEST: 0x34db4680 0
[1773159759.978899891] UNLOCK pid=34587 fd=12: SHARED -> NO_LOCK
DBimpl - LOCK REQUEST: 0x34db4680 1
[1773159759.979424335] LOCK pid=34588 fd=14: NO_LOCK -> SHARED (fallback)
[1773159759.979425790] LOCK pid=34588 fd=14: SHARED -> SHARED
DBimpl - LOCK REQUEST: 0x34db4680 2
[1773159759.979435839] LOCK pid=34588 fd=14: SHARED -> RESERVED
DBimpl - LOCK REQUEST: 0x34db4680 4
[1773159759.979540802] LOCK pid=34588 fd=14: RESERVED -> PENDING
[1773159759.979542537] LOCK pid=34588 fd=14: PENDING -> EXCLUSIVE
DBimpl - LOCK REQUEST: 0x34db4680 1
DBimpl - UNLOCK REQUEST: 0x34db4680 1
[1773159759.981307733] UNLOCK pid=34588 fd=14: EXCLUSIVE -> SHARED
DBimpl - UNLOCK REQUEST: 0x34db4680 0
[1773159759.981311468] UNLOCK pid=34588 fd=14: SHARED -> NO_LOCK
DBimpl - LOCK REQUEST: 0x34db4680 1
[1773159759.982346724] LOCK pid=34584 fd=6: NO_LOCK -> SHARED (fallback)
[1773159759.982348195] LOCK pid=34584 fd=6: SHARED -> SHARED
DBimpl - UNLOCK REQUEST: 0x34db4680 0
[1773159759.982485938] UNLOCK pid=34584 fd=6: SHARED -> NO_LOCK
DBimpl - LOCK REQUEST: 0x34db4680 1
[1773159759.982948814] LOCK pid=34584 fd=6: NO_LOCK -> SHARED (fallback)
[1773159759.982949998] LOCK pid=34584 fd=6: SHARED -> SHARED
DBimpl - UNLOCK REQUEST: 0x34db4680 0
[1773159759.983069309] UNLOCK pid=34584 fd=6: SHARED -> NO_LOCK
DBimpl - LOCK REQUEST: 0x34db4680 1
[1773159759.983814044] LOCK pid=34588 fd=14: NO_LOCK -> SHARED (fallback)
[1773159759.983815572] LOCK pid=34588 fd=14: SHARED -> SHARED
DBimpl - LOCK REQUEST: 0x34db4680 2
[1773159759.983822561] LOCK pid=34588 fd=14: SHARED -> RESERVED
DBimpl - LOCK REQUEST: 0x34db4680 4
[1773159759.983913318] LOCK pid=34588 fd=14: RESERVED -> PENDING
[1773159759.983914941] LOCK pid=34588 fd=14: PENDING -> EXCLUSIVE
DBimpl - LOCK REQUEST: 0x34db4680 1
DBimpl - UNLOCK REQUEST: 0x34db4680 1
[1773159759.985596235] UNLOCK pid=34588 fd=14: EXCLUSIVE -> SHARED
DBimpl - UNLOCK REQUEST: 0x34db4680 0
[1773159759.985599939] UNLOCK pid=34588 fd=14: SHARED -> NO_LOCK
DBimpl - LOCK REQUEST: 0x34db4680 1
[1773159759.986122340] LOCK pid=34587 fd=12: NO_LOCK -> SHARED (fallback)
[1773159759.986124372] LOCK pid=34587 fd=12: SHARED -> SHARED
DBimpl - LOCK REQUEST: 0x34db4680 2
[1773159759.986138569] LOCK pid=34587 fd=12: SHARED -> RESERVED
DBimpl - LOCK REQUEST: 0x34db4680 1
[1773159759.986742722] LOCK pid=34586 fd=10: NO_LOCK -> SHARED (fallback)
[1773159759.986744546] LOCK pid=34586 fd=10: SHARED -> SHARED
DBimpl - LOCK REQUEST: 0x34db4680 2
DBimpl - UNLOCK REQUEST: 0x34db4680 0
[1773159759.986759036] UNLOCK pid=34586 fd=10: SHARED -> NO_LOCK
DBimpl - LOCK REQUEST: 0x34db4680 1
[1773159759.987818181] LOCK pid=34586 fd=10: NO_LOCK -> SHARED (fallback)
[1773159759.987819401] LOCK pid=34586 fd=10: SHARED -> SHARED
DBimpl - LOCK REQUEST: 0x34db4680 2
DBimpl - UNLOCK REQUEST: 0x34db4680 0
[1773159759.987828025] UNLOCK pid=34586 fd=10: SHARED -> NO_LOCK
DBimpl - LOCK REQUEST: 0x34db4680 4
[1773159759.987860022] LOCK pid=34587 fd=12: RESERVED -> PENDING
[1773159759.987864448] LOCK pid=34587 fd=12: PENDING -> EXCLUSIVE
DBimpl - UNLOCK REQUEST: 0x34db4680 1
[1773159759.989610029] UNLOCK pid=34587 fd=12: EXCLUSIVE -> SHARED
DBimpl - UNLOCK REQUEST: 0x34db4680 0
[1773159759.989614570] UNLOCK pid=34587 fd=12: SHARED -> NO_LOCK
DBimpl - LOCK REQUEST: 0x34db4680 1
[1773159759.989888481] LOCK pid=34586 fd=10: NO_LOCK -> SHARED (fallback)
[1773159759.989889830] LOCK pid=34586 fd=10: SHARED -> SHARED
DBimpl - LOCK REQUEST: 0x34db4680 2
[1773159759.989898561] LOCK pid=34586 fd=10: SHARED -> RESERVED
DBimpl - LOCK REQUEST: 0x34db4680 4
[1773159759.990020222] LOCK pid=34586 fd=10: RESERVED -> PENDING
[1773159759.990022266] LOCK pid=34586 fd=10: PENDING -> EXCLUSIVE
DBimpl - LOCK REQUEST: 0x34db4680 1
DBimpl - UNLOCK REQUEST: 0x34db4680 1
[1773159759.991711722] UNLOCK pid=34586 fd=10: EXCLUSIVE -> SHARED
DBimpl - UNLOCK REQUEST: 0x34db4680 0
[1773159759.991717327] UNLOCK pid=34586 fd=10: SHARED -> NO_LOCK
DBimpl - LOCK REQUEST: 0x34db4680 1
[1773159759.992027146] LOCK pid=34586 fd=10: NO_LOCK -> SHARED (fallback)
[1773159759.992028564] LOCK pid=34586 fd=10: SHARED -> SHARED
DBimpl - LOCK REQUEST: 0x34db4680 2
[1773159759.992037329] LOCK pid=34586 fd=10: SHARED -> RESERVED
DBimpl - LOCK REQUEST: 0x34db4680 1
[1773159759.992311579] LOCK pid=34584 fd=6: NO_LOCK -> SHARED (fallback)
[1773159759.992313105] LOCK pid=34584 fd=6: SHARED -> SHARED
DBimpl - UNLOCK REQUEST: 0x34db4680 0
[1773159759.992476631] UNLOCK pid=34584 fd=6: SHARED -> NO_LOCK
DBimpl - LOCK REQUEST: 0x34db4680 4
[1773159759.992609703] LOCK pid=34586 fd=10: RESERVED -> PENDING
[1773159759.992611517] LOCK pid=34586 fd=10: PENDING -> EXCLUSIVE
DBimpl - LOCK REQUEST: 0x34db4680 1
DBimpl - UNLOCK REQUEST: 0x34db4680 1
[1773159759.994233290] UNLOCK pid=34586 fd=10: EXCLUSIVE -> SHARED
DBimpl - UNLOCK REQUEST: 0x34db4680 0
[1773159759.994237464] UNLOCK pid=34586 fd=10: SHARED -> NO_LOCK
DBimpl - LOCK REQUEST: 0x34db4680 1
[1773159759.994417152] LOCK pid=34587 fd=12: NO_LOCK -> SHARED (fallback)
[1773159759.994418707] LOCK pid=34587 fd=12: SHARED -> SHARED
DBimpl - LOCK REQUEST: 0x34db4680 2
[1773159759.994428593] LOCK pid=34587 fd=12: SHARED -> RESERVED
DBimpl - LOCK REQUEST: 0x34db4680 4
[1773159759.995356067] LOCK pid=34587 fd=12: RESERVED -> PENDING
[1773159759.995357973] LOCK pid=34587 fd=12: PENDING -> EXCLUSIVE
DBimpl - LOCK REQUEST: 0x34db4680 1
DBimpl - LOCK REQUEST: 0x34db4680 1
DBimpl - UNLOCK REQUEST: 0x34db4680 1
[1773159759.997554697] UNLOCK pid=34587 fd=12: EXCLUSIVE -> SHARED
DBimpl - UNLOCK REQUEST: 0x34db4680 0
[1773159759.997558357] UNLOCK pid=34587 fd=12: SHARED -> NO_LOCK
DBimpl - LOCK REQUEST: 0x34db4680 1
[1773159759.998741938] LOCK pid=34586 fd=10: NO_LOCK -> SHARED (fallback)
[1773159759.998743540] LOCK pid=34586 fd=10: SHARED -> SHARED
DBimpl - LOCK REQUEST: 0x34db4680 2
[1773159759.998753901] LOCK pid=34586 fd=10: SHARED -> RESERVED
DBimpl - LOCK REQUEST: 0x34db4680 4
[1773159759.999299259] LOCK pid=34586 fd=10: RESERVED -> PENDING
[1773159759.999301129] LOCK pid=34586 fd=10: PENDING -> EXCLUSIVE
DBimpl - LOCK REQUEST: 0x34db4680 1
DBimpl - LOCK REQUEST: 0x34db4680 1
DBimpl - LOCK REQUEST: 0x34db4680 1
DBimpl - LOCK REQUEST: 0x34db4680 1
DBimpl - UNLOCK REQUEST: 0x34db4680 1
[1773159760.002348068] UNLOCK pid=34586 fd=10: EXCLUSIVE -> SHARED
DBimpl - UNLOCK REQUEST: 0x34db4680 0
[1773159760.002354133] UNLOCK pid=34586 fd=10: SHARED -> NO_LOCK
DBimpl - LOCK REQUEST: 0x34db4680 1
[1773159760.002487958] LOCK pid=34588 fd=14: NO_LOCK -> SHARED (fallback)
[1773159760.002489610] LOCK pid=34588 fd=14: SHARED -> SHARED
DBimpl - LOCK REQUEST: 0x34db4680 2
[1773159760.002500422] LOCK pid=34588 fd=14: SHARED -> RESERVED
DBimpl - LOCK REQUEST: 0x34db4680 4
[1773159760.002610830] LOCK pid=34588 fd=14: RESERVED -> PENDING
[1773159760.002612575] LOCK pid=34588 fd=14: PENDING -> EXCLUSIVE
DBimpl - LOCK REQUEST: 0x34db4680 1
DBimpl - UNLOCK REQUEST: 0x34db4680 1
[1773159760.006284844] UNLOCK pid=34588 fd=14: EXCLUSIVE -> SHARED
DBimpl - UNLOCK REQUEST: 0x34db4680 0
[1773159760.006288821] UNLOCK pid=34588 fd=14: SHARED -> NO_LOCK
DBimpl - LOCK REQUEST: 0x34db4680 1
[1773159760.008735469] LOCK pid=34584 fd=6: NO_LOCK -> SHARED (fallback)
[1773159760.008736977] LOCK pid=34584 fd=6: SHARED -> SHARED
DBimpl - UNLOCK REQUEST: 0x34db4680 0
[1773159760.008879767] UNLOCK pid=34584 fd=6: SHARED -> NO_LOCK
DBimpl - LOCK REQUEST: 0x34db4680 1
[1773159760.014435552] LOCK pid=34584 fd=6: NO_LOCK -> SHARED (fallback)
[1773159760.014436959] LOCK pid=34584 fd=6: SHARED -> SHARED
DBimpl - UNLOCK REQUEST: 0x34db4680 0
[1773159760.014558326] UNLOCK pid=34584 fd=6: SHARED -> NO_LOCK
DBimpl - LOCK REQUEST: 0x34db4680 1
[1773159760.016772875] LOCK pid=34587 fd=12: NO_LOCK -> SHARED (fallback)
[1773159760.016774226] LOCK pid=34587 fd=12: SHARED -> SHARED
DBimpl - LOCK REQUEST: 0x34db4680 2
[1773159760.016782492] LOCK pid=34587 fd=12: SHARED -> RESERVED
DBimpl - LOCK REQUEST: 0x34db4680 1
[1773159760.021833829] LOCK pid=34586 fd=10: NO_LOCK -> SHARED (fallback)
[1773159760.021835728] LOCK pid=34586 fd=10: SHARED -> SHARED
DBimpl - LOCK REQUEST: 0x34db4680 2
DBimpl - UNLOCK REQUEST: 0x34db4680 0
[1773159760.021861591] UNLOCK pid=34586 fd=10: SHARED -> NO_LOCK
DBimpl - LOCK REQUEST: 0x34db4680 1
[1773159760.022016788] LOCK pid=34585 fd=8: NO_LOCK -> SHARED (fallback)
[1773159760.022019520] LOCK pid=34585 fd=8: SHARED -> SHARED
DBimpl - UNLOCK REQUEST: 0x34db4680 0
[1773159760.022317459] UNLOCK pid=34585 fd=8: SHARED -> NO_LOCK
DBimpl - LOCK REQUEST: 0x34db4680 1
[1773159760.022919013] LOCK pid=34586 fd=10: NO_LOCK -> SHARED (fallback)
[1773159760.022920044] LOCK pid=34586 fd=10: SHARED -> SHARED
DBimpl - LOCK REQUEST: 0x34db4680 2
DBimpl - UNLOCK REQUEST: 0x34db4680 0
[1773159760.022927345] UNLOCK pid=34586 fd=10: SHARED -> NO_LOCK
DBimpl - LOCK REQUEST: 0x34db4680 1
[1773159760.024992612] LOCK pid=34586 fd=10: NO_LOCK -> SHARED (fallback)
[1773159760.024994934] LOCK pid=34586 fd=10: SHARED -> SHARED
DBimpl - LOCK REQUEST: 0x34db4680 2
DBimpl - UNLOCK REQUEST: 0x34db4680 0
[1773159760.025009719] UNLOCK pid=34586 fd=10: SHARED -> NO_LOCK
DBimpl - LOCK REQUEST: 0x34db4680 1
[1773159760.025747167] LOCK pid=34588 fd=14: NO_LOCK -> SHARED (fallback)
[1773159760.025749535] LOCK pid=34588 fd=14: SHARED -> SHARED
DBimpl - LOCK REQUEST: 0x34db4680 2
DBimpl - UNLOCK REQUEST: 0x34db4680 0
[1773159760.025765225] UNLOCK pid=34588 fd=14: SHARED -> NO_LOCK
DBimpl - LOCK REQUEST: 0x34db4680 4
[1773159760.026349291] LOCK pid=34587 fd=12: RESERVED -> PENDING
[1773159760.026351068] LOCK pid=34587 fd=12: PENDING -> EXCLUSIVE
DBimpl - LOCK REQUEST: 0x34db4680 1
DBimpl - LOCK REQUEST: 0x34db4680 1
DBimpl - UNLOCK REQUEST: 0x34db4680 1
[1773159760.028945853] UNLOCK pid=34587 fd=12: EXCLUSIVE -> SHARED
DBimpl - UNLOCK REQUEST: 0x34db4680 0
[1773159760.028950693] UNLOCK pid=34587 fd=12: SHARED -> NO_LOCK
DBimpl - LOCK REQUEST: 0x34db4680 1
[1773159760.029572077] LOCK pid=34587 fd=12: NO_LOCK -> SHARED (fallback)
[1773159760.029573365] LOCK pid=34587 fd=12: SHARED -> SHARED
DBimpl - LOCK REQUEST: 0x34db4680 2
[1773159760.029582562] LOCK pid=34587 fd=12: SHARED -> RESERVED
DBimpl - LOCK REQUEST: 0x34db4680 1
[1773159760.029673489] LOCK pid=34584 fd=6: NO_LOCK -> SHARED (fallback)
[1773159760.029675375] LOCK pid=34584 fd=6: SHARED -> SHARED
DBimpl - UNLOCK REQUEST: 0x34db4680 0
[1773159760.029859101] UNLOCK pid=34584 fd=6: SHARED -> NO_LOCK
DBimpl - LOCK REQUEST: 0x34db4680 1
[1773159760.030078749] LOCK pid=34586 fd=10: NO_LOCK -> SHARED (fallback)
[1773159760.030082649] LOCK pid=34586 fd=10: SHARED -> SHARED
DBimpl - LOCK REQUEST: 0x34db4680 2
DBimpl - UNLOCK REQUEST: 0x34db4680 0
[1773159760.030103970] UNLOCK pid=34586 fd=10: SHARED -> NO_LOCK
DBimpl - LOCK REQUEST: 0x34db4680 1
[1773159760.030623126] LOCK pid=34585 fd=8: NO_LOCK -> SHARED (fallback)
[1773159760.030626179] LOCK pid=34585 fd=8: SHARED -> SHARED
DBimpl - UNLOCK REQUEST: 0x34db4680 0
[1773159760.030985919] UNLOCK pid=34585 fd=8: SHARED -> NO_LOCK
DBimpl - LOCK REQUEST: 0x34db4680 1
[1773159760.033952083] LOCK pid=34588 fd=14: NO_LOCK -> SHARED (fallback)
[1773159760.033954304] LOCK pid=34588 fd=14: SHARED -> SHARED
DBimpl - LOCK REQUEST: 0x34db4680 2
DBimpl - UNLOCK REQUEST: 0x34db4680 0
[1773159760.033969709] UNLOCK pid=34588 fd=14: SHARED -> NO_LOCK
DBimpl - LOCK REQUEST: 0x34db4680 1
[1773159760.035163136] LOCK pid=34584 fd=6: NO_LOCK -> SHARED (fallback)
[1773159760.035164603] LOCK pid=34584 fd=6: SHARED -> SHARED
DBimpl - UNLOCK REQUEST: 0x34db4680 0
[1773159760.035310708] UNLOCK pid=34584 fd=6: SHARED -> NO_LOCK
DBimpl - LOCK REQUEST: 0x34db4680 4
[1773159760.039498694] LOCK pid=34587 fd=12: RESERVED -> PENDING
[1773159760.039500679] LOCK pid=34587 fd=12: PENDING -> EXCLUSIVE
DBimpl - UNLOCK REQUEST: 0x34db4680 1
[1773159760.039504596] UNLOCK pid=34587 fd=12: EXCLUSIVE -> SHARED
DBimpl - UNLOCK REQUEST: 0x34db4680 0
[1773159760.039507885] UNLOCK pid=34587 fd=12: SHARED -> NO_LOCK
DBimpl - LOCK REQUEST: 0x34db4680 1
[1773159760.040206968] LOCK pid=34586 fd=10: NO_LOCK -> SHARED (fallback)
[1773159760.040209009] LOCK pid=34586 fd=10: SHARED -> SHARED
DBimpl - LOCK REQUEST: 0x34db4680 2
[1773159760.040219037] LOCK pid=34586 fd=10: SHARED -> RESERVED
DBimpl - LOCK REQUEST: 0x34db4680 1
[1773159760.040683332] LOCK pid=34587 fd=12: NO_LOCK -> SHARED (fallback)
[1773159760.040684593] LOCK pid=34587 fd=12: SHARED -> SHARED
DBimpl - LOCK REQUEST: 0x34db4680 2
DBimpl - UNLOCK REQUEST: 0x34db4680 0
[1773159760.040695337] UNLOCK pid=34587 fd=12: SHARED -> NO_LOCK
DBimpl - LOCK REQUEST: 0x34db4680 4
[1773159760.040841441] LOCK pid=34586 fd=10: RESERVED -> PENDING
[1773159760.040843581] LOCK pid=34586 fd=10: PENDING -> EXCLUSIVE
DBimpl - LOCK REQUEST: 0x34db4680 1
DBimpl - UNLOCK REQUEST: 0x34db4680 1
[1773159760.043641580] UNLOCK pid=34586 fd=10: EXCLUSIVE -> SHARED
DBimpl - UNLOCK REQUEST: 0x34db4680 0
[1773159760.043646540] UNLOCK pid=34586 fd=10: SHARED -> NO_LOCK
DBimpl - LOCK REQUEST: 0x34db4680 1
[1773159760.043834890] LOCK pid=34587 fd=12: NO_LOCK -> SHARED (fallback)
[1773159760.043836837] LOCK pid=34587 fd=12: SHARED -> SHARED
DBimpl - LOCK REQUEST: 0x34db4680 2
[1773159760.043853294] LOCK pid=34587 fd=12: SHARED -> RESERVED
DBimpl - LOCK REQUEST: 0x34db4680 1
[1773159760.044041582] LOCK pid=34588 fd=14: NO_LOCK -> SHARED (fallback)
[1773159760.044044112] LOCK pid=34588 fd=14: SHARED -> SHARED
DBimpl - LOCK REQUEST: 0x34db4680 2
DBimpl - UNLOCK REQUEST: 0x34db4680 0
[1773159760.044064297] UNLOCK pid=34588 fd=14: SHARED -> NO_LOCK
DBimpl - LOCK REQUEST: 0x34db4680 4
[1773159760.045529305] LOCK pid=34587 fd=12: RESERVED -> PENDING
[1773159760.045531315] LOCK pid=34587 fd=12: PENDING -> EXCLUSIVE
DBimpl - UNLOCK REQUEST: 0x34db4680 1
[1773159760.045535310] UNLOCK pid=34587 fd=12: EXCLUSIVE -> SHARED
DBimpl - UNLOCK REQUEST: 0x34db4680 0
[1773159760.045538823] UNLOCK pid=34587 fd=12: SHARED -> NO_LOCK
DBimpl - LOCK REQUEST: 0x34db4680 1
[1773159760.046654400] LOCK pid=34587 fd=12: NO_LOCK -> SHARED (fallback)
[1773159760.046655735] LOCK pid=34587 fd=12: SHARED -> SHARED
DBimpl - LOCK REQUEST: 0x34db4680 2
[1773159760.046663245] LOCK pid=34587 fd=12: SHARED -> RESERVED
DBimpl - LOCK REQUEST: 0x34db4680 4
[1773159760.056226788] LOCK pid=34587 fd=12: RESERVED -> PENDING
[1773159760.056228632] LOCK pid=34587 fd=12: PENDING -> EXCLUSIVE
DBimpl - UNLOCK REQUEST: 0x34db4680 1
[1773159760.056232133] UNLOCK pid=34587 fd=12: EXCLUSIVE -> SHARED
DBimpl - UNLOCK REQUEST: 0x34db4680 0
[1773159760.056235349] UNLOCK pid=34587 fd=12: SHARED -> NO_LOCK
DBimpl - LOCK REQUEST: 0x34db4680 1
[1773159760.056852227] LOCK pid=34585 fd=8: NO_LOCK -> SHARED (fallback)
[1773159760.056853628] LOCK pid=34585 fd=8: SHARED -> SHARED
DBimpl - UNLOCK REQUEST: 0x34db4680 0
[1773159760.057058646] UNLOCK pid=34585 fd=8: SHARED -> NO_LOCK
DBimpl - LOCK REQUEST: 0x34db4680 1
[1773159760.059181766] LOCK pid=34588 fd=14: NO_LOCK -> SHARED (fallback)
[1773159760.059185209] LOCK pid=34588 fd=14: SHARED -> SHARED
DBimpl - LOCK REQUEST: 0x34db4680 2
[1773159760.059203965] LOCK pid=34588 fd=14: SHARED -> RESERVED
DBimpl - LOCK REQUEST: 0x34db4680 4
[1773159760.059401534] LOCK pid=34588 fd=14: RESERVED -> PENDING
[1773159760.059403512] LOCK pid=34588 fd=14: PENDING -> EXCLUSIVE
DBimpl - UNLOCK REQUEST: 0x34db4680 1
[1773159760.061539364] UNLOCK pid=34588 fd=14: EXCLUSIVE -> SHARED
DBimpl - UNLOCK REQUEST: 0x34db4680 0
[1773159760.061544589] UNLOCK pid=34588 fd=14: SHARED -> NO_LOCK
DBimpl - LOCK REQUEST: 0x34db4680 1
[1773159760.062214558] LOCK pid=34586 fd=10: NO_LOCK -> SHARED (fallback)
[1773159760.062216807] LOCK pid=34586 fd=10: SHARED -> SHARED
DBimpl - LOCK REQUEST: 0x34db4680 2
[1773159760.062230393] LOCK pid=34586 fd=10: SHARED -> RESERVED
DBimpl - LOCK REQUEST: 0x34db4680 4
[1773159760.062855016] LOCK pid=34586 fd=10: RESERVED -> PENDING
[1773159760.062856989] LOCK pid=34586 fd=10: PENDING -> EXCLUSIVE
DBimpl - UNLOCK REQUEST: 0x34db4680 1
[1773159760.065023981] UNLOCK pid=34586 fd=10: EXCLUSIVE -> SHARED
DBimpl - UNLOCK REQUEST: 0x34db4680 0
[1773159760.065029258] UNLOCK pid=34586 fd=10: SHARED -> NO_LOCK
DBimpl - LOCK REQUEST: 0x34db4680 1
[1773159760.069796239] LOCK pid=34586 fd=10: NO_LOCK -> SHARED (fallback)
[1773159760.069798457] LOCK pid=34586 fd=10: SHARED -> SHARED
DBimpl - LOCK REQUEST: 0x34db4680 2
[1773159760.069809772] LOCK pid=34586 fd=10: SHARED -> RESERVED
DBimpl - LOCK REQUEST: 0x34db4680 4
[1773159760.069978912] LOCK pid=34586 fd=10: RESERVED -> PENDING
[1773159760.069982234] LOCK pid=34586 fd=10: PENDING -> EXCLUSIVE
DBimpl - UNLOCK REQUEST: 0x34db4680 1
[1773159760.071911709] UNLOCK pid=34586 fd=10: EXCLUSIVE -> SHARED
DBimpl - UNLOCK REQUEST: 0x34db4680 0
[1773159760.071916674] UNLOCK pid=34586 fd=10: SHARED -> NO_LOCK
DBimpl - LOCK REQUEST: 0x34db4680 1
[1773159760.072897842] LOCK pid=34584 fd=6: NO_LOCK -> SHARED (fallback)
[1773159760.072900407] LOCK pid=34584 fd=6: SHARED -> SHARED
DBimpl - UNLOCK REQUEST: 0x34db4680 0
[1773159760.073123758] UNLOCK pid=34584 fd=6: SHARED -> NO_LOCK
DBimpl - LOCK REQUEST: 0x34db4680 1
[1773159760.073529767] LOCK pid=34586 fd=10: NO_LOCK -> SHARED (fallback)
[1773159760.073533188] LOCK pid=34586 fd=10: SHARED -> SHARED
DBimpl - LOCK REQUEST: 0x34db4680 2
[1773159760.073547029] LOCK pid=34586 fd=10: SHARED -> RESERVED
DBimpl - LOCK REQUEST: 0x34db4680 4
[1773159760.074255684] LOCK pid=34586 fd=10: RESERVED -> PENDING
[1773159760.074257783] LOCK pid=34586 fd=10: PENDING -> EXCLUSIVE
DBimpl - LOCK REQUEST: 0x34db4680 1
DBimpl - UNLOCK REQUEST: 0x34db4680 1
[1773159760.076127097] UNLOCK pid=34586 fd=10: EXCLUSIVE -> SHARED
DBimpl - UNLOCK REQUEST: 0x34db4680 0
[1773159760.076131975] UNLOCK pid=34586 fd=10: SHARED -> NO_LOCK
DBimpl - LOCK REQUEST: 0x34db4680 1
[1773159760.076635355] LOCK pid=34588 fd=14: NO_LOCK -> SHARED (fallback)
[1773159760.076637781] LOCK pid=34588 fd=14: SHARED -> SHARED
DBimpl - LOCK REQUEST: 0x34db4680 2
[1773159760.076650103] LOCK pid=34588 fd=14: SHARED -> RESERVED
DBimpl - LOCK REQUEST: 0x34db4680 4
[1773159760.076801541] LOCK pid=34588 fd=14: RESERVED -> PENDING
[1773159760.076803584] LOCK pid=34588 fd=14: PENDING -> EXCLUSIVE
DBimpl - LOCK REQUEST: 0x34db4680 1
DBimpl - UNLOCK REQUEST: 0x34db4680 1
[1773159760.078996520] UNLOCK pid=34588 fd=14: EXCLUSIVE -> SHARED
DBimpl - UNLOCK REQUEST: 0x34db4680 0
[1773159760.079001618] UNLOCK pid=34588 fd=14: SHARED -> NO_LOCK
DBimpl - LOCK REQUEST: 0x34db4680 1
[1773159760.079148813] LOCK pid=34585 fd=8: NO_LOCK -> SHARED (fallback)
[1773159760.079150221] LOCK pid=34585 fd=8: SHARED -> SHARED
DBimpl - UNLOCK REQUEST: 0x34db4680 0
[1773159760.079348420] UNLOCK pid=34585 fd=8: SHARED -> NO_LOCK
DBimpl - LOCK REQUEST: 0x34db4680 1
[1773159760.079820908] LOCK pid=34587 fd=12: NO_LOCK -> SHARED (fallback)
[1773159760.079822561] LOCK pid=34587 fd=12: SHARED -> SHARED
DBimpl - LOCK REQUEST: 0x34db4680 2
[1773159760.079833076] LOCK pid=34587 fd=12: SHARED -> RESERVED
DBimpl - LOCK REQUEST: 0x34db4680 1
[1773159760.086817996] LOCK pid=34584 fd=6: NO_LOCK -> SHARED (fallback)
[1773159760.086821203] LOCK pid=34584 fd=6: SHARED -> SHARED
DBimpl - UNLOCK REQUEST: 0x34db4680 0
[1773159760.086954961] UNLOCK pid=34584 fd=6: SHARED -> NO_LOCK
DBimpl - LOCK REQUEST: 0x34db4680 4
[1773159760.087610234] LOCK pid=34587 fd=12: RESERVED -> PENDING
[1773159760.087612501] LOCK pid=34587 fd=12: PENDING -> EXCLUSIVE
DBimpl - UNLOCK REQUEST: 0x34db4680 1
[1773159760.089343675] UNLOCK pid=34587 fd=12: EXCLUSIVE -> SHARED
DBimpl - UNLOCK REQUEST: 0x34db4680 0
[1773159760.089348599] UNLOCK pid=34587 fd=12: SHARED -> NO_LOCK
DBimpl - LOCK REQUEST: 0x34db4680 1
[1773159760.089902478] LOCK pid=34587 fd=12: NO_LOCK -> SHARED (fallback)
[1773159760.089903807] LOCK pid=34587 fd=12: SHARED -> SHARED
DBimpl - LOCK REQUEST: 0x34db4680 2
[1773159760.089911982] LOCK pid=34587 fd=12: SHARED -> RESERVED
DBimpl - LOCK REQUEST: 0x34db4680 1
[1773159760.090745407] LOCK pid=34588 fd=14: NO_LOCK -> SHARED (fallback)
[1773159760.090747526] LOCK pid=34588 fd=14: SHARED -> SHARED
DBimpl - LOCK REQUEST: 0x34db4680 2
DBimpl - UNLOCK REQUEST: 0x34db4680 0
[1773159760.090760170] UNLOCK pid=34588 fd=14: SHARED -> NO_LOCK
DBimpl - LOCK REQUEST: 0x34db4680 1
[1773159760.091872539] LOCK pid=34588 fd=14: NO_LOCK -> SHARED (fallback)
[1773159760.091875007] LOCK pid=34588 fd=14: SHARED -> SHARED
DBimpl - LOCK REQUEST: 0x34db4680 2
DBimpl - UNLOCK REQUEST: 0x34db4680 0
[1773159760.091890903] UNLOCK pid=34588 fd=14: SHARED -> NO_LOCK
DBimpl - LOCK REQUEST: 0x34db4680 1
[1773159760.093699448] LOCK pid=34586 fd=10: NO_LOCK -> SHARED (fallback)
[1773159760.093701458] LOCK pid=34586 fd=10: SHARED -> SHARED
DBimpl - LOCK REQUEST: 0x34db4680 2
DBimpl - UNLOCK REQUEST: 0x34db4680 0
[1773159760.093715453] UNLOCK pid=34586 fd=10: SHARED -> NO_LOCK
DBimpl - LOCK REQUEST: 0x34db4680 1
[1773159760.093952023] LOCK pid=34588 fd=14: NO_LOCK -> SHARED (fallback)
[1773159760.093953292] LOCK pid=34588 fd=14: SHARED -> SHARED
DBimpl - LOCK REQUEST: 0x34db4680 2
DBimpl - UNLOCK REQUEST: 0x34db4680 0
[1773159760.093963871] UNLOCK pid=34588 fd=14: SHARED -> NO_LOCK
DBimpl - LOCK REQUEST: 0x34db4680 1
[1773159760.094773479] LOCK pid=34586 fd=10: NO_LOCK -> SHARED (fallback)
[1773159760.094774731] LOCK pid=34586 fd=10: SHARED -> SHARED
DBimpl - LOCK REQUEST: 0x34db4680 2
DBimpl - UNLOCK REQUEST: 0x34db4680 0
[1773159760.094782033] UNLOCK pid=34586 fd=10: SHARED -> NO_LOCK
DBimpl - LOCK REQUEST: 0x34db4680 1
[1773159760.095889503] LOCK pid=34585 fd=8: NO_LOCK -> SHARED (fallback)
[1773159760.095890816] LOCK pid=34585 fd=8: SHARED -> SHARED
DBimpl - UNLOCK REQUEST: 0x34db4680 0
[1773159760.096118085] UNLOCK pid=34585 fd=8: SHARED -> NO_LOCK
DBimpl - LOCK REQUEST: 0x34db4680 1
[1773159760.096842680] LOCK pid=34586 fd=10: NO_LOCK -> SHARED (fallback)
[1773159760.096843993] LOCK pid=34586 fd=10: SHARED -> SHARED
DBimpl - LOCK REQUEST: 0x34db4680 2
DBimpl - UNLOCK REQUEST: 0x34db4680 0
[1773159760.096852392] UNLOCK pid=34586 fd=10: SHARED -> NO_LOCK
DBimpl - LOCK REQUEST: 0x34db4680 1
[1773159760.099060058] LOCK pid=34588 fd=14: NO_LOCK -> SHARED (fallback)
[1773159760.099061581] LOCK pid=34588 fd=14: SHARED -> SHARED
DBimpl - LOCK REQUEST: 0x34db4680 2
DBimpl - UNLOCK REQUEST: 0x34db4680 0
[1773159760.099070917] UNLOCK pid=34588 fd=14: SHARED -> NO_LOCK
DBimpl - LOCK REQUEST: 0x34db4680 4
[1773159760.099460554] LOCK pid=34587 fd=12: RESERVED -> PENDING
[1773159760.099462865] LOCK pid=34587 fd=12: PENDING -> EXCLUSIVE
DBimpl - UNLOCK REQUEST: 0x34db4680 1
[1773159760.099467487] UNLOCK pid=34587 fd=12: EXCLUSIVE -> SHARED
DBimpl - UNLOCK REQUEST: 0x34db4680 0
[1773159760.099471184] UNLOCK pid=34587 fd=12: SHARED -> NO_LOCK
DBimpl - LOCK REQUEST: 0x34db4680 1
[1773159760.101915436] LOCK pid=34586 fd=10: NO_LOCK -> SHARED (fallback)
[1773159760.101916743] LOCK pid=34586 fd=10: SHARED -> SHARED
DBimpl - LOCK REQUEST: 0x34db4680 2
[1773159760.101922665] LOCK pid=34586 fd=10: SHARED -> RESERVED
DBimpl - LOCK REQUEST: 0x34db4680 4
[1773159760.102607250] LOCK pid=34586 fd=10: RESERVED -> PENDING
[1773159760.102609204] LOCK pid=34586 fd=10: PENDING -> EXCLUSIVE
DBimpl - LOCK REQUEST: 0x34db4680 1
DBimpl - LOCK REQUEST: 0x34db4680 1
DBimpl - UNLOCK REQUEST: 0x34db4680 1
[1773159760.105249609] UNLOCK pid=34586 fd=10: EXCLUSIVE -> SHARED
DBimpl - UNLOCK REQUEST: 0x34db4680 0
[1773159760.105256275] UNLOCK pid=34586 fd=10: SHARED -> NO_LOCK
DBimpl - LOCK REQUEST: 0x34db4680 1
[1773159760.106098525] LOCK pid=34584 fd=6: NO_LOCK -> SHARED (fallback)
[1773159760.106100322] LOCK pid=34584 fd=6: SHARED -> SHARED
DBimpl - UNLOCK REQUEST: 0x34db4680 0
[1773159760.106267573] UNLOCK pid=34584 fd=6: SHARED -> NO_LOCK
DBimpl - LOCK REQUEST: 0x34db4680 1
[1773159760.109162903] LOCK pid=34588 fd=14: NO_LOCK -> SHARED (fallback)
[1773159760.109164347] LOCK pid=34588 fd=14: SHARED -> SHARED
DBimpl - LOCK REQUEST: 0x34db4680 2
[1773159760.109172655] LOCK pid=34588 fd=14: SHARED -> RESERVED
DBimpl - LOCK REQUEST: 0x34db4680 1
[1773159760.109261319] LOCK pid=34586 fd=10: NO_LOCK -> SHARED (fallback)
[1773159760.109262817] LOCK pid=34586 fd=10: SHARED -> SHARED
DBimpl - LOCK REQUEST: 0x34db4680 2
DBimpl - UNLOCK REQUEST: 0x34db4680 0
[1773159760.109276783] UNLOCK pid=34586 fd=10: SHARED -> NO_LOCK
DBimpl - LOCK REQUEST: 0x34db4680 4
[1773159760.109298603] LOCK pid=34588 fd=14: RESERVED -> PENDING
[1773159760.109300436] LOCK pid=34588 fd=14: PENDING -> EXCLUSIVE
DBimpl - LOCK REQUEST: 0x34db4680 1
DBimpl - LOCK REQUEST: 0x34db4680 1
DBimpl - UNLOCK REQUEST: 0x34db4680 1
[1773159760.110991355] UNLOCK pid=34588 fd=14: EXCLUSIVE -> SHARED
DBimpl - UNLOCK REQUEST: 0x34db4680 0
[1773159760.110995304] UNLOCK pid=34588 fd=14: SHARED -> NO_LOCK
DBimpl - LOCK REQUEST: 0x34db4680 1
[1773159760.111790081] LOCK pid=34585 fd=8: NO_LOCK -> SHARED (fallback)
[1773159760.111791735] LOCK pid=34585 fd=8: SHARED -> SHARED
DBimpl - UNLOCK REQUEST: 0x34db4680 0
[1773159760.111985394] UNLOCK pid=34585 fd=8: SHARED -> NO_LOCK
DBimpl - LOCK REQUEST: 0x34db4680 1
[1773159760.112443488] LOCK pid=34586 fd=10: NO_LOCK -> SHARED (fallback)
[1773159760.112444992] LOCK pid=34586 fd=10: SHARED -> SHARED
DBimpl - LOCK REQUEST: 0x34db4680 2
[1773159760.112454441] LOCK pid=34586 fd=10: SHARED -> RESERVED
DBimpl - LOCK REQUEST: 0x34db4680 4
[1773159760.113057507] LOCK pid=34586 fd=10: RESERVED -> PENDING
[1773159760.113059713] LOCK pid=34586 fd=10: PENDING -> EXCLUSIVE
DBimpl - LOCK REQUEST: 0x34db4680 1
DBimpl - LOCK REQUEST: 0x34db4680 1
DBimpl - LOCK REQUEST: 0x34db4680 1
DBimpl - UNLOCK REQUEST: 0x34db4680 1
[1773159760.115142584] UNLOCK pid=34586 fd=10: EXCLUSIVE -> SHARED
DBimpl - UNLOCK REQUEST: 0x34db4680 0
[1773159760.115146665] UNLOCK pid=34586 fd=10: SHARED -> NO_LOCK
DBimpl - LOCK REQUEST: 0x34db4680 1
[1773159760.115572022] LOCK pid=34584 fd=6: NO_LOCK -> SHARED (fallback)
[1773159760.115573322] LOCK pid=34584 fd=6: SHARED -> SHARED
DBimpl - UNLOCK REQUEST: 0x34db4680 0
[1773159760.115714066] UNLOCK pid=34584 fd=6: SHARED -> NO_LOCK
DBimpl - LOCK REQUEST: 0x34db4680 1
[1773159760.116477738] LOCK pid=34588 fd=14: NO_LOCK -> SHARED (fallback)
[1773159760.116479297] LOCK pid=34588 fd=14: SHARED -> SHARED
DBimpl - LOCK REQUEST: 0x34db4680 2
[1773159760.116488355] LOCK pid=34588 fd=14: SHARED -> RESERVED
DBimpl - LOCK REQUEST: 0x34db4680 4
[1773159760.116596825] LOCK pid=34588 fd=14: RESERVED -> PENDING
[1773159760.116598547] LOCK pid=34588 fd=14: PENDING -> EXCLUSIVE
DBimpl - UNLOCK REQUEST: 0x34db4680 1
[1773159760.118303085] UNLOCK pid=34588 fd=14: EXCLUSIVE -> SHARED
DBimpl - UNLOCK REQUEST: 0x34db4680 0
[1773159760.118306623] UNLOCK pid=34588 fd=14: SHARED -> NO_LOCK
DBimpl - LOCK REQUEST: 0x34db4680 1
[1773159760.120620652] LOCK pid=34587 fd=12: NO_LOCK -> SHARED (fallback)
[1773159760.120622386] LOCK pid=34587 fd=12: SHARED -> SHARED
DBimpl - LOCK REQUEST: 0x34db4680 2
[1773159760.120635728] LOCK pid=34587 fd=12: SHARED -> RESERVED
DBimpl - LOCK REQUEST: 0x34db4680 1
[1773159760.121289254] LOCK pid=34586 fd=10: NO_LOCK -> SHARED (fallback)
[1773159760.121290650] LOCK pid=34586 fd=10: SHARED -> SHARED
DBimpl - LOCK REQUEST: 0x34db4680 2
DBimpl - UNLOCK REQUEST: 0x34db4680 0
[1773159760.121302780] UNLOCK pid=34586 fd=10: SHARED -> NO_LOCK
DBimpl - LOCK REQUEST: 0x34db4680 1
[1773159760.122386517] LOCK pid=34586 fd=10: NO_LOCK -> SHARED (fallback)
[1773159760.122387641] LOCK pid=34586 fd=10: SHARED -> SHARED
DBimpl - LOCK REQUEST: 0x34db4680 2
DBimpl - UNLOCK REQUEST: 0x34db4680 0
[1773159760.122396225] UNLOCK pid=34586 fd=10: SHARED -> NO_LOCK
DBimpl - LOCK REQUEST: 0x34db4680 1
[1773159760.124505306] LOCK pid=34586 fd=10: NO_LOCK -> SHARED (fallback)
[1773159760.124506773] LOCK pid=34586 fd=10: SHARED -> SHARED
DBimpl - LOCK REQUEST: 0x34db4680 2
DBimpl - UNLOCK REQUEST: 0x34db4680 0
[1773159760.124518651] UNLOCK pid=34586 fd=10: SHARED -> NO_LOCK
DBimpl - LOCK REQUEST: 0x34db4680 1
[1773159760.124827137] LOCK pid=34588 fd=14: NO_LOCK -> SHARED (fallback)
[1773159760.124828793] LOCK pid=34588 fd=14: SHARED -> SHARED
DBimpl - LOCK REQUEST: 0x34db4680 2
DBimpl - UNLOCK REQUEST: 0x34db4680 0
[1773159760.124842876] UNLOCK pid=34588 fd=14: SHARED -> NO_LOCK
DBimpl - LOCK REQUEST: 0x34db4680 1
[1773159760.125906047] LOCK pid=34588 fd=14: NO_LOCK -> SHARED (fallback)
[1773159760.125907516] LOCK pid=34588 fd=14: SHARED -> SHARED
DBimpl - LOCK REQUEST: 0x34db4680 2
DBimpl - UNLOCK REQUEST: 0x34db4680 0
[1773159760.125918744] UNLOCK pid=34588 fd=14: SHARED -> NO_LOCK
DBimpl - LOCK REQUEST: 0x34db4680 1
[1773159760.127977644] LOCK pid=34588 fd=14: NO_LOCK -> SHARED (fallback)
[1773159760.127978796] LOCK pid=34588 fd=14: SHARED -> SHARED
DBimpl - LOCK REQUEST: 0x34db4680 2
DBimpl - UNLOCK REQUEST: 0x34db4680 0
[1773159760.127986670] UNLOCK pid=34588 fd=14: SHARED -> NO_LOCK
DBimpl - LOCK REQUEST: 0x34db4680 4
[1773159760.129047254] LOCK pid=34587 fd=12: RESERVED -> PENDING
[1773159760.129049525] LOCK pid=34587 fd=12: PENDING -> EXCLUSIVE
DBimpl - LOCK REQUEST: 0x34db4680 1
DBimpl - LOCK REQUEST: 0x34db4680 1
DBimpl - LOCK REQUEST: 0x34db4680 1
DBimpl - UNLOCK REQUEST: 0x34db4680 1
[1773159760.131197396] UNLOCK pid=34587 fd=12: EXCLUSIVE -> SHARED
DBimpl - UNLOCK REQUEST: 0x34db4680 0
[1773159760.131201140] UNLOCK pid=34587 fd=12: SHARED -> NO_LOCK
DBimpl - LOCK REQUEST: 0x34db4680 1
[1773159760.132430390] LOCK pid=34584 fd=6: NO_LOCK -> SHARED (fallback)
[1773159760.132431918] LOCK pid=34584 fd=6: SHARED -> SHARED
DBimpl - UNLOCK REQUEST: 0x34db4680 0
[1773159760.132598787] UNLOCK pid=34584 fd=6: SHARED -> NO_LOCK
DBimpl - LOCK REQUEST: 0x34db4680 1
[1773159760.133079152] LOCK pid=34588 fd=14: NO_LOCK -> SHARED (fallback)
[1773159760.133080508] LOCK pid=34588 fd=14: SHARED -> SHARED
DBimpl - LOCK REQUEST: 0x34db4680 2
[1773159760.133088261] LOCK pid=34588 fd=14: SHARED -> RESERVED
DBimpl - LOCK REQUEST: 0x34db4680 1
[1773159760.133099187] LOCK pid=34585 fd=8: NO_LOCK -> SHARED (fallback)
[1773159760.133100593] LOCK pid=34585 fd=8: SHARED -> SHARED
DBimpl - LOCK REQUEST: 0x34db4680 4
[1773159760.133221489] LOCK pid=34588 fd=14: RESERVED -> PENDING
DBimpl - UNLOCK REQUEST: 0x34db4680 0
[1773159760.133328546] UNLOCK pid=34585 fd=8: SHARED -> NO_LOCK
DBimpl - LOCK REQUEST: 0x34db4680 1
DBimpl - LOCK REQUEST: 0x34db4680 4
[1773159760.134285478] LOCK pid=34588 fd=14: PENDING -> EXCLUSIVE
DBimpl - LOCK REQUEST: 0x34db4680 1
DBimpl - LOCK REQUEST: 0x34db4680 1
DBimpl - LOCK REQUEST: 0x34db4680 1
DBimpl - UNLOCK REQUEST: 0x34db4680 1
[1773159760.136664350] UNLOCK pid=34588 fd=14: EXCLUSIVE -> SHARED
DBimpl - UNLOCK REQUEST: 0x34db4680 0
[1773159760.136668545] UNLOCK pid=34588 fd=14: SHARED -> NO_LOCK
DBimpl - LOCK REQUEST: 0x34db4680 1
[1773159760.136848397] LOCK pid=34587 fd=12: NO_LOCK -> SHARED (fallback)
[1773159760.136849859] LOCK pid=34587 fd=12: SHARED -> SHARED
DBimpl - LOCK REQUEST: 0x34db4680 2
[1773159760.136859047] LOCK pid=34587 fd=12: SHARED -> RESERVED
DBimpl - LOCK REQUEST: 0x34db4680 1
[1773159760.138155551] LOCK pid=34585 fd=8: NO_LOCK -> SHARED (fallback)
[1773159760.138156882] LOCK pid=34585 fd=8: SHARED -> SHARED
DBimpl - UNLOCK REQUEST: 0x34db4680 0
[1773159760.138337651] UNLOCK pid=34585 fd=8: SHARED -> NO_LOCK
DBimpl - LOCK REQUEST: 0x34db4680 1
[1773159760.139697271] LOCK pid=34586 fd=10: NO_LOCK -> SHARED (fallback)
[1773159760.139698933] LOCK pid=34586 fd=10: SHARED -> SHARED
DBimpl - LOCK REQUEST: 0x34db4680 2
DBimpl - UNLOCK REQUEST: 0x34db4680 0
[1773159760.139712374] UNLOCK pid=34586 fd=10: SHARED -> NO_LOCK
DBimpl - LOCK REQUEST: 0x34db4680 1
[1773159760.140842619] LOCK pid=34584 fd=6: NO_LOCK -> SHARED (fallback)
[1773159760.140844145] LOCK pid=34584 fd=6: SHARED -> SHARED
DBimpl - LOCK REQUEST: 0x34db4680 1
[1773159760.140867588] LOCK pid=34585 fd=8: NO_LOCK -> SHARED (fallback)
[1773159760.140868993] LOCK pid=34585 fd=8: SHARED -> SHARED
DBimpl - UNLOCK REQUEST: 0x34db4680 0
[1773159760.140977737] UNLOCK pid=34584 fd=6: SHARED -> NO_LOCK
DBimpl - UNLOCK REQUEST: 0x34db4680 0
[1773159760.141051081] UNLOCK pid=34585 fd=8: SHARED -> NO_LOCK
DBimpl - LOCK REQUEST: 0x34db4680 4
[1773159760.142257773] LOCK pid=34587 fd=12: RESERVED -> PENDING
[1773159760.142259933] LOCK pid=34587 fd=12: PENDING -> EXCLUSIVE
DBimpl - UNLOCK REQUEST: 0x34db4680 1
[1773159760.144278041] UNLOCK pid=34587 fd=12: EXCLUSIVE -> SHARED
DBimpl - UNLOCK REQUEST: 0x34db4680 0
[1773159760.144282841] UNLOCK pid=34587 fd=12: SHARED -> NO_LOCK
DBimpl - LOCK REQUEST: 0x34db4680 1
[1773159760.154872101] LOCK pid=34586 fd=10: NO_LOCK -> SHARED (fallback)
[1773159760.154874374] LOCK pid=34586 fd=10: SHARED -> SHARED
DBimpl - LOCK REQUEST: 0x34db4680 2
[1773159760.154887170] LOCK pid=34586 fd=10: SHARED -> RESERVED
DBimpl - LOCK REQUEST: 0x34db4680 4
[1773159760.155015421] LOCK pid=34586 fd=10: RESERVED -> PENDING
[1773159760.155017233] LOCK pid=34586 fd=10: PENDING -> EXCLUSIVE
DBimpl - LOCK REQUEST: 0x34db4680 1
DBimpl - LOCK REQUEST: 0x34db4680 1
DBimpl - LOCK REQUEST: 0x34db4680 1
DBimpl - LOCK REQUEST: 0x34db4680 1
DBimpl - UNLOCK REQUEST: 0x34db4680 1
[1773159760.158254723] UNLOCK pid=34586 fd=10: EXCLUSIVE -> SHARED
DBimpl - UNLOCK REQUEST: 0x34db4680 0
[1773159760.158259757] UNLOCK pid=34586 fd=10: SHARED -> NO_LOCK
DBimpl - LOCK REQUEST: 0x34db4680 1
[1773159760.158935423] LOCK pid=34587 fd=12: NO_LOCK -> SHARED (fallback)
[1773159760.158937331] LOCK pid=34587 fd=12: SHARED -> SHARED
DBimpl - LOCK REQUEST: 0x34db4680 2
[1773159760.158950286] LOCK pid=34587 fd=12: SHARED -> RESERVED
DBimpl - LOCK REQUEST: 0x34db4680 1
[1773159760.159870694] LOCK pid=34588 fd=14: NO_LOCK -> SHARED (fallback)
[1773159760.159873220] LOCK pid=34588 fd=14: SHARED -> SHARED
DBimpl - LOCK REQUEST: 0x34db4680 2
DBimpl - UNLOCK REQUEST: 0x34db4680 0
[1773159760.159890990] UNLOCK pid=34588 fd=14: SHARED -> NO_LOCK
DBimpl - LOCK REQUEST: 0x34db4680 1
[1773159760.161658408] LOCK pid=34586 fd=10: NO_LOCK -> SHARED (fallback)
[1773159760.161660228] LOCK pid=34586 fd=10: SHARED -> SHARED
DBimpl - LOCK REQUEST: 0x34db4680 2
DBimpl - UNLOCK REQUEST: 0x34db4680 0
[1773159760.161672221] UNLOCK pid=34586 fd=10: SHARED -> NO_LOCK
DBimpl - LOCK REQUEST: 0x34db4680 1
[1773159760.162134320] LOCK pid=34584 fd=6: NO_LOCK -> SHARED (fallback)
[1773159760.162135566] LOCK pid=34584 fd=6: SHARED -> SHARED
DBimpl - UNLOCK REQUEST: 0x34db4680 0
[1773159760.162298803] UNLOCK pid=34584 fd=6: SHARED -> NO_LOCK
DBimpl - LOCK REQUEST: 0x34db4680 1
[1773159760.162760493] LOCK pid=34586 fd=10: NO_LOCK -> SHARED (fallback)
[1773159760.162761952] LOCK pid=34586 fd=10: SHARED -> SHARED
DBimpl - LOCK REQUEST: 0x34db4680 2
DBimpl - UNLOCK REQUEST: 0x34db4680 0
[1773159760.162770220] UNLOCK pid=34586 fd=10: SHARED -> NO_LOCK
DBimpl - LOCK REQUEST: 0x34db4680 4
[1773159760.163795142] LOCK pid=34587 fd=12: RESERVED -> PENDING
[1773159760.163796954] LOCK pid=34587 fd=12: PENDING -> EXCLUSIVE
DBimpl - UNLOCK REQUEST: 0x34db4680 1
[1773159760.163800908] UNLOCK pid=34587 fd=12: EXCLUSIVE -> SHARED
DBimpl - UNLOCK REQUEST: 0x34db4680 0
[1773159760.163804253] UNLOCK pid=34587 fd=12: SHARED -> NO_LOCK
DBimpl - LOCK REQUEST: 0x34db4680 1
[1773159760.164828038] LOCK pid=34586 fd=10: NO_LOCK -> SHARED (fallback)
[1773159760.164829150] LOCK pid=34586 fd=10: SHARED -> SHARED
DBimpl - LOCK REQUEST: 0x34db4680 2
[1773159760.164834666] LOCK pid=34586 fd=10: SHARED -> RESERVED
DBimpl - LOCK REQUEST: 0x34db4680 1
[1773159760.164946323] LOCK pid=34584 fd=6: NO_LOCK -> SHARED (fallback)
DBimpl - LOCK REQUEST: 0x34db4680 1
[1773159760.164947944] LOCK pid=34584 fd=6: SHARED -> SHARED
[1773159760.164951749] LOCK pid=34588 fd=14: NO_LOCK -> SHARED (fallback)
[1773159760.164953118] LOCK pid=34588 fd=14: SHARED -> SHARED
DBimpl - LOCK REQUEST: 0x34db4680 2
DBimpl - UNLOCK REQUEST: 0x34db4680 0
[1773159760.164966677] UNLOCK pid=34588 fd=14: SHARED -> NO_LOCK
DBimpl - UNLOCK REQUEST: 0x34db4680 0
[1773159760.165118028] UNLOCK pid=34584 fd=6: SHARED -> NO_LOCK
DBimpl - LOCK REQUEST: 0x34db4680 4
[1773159760.165464094] LOCK pid=34586 fd=10: RESERVED -> PENDING
[1773159760.165466024] LOCK pid=34586 fd=10: PENDING -> EXCLUSIVE
DBimpl - LOCK REQUEST: 0x34db4680 1
DBimpl - LOCK REQUEST: 0x34db4680 1
DBimpl - LOCK REQUEST: 0x34db4680 1
DBimpl - UNLOCK REQUEST: 0x34db4680 1
[1773159760.170198534] UNLOCK pid=34586 fd=10: EXCLUSIVE -> SHARED
DBimpl - UNLOCK REQUEST: 0x34db4680 0
[1773159760.170202289] UNLOCK pid=34586 fd=10: SHARED -> NO_LOCK
DBimpl - LOCK REQUEST: 0x34db4680 1
[1773159760.170993298] LOCK pid=34585 fd=8: NO_LOCK -> SHARED (fallback)
[1773159760.170995468] LOCK pid=34585 fd=8: SHARED -> SHARED
DBimpl - UNLOCK REQUEST: 0x34db4680 0
[1773159760.171204033] UNLOCK pid=34585 fd=8: SHARED -> NO_LOCK
DBimpl - LOCK REQUEST: 0x34db4680 1
[1773159760.173383289] LOCK pid=34585 fd=8: NO_LOCK -> SHARED (fallback)
[1773159760.173384730] LOCK pid=34585 fd=8: SHARED -> SHARED
DBimpl - UNLOCK REQUEST: 0x34db4680 0
[1773159760.173557539] UNLOCK pid=34585 fd=8: SHARED -> NO_LOCK
DBimpl - LOCK REQUEST: 0x34db4680 1
[1773159760.173735836] LOCK pid=34585 fd=8: NO_LOCK -> SHARED (fallback)
[1773159760.173737034] LOCK pid=34585 fd=8: SHARED -> SHARED
DBimpl - UNLOCK REQUEST: 0x34db4680 0
[1773159760.173903340] UNLOCK pid=34585 fd=8: SHARED -> NO_LOCK
DBimpl - LOCK REQUEST: 0x34db4680 1
[1773159760.174551015] LOCK pid=34587 fd=12: NO_LOCK -> SHARED (fallback)
[1773159760.174552248] LOCK pid=34587 fd=12: SHARED -> SHARED
DBimpl - LOCK REQUEST: 0x34db4680 2
[1773159760.174560416] LOCK pid=34587 fd=12: SHARED -> RESERVED
DBimpl - LOCK REQUEST: 0x34db4680 1
[1773159760.175035330] LOCK pid=34588 fd=14: NO_LOCK -> SHARED (fallback)
[1773159760.175037666] LOCK pid=34588 fd=14: SHARED -> SHARED
DBimpl - LOCK REQUEST: 0x34db4680 2
DBimpl - UNLOCK REQUEST: 0x34db4680 0
[1773159760.175053532] UNLOCK pid=34588 fd=14: SHARED -> NO_LOCK
DBimpl - LOCK REQUEST: 0x34db4680 1
[1773159760.175929006] LOCK pid=34585 fd=8: NO_LOCK -> SHARED (fallback)
[1773159760.175930550] LOCK pid=34585 fd=8: SHARED -> SHARED
DBimpl - UNLOCK REQUEST: 0x34db4680 0
[1773159760.176122266] UNLOCK pid=34585 fd=8: SHARED -> NO_LOCK
DBimpl - LOCK REQUEST: 0x34db4680 4
[1773159760.179243296] LOCK pid=34587 fd=12: RESERVED -> PENDING
[1773159760.179245445] LOCK pid=34587 fd=12: PENDING -> EXCLUSIVE
DBimpl - UNLOCK REQUEST: 0x34db4680 1
[1773159760.179249550] UNLOCK pid=34587 fd=12: EXCLUSIVE -> SHARED
DBimpl - UNLOCK REQUEST: 0x34db4680 0
[1773159760.179253054] UNLOCK pid=34587 fd=12: SHARED -> NO_LOCK
DBimpl - LOCK REQUEST: 0x34db4680 1
[1773159760.181219432] LOCK pid=34584 fd=6: NO_LOCK -> SHARED (fallback)
[1773159760.181220969] LOCK pid=34584 fd=6: SHARED -> SHARED
DBimpl - UNLOCK REQUEST: 0x34db4680 0
[1773159760.181377840] UNLOCK pid=34584 fd=6: SHARED -> NO_LOCK
DBimpl - LOCK REQUEST: 0x34db4680 1
[1773159760.182309847] LOCK pid=34585 fd=8: NO_LOCK -> SHARED (fallback)
[1773159760.182311244] LOCK pid=34585 fd=8: SHARED -> SHARED
DBimpl - UNLOCK REQUEST: 0x34db4680 0
[1773159760.182484786] UNLOCK pid=34585 fd=8: SHARED -> NO_LOCK
DBimpl - LOCK REQUEST: 0x34db4680 1
[1773159760.187316522] LOCK pid=34586 fd=10: NO_LOCK -> SHARED (fallback)
[1773159760.187330883] LOCK pid=34586 fd=10: SHARED -> SHARED
DBimpl - LOCK REQUEST: 0x34db4680 2
[1773159760.187356407] LOCK pid=34586 fd=10: SHARED -> RESERVED
DBimpl - LOCK REQUEST: 0x34db4680 4
[1773159760.187526574] LOCK pid=34586 fd=10: RESERVED -> PENDING
[1773159760.187528504] LOCK pid=34586 fd=10: PENDING -> EXCLUSIVE
DBimpl - LOCK REQUEST: 0x34db4680 1
DBimpl - LOCK REQUEST: 0x34db4680 1
DBimpl - LOCK REQUEST: 0x34db4680 1
DBimpl - LOCK REQUEST: 0x34db4680 1
DBimpl - LOCK REQUEST: 0x34db4680 1
DBimpl - UNLOCK REQUEST: 0x34db4680 1
[1773159760.190893147] UNLOCK pid=34586 fd=10: EXCLUSIVE -> SHARED
DBimpl - UNLOCK REQUEST: 0x34db4680 0
[1773159760.190897782] UNLOCK pid=34586 fd=10: SHARED -> NO_LOCK
DBimpl - LOCK REQUEST: 0x34db4680 1
[1773159760.190919240] LOCK pid=34587 fd=12: NO_LOCK -> SHARED (fallback)
[1773159760.190921472] LOCK pid=34587 fd=12: SHARED -> SHARED
DBimpl - LOCK REQUEST: 0x34db4680 2
[1773159760.190936689] LOCK pid=34587 fd=12: SHARED -> RESERVED
DBimpl - LOCK REQUEST: 0x34db4680 1
[1773159760.191611077] LOCK pid=34585 fd=8: NO_LOCK -> SHARED (fallback)
[1773159760.191613260] LOCK pid=34585 fd=8: SHARED -> SHARED
DBimpl - LOCK REQUEST: 0x34db4680 1
[1773159760.191689303] LOCK pid=34586 fd=10: NO_LOCK -> SHARED (fallback)
[1773159760.191690631] LOCK pid=34586 fd=10: SHARED -> SHARED
DBimpl - LOCK REQUEST: 0x34db4680 2
DBimpl - UNLOCK REQUEST: 0x34db4680 0
[1773159760.191701092] UNLOCK pid=34586 fd=10: SHARED -> NO_LOCK
DBimpl - UNLOCK REQUEST: 0x34db4680 0
[1773159760.191857349] UNLOCK pid=34585 fd=8: SHARED -> NO_LOCK
DBimpl - LOCK REQUEST: 0x34db4680 1
[1773159760.192426779] LOCK pid=34585 fd=8: NO_LOCK -> SHARED (fallback)
[1773159760.192428379] LOCK pid=34585 fd=8: SHARED -> SHARED
DBimpl - UNLOCK REQUEST: 0x34db4680 0
[1773159760.192604214] UNLOCK pid=34585 fd=8: SHARED -> NO_LOCK
DBimpl - LOCK REQUEST: 0x34db4680 1
[1773159760.192756166] LOCK pid=34586 fd=10: NO_LOCK -> SHARED (fallback)
[1773159760.192757534] LOCK pid=34586 fd=10: SHARED -> SHARED
DBimpl - LOCK REQUEST: 0x34db4680 2
DBimpl - UNLOCK REQUEST: 0x34db4680 0
[1773159760.192768712] UNLOCK pid=34586 fd=10: SHARED -> NO_LOCK
DBimpl - LOCK REQUEST: 0x34db4680 1
[1773159760.192909712] LOCK pid=34584 fd=6: NO_LOCK -> SHARED (fallback)
[1773159760.192911224] LOCK pid=34584 fd=6: SHARED -> SHARED
DBimpl - UNLOCK REQUEST: 0x34db4680 0
[1773159760.193099977] UNLOCK pid=34584 fd=6: SHARED -> NO_LOCK
DBimpl - LOCK REQUEST: 0x34db4680 1
[1773159760.194826070] LOCK pid=34586 fd=10: NO_LOCK -> SHARED (fallback)
[1773159760.194827143] LOCK pid=34586 fd=10: SHARED -> SHARED
DBimpl - LOCK REQUEST: 0x34db4680 2
DBimpl - UNLOCK REQUEST: 0x34db4680 0
[1773159760.194833817] UNLOCK pid=34586 fd=10: SHARED -> NO_LOCK
DBimpl - LOCK REQUEST: 0x34db4680 1
[1773159760.195438972] LOCK pid=34585 fd=8: NO_LOCK -> SHARED (fallback)
[1773159760.195440333] LOCK pid=34585 fd=8: SHARED -> SHARED
DBimpl - UNLOCK REQUEST: 0x34db4680 0
[1773159760.195619176] UNLOCK pid=34585 fd=8: SHARED -> NO_LOCK
DBimpl - LOCK REQUEST: 0x34db4680 1
[1773159760.197187429] LOCK pid=34585 fd=8: NO_LOCK -> SHARED (fallback)
[1773159760.197188964] LOCK pid=34585 fd=8: SHARED -> SHARED
DBimpl - UNLOCK REQUEST: 0x34db4680 0
[1773159760.197360608] UNLOCK pid=34585 fd=8: SHARED -> NO_LOCK
DBimpl - LOCK REQUEST: 0x34db4680 1
[1773159760.198009154] LOCK pid=34585 fd=8: NO_LOCK -> SHARED (fallback)
[1773159760.198010278] LOCK pid=34585 fd=8: SHARED -> SHARED
DBimpl - UNLOCK REQUEST: 0x34db4680 0
[1773159760.198171520] UNLOCK pid=34585 fd=8: SHARED -> NO_LOCK
DBimpl - LOCK REQUEST: 0x34db4680 1
[1773159760.199891629] LOCK pid=34586 fd=10: NO_LOCK -> SHARED (fallback)
[1773159760.199892804] LOCK pid=34586 fd=10: SHARED -> SHARED
DBimpl - LOCK REQUEST: 0x34db4680 2
DBimpl - UNLOCK REQUEST: 0x34db4680 0
[1773159760.199900024] UNLOCK pid=34586 fd=10: SHARED -> NO_LOCK
DBimpl - LOCK REQUEST: 0x34db4680 4
[1773159760.200753222] LOCK pid=34587 fd=12: RESERVED -> PENDING
[1773159760.200755549] LOCK pid=34587 fd=12: PENDING -> EXCLUSIVE
DBimpl - UNLOCK REQUEST: 0x34db4680 1
[1773159760.200760146] UNLOCK pid=34587 fd=12: EXCLUSIVE -> SHARED
DBimpl - UNLOCK REQUEST: 0x34db4680 0
[1773159760.200783568] UNLOCK pid=34587 fd=12: SHARED -> NO_LOCK
DBimpl - LOCK REQUEST: 0x34db4680 1
[1773159760.202959315] LOCK pid=34587 fd=12: NO_LOCK -> SHARED (fallback)
[1773159760.202961219] LOCK pid=34587 fd=12: SHARED -> SHARED
DBimpl - LOCK REQUEST: 0x34db4680 2
[1773159760.202970632] LOCK pid=34587 fd=12: SHARED -> RESERVED
DBimpl - LOCK REQUEST: 0x34db4680 1
[1773159760.204482795] LOCK pid=34585 fd=8: NO_LOCK -> SHARED (fallback)
[1773159760.204483970] LOCK pid=34585 fd=8: SHARED -> SHARED
DBimpl - UNLOCK REQUEST: 0x34db4680 0
[1773159760.204660253] UNLOCK pid=34585 fd=8: SHARED -> NO_LOCK
DBimpl - LOCK REQUEST: 0x34db4680 4
[1773159760.208144121] LOCK pid=34587 fd=12: RESERVED -> PENDING
[1773159760.208145984] LOCK pid=34587 fd=12: PENDING -> EXCLUSIVE
DBimpl - UNLOCK REQUEST: 0x34db4680 1
[1773159760.208149704] UNLOCK pid=34587 fd=12: EXCLUSIVE -> SHARED
DBimpl - UNLOCK REQUEST: 0x34db4680 0
[1773159760.208153115] UNLOCK pid=34587 fd=12: SHARED -> NO_LOCK
DBimpl - LOCK REQUEST: 0x34db4680 1
[1773159760.209730868] LOCK pid=34587 fd=12: NO_LOCK -> SHARED (fallback)
[1773159760.209732129] LOCK pid=34587 fd=12: SHARED -> SHARED
DBimpl - LOCK REQUEST: 0x34db4680 2
[1773159760.209739495] LOCK pid=34587 fd=12: SHARED -> RESERVED
DBimpl - LOCK REQUEST: 0x34db4680 1
[1773159760.209967006] LOCK pid=34586 fd=10: NO_LOCK -> SHARED (fallback)
[1773159760.209968944] LOCK pid=34586 fd=10: SHARED -> SHARED
DBimpl - LOCK REQUEST: 0x34db4680 2
DBimpl - UNLOCK REQUEST: 0x34db4680 0
[1773159760.209982052] UNLOCK pid=34586 fd=10: SHARED -> NO_LOCK
DBimpl - LOCK REQUEST: 0x34db4680 1
[1773159760.210240063] LOCK pid=34588 fd=14: NO_LOCK -> SHARED (fallback)
[1773159760.210242084] LOCK pid=34588 fd=14: SHARED -> SHARED
DBimpl - LOCK REQUEST: 0x34db4680 2
DBimpl - UNLOCK REQUEST: 0x34db4680 0
[1773159760.210259464] UNLOCK pid=34588 fd=14: SHARED -> NO_LOCK
DBimpl - LOCK REQUEST: 0x34db4680 4
[1773159760.217283887] LOCK pid=34587 fd=12: RESERVED -> PENDING
[1773159760.217285482] LOCK pid=34587 fd=12: PENDING -> EXCLUSIVE
DBimpl - UNLOCK REQUEST: 0x34db4680 1
[1773159760.217288580] UNLOCK pid=34587 fd=12: EXCLUSIVE -> SHARED
DBimpl - UNLOCK REQUEST: 0x34db4680 0
[1773159760.217291475] UNLOCK pid=34587 fd=12: SHARED -> NO_LOCK
DBimpl - LOCK REQUEST: 0x34db4680 1
[1773159760.222803830] LOCK pid=34585 fd=8: NO_LOCK -> SHARED (fallback)
[1773159760.222805874] LOCK pid=34585 fd=8: SHARED -> SHARED
DBimpl - UNLOCK REQUEST: 0x34db4680 0
[1773159760.223017831] UNLOCK pid=34585 fd=8: SHARED -> NO_LOCK
DBimpl - LOCK REQUEST: 0x34db4680 1
[1773159760.225072582] LOCK pid=34586 fd=10: NO_LOCK -> SHARED (fallback)
[1773159760.225074416] LOCK pid=34586 fd=10: SHARED -> SHARED
DBimpl - LOCK REQUEST: 0x34db4680 2
[1773159760.225083871] LOCK pid=34586 fd=10: SHARED -> RESERVED
DBimpl - LOCK REQUEST: 0x34db4680 4
[1773159760.225759248] LOCK pid=34586 fd=10: RESERVED -> PENDING
[1773159760.225761304] LOCK pid=34586 fd=10: PENDING -> EXCLUSIVE
DBimpl - LOCK REQUEST: 0x34db4680 1
DBimpl - LOCK REQUEST: 0x34db4680 1
DBimpl - LOCK REQUEST: 0x34db4680 1
DBimpl - UNLOCK REQUEST: 0x34db4680 1
[1773159760.228433048] UNLOCK pid=34586 fd=10: EXCLUSIVE -> SHARED
DBimpl - UNLOCK REQUEST: 0x34db4680 0
[1773159760.228437913] UNLOCK pid=34586 fd=10: SHARED -> NO_LOCK
DBimpl - LOCK REQUEST: 0x34db4680 1
[1773159760.228518784] LOCK pid=34587 fd=12: NO_LOCK -> SHARED (fallback)
[1773159760.228520778] LOCK pid=34587 fd=12: SHARED -> SHARED
DBimpl - LOCK REQUEST: 0x34db4680 2
[1773159760.228533897] LOCK pid=34587 fd=12: SHARED -> RESERVED
DBimpl - LOCK REQUEST: 0x34db4680 1
[1773159760.229287624] LOCK pid=34585 fd=8: NO_LOCK -> SHARED (fallback)
[1773159760.229289512] LOCK pid=34585 fd=8: SHARED -> SHARED
DBimpl - UNLOCK REQUEST: 0x34db4680 0
[1773159760.229492774] UNLOCK pid=34585 fd=8: SHARED -> NO_LOCK
DBimpl - LOCK REQUEST: 0x34db4680 1
[1773159760.234572722] LOCK pid=34584 fd=6: NO_LOCK -> SHARED (fallback)
[1773159760.234574369] LOCK pid=34584 fd=6: SHARED -> SHARED
DBimpl - UNLOCK REQUEST: 0x34db4680 0
[1773159760.234740875] UNLOCK pid=34584 fd=6: SHARED -> NO_LOCK
DBimpl - LOCK REQUEST: 0x34db4680 1
[1773159760.235330839] LOCK pid=34588 fd=14: NO_LOCK -> SHARED (fallback)
[1773159760.235333418] LOCK pid=34588 fd=14: SHARED -> SHARED
DBimpl - LOCK REQUEST: 0x34db4680 2
DBimpl - UNLOCK REQUEST: 0x34db4680 0
[1773159760.235354109] UNLOCK pid=34588 fd=14: SHARED -> NO_LOCK
DBimpl - LOCK REQUEST: 0x34db4680 1
[1773159760.237717987] LOCK pid=34584 fd=6: NO_LOCK -> SHARED (fallback)
[1773159760.237719283] LOCK pid=34584 fd=6: SHARED -> SHARED
DBimpl - UNLOCK REQUEST: 0x34db4680 0
[1773159760.237874490] UNLOCK pid=34584 fd=6: SHARED -> NO_LOCK
DBimpl - LOCK REQUEST: 0x34db4680 1
[1773159760.238495991] LOCK pid=34586 fd=10: NO_LOCK -> SHARED (fallback)
[1773159760.238497521] LOCK pid=34586 fd=10: SHARED -> SHARED
DBimpl - LOCK REQUEST: 0x34db4680 2
DBimpl - UNLOCK REQUEST: 0x34db4680 0
[1773159760.238514638] UNLOCK pid=34586 fd=10: SHARED -> NO_LOCK
DBimpl - LOCK REQUEST: 0x34db4680 1
[1773159760.239609750] LOCK pid=34586 fd=10: NO_LOCK -> SHARED (fallback)
[1773159760.239610897] LOCK pid=34586 fd=10: SHARED -> SHARED
DBimpl - LOCK REQUEST: 0x34db4680 2
DBimpl - UNLOCK REQUEST: 0x34db4680 0
[1773159760.239618860] UNLOCK pid=34586 fd=10: SHARED -> NO_LOCK
DBimpl - LOCK REQUEST: 0x34db4680 1
[1773159760.239701979] LOCK pid=34584 fd=6: NO_LOCK -> SHARED (fallback)
[1773159760.239703811] LOCK pid=34584 fd=6: SHARED -> SHARED
DBimpl - UNLOCK REQUEST: 0x34db4680 0
[1773159760.239865828] UNLOCK pid=34584 fd=6: SHARED -> NO_LOCK
DBimpl - LOCK REQUEST: 0x34db4680 4
[1773159760.239942369] LOCK pid=34587 fd=12: RESERVED -> PENDING
[1773159760.239944115] LOCK pid=34587 fd=12: PENDING -> EXCLUSIVE
DBimpl - LOCK REQUEST: 0x34db4680 1
DBimpl - UNLOCK REQUEST: 0x34db4680 1
[1773159760.242491162] UNLOCK pid=34587 fd=12: EXCLUSIVE -> SHARED
DBimpl - UNLOCK REQUEST: 0x34db4680 0
[1773159760.242496228] UNLOCK pid=34587 fd=12: SHARED -> NO_LOCK
DBimpl - LOCK REQUEST: 0x34db4680 1
[1773159760.244490576] LOCK pid=34584 fd=6: NO_LOCK -> SHARED (fallback)
[1773159760.244492664] LOCK pid=34584 fd=6: SHARED -> SHARED
DBimpl - UNLOCK REQUEST: 0x34db4680 0
[1773159760.244660565] UNLOCK pid=34584 fd=6: SHARED -> NO_LOCK
DBimpl - LOCK REQUEST: 0x34db4680 1
[1773159760.244917553] LOCK pid=34584 fd=6: NO_LOCK -> SHARED (fallback)
[1773159760.244918779] LOCK pid=34584 fd=6: SHARED -> SHARED
DBimpl - UNLOCK REQUEST: 0x34db4680 0
[1773159760.245060035] UNLOCK pid=34584 fd=6: SHARED -> NO_LOCK
DBimpl - LOCK REQUEST: 0x34db4680 1
[1773159760.246783566] LOCK pid=34586 fd=10: NO_LOCK -> SHARED (fallback)
[1773159760.246785492] LOCK pid=34586 fd=10: SHARED -> SHARED
DBimpl - LOCK REQUEST: 0x34db4680 2
[1773159760.246801292] LOCK pid=34586 fd=10: SHARED -> RESERVED
DBimpl - LOCK REQUEST: 0x34db4680 4
[1773159760.247509720] LOCK pid=34586 fd=10: RESERVED -> PENDING
[1773159760.247511638] LOCK pid=34586 fd=10: PENDING -> EXCLUSIVE
DBimpl - LOCK REQUEST: 0x34db4680 1
DBimpl - LOCK REQUEST: 0x34db4680 1
DBimpl - UNLOCK REQUEST: 0x34db4680 1
[1773159760.249864827] UNLOCK pid=34586 fd=10: EXCLUSIVE -> SHARED
DBimpl - UNLOCK REQUEST: 0x34db4680 0
[1773159760.249869355] UNLOCK pid=34586 fd=10: SHARED -> NO_LOCK
DBimpl - LOCK REQUEST: 0x34db4680 1
[1773159760.250828612] LOCK pid=34584 fd=6: NO_LOCK -> SHARED (fallback)
[1773159760.250830541] LOCK pid=34584 fd=6: SHARED -> SHARED
DBimpl - UNLOCK REQUEST: 0x34db4680 0
[1773159760.251003637] UNLOCK pid=34584 fd=6: SHARED -> NO_LOCK
DBimpl - LOCK REQUEST: 0x34db4680 1
[1773159760.251449454] LOCK pid=34586 fd=10: NO_LOCK -> SHARED (fallback)
[1773159760.251450799] LOCK pid=34586 fd=10: SHARED -> SHARED
DBimpl - LOCK REQUEST: 0x34db4680 2
[1773159760.251458426] LOCK pid=34586 fd=10: SHARED -> RESERVED
DBimpl - LOCK REQUEST: 0x34db4680 4
[1773159760.252060779] LOCK pid=34586 fd=10: RESERVED -> PENDING
[1773159760.252062640] LOCK pid=34586 fd=10: PENDING -> EXCLUSIVE
DBimpl - UNLOCK REQUEST: 0x34db4680 1
[1773159760.253941307] UNLOCK pid=34586 fd=10: EXCLUSIVE -> SHARED
DBimpl - UNLOCK REQUEST: 0x34db4680 0
[1773159760.253945043] UNLOCK pid=34586 fd=10: SHARED -> NO_LOCK
DBimpl - LOCK REQUEST: 0x34db4680 1
[1773159760.255640288] LOCK pid=34584 fd=6: NO_LOCK -> SHARED (fallback)
[1773159760.255641988] LOCK pid=34584 fd=6: SHARED -> SHARED
DBimpl - UNLOCK REQUEST: 0x34db4680 0
[1773159760.255802972] UNLOCK pid=34584 fd=6: SHARED -> NO_LOCK
DBimpl - LOCK REQUEST: 0x34db4680 1
[1773159760.256910463] LOCK pid=34584 fd=6: NO_LOCK -> SHARED (fallback)
[1773159760.256912077] LOCK pid=34584 fd=6: SHARED -> SHARED
DBimpl - UNLOCK REQUEST: 0x34db4680 0
[1773159760.257070923] UNLOCK pid=34584 fd=6: SHARED -> NO_LOCK
DBimpl - LOCK REQUEST: 0x34db4680 1
[1773159760.260473929] LOCK pid=34588 fd=14: NO_LOCK -> SHARED (fallback)
[1773159760.260476107] LOCK pid=34588 fd=14: SHARED -> SHARED
DBimpl - LOCK REQUEST: 0x34db4680 2
[1773159760.260488484] LOCK pid=34588 fd=14: SHARED -> RESERVED
DBimpl - LOCK REQUEST: 0x34db4680 4
[1773159760.260637979] LOCK pid=34588 fd=14: RESERVED -> PENDING
[1773159760.260639796] LOCK pid=34588 fd=14: PENDING -> EXCLUSIVE
DBimpl - LOCK REQUEST: 0x34db4680 1
DBimpl - LOCK REQUEST: 0x34db4680 1
DBimpl - UNLOCK REQUEST: 0x34db4680 1
[1773159760.262798339] UNLOCK pid=34588 fd=14: EXCLUSIVE -> SHARED
DBimpl - UNLOCK REQUEST: 0x34db4680 0
[1773159760.262802767] UNLOCK pid=34588 fd=14: SHARED -> NO_LOCK
DBimpl - LOCK REQUEST: 0x34db4680 1
[1773159760.264306367] LOCK pid=34585 fd=8: NO_LOCK -> SHARED (fallback)
[1773159760.264308786] LOCK pid=34585 fd=8: SHARED -> SHARED
DBimpl - UNLOCK REQUEST: 0x34db4680 0
[1773159760.264519724] UNLOCK pid=34585 fd=8: SHARED -> NO_LOCK
DBimpl - LOCK REQUEST: 0x34db4680 1
[1773159760.267543241] LOCK pid=34587 fd=12: NO_LOCK -> SHARED (fallback)
[1773159760.267544828] LOCK pid=34587 fd=12: SHARED -> SHARED
DBimpl - LOCK REQUEST: 0x34db4680 2
[1773159760.267555398] LOCK pid=34587 fd=12: SHARED -> RESERVED
DBimpl - LOCK REQUEST: 0x34db4680 4
[1773159760.273176896] LOCK pid=34587 fd=12: RESERVED -> PENDING
[1773159760.273178859] LOCK pid=34587 fd=12: PENDING -> EXCLUSIVE
DBimpl - LOCK REQUEST: 0x34db4680 1
DBimpl - LOCK REQUEST: 0x34db4680 1
DBimpl - UNLOCK REQUEST: 0x34db4680 1
[1773159760.275190386] UNLOCK pid=34587 fd=12: EXCLUSIVE -> SHARED
DBimpl - UNLOCK REQUEST: 0x34db4680 0
[1773159760.275199273] UNLOCK pid=34587 fd=12: SHARED -> NO_LOCK
DBimpl - LOCK REQUEST: 0x34db4680 1
[1773159760.275447045] LOCK pid=34585 fd=8: NO_LOCK -> SHARED (fallback)
[1773159760.275448914] LOCK pid=34585 fd=8: SHARED -> SHARED
DBimpl - UNLOCK REQUEST: 0x34db4680 0
[1773159760.275664908] UNLOCK pid=34585 fd=8: SHARED -> NO_LOCK
DBimpl - LOCK REQUEST: 0x34db4680 1
[1773159760.275985508] LOCK pid=34584 fd=6: NO_LOCK -> SHARED (fallback)
[1773159760.275987194] LOCK pid=34584 fd=6: SHARED -> SHARED
DBimpl - LOCK REQUEST: 0x34db4680 1
[1773159760.276078765] LOCK pid=34587 fd=12: NO_LOCK -> SHARED (fallback)
[1773159760.276080886] LOCK pid=34587 fd=12: SHARED -> SHARED
DBimpl - LOCK REQUEST: 0x34db4680 2
[1773159760.276094363] LOCK pid=34587 fd=12: SHARED -> RESERVED
DBimpl - UNLOCK REQUEST: 0x34db4680 0
[1773159760.276157065] UNLOCK pid=34584 fd=6: SHARED -> NO_LOCK
DBimpl - LOCK REQUEST: 0x34db4680 4
[1773159760.277966382] LOCK pid=34587 fd=12: RESERVED -> PENDING
[1773159760.277970247] LOCK pid=34587 fd=12: PENDING -> EXCLUSIVE
DBimpl - UNLOCK REQUEST: 0x34db4680 1
[1773159760.277975658] UNLOCK pid=34587 fd=12: EXCLUSIVE -> SHARED
DBimpl - UNLOCK REQUEST: 0x34db4680 0
[1773159760.277980117] UNLOCK pid=34587 fd=12: SHARED -> NO_LOCK
DBimpl - LOCK REQUEST: 0x34db4680 1
[1773159760.278108949] LOCK pid=34584 fd=6: NO_LOCK -> SHARED (fallback)
[1773159760.278110288] LOCK pid=34584 fd=6: SHARED -> SHARED
DBimpl - UNLOCK REQUEST: 0x34db4680 0
[1773159760.278255147] UNLOCK pid=34584 fd=6: SHARED -> NO_LOCK
DBimpl - LOCK REQUEST: 0x34db4680 1
[1773159760.283354630] LOCK pid=34587 fd=12: NO_LOCK -> SHARED (fallback)
[1773159760.283359450] LOCK pid=34587 fd=12: SHARED -> SHARED
DBimpl - LOCK REQUEST: 0x34db4680 2
[1773159760.283386973] LOCK pid=34587 fd=12: SHARED -> RESERVED
DBimpl - LOCK REQUEST: 0x34db4680 1
[1773159760.283789154] LOCK pid=34588 fd=14: NO_LOCK -> SHARED (fallback)
[1773159760.283799863] LOCK pid=34588 fd=14: SHARED -> SHARED
DBimpl - LOCK REQUEST: 0x34db4680 2
DBimpl - UNLOCK REQUEST: 0x34db4680 0
[1773159760.283828401] UNLOCK pid=34588 fd=14: SHARED -> NO_LOCK
DBimpl - LOCK REQUEST: 0x34db4680 4
[1773159760.284248927] LOCK pid=34587 fd=12: RESERVED -> PENDING
[1773159760.284252005] LOCK pid=34587 fd=12: PENDING -> EXCLUSIVE
DBimpl - UNLOCK REQUEST: 0x34db4680 1
[1773159760.284258453] UNLOCK pid=34587 fd=12: EXCLUSIVE -> SHARED
DBimpl - UNLOCK REQUEST: 0x34db4680 0
[1773159760.284263360] UNLOCK pid=34587 fd=12: SHARED -> NO_LOCK
DBimpl - LOCK REQUEST: 0x34db4680 1
[1773159760.284898543] LOCK pid=34588 fd=14: NO_LOCK -> SHARED (fallback)
[1773159760.284900292] LOCK pid=34588 fd=14: SHARED -> SHARED
DBimpl - LOCK REQUEST: 0x34db4680 2
[1773159760.284911325] LOCK pid=34588 fd=14: SHARED -> RESERVED
DBimpl - LOCK REQUEST: 0x34db4680 1
[1773159760.284982374] LOCK pid=34586 fd=10: NO_LOCK -> SHARED (fallback)
[1773159760.284984192] LOCK pid=34586 fd=10: SHARED -> SHARED
DBimpl - LOCK REQUEST: 0x34db4680 2
DBimpl - UNLOCK REQUEST: 0x34db4680 0
[1773159760.285000110] UNLOCK pid=34586 fd=10: SHARED -> NO_LOCK
DBimpl - LOCK REQUEST: 0x34db4680 4
[1773159760.285084069] LOCK pid=34588 fd=14: RESERVED -> PENDING
[1773159760.285085970] LOCK pid=34588 fd=14: PENDING -> EXCLUSIVE
DBimpl - LOCK REQUEST: 0x34db4680 1
DBimpl - LOCK REQUEST: 0x34db4680 1
DBimpl - LOCK REQUEST: 0x34db4680 1
DBimpl - LOCK REQUEST: 0x34db4680 1
DBimpl - UNLOCK REQUEST: 0x34db4680 1
[1773159760.287333768] UNLOCK pid=34588 fd=14: EXCLUSIVE -> SHARED
DBimpl - UNLOCK REQUEST: 0x34db4680 0
[1773159760.287341398] UNLOCK pid=34588 fd=14: SHARED -> NO_LOCK
DBimpl - LOCK REQUEST: 0x34db4680 1
[1773159760.287838355] LOCK pid=34587 fd=12: NO_LOCK -> SHARED (fallback)
[1773159760.287840435] LOCK pid=34587 fd=12: SHARED -> SHARED
DBimpl - LOCK REQUEST: 0x34db4680 2
[1773159760.287856346] LOCK pid=34587 fd=12: SHARED -> RESERVED
DBimpl - LOCK REQUEST: 0x34db4680 1
[1773159760.288143374] LOCK pid=34586 fd=10: NO_LOCK -> SHARED (fallback)
[1773159760.288145663] LOCK pid=34586 fd=10: SHARED -> SHARED
DBimpl - LOCK REQUEST: 0x34db4680 2
DBimpl - UNLOCK REQUEST: 0x34db4680 0
[1773159760.288166062] UNLOCK pid=34586 fd=10: SHARED -> NO_LOCK
DBimpl - LOCK REQUEST: 0x34db4680 1
[1773159760.289018788] LOCK pid=34584 fd=6: NO_LOCK -> SHARED (fallback)
[1773159760.289020888] LOCK pid=34584 fd=6: SHARED -> SHARED
DBimpl - UNLOCK REQUEST: 0x34db4680 0
[1773159760.289222207] UNLOCK pid=34584 fd=6: SHARED -> NO_LOCK
DBimpl - LOCK REQUEST: 0x34db4680 1
[1773159760.290361604] LOCK pid=34584 fd=6: NO_LOCK -> SHARED (fallback)
[1773159760.290364126] LOCK pid=34584 fd=6: SHARED -> SHARED
DBimpl - UNLOCK REQUEST: 0x34db4680 0
[1773159760.290540517] UNLOCK pid=34584 fd=6: SHARED -> NO_LOCK
DBimpl - LOCK REQUEST: 0x34db4680 4
[1773159760.291973640] LOCK pid=34587 fd=12: RESERVED -> PENDING
[1773159760.291978333] LOCK pid=34587 fd=12: PENDING -> EXCLUSIVE
DBimpl - LOCK REQUEST: 0x34db4680 1
DBimpl - LOCK REQUEST: 0x34db4680 1
DBimpl - LOCK REQUEST: 0x34db4680 1
DBimpl - LOCK REQUEST: 0x34db4680 1
DBimpl - LOCK REQUEST: 0x34db4680 1
DBimpl - UNLOCK REQUEST: 0x34db4680 1
[1773159760.294751005] UNLOCK pid=34587 fd=12: EXCLUSIVE -> SHARED
DBimpl - UNLOCK REQUEST: 0x34db4680 0
[1773159760.294763263] UNLOCK pid=34587 fd=12: SHARED -> NO_LOCK
DBimpl - LOCK REQUEST: 0x34db4680 1
[1773159760.295873406] LOCK pid=34585 fd=8: NO_LOCK -> SHARED (fallback)
[1773159760.295876537] LOCK pid=34585 fd=8: SHARED -> SHARED
DBimpl - LOCK REQUEST: 0x34db4680 1
[1773159760.296134770] LOCK pid=34588 fd=14: NO_LOCK -> SHARED (fallback)
[1773159760.296137721] LOCK pid=34588 fd=14: SHARED -> SHARED
DBimpl - LOCK REQUEST: 0x34db4680 2
[1773159760.296153379] LOCK pid=34588 fd=14: SHARED -> RESERVED
DBimpl - UNLOCK REQUEST: 0x34db4680 0
[1773159760.296297558] UNLOCK pid=34585 fd=8: SHARED -> NO_LOCK
DBimpl - LOCK REQUEST: 0x34db4680 4
[1773159760.296379422] LOCK pid=34588 fd=14: RESERVED -> PENDING
[1773159760.296382353] LOCK pid=34588 fd=14: PENDING -> EXCLUSIVE
DBimpl - UNLOCK REQUEST: 0x34db4680 1
[1773159760.298555154] UNLOCK pid=34588 fd=14: EXCLUSIVE -> SHARED
DBimpl - UNLOCK REQUEST: 0x34db4680 0
[1773159760.298561709] UNLOCK pid=34588 fd=14: SHARED -> NO_LOCK
DBimpl - LOCK REQUEST: 0x34db4680 1
[1773159760.298980423] LOCK pid=34584 fd=6: NO_LOCK -> SHARED (fallback)
[1773159760.298981970] LOCK pid=34584 fd=6: SHARED -> SHARED
DBimpl - UNLOCK REQUEST: 0x34db4680 0
[1773159760.299134985] UNLOCK pid=34584 fd=6: SHARED -> NO_LOCK
DBimpl - LOCK REQUEST: 0x34db4680 1
[1773159760.302765272] LOCK pid=34584 fd=6: NO_LOCK -> SHARED (fallback)
[1773159760.302767738] LOCK pid=34584 fd=6: SHARED -> SHARED
DBimpl - UNLOCK REQUEST: 0x34db4680 0
[1773159760.303017288] UNLOCK pid=34584 fd=6: SHARED -> NO_LOCK
DBimpl - LOCK REQUEST: 0x34db4680 1
[1773159760.303385331] LOCK pid=34586 fd=10: NO_LOCK -> SHARED (fallback)
[1773159760.303388007] LOCK pid=34586 fd=10: SHARED -> SHARED
DBimpl - LOCK REQUEST: 0x34db4680 2
[1773159760.303404169] LOCK pid=34586 fd=10: SHARED -> RESERVED
DBimpl - LOCK REQUEST: 0x34db4680 4
[1773159760.303613150] LOCK pid=34586 fd=10: RESERVED -> PENDING
[1773159760.303615789] LOCK pid=34586 fd=10: PENDING -> EXCLUSIVE
DBimpl - LOCK REQUEST: 0x34db4680 1
DBimpl - LOCK REQUEST: 0x34db4680 1
DBimpl - LOCK REQUEST: 0x34db4680 1
DBimpl - UNLOCK REQUEST: 0x34db4680 1
[1773159760.307020111] UNLOCK pid=34586 fd=10: EXCLUSIVE -> SHARED
DBimpl - UNLOCK REQUEST: 0x34db4680 0
[1773159760.307027038] UNLOCK pid=34586 fd=10: SHARED -> NO_LOCK
DBimpl - LOCK REQUEST: 0x34db4680 1
[1773159760.307700208] LOCK pid=34586 fd=10: NO_LOCK -> SHARED (fallback)
[1773159760.307702391] LOCK pid=34586 fd=10: SHARED -> SHARED
DBimpl - LOCK REQUEST: 0x34db4680 2
[1773159760.307715091] LOCK pid=34586 fd=10: SHARED -> RESERVED
DBimpl - LOCK REQUEST: 0x34db4680 4
[1773159760.309326471] LOCK pid=34586 fd=10: RESERVED -> PENDING
[1773159760.309329522] LOCK pid=34586 fd=10: PENDING -> EXCLUSIVE
DBimpl - LOCK REQUEST: 0x34db4680 1
DBimpl - LOCK REQUEST: 0x34db4680 1
DBimpl - UNLOCK REQUEST: 0x34db4680 1
[1773159760.311668038] UNLOCK pid=34586 fd=10: EXCLUSIVE -> SHARED
DBimpl - UNLOCK REQUEST: 0x34db4680 0
[1773159760.311674146] UNLOCK pid=34586 fd=10: SHARED -> NO_LOCK
DBimpl - LOCK REQUEST: 0x34db4680 1
[1773159760.311917904] LOCK pid=34588 fd=14: NO_LOCK -> SHARED (fallback)
[1773159760.311920361] LOCK pid=34588 fd=14: SHARED -> SHARED
DBimpl - LOCK REQUEST: 0x34db4680 2
[1773159760.311935781] LOCK pid=34588 fd=14: SHARED -> RESERVED
DBimpl - LOCK REQUEST: 0x34db4680 4
[1773159760.312112688] LOCK pid=34588 fd=14: RESERVED -> PENDING
[1773159760.312115048] LOCK pid=34588 fd=14: PENDING -> EXCLUSIVE
DBimpl - LOCK REQUEST: 0x34db4680 1
DBimpl - LOCK REQUEST: 0x34db4680 1
DBimpl - UNLOCK REQUEST: 0x34db4680 1
[1773159760.314638017] UNLOCK pid=34588 fd=14: EXCLUSIVE -> SHARED
DBimpl - UNLOCK REQUEST: 0x34db4680 0
[1773159760.314644650] UNLOCK pid=34588 fd=14: SHARED -> NO_LOCK
DBimpl - LOCK REQUEST: 0x34db4680 1
[1773159760.315054743] LOCK pid=34584 fd=6: NO_LOCK -> SHARED (fallback)
[1773159760.315058433] LOCK pid=34584 fd=6: SHARED -> SHARED
DBimpl - UNLOCK REQUEST: 0x34db4680 0
[1773159760.315278912] UNLOCK pid=34584 fd=6: SHARED -> NO_LOCK
DBimpl - LOCK REQUEST: 0x34db4680 1
[1773159760.317547334] LOCK pid=34586 fd=10: NO_LOCK -> SHARED (fallback)
[1773159760.317589591] LOCK pid=34586 fd=10: SHARED -> SHARED
DBimpl - LOCK REQUEST: 0x34db4680 2
[1773159760.317604345] LOCK pid=34586 fd=10: SHARED -> RESERVED
DBimpl - LOCK REQUEST: 0x34db4680 1
[1773159760.317844624] LOCK pid=34587 fd=12: NO_LOCK -> SHARED (fallback)
[1773159760.317847514] LOCK pid=34587 fd=12: SHARED -> SHARED
DBimpl - LOCK REQUEST: 0x34db4680 2
DBimpl - UNLOCK REQUEST: 0x34db4680 0
[1773159760.317871570] UNLOCK pid=34587 fd=12: SHARED -> NO_LOCK
DBimpl - LOCK REQUEST: 0x34db4680 4
[1773159760.318840120] LOCK pid=34586 fd=10: RESERVED -> PENDING
[1773159760.318843036] LOCK pid=34586 fd=10: PENDING -> EXCLUSIVE
DBimpl - LOCK REQUEST: 0x34db4680 1
DBimpl - LOCK REQUEST: 0x34db4680 1
DBimpl - UNLOCK REQUEST: 0x34db4680 1
[1773159760.321270480] UNLOCK pid=34586 fd=10: EXCLUSIVE -> SHARED
DBimpl - UNLOCK REQUEST: 0x34db4680 0
[1773159760.321279035] UNLOCK pid=34586 fd=10: SHARED -> NO_LOCK
DBimpl - LOCK REQUEST: 0x34db4680 1
[1773159760.321665588] LOCK pid=34585 fd=8: NO_LOCK -> SHARED (fallback)
[1773159760.321667869] LOCK pid=34585 fd=8: SHARED -> SHARED
DBimpl - UNLOCK REQUEST: 0x34db4680 0
[1773159760.321984320] UNLOCK pid=34585 fd=8: SHARED -> NO_LOCK
DBimpl - LOCK REQUEST: 0x34db4680 1
[1773159760.322093467] LOCK pid=34588 fd=14: NO_LOCK -> SHARED (fallback)
[1773159760.322095851] LOCK pid=34588 fd=14: SHARED -> SHARED
DBimpl - LOCK REQUEST: 0x34db4680 2
[1773159760.322113320] LOCK pid=34588 fd=14: SHARED -> RESERVED
DBimpl - LOCK REQUEST: 0x34db4680 4
[1773159760.322339447] LOCK pid=34588 fd=14: RESERVED -> PENDING
[1773159760.322342406] LOCK pid=34588 fd=14: PENDING -> EXCLUSIVE
DBimpl - UNLOCK REQUEST: 0x34db4680 1
[1773159760.324302866] UNLOCK pid=34588 fd=14: EXCLUSIVE -> SHARED
DBimpl - UNLOCK REQUEST: 0x34db4680 0
[1773159760.324309935] UNLOCK pid=34588 fd=14: SHARED -> NO_LOCK
DBimpl - LOCK REQUEST: 0x34db4680 1
[1773159760.324805161] LOCK pid=34586 fd=10: NO_LOCK -> SHARED (fallback)
[1773159760.324807627] LOCK pid=34586 fd=10: SHARED -> SHARED
DBimpl - LOCK REQUEST: 0x34db4680 2
[1773159760.324824894] LOCK pid=34586 fd=10: SHARED -> RESERVED
DBimpl - LOCK REQUEST: 0x34db4680 4
[1773159760.325691251] LOCK pid=34586 fd=10: RESERVED -> PENDING
[1773159760.325693529] LOCK pid=34586 fd=10: PENDING -> EXCLUSIVE
DBimpl - LOCK REQUEST: 0x34db4680 1
DBimpl - UNLOCK REQUEST: 0x34db4680 1
[1773159760.327987508] UNLOCK pid=34586 fd=10: EXCLUSIVE -> SHARED
DBimpl - UNLOCK REQUEST: 0x34db4680 0
[1773159760.327994561] UNLOCK pid=34586 fd=10: SHARED -> NO_LOCK
DBimpl - LOCK REQUEST: 0x34db4680 1
[1773159760.328450511] LOCK pid=34588 fd=14: NO_LOCK -> SHARED (fallback)
[1773159760.328452898] LOCK pid=34588 fd=14: SHARED -> SHARED
DBimpl - LOCK REQUEST: 0x34db4680 2
[1773159760.328470839] LOCK pid=34588 fd=14: SHARED -> RESERVED
DBimpl - LOCK REQUEST: 0x34db4680 1
[1773159760.328500524] LOCK pid=34586 fd=10: NO_LOCK -> SHARED (fallback)
[1773159760.328506226] LOCK pid=34586 fd=10: SHARED -> SHARED
DBimpl - LOCK REQUEST: 0x34db4680 2
DBimpl - UNLOCK REQUEST: 0x34db4680 0
[1773159760.328524940] UNLOCK pid=34586 fd=10: SHARED -> NO_LOCK
DBimpl - LOCK REQUEST: 0x34db4680 4
[1773159760.328632939] LOCK pid=34588 fd=14: RESERVED -> PENDING
[1773159760.328635276] LOCK pid=34588 fd=14: PENDING -> EXCLUSIVE
DBimpl - LOCK REQUEST: 0x34db4680 1
DBimpl - LOCK REQUEST: 0x34db4680 1
DBimpl - LOCK REQUEST: 0x34db4680 1
DBimpl - LOCK REQUEST: 0x34db4680 1
DBimpl - LOCK REQUEST: 0x34db4680 1
DBimpl - LOCK REQUEST: 0x34db4680 1
DBimpl - LOCK REQUEST: 0x34db4680 1
DBimpl - UNLOCK REQUEST: 0x34db4680 1
[1773159760.333824895] UNLOCK pid=34588 fd=14: EXCLUSIVE -> SHARED
DBimpl - UNLOCK REQUEST: 0x34db4680 0
[1773159760.333835740] UNLOCK pid=34588 fd=14: SHARED -> NO_LOCK
DBimpl - LOCK REQUEST: 0x34db4680 1
[1773159760.335737463] LOCK pid=34585 fd=8: NO_LOCK -> SHARED (fallback)
[1773159760.335740909] LOCK pid=34585 fd=8: SHARED -> SHARED
DBimpl - UNLOCK REQUEST: 0x34db4680 0
[1773159760.336024427] UNLOCK pid=34585 fd=8: SHARED -> NO_LOCK
DBimpl - LOCK REQUEST: 0x34db4680 1
[1773159760.336748901] LOCK pid=34586 fd=10: NO_LOCK -> SHARED (fallback)
[1773159760.336751707] LOCK pid=34586 fd=10: SHARED -> SHARED
DBimpl - LOCK REQUEST: 0x34db4680 2
[1773159760.336869960] LOCK pid=34586 fd=10: SHARED -> RESERVED
DBimpl - LOCK REQUEST: 0x34db4680 1
[1773159760.337759547] LOCK pid=34584 fd=6: NO_LOCK -> SHARED (fallback)
[1773159760.337762405] LOCK pid=34584 fd=6: SHARED -> SHARED
DBimpl - UNLOCK REQUEST: 0x34db4680 0
[1773159760.337953641] UNLOCK pid=34584 fd=6: SHARED -> NO_LOCK
DBimpl - LOCK REQUEST: 0x34db4680 4
[1773159760.338154860] LOCK pid=34586 fd=10: RESERVED -> PENDING
[1773159760.338157921] LOCK pid=34586 fd=10: PENDING -> EXCLUSIVE
DBimpl - LOCK REQUEST: 0x34db4680 1
DBimpl - LOCK REQUEST: 0x34db4680 1
DBimpl - LOCK REQUEST: 0x34db4680 1
DBimpl - LOCK REQUEST: 0x34db4680 1
DBimpl - UNLOCK REQUEST: 0x34db4680 1
[1773159760.341797184] UNLOCK pid=34586 fd=10: EXCLUSIVE -> SHARED
DBimpl - UNLOCK REQUEST: 0x34db4680 0
[1773159760.341804904] UNLOCK pid=34586 fd=10: SHARED -> NO_LOCK
DBimpl - LOCK REQUEST: 0x34db4680 1
[1773159760.342684080] LOCK pid=34585 fd=8: NO_LOCK -> SHARED (fallback)
[1773159760.342686933] LOCK pid=34585 fd=8: SHARED -> SHARED
DBimpl - UNLOCK REQUEST: 0x34db4680 0
[1773159760.342950063] UNLOCK pid=34585 fd=8: SHARED -> NO_LOCK
DBimpl - LOCK REQUEST: 0x34db4680 1
[1773159760.343023141] LOCK pid=34587 fd=12: NO_LOCK -> SHARED (fallback)
[1773159760.343026296] LOCK pid=34587 fd=12: SHARED -> SHARED
DBimpl - LOCK REQUEST: 0x34db4680 2
[1773159760.343044544] LOCK pid=34587 fd=12: SHARED -> RESERVED
DBimpl - LOCK REQUEST: 0x34db4680 1
[1773159760.343369125] LOCK pid=34588 fd=14: NO_LOCK -> SHARED (fallback)
[1773159760.343371686] LOCK pid=34588 fd=14: SHARED -> SHARED
DBimpl - LOCK REQUEST: 0x34db4680 2
DBimpl - UNLOCK REQUEST: 0x34db4680 0
[1773159760.343388879] UNLOCK pid=34588 fd=14: SHARED -> NO_LOCK
DBimpl - LOCK REQUEST: 0x34db4680 4
[1773159760.343823250] LOCK pid=34587 fd=12: RESERVED -> PENDING
[1773159760.343825286] LOCK pid=34587 fd=12: PENDING -> EXCLUSIVE
DBimpl - LOCK REQUEST: 0x34db4680 1
DBimpl - LOCK REQUEST: 0x34db4680 1
DBimpl - UNLOCK REQUEST: 0x34db4680 1
[1773159760.345693582] UNLOCK pid=34587 fd=12: EXCLUSIVE -> SHARED
DBimpl - UNLOCK REQUEST: 0x34db4680 0
[1773159760.345701253] UNLOCK pid=34587 fd=12: SHARED -> NO_LOCK
DBimpl - LOCK REQUEST: 0x34db4680 1
[1773159760.346884715] LOCK pid=34586 fd=10: NO_LOCK -> SHARED (fallback)
[1773159760.346887332] LOCK pid=34586 fd=10: SHARED -> SHARED
DBimpl - LOCK REQUEST: 0x34db4680 2
[1773159760.346905151] LOCK pid=34586 fd=10: SHARED -> RESERVED
DBimpl - LOCK REQUEST: 0x34db4680 1
[1773159760.347105006] LOCK pid=34584 fd=6: NO_LOCK -> SHARED (fallback)
[1773159760.347107946] LOCK pid=34584 fd=6: SHARED -> SHARED
DBimpl - UNLOCK REQUEST: 0x34db4680 0
[1773159760.347458751] UNLOCK pid=34584 fd=6: SHARED -> NO_LOCK
DBimpl - LOCK REQUEST: 0x34db4680 4
[1773159760.348308562] LOCK pid=34586 fd=10: RESERVED -> PENDING
[1773159760.348312168] LOCK pid=34586 fd=10: PENDING -> EXCLUSIVE
DBimpl - LOCK REQUEST: 0x34db4680 1
DBimpl - LOCK REQUEST: 0x34db4680 1
DBimpl - LOCK REQUEST: 0x34db4680 1
DBimpl - UNLOCK REQUEST: 0x34db4680 1
[1773159760.350530418] UNLOCK pid=34586 fd=10: EXCLUSIVE -> SHARED
DBimpl - UNLOCK REQUEST: 0x34db4680 0
[1773159760.350538088] UNLOCK pid=34586 fd=10: SHARED -> NO_LOCK
DBimpl - LOCK REQUEST: 0x34db4680 1
[1773159760.351736387] LOCK pid=34584 fd=6: NO_LOCK -> SHARED (fallback)
[1773159760.351738912] LOCK pid=34584 fd=6: SHARED -> SHARED
DBimpl - LOCK REQUEST: 0x34db4680 1
[1773159760.351752833] LOCK pid=34586 fd=10: NO_LOCK -> SHARED (fallback)
[1773159760.351755404] LOCK pid=34586 fd=10: SHARED -> SHARED
DBimpl - LOCK REQUEST: 0x34db4680 2
[1773159760.351768955] LOCK pid=34586 fd=10: SHARED -> RESERVED
DBimpl - UNLOCK REQUEST: 0x34db4680 0
[1773159760.351923255] UNLOCK pid=34584 fd=6: SHARED -> NO_LOCK
DBimpl - LOCK REQUEST: 0x34db4680 4
[1773159760.351946015] LOCK pid=34586 fd=10: RESERVED -> PENDING
[1773159760.351948998] LOCK pid=34586 fd=10: PENDING -> EXCLUSIVE
DBimpl - UNLOCK REQUEST: 0x34db4680 1
[1773159760.353749471] UNLOCK pid=34586 fd=10: EXCLUSIVE -> SHARED
DBimpl - UNLOCK REQUEST: 0x34db4680 0
[1773159760.353755617] UNLOCK pid=34586 fd=10: SHARED -> NO_LOCK
DBimpl - LOCK REQUEST: 0x34db4680 1
DBimpl - LOCK REQUEST: 0x34db4680 1
[1773159760.358275417] LOCK pid=34587 fd=12: NO_LOCK -> SHARED (fallback)
[1773159760.358281505] LOCK pid=34587 fd=12: SHARED -> SHARED
[1773159760.358283025] LOCK pid=34584 fd=6: NO_LOCK -> SHARED (fallback)
[1773159760.358286088] LOCK pid=34584 fd=6: SHARED -> SHARED
DBimpl - LOCK REQUEST: 0x34db4680 2
[1773159760.358302109] LOCK pid=34587 fd=12: SHARED -> RESERVED
DBimpl - UNLOCK REQUEST: 0x34db4680 0
[1773159760.358472622] UNLOCK pid=34584 fd=6: SHARED -> NO_LOCK
DBimpl - LOCK REQUEST: 0x34db4680 1
[1773159760.358690686] LOCK pid=34588 fd=14: NO_LOCK -> SHARED (fallback)
[1773159760.358703327] LOCK pid=34588 fd=14: SHARED -> SHARED
DBimpl - LOCK REQUEST: 0x34db4680 2
DBimpl - UNLOCK REQUEST: 0x34db4680 0
[1773159760.358720467] UNLOCK pid=34588 fd=14: SHARED -> NO_LOCK
DBimpl - LOCK REQUEST: 0x34db4680 1
[1773159760.359070972] LOCK pid=34586 fd=10: NO_LOCK -> SHARED (fallback)
[1773159760.359074043] LOCK pid=34586 fd=10: SHARED -> SHARED
DBimpl - LOCK REQUEST: 0x34db4680 2
DBimpl - UNLOCK REQUEST: 0x34db4680 0
[1773159760.359092447] UNLOCK pid=34586 fd=10: SHARED -> NO_LOCK
DBimpl - LOCK REQUEST: 0x34db4680 1
[1773159760.359777324] LOCK pid=34585 fd=8: NO_LOCK -> SHARED (fallback)
[1773159760.359779157] LOCK pid=34585 fd=8: SHARED -> SHARED
DBimpl - UNLOCK REQUEST: 0x34db4680 0
[1773159760.359941359] UNLOCK pid=34585 fd=8: SHARED -> NO_LOCK
DBimpl - LOCK REQUEST: 0x34db4680 1
[1773159760.360158577] LOCK pid=34586 fd=10: NO_LOCK -> SHARED (fallback)
[1773159760.360160010] LOCK pid=34586 fd=10: SHARED -> SHARED
DBimpl - LOCK REQUEST: 0x34db4680 2
DBimpl - UNLOCK REQUEST: 0x34db4680 0
[1773159760.360171490] UNLOCK pid=34586 fd=10: SHARED -> NO_LOCK
DBimpl - LOCK REQUEST: 0x34db4680 1
[1773159760.362271535] LOCK pid=34586 fd=10: NO_LOCK -> SHARED (fallback)
[1773159760.362274401] LOCK pid=34586 fd=10: SHARED -> SHARED
DBimpl - LOCK REQUEST: 0x34db4680 2
DBimpl - UNLOCK REQUEST: 0x34db4680 0
[1773159760.362294963] UNLOCK pid=34586 fd=10: SHARED -> NO_LOCK
DBimpl - LOCK REQUEST: 0x34db4680 1
[1773159760.364381199] LOCK pid=34585 fd=8: NO_LOCK -> SHARED (fallback)
[1773159760.364383955] LOCK pid=34585 fd=8: SHARED -> SHARED
DBimpl - UNLOCK REQUEST: 0x34db4680 0
[1773159760.364574639] UNLOCK pid=34585 fd=8: SHARED -> NO_LOCK
DBimpl - LOCK REQUEST: 0x34db4680 1
[1773159760.367395741] LOCK pid=34586 fd=10: NO_LOCK -> SHARED (fallback)
[1773159760.367399509] LOCK pid=34586 fd=10: SHARED -> SHARED
DBimpl - LOCK REQUEST: 0x34db4680 2
DBimpl - UNLOCK REQUEST: 0x34db4680 0
[1773159760.367438039] UNLOCK pid=34586 fd=10: SHARED -> NO_LOCK
DBimpl - LOCK REQUEST: 0x34db4680 4
[1773159760.373277540] LOCK pid=34587 fd=12: RESERVED -> PENDING
[1773159760.373282488] LOCK pid=34587 fd=12: PENDING -> EXCLUSIVE
DBimpl - LOCK REQUEST: 0x34db4680 1
DBimpl - LOCK REQUEST: 0x34db4680 1
DBimpl - LOCK REQUEST: 0x34db4680 1
DBimpl - UNLOCK REQUEST: 0x34db4680 1
[1773159760.375871015] UNLOCK pid=34587 fd=12: EXCLUSIVE -> SHARED
DBimpl - UNLOCK REQUEST: 0x34db4680 0
[1773159760.375879091] UNLOCK pid=34587 fd=12: SHARED -> NO_LOCK
DBimpl - LOCK REQUEST: 0x34db4680 1
[1773159760.376217999] LOCK pid=34584 fd=6: NO_LOCK -> SHARED (fallback)
[1773159760.376220079] LOCK pid=34584 fd=6: SHARED -> SHARED
DBimpl - UNLOCK REQUEST: 0x34db4680 0
[1773159760.376539982] UNLOCK pid=34584 fd=6: SHARED -> NO_LOCK
DBimpl - LOCK REQUEST: 0x34db4680 1
[1773159760.377162520] LOCK pid=34585 fd=8: NO_LOCK -> SHARED (fallback)
[1773159760.377165413] LOCK pid=34585 fd=8: SHARED -> SHARED
DBimpl - LOCK REQUEST: 0x34db4680 1
[1773159760.377511509] LOCK pid=34586 fd=10: NO_LOCK -> SHARED (fallback)
[1773159760.377513644] LOCK pid=34586 fd=10: SHARED -> SHARED
DBimpl - LOCK REQUEST: 0x34db4680 2
[1773159760.377527114] LOCK pid=34586 fd=10: SHARED -> RESERVED
DBimpl - UNLOCK REQUEST: 0x34db4680 0
[1773159760.377564483] UNLOCK pid=34585 fd=8: SHARED -> NO_LOCK
DBimpl - LOCK REQUEST: 0x34db4680 4
[1773159760.377744104] LOCK pid=34586 fd=10: RESERVED -> PENDING
[1773159760.377746773] LOCK pid=34586 fd=10: PENDING -> EXCLUSIVE
DBimpl - LOCK REQUEST: 0x34db4680 1
DBimpl - LOCK REQUEST: 0x34db4680 1
DBimpl - UNLOCK REQUEST: 0x34db4680 1
[1773159760.380250364] UNLOCK pid=34586 fd=10: EXCLUSIVE -> SHARED
DBimpl - UNLOCK REQUEST: 0x34db4680 0
[1773159760.380256280] UNLOCK pid=34586 fd=10: SHARED -> NO_LOCK
DBimpl - LOCK REQUEST: 0x34db4680 1
[1773159760.381265506] LOCK pid=34584 fd=6: NO_LOCK -> SHARED (fallback)
[1773159760.381267947] LOCK pid=34584 fd=6: SHARED -> SHARED
DBimpl - UNLOCK REQUEST: 0x34db4680 0
[1773159760.381578817] UNLOCK pid=34584 fd=6: SHARED -> NO_LOCK
DBimpl - LOCK REQUEST: 0x34db4680 1
[1773159760.385393756] LOCK pid=34586 fd=10: NO_LOCK -> SHARED (fallback)
[1773159760.385403005] LOCK pid=34586 fd=10: SHARED -> SHARED
DBimpl - LOCK REQUEST: 0x34db4680 2
[1773159760.385416217] LOCK pid=34586 fd=10: SHARED -> RESERVED
DBimpl - LOCK REQUEST: 0x34db4680 4
[1773159760.386868601] LOCK pid=34586 fd=10: RESERVED -> PENDING
[1773159760.386871559] LOCK pid=34586 fd=10: PENDING -> EXCLUSIVE
DBimpl - LOCK REQUEST: 0x34db4680 1
DBimpl - UNLOCK REQUEST: 0x34db4680 1
[1773159760.388697665] UNLOCK pid=34586 fd=10: EXCLUSIVE -> SHARED
DBimpl - UNLOCK REQUEST: 0x34db4680 0
[1773159760.388703910] UNLOCK pid=34586 fd=10: SHARED -> NO_LOCK
DBimpl - LOCK REQUEST: 0x34db4680 1
[1773159760.389404245] LOCK pid=34585 fd=8: NO_LOCK -> SHARED (fallback)
[1773159760.389406669] LOCK pid=34585 fd=8: SHARED -> SHARED
DBimpl - UNLOCK REQUEST: 0x34db4680 0
[1773159760.389779796] UNLOCK pid=34585 fd=8: SHARED -> NO_LOCK
DBimpl - LOCK REQUEST: 0x34db4680 1
[1773159760.391518557] LOCK pid=34587 fd=12: NO_LOCK -> SHARED (fallback)
[1773159760.391521321] LOCK pid=34587 fd=12: SHARED -> SHARED
DBimpl - LOCK REQUEST: 0x34db4680 2
[1773159760.391541365] LOCK pid=34587 fd=12: SHARED -> RESERVED
DBimpl - LOCK REQUEST: 0x34db4680 1
[1773159760.393883213] LOCK pid=34588 fd=14: NO_LOCK -> SHARED (fallback)
[1773159760.393888011] LOCK pid=34588 fd=14: SHARED -> SHARED
DBimpl - LOCK REQUEST: 0x34db4680 2
DBimpl - UNLOCK REQUEST: 0x34db4680 0
[1773159760.393918544] UNLOCK pid=34588 fd=14: SHARED -> NO_LOCK
DBimpl - LOCK REQUEST: 0x34db4680 1
[1773159760.398869126] LOCK pid=34585 fd=8: NO_LOCK -> SHARED (fallback)
[1773159760.398872347] LOCK pid=34585 fd=8: SHARED -> SHARED
DBimpl - UNLOCK REQUEST: 0x34db4680 0
[1773159760.399123063] UNLOCK pid=34585 fd=8: SHARED -> NO_LOCK
DBimpl - LOCK REQUEST: 0x34db4680 1
[1773159760.400376010] LOCK pid=34585 fd=8: NO_LOCK -> SHARED (fallback)
[1773159760.400377463] LOCK pid=34585 fd=8: SHARED -> SHARED
DBimpl - UNLOCK REQUEST: 0x34db4680 0
[1773159760.400570049] UNLOCK pid=34585 fd=8: SHARED -> NO_LOCK
DBimpl - LOCK REQUEST: 0x34db4680 1
[1773159760.402691251] LOCK pid=34586 fd=10: NO_LOCK -> SHARED (fallback)
[1773159760.402693462] LOCK pid=34586 fd=10: SHARED -> SHARED
DBimpl - LOCK REQUEST: 0x34db4680 2
DBimpl - UNLOCK REQUEST: 0x34db4680 0
[1773159760.402720871] UNLOCK pid=34586 fd=10: SHARED -> NO_LOCK
DBimpl - LOCK REQUEST: 0x34db4680 1
[1773159760.403624673] LOCK pid=34584 fd=6: NO_LOCK -> SHARED (fallback)
[1773159760.403626747] LOCK pid=34584 fd=6: SHARED -> SHARED
DBimpl - UNLOCK REQUEST: 0x34db4680 0
[1773159760.403826182] UNLOCK pid=34584 fd=6: SHARED -> NO_LOCK
DBimpl - LOCK REQUEST: 0x34db4680 1
[1773159760.403897045] LOCK pid=34586 fd=10: NO_LOCK -> SHARED (fallback)
[1773159760.403898544] LOCK pid=34586 fd=10: SHARED -> SHARED
DBimpl - LOCK REQUEST: 0x34db4680 2
DBimpl - UNLOCK REQUEST: 0x34db4680 0
[1773159760.403909368] UNLOCK pid=34586 fd=10: SHARED -> NO_LOCK
DBimpl - LOCK REQUEST: 0x34db4680 4
[1773159760.405921738] LOCK pid=34587 fd=12: RESERVED -> PENDING
[1773159760.405924022] LOCK pid=34587 fd=12: PENDING -> EXCLUSIVE
DBimpl - UNLOCK REQUEST: 0x34db4680 1
[1773159760.405928583] UNLOCK pid=34587 fd=12: EXCLUSIVE -> SHARED
DBimpl - UNLOCK REQUEST: 0x34db4680 0
[1773159760.405935280] UNLOCK pid=34587 fd=12: SHARED -> NO_LOCK
DBimpl - LOCK REQUEST: 0x34db4680 1
[1773159760.405973703] LOCK pid=34586 fd=10: NO_LOCK -> SHARED (fallback)
[1773159760.405975589] LOCK pid=34586 fd=10: SHARED -> SHARED
DBimpl - LOCK REQUEST: 0x34db4680 2
[1773159760.405986573] LOCK pid=34586 fd=10: SHARED -> RESERVED
DBimpl - LOCK REQUEST: 0x34db4680 4
[1773159760.406983284] LOCK pid=34586 fd=10: RESERVED -> PENDING
[1773159760.406985283] LOCK pid=34586 fd=10: PENDING -> EXCLUSIVE
DBimpl - UNLOCK REQUEST: 0x34db4680 1
[1773159760.409416958] UNLOCK pid=34586 fd=10: EXCLUSIVE -> SHARED
DBimpl - UNLOCK REQUEST: 0x34db4680 0
[1773159760.409421883] UNLOCK pid=34586 fd=10: SHARED -> NO_LOCK
DBimpl - LOCK REQUEST: 0x34db4680 1
[1773159760.410336520] LOCK pid=34584 fd=6: NO_LOCK -> SHARED (fallback)
[1773159760.410338112] LOCK pid=34584 fd=6: SHARED -> SHARED
DBimpl - UNLOCK REQUEST: 0x34db4680 0
[1773159760.410517073] UNLOCK pid=34584 fd=6: SHARED -> NO_LOCK
DBimpl - LOCK REQUEST: 0x34db4680 1
[1773159760.414663639] LOCK pid=34586 fd=10: NO_LOCK -> SHARED (fallback)
[1773159760.414665457] LOCK pid=34586 fd=10: SHARED -> SHARED
DBimpl - LOCK REQUEST: 0x34db4680 2
[1773159760.414675315] LOCK pid=34586 fd=10: SHARED -> RESERVED
DBimpl - LOCK REQUEST: 0x34db4680 4
[1773159760.415359577] LOCK pid=34586 fd=10: RESERVED -> PENDING
[1773159760.415361482] LOCK pid=34586 fd=10: PENDING -> EXCLUSIVE
DBimpl - UNLOCK REQUEST: 0x34db4680 1
[1773159760.417159312] UNLOCK pid=34586 fd=10: EXCLUSIVE -> SHARED
DBimpl - UNLOCK REQUEST: 0x34db4680 0
[1773159760.417163345] UNLOCK pid=34586 fd=10: SHARED -> NO_LOCK
DBimpl - LOCK REQUEST: 0x34db4680 1
[1773159760.417236223] LOCK pid=34584 fd=6: NO_LOCK -> SHARED (fallback)
[1773159760.417237659] LOCK pid=34584 fd=6: SHARED -> SHARED
DBimpl - UNLOCK REQUEST: 0x34db4680 0
[1773159760.417406067] UNLOCK pid=34584 fd=6: SHARED -> NO_LOCK
DBimpl - LOCK REQUEST: 0x34db4680 1
[1773159760.418993275] LOCK pid=34588 fd=14: NO_LOCK -> SHARED (fallback)
[1773159760.418996960] LOCK pid=34588 fd=14: SHARED -> SHARED
DBimpl - LOCK REQUEST: 0x34db4680 2
[1773159760.419014301] LOCK pid=34588 fd=14: SHARED -> RESERVED
DBimpl - LOCK REQUEST: 0x34db4680 4
[1773159760.419236277] LOCK pid=34588 fd=14: RESERVED -> PENDING
[1773159760.419239302] LOCK pid=34588 fd=14: PENDING -> EXCLUSIVE
DBimpl - LOCK REQUEST: 0x34db4680 1
DBimpl - UNLOCK REQUEST: 0x34db4680 1
[1773159760.421061610] UNLOCK pid=34588 fd=14: EXCLUSIVE -> SHARED
DBimpl - UNLOCK REQUEST: 0x34db4680 0
[1773159760.421069675] UNLOCK pid=34588 fd=14: SHARED -> NO_LOCK
DBimpl - LOCK REQUEST: 0x34db4680 1
[1773159760.422080141] LOCK pid=34584 fd=6: NO_LOCK -> SHARED (fallback)
[1773159760.422081722] LOCK pid=34584 fd=6: SHARED -> SHARED
DBimpl - UNLOCK REQUEST: 0x34db4680 0
[1773159760.422219578] UNLOCK pid=34584 fd=6: SHARED -> NO_LOCK
DBimpl - LOCK REQUEST: 0x34db4680 1
[1773159760.422854432] LOCK pid=34584 fd=6: NO_LOCK -> SHARED (fallback)
[1773159760.422856186] LOCK pid=34584 fd=6: SHARED -> SHARED
DBimpl - UNLOCK REQUEST: 0x34db4680 0
[1773159760.422978909] UNLOCK pid=34584 fd=6: SHARED -> NO_LOCK
DBimpl - LOCK REQUEST: 0x34db4680 1
[1773159760.423529306] LOCK pid=34585 fd=8: NO_LOCK -> SHARED (fallback)
[1773159760.423530715] LOCK pid=34585 fd=8: SHARED -> SHARED
DBimpl - UNLOCK REQUEST: 0x34db4680 0
[1773159760.423811428] UNLOCK pid=34585 fd=8: SHARED -> NO_LOCK
DBimpl - LOCK REQUEST: 0x34db4680 1
[1773159760.426693633] LOCK pid=34588 fd=14: NO_LOCK -> SHARED (fallback)
[1773159760.426695885] LOCK pid=34588 fd=14: SHARED -> SHARED
DBimpl - LOCK REQUEST: 0x34db4680 2
[1773159760.426709279] LOCK pid=34588 fd=14: SHARED -> RESERVED
DBimpl - LOCK REQUEST: 0x34db4680 4
[1773159760.426903322] LOCK pid=34588 fd=14: RESERVED -> PENDING
[1773159760.426906302] LOCK pid=34588 fd=14: PENDING -> EXCLUSIVE
DBimpl - UNLOCK REQUEST: 0x34db4680 1
[1773159760.428827177] UNLOCK pid=34588 fd=14: EXCLUSIVE -> SHARED
DBimpl - UNLOCK REQUEST: 0x34db4680 0
[1773159760.428833536] UNLOCK pid=34588 fd=14: SHARED -> NO_LOCK
DBimpl - LOCK REQUEST: 0x34db4680 1
[1773159760.429296260] LOCK pid=34586 fd=10: NO_LOCK -> SHARED (fallback)
[1773159760.429298835] LOCK pid=34586 fd=10: SHARED -> SHARED
DBimpl - LOCK REQUEST: 0x34db4680 2
[1773159760.429316601] LOCK pid=34586 fd=10: SHARED -> RESERVED
DBimpl - LOCK REQUEST: 0x34db4680 4
[1773159760.429458862] LOCK pid=34586 fd=10: RESERVED -> PENDING
[1773159760.429460759] LOCK pid=34586 fd=10: PENDING -> EXCLUSIVE
DBimpl - UNLOCK REQUEST: 0x34db4680 1
[1773159760.431106423] UNLOCK pid=34586 fd=10: EXCLUSIVE -> SHARED
DBimpl - UNLOCK REQUEST: 0x34db4680 0
[1773159760.431110358] UNLOCK pid=34586 fd=10: SHARED -> NO_LOCK
DBimpl - LOCK REQUEST: 0x34db4680 1
[1773159760.435200810] LOCK pid=34588 fd=14: NO_LOCK -> SHARED (fallback)
[1773159760.435203164] LOCK pid=34588 fd=14: SHARED -> SHARED
DBimpl - LOCK REQUEST: 0x34db4680 2
[1773159760.435219582] LOCK pid=34588 fd=14: SHARED -> RESERVED
DBimpl - LOCK REQUEST: 0x34db4680 4
[1773159760.435409363] LOCK pid=34588 fd=14: RESERVED -> PENDING
[1773159760.435412093] LOCK pid=34588 fd=14: PENDING -> EXCLUSIVE
DBimpl - LOCK REQUEST: 0x34db4680 1
DBimpl - LOCK REQUEST: 0x34db4680 1
DBimpl - UNLOCK REQUEST: 0x34db4680 1
[1773159760.437173839] UNLOCK pid=34588 fd=14: EXCLUSIVE -> SHARED
DBimpl - UNLOCK REQUEST: 0x34db4680 0
[1773159760.437179910] UNLOCK pid=34588 fd=14: SHARED -> NO_LOCK
DBimpl - LOCK REQUEST: 0x34db4680 1
[1773159760.437545269] LOCK pid=34585 fd=8: NO_LOCK -> SHARED (fallback)
[1773159760.437547363] LOCK pid=34585 fd=8: SHARED -> SHARED
DBimpl - UNLOCK REQUEST: 0x34db4680 0
[1773159760.437702325] UNLOCK pid=34585 fd=8: SHARED -> NO_LOCK
DBimpl - LOCK REQUEST: 0x34db4680 1
[1773159760.438193152] LOCK pid=34586 fd=10: NO_LOCK -> SHARED (fallback)
[1773159760.438194842] LOCK pid=34586 fd=10: SHARED -> SHARED
DBimpl - LOCK REQUEST: 0x34db4680 2
[1773159760.438205300] LOCK pid=34586 fd=10: SHARED -> RESERVED
DBimpl - LOCK REQUEST: 0x34db4680 4
[1773159760.438332280] LOCK pid=34586 fd=10: RESERVED -> PENDING
[1773159760.438334010] LOCK pid=34586 fd=10: PENDING -> EXCLUSIVE
DBimpl - UNLOCK REQUEST: 0x34db4680 1
[1773159760.440017869] UNLOCK pid=34586 fd=10: EXCLUSIVE -> SHARED
DBimpl - UNLOCK REQUEST: 0x34db4680 0
[1773159760.440021330] UNLOCK pid=34586 fd=10: SHARED -> NO_LOCK
DBimpl - LOCK REQUEST: 0x34db4680 1
[1773159760.440371039] LOCK pid=34586 fd=10: NO_LOCK -> SHARED (fallback)
[1773159760.440372184] LOCK pid=34586 fd=10: SHARED -> SHARED
DBimpl - LOCK REQUEST: 0x34db4680 2
[1773159760.440380489] LOCK pid=34586 fd=10: SHARED -> RESERVED
DBimpl - LOCK REQUEST: 0x34db4680 1
[1773159760.440618320] LOCK pid=34587 fd=12: NO_LOCK -> SHARED (fallback)
[1773159760.440621074] LOCK pid=34587 fd=12: SHARED -> SHARED
DBimpl - LOCK REQUEST: 0x34db4680 2
DBimpl - UNLOCK REQUEST: 0x34db4680 0
[1773159760.440645625] UNLOCK pid=34587 fd=12: SHARED -> NO_LOCK
DBimpl - LOCK REQUEST: 0x34db4680 4
[1773159760.441087435] LOCK pid=34586 fd=10: RESERVED -> PENDING
[1773159760.441089366] LOCK pid=34586 fd=10: PENDING -> EXCLUSIVE
DBimpl - LOCK REQUEST: 0x34db4680 1
DBimpl - LOCK REQUEST: 0x34db4680 1
DBimpl - UNLOCK REQUEST: 0x34db4680 1
[1773159760.442895070] UNLOCK pid=34586 fd=10: EXCLUSIVE -> SHARED
DBimpl - UNLOCK REQUEST: 0x34db4680 0
[1773159760.442899489] UNLOCK pid=34586 fd=10: SHARED -> NO_LOCK
DBimpl - LOCK REQUEST: 0x34db4680 1
[1773159760.443466096] LOCK pid=34588 fd=14: NO_LOCK -> SHARED (fallback)
[1773159760.443468202] LOCK pid=34588 fd=14: SHARED -> SHARED
DBimpl - LOCK REQUEST: 0x34db4680 2
[1773159760.443482375] LOCK pid=34588 fd=14: SHARED -> RESERVED
DBimpl - LOCK REQUEST: 0x34db4680 4
[1773159760.443618304] LOCK pid=34588 fd=14: RESERVED -> PENDING
[1773159760.443621079] LOCK pid=34588 fd=14: PENDING -> EXCLUSIVE
DBimpl - LOCK REQUEST: 0x34db4680 1
DBimpl - LOCK REQUEST: 0x34db4680 1
DBimpl - LOCK REQUEST: 0x34db4680 1
DBimpl - UNLOCK REQUEST: 0x34db4680 1
[1773159760.445767092] UNLOCK pid=34588 fd=14: EXCLUSIVE -> SHARED
DBimpl - UNLOCK REQUEST: 0x34db4680 0
[1773159760.445773027] UNLOCK pid=34588 fd=14: SHARED -> NO_LOCK
DBimpl - LOCK REQUEST: 0x34db4680 1
[1773159760.447547996] LOCK pid=34586 fd=10: NO_LOCK -> SHARED (fallback)
[1773159760.447549602] LOCK pid=34586 fd=10: SHARED -> SHARED
DBimpl - LOCK REQUEST: 0x34db4680 2
[1773159760.447561836] LOCK pid=34586 fd=10: SHARED -> RESERVED
DBimpl - LOCK REQUEST: 0x34db4680 1
[1773159760.448118491] LOCK pid=34585 fd=8: NO_LOCK -> SHARED (fallback)
[1773159760.448121073] LOCK pid=34585 fd=8: SHARED -> SHARED
DBimpl - UNLOCK REQUEST: 0x34db4680 0
[1773159760.448341714] UNLOCK pid=34585 fd=8: SHARED -> NO_LOCK
DBimpl - LOCK REQUEST: 0x34db4680 4
[1773159760.448396742] LOCK pid=34586 fd=10: RESERVED -> PENDING
[1773159760.448398972] LOCK pid=34586 fd=10: PENDING -> EXCLUSIVE
DBimpl - LOCK REQUEST: 0x34db4680 1
DBimpl - LOCK REQUEST: 0x34db4680 1
DBimpl - UNLOCK REQUEST: 0x34db4680 1
[1773159760.450556819] UNLOCK pid=34586 fd=10: EXCLUSIVE -> SHARED
DBimpl - UNLOCK REQUEST: 0x34db4680 0
[1773159760.450562850] UNLOCK pid=34586 fd=10: SHARED -> NO_LOCK
DBimpl - LOCK REQUEST: 0x34db4680 1
[1773159760.450613804] LOCK pid=34588 fd=14: NO_LOCK -> SHARED (fallback)
[1773159760.450616177] LOCK pid=34588 fd=14: SHARED -> SHARED
DBimpl - LOCK REQUEST: 0x34db4680 2
[1773159760.450630016] LOCK pid=34588 fd=14: SHARED -> RESERVED
DBimpl - LOCK REQUEST: 0x34db4680 4
[1773159760.450791653] LOCK pid=34588 fd=14: RESERVED -> PENDING
[1773159760.450794383] LOCK pid=34588 fd=14: PENDING -> EXCLUSIVE
DBimpl - UNLOCK REQUEST: 0x34db4680 1
[1773159760.452481841] UNLOCK pid=34588 fd=14: EXCLUSIVE -> SHARED
DBimpl - UNLOCK REQUEST: 0x34db4680 0
[1773159760.452487653] UNLOCK pid=34588 fd=14: SHARED -> NO_LOCK
DBimpl - LOCK REQUEST: 0x34db4680 1
[1773159760.453514769] LOCK pid=34585 fd=8: NO_LOCK -> SHARED (fallback)
[1773159760.453516339] LOCK pid=34585 fd=8: SHARED -> SHARED
DBimpl - UNLOCK REQUEST: 0x34db4680 0
[1773159760.453646116] UNLOCK pid=34585 fd=8: SHARED -> NO_LOCK
DBimpl - LOCK REQUEST: 0x34db4680 1
[1773159760.457770319] LOCK pid=34584 fd=6: NO_LOCK -> SHARED (fallback)
[1773159760.457771975] LOCK pid=34584 fd=6: SHARED -> SHARED
DBimpl - UNLOCK REQUEST: 0x34db4680 0
[1773159760.457850816] UNLOCK pid=34584 fd=6: SHARED -> NO_LOCK
DBimpl - LOCK REQUEST: 0x34db4680 1
DBimpl - LOCK REQUEST: 0x34db4680 1
[1773159760.458908069] LOCK pid=34586 fd=10: NO_LOCK -> SHARED (fallback)
[1773159760.458910163] LOCK pid=34586 fd=10: SHARED -> SHARED
[1773159760.458911310] LOCK pid=34587 fd=12: NO_LOCK -> SHARED (fallback)
[1773159760.458913716] LOCK pid=34587 fd=12: SHARED -> SHARED
DBimpl - LOCK REQUEST: 0x34db4680 2
[1773159760.458922450] LOCK pid=34586 fd=10: SHARED -> RESERVED
DBimpl - LOCK REQUEST: 0x34db4680 2
DBimpl - UNLOCK REQUEST: 0x34db4680 0
[1773159760.458927930] UNLOCK pid=34587 fd=12: SHARED -> NO_LOCK
DBimpl - LOCK REQUEST: 0x34db4680 4
[1773159760.459086220] LOCK pid=34586 fd=10: RESERVED -> PENDING
[1773159760.459089970] LOCK pid=34586 fd=10: PENDING -> EXCLUSIVE
DBimpl - UNLOCK REQUEST: 0x34db4680 1
[1773159760.460854982] UNLOCK pid=34586 fd=10: EXCLUSIVE -> SHARED
DBimpl - UNLOCK REQUEST: 0x34db4680 0
[1773159760.460862174] UNLOCK pid=34586 fd=10: SHARED -> NO_LOCK
DBimpl - LOCK REQUEST: 0x34db4680 1
[1773159760.462487577] LOCK pid=34584 fd=6: NO_LOCK -> SHARED (fallback)
[1773159760.462489392] LOCK pid=34584 fd=6: SHARED -> SHARED
DBimpl - UNLOCK REQUEST: 0x34db4680 0
[1773159760.462563648] UNLOCK pid=34584 fd=6: SHARED -> NO_LOCK
DBimpl - LOCK REQUEST: 0x34db4680 1
[1773159760.465970859] LOCK pid=34586 fd=10: NO_LOCK -> SHARED (fallback)
[1773159760.465973450] LOCK pid=34586 fd=10: SHARED -> SHARED
DBimpl - LOCK REQUEST: 0x34db4680 2
[1773159760.465988700] LOCK pid=34586 fd=10: SHARED -> RESERVED
DBimpl - LOCK REQUEST: 0x34db4680 4
[1773159760.467438274] LOCK pid=34586 fd=10: RESERVED -> PENDING
[1773159760.467441568] LOCK pid=34586 fd=10: PENDING -> EXCLUSIVE
DBimpl - UNLOCK REQUEST: 0x34db4680 1
[1773159760.471175785] UNLOCK pid=34586 fd=10: EXCLUSIVE -> SHARED
DBimpl - UNLOCK REQUEST: 0x34db4680 0
[1773159760.471182704] UNLOCK pid=34586 fd=10: SHARED -> NO_LOCK
DBimpl - LOCK REQUEST: 0x34db4680 1
[1773159760.472743149] LOCK pid=34586 fd=10: NO_LOCK -> SHARED (fallback)
[1773159760.472745477] LOCK pid=34586 fd=10: SHARED -> SHARED
DBimpl - LOCK REQUEST: 0x34db4680 2
[1773159760.472759398] LOCK pid=34586 fd=10: SHARED -> RESERVED
DBimpl - LOCK REQUEST: 0x34db4680 1
[1773159760.473999579] LOCK pid=34587 fd=12: NO_LOCK -> SHARED (fallback)
[1773159760.474001345] LOCK pid=34587 fd=12: SHARED -> SHARED
DBimpl - LOCK REQUEST: 0x34db4680 2
DBimpl - UNLOCK REQUEST: 0x34db4680 0
[1773159760.474016483] UNLOCK pid=34587 fd=12: SHARED -> NO_LOCK
DBimpl - LOCK REQUEST: 0x34db4680 4
[1773159760.474210544] LOCK pid=34586 fd=10: RESERVED -> PENDING
[1773159760.474213545] LOCK pid=34586 fd=10: PENDING -> EXCLUSIVE
DBimpl - LOCK REQUEST: 0x34db4680 1
DBimpl - LOCK REQUEST: 0x34db4680 1
DBimpl - UNLOCK REQUEST: 0x34db4680 1
[1773159760.477469355] UNLOCK pid=34586 fd=10: EXCLUSIVE -> SHARED
DBimpl - UNLOCK REQUEST: 0x34db4680 0
[1773159760.477475681] UNLOCK pid=34586 fd=10: SHARED -> NO_LOCK
DBimpl - LOCK REQUEST: 0x34db4680 1
[1773159760.477607566] LOCK pid=34584 fd=6: NO_LOCK -> SHARED (fallback)
[1773159760.477609256] LOCK pid=34584 fd=6: SHARED -> SHARED
DBimpl - UNLOCK REQUEST: 0x34db4680 0
[1773159760.477692774] UNLOCK pid=34584 fd=6: SHARED -> NO_LOCK
DBimpl - LOCK REQUEST: 0x34db4680 1
[1773159760.484072873] LOCK pid=34586 fd=10: NO_LOCK -> SHARED (fallback)
[1773159760.484075798] LOCK pid=34586 fd=10: SHARED -> SHARED
DBimpl - LOCK REQUEST: 0x34db4680 2
[1773159760.484088965] LOCK pid=34586 fd=10: SHARED -> RESERVED
DBimpl - LOCK REQUEST: 0x34db4680 1
[1773159760.485374571] LOCK pid=34585 fd=8: NO_LOCK -> SHARED (fallback)
[1773159760.485376353] LOCK pid=34585 fd=8: SHARED -> SHARED
DBimpl - LOCK REQUEST: 0x34db4680 4
[1773159760.485472457] LOCK pid=34586 fd=10: RESERVED -> PENDING
DBimpl - UNLOCK REQUEST: 0x34db4680 0
[1773159760.485494331] UNLOCK pid=34585 fd=8: SHARED -> NO_LOCK
DBimpl - LOCK REQUEST: 0x34db4680 4
[1773159760.486538432] LOCK pid=34586 fd=10: PENDING -> EXCLUSIVE
DBimpl - UNLOCK REQUEST: 0x34db4680 1
[1773159760.488238477] UNLOCK pid=34586 fd=10: EXCLUSIVE -> SHARED
DBimpl - UNLOCK REQUEST: 0x34db4680 0
[1773159760.488244541] UNLOCK pid=34586 fd=10: SHARED -> NO_LOCK
DBimpl - LOCK REQUEST: 0x34db4680 1
[1773159760.488637816] LOCK pid=34584 fd=6: NO_LOCK -> SHARED (fallback)
[1773159760.488639239] LOCK pid=34584 fd=6: SHARED -> SHARED
DBimpl - UNLOCK REQUEST: 0x34db4680 0
[1773159760.488709672] UNLOCK pid=34584 fd=6: SHARED -> NO_LOCK
DBimpl - LOCK REQUEST: 0x34db4680 1
[1773159760.489837698] LOCK pid=34586 fd=10: NO_LOCK -> SHARED (fallback)
[1773159760.489839953] LOCK pid=34586 fd=10: SHARED -> SHARED
DBimpl - LOCK REQUEST: 0x34db4680 2
[1773159760.489851774] LOCK pid=34586 fd=10: SHARED -> RESERVED
DBimpl - LOCK REQUEST: 0x34db4680 4
[1773159760.491329121] LOCK pid=34586 fd=10: RESERVED -> PENDING
[1773159760.491332375] LOCK pid=34586 fd=10: PENDING -> EXCLUSIVE
DBimpl - LOCK REQUEST: 0x34db4680 1
DBimpl - UNLOCK REQUEST: 0x34db4680 1
[1773159760.494007512] UNLOCK pid=34586 fd=10: EXCLUSIVE -> SHARED
DBimpl - UNLOCK REQUEST: 0x34db4680 0
[1773159760.494012535] UNLOCK pid=34586 fd=10: SHARED -> NO_LOCK
DBimpl - LOCK REQUEST: 0x34db4680 1
[1773159760.494081588] LOCK pid=34587 fd=12: NO_LOCK -> SHARED (fallback)
[1773159760.494083139] LOCK pid=34587 fd=12: SHARED -> SHARED
DBimpl - LOCK REQUEST: 0x34db4680 1
[1773159760.494093587] LOCK pid=34585 fd=8: NO_LOCK -> SHARED (fallback)
DBimpl - LOCK REQUEST: 0x34db4680 2
[1773159760.494095688] LOCK pid=34585 fd=8: SHARED -> SHARED
[1773159760.494097035] LOCK pid=34587 fd=12: SHARED -> RESERVED
DBimpl - UNLOCK REQUEST: 0x34db4680 0
[1773159760.494242389] UNLOCK pid=34585 fd=8: SHARED -> NO_LOCK
DBimpl - LOCK REQUEST: 0x34db4680 1
[1773159760.494376728] LOCK pid=34584 fd=6: NO_LOCK -> SHARED (fallback)
[1773159760.494378169] LOCK pid=34584 fd=6: SHARED -> SHARED
DBimpl - UNLOCK REQUEST: 0x34db4680 0
[1773159760.494455732] UNLOCK pid=34584 fd=6: SHARED -> NO_LOCK
DBimpl - LOCK REQUEST: 0x34db4680 1
[1773159760.499243865] LOCK pid=34586 fd=10: NO_LOCK -> SHARED (fallback)
[1773159760.499247560] LOCK pid=34586 fd=10: SHARED -> SHARED
DBimpl - LOCK REQUEST: 0x34db4680 2
DBimpl - UNLOCK REQUEST: 0x34db4680 0
[1773159760.499269748] UNLOCK pid=34586 fd=10: SHARED -> NO_LOCK
DBimpl - LOCK REQUEST: 0x34db4680 1
[1773159760.500346687] LOCK pid=34586 fd=10: NO_LOCK -> SHARED (fallback)
[1773159760.500349989] LOCK pid=34586 fd=10: SHARED -> SHARED
DBimpl - LOCK REQUEST: 0x34db4680 2
DBimpl - UNLOCK REQUEST: 0x34db4680 0
[1773159760.500370021] UNLOCK pid=34586 fd=10: SHARED -> NO_LOCK
DBimpl - LOCK REQUEST: 0x34db4680 1
[1773159760.501639452] LOCK pid=34584 fd=6: NO_LOCK -> SHARED (fallback)
[1773159760.501640831] LOCK pid=34584 fd=6: SHARED -> SHARED
DBimpl - UNLOCK REQUEST: 0x34db4680 0
[1773159760.501699499] UNLOCK pid=34584 fd=6: SHARED -> NO_LOCK
DBimpl - LOCK REQUEST: 0x34db4680 1
[1773159760.502447911] LOCK pid=34586 fd=10: NO_LOCK -> SHARED (fallback)
[1773159760.502451106] LOCK pid=34586 fd=10: SHARED -> SHARED
DBimpl - LOCK REQUEST: 0x34db4680 2
DBimpl - UNLOCK REQUEST: 0x34db4680 0
[1773159760.502477822] UNLOCK pid=34586 fd=10: SHARED -> NO_LOCK
DBimpl - LOCK REQUEST: 0x34db4680 1
[1773159760.503019998] LOCK pid=34585 fd=8: NO_LOCK -> SHARED (fallback)
[1773159760.503021677] LOCK pid=34585 fd=8: SHARED -> SHARED
DBimpl - UNLOCK REQUEST: 0x34db4680 0
[1773159760.503150816] UNLOCK pid=34585 fd=8: SHARED -> NO_LOCK
DBimpl - LOCK REQUEST: 0x34db4680 1
[1773159760.503939543] LOCK pid=34588 fd=14: NO_LOCK -> SHARED (fallback)
[1773159760.503942841] LOCK pid=34588 fd=14: SHARED -> SHARED
DBimpl - LOCK REQUEST: 0x34db4680 2
DBimpl - UNLOCK REQUEST: 0x34db4680 0
[1773159760.503969574] UNLOCK pid=34588 fd=14: SHARED -> NO_LOCK
DBimpl - LOCK REQUEST: 0x34db4680 1
[1773159760.505032633] LOCK pid=34588 fd=14: NO_LOCK -> SHARED (fallback)
[1773159760.505034316] LOCK pid=34588 fd=14: SHARED -> SHARED
DBimpl - LOCK REQUEST: 0x34db4680 2
DBimpl - UNLOCK REQUEST: 0x34db4680 0
[1773159760.505048913] UNLOCK pid=34588 fd=14: SHARED -> NO_LOCK
DBimpl - LOCK REQUEST: 0x34db4680 4
[1773159760.505192245] LOCK pid=34587 fd=12: RESERVED -> PENDING
[1773159760.505194216] LOCK pid=34587 fd=12: PENDING -> EXCLUSIVE
DBimpl - UNLOCK REQUEST: 0x34db4680 1
[1773159760.506874199] UNLOCK pid=34587 fd=12: EXCLUSIVE -> SHARED
DBimpl - UNLOCK REQUEST: 0x34db4680 0
[1773159760.506878770] UNLOCK pid=34587 fd=12: SHARED -> NO_LOCK
DBimpl - LOCK REQUEST: 0x34db4680 1
[1773159760.507113530] LOCK pid=34588 fd=14: NO_LOCK -> SHARED (fallback)
[1773159760.507115608] LOCK pid=34588 fd=14: SHARED -> SHARED
DBimpl - LOCK REQUEST: 0x34db4680 2
[1773159760.507129512] LOCK pid=34588 fd=14: SHARED -> RESERVED
DBimpl - LOCK REQUEST: 0x34db4680 4
DBimpl - LOCK REQUEST: 0x34db4680 1
[1773159760.507359391] LOCK pid=34588 fd=14: RESERVED -> PENDING
[1773159760.507362606] LOCK pid=34588 fd=14: PENDING -> EXCLUSIVE
DBimpl - LOCK REQUEST: 0x34db4680 1
DBimpl - LOCK REQUEST: 0x34db4680 1
DBimpl - UNLOCK REQUEST: 0x34db4680 1
[1773159760.509541761] UNLOCK pid=34588 fd=14: EXCLUSIVE -> SHARED
DBimpl - UNLOCK REQUEST: 0x34db4680 0
[1773159760.509546189] UNLOCK pid=34588 fd=14: SHARED -> NO_LOCK
DBimpl - LOCK REQUEST: 0x34db4680 1
[1773159760.509592020] LOCK pid=34587 fd=12: NO_LOCK -> SHARED (fallback)
[1773159760.509593474] LOCK pid=34587 fd=12: SHARED -> SHARED
DBimpl - LOCK REQUEST: 0x34db4680 2
[1773159760.509603756] LOCK pid=34587 fd=12: SHARED -> RESERVED
DBimpl - LOCK REQUEST: 0x34db4680 1
[1773159760.509780984] LOCK pid=34584 fd=6: NO_LOCK -> SHARED (fallback)
[1773159760.509784387] LOCK pid=34584 fd=6: SHARED -> SHARED
DBimpl - UNLOCK REQUEST: 0x34db4680 0
[1773159760.509972688] UNLOCK pid=34584 fd=6: SHARED -> NO_LOCK
DBimpl - LOCK REQUEST: 0x34db4680 1
[1773159760.510502650] LOCK pid=34585 fd=8: NO_LOCK -> SHARED (fallback)
[1773159760.510504026] LOCK pid=34585 fd=8: SHARED -> SHARED
DBimpl - UNLOCK REQUEST: 0x34db4680 0
[1773159760.510672075] UNLOCK pid=34585 fd=8: SHARED -> NO_LOCK
DBimpl - LOCK REQUEST: 0x34db4680 1
[1773159760.511218914] LOCK pid=34588 fd=14: NO_LOCK -> SHARED (fallback)
[1773159760.511221274] LOCK pid=34588 fd=14: SHARED -> SHARED
DBimpl - LOCK REQUEST: 0x34db4680 2
DBimpl - UNLOCK REQUEST: 0x34db4680 0
[1773159760.511238043] UNLOCK pid=34588 fd=14: SHARED -> NO_LOCK
DBimpl - LOCK REQUEST: 0x34db4680 4
[1773159760.511841627] LOCK pid=34587 fd=12: RESERVED -> PENDING
[1773159760.511843519] LOCK pid=34587 fd=12: PENDING -> EXCLUSIVE
DBimpl - LOCK REQUEST: 0x34db4680 1
DBimpl - LOCK REQUEST: 0x34db4680 1
DBimpl - UNLOCK REQUEST: 0x34db4680 1
[1773159760.514989564] UNLOCK pid=34587 fd=12: EXCLUSIVE -> SHARED
DBimpl - UNLOCK REQUEST: 0x34db4680 0
[1773159760.514995696] UNLOCK pid=34587 fd=12: SHARED -> NO_LOCK
DBimpl - LOCK REQUEST: 0x34db4680 1
[1773159760.517620722] LOCK pid=34586 fd=10: NO_LOCK -> SHARED (fallback)
[1773159760.517623365] LOCK pid=34586 fd=10: SHARED -> SHARED
DBimpl - LOCK REQUEST: 0x34db4680 2
[1773159760.517643451] LOCK pid=34586 fd=10: SHARED -> RESERVED
DBimpl - LOCK REQUEST: 0x34db4680 4
[1773159760.519245032] LOCK pid=34586 fd=10: RESERVED -> PENDING
[1773159760.519250798] LOCK pid=34586 fd=10: PENDING -> EXCLUSIVE
DBimpl - LOCK REQUEST: 0x34db4680 1
DBimpl - LOCK REQUEST: 0x34db4680 1
DBimpl - LOCK REQUEST: 0x34db4680 1
DBimpl - LOCK REQUEST: 0x34db4680 1
DBimpl - LOCK REQUEST: 0x34db4680 1
DBimpl - LOCK REQUEST: 0x34db4680 1
DBimpl - UNLOCK REQUEST: 0x34db4680 1
[1773159760.523211275] UNLOCK pid=34586 fd=10: EXCLUSIVE -> SHARED
DBimpl - UNLOCK REQUEST: 0x34db4680 0
[1773159760.523218469] UNLOCK pid=34586 fd=10: SHARED -> NO_LOCK
DBimpl - LOCK REQUEST: 0x34db4680 1
[1773159760.524707015] LOCK pid=34584 fd=6: NO_LOCK -> SHARED (fallback)
[1773159760.524708862] LOCK pid=34584 fd=6: SHARED -> SHARED
DBimpl - UNLOCK REQUEST: 0x34db4680 0
[1773159760.524888036] UNLOCK pid=34584 fd=6: SHARED -> NO_LOCK
DBimpl - LOCK REQUEST: 0x34db4680 1
[1773159760.525466843] LOCK pid=34584 fd=6: NO_LOCK -> SHARED (fallback)
[1773159760.525468000] LOCK pid=34584 fd=6: SHARED -> SHARED
DBimpl - UNLOCK REQUEST: 0x34db4680 0
[1773159760.525619266] UNLOCK pid=34584 fd=6: SHARED -> NO_LOCK
DBimpl - LOCK REQUEST: 0x34db4680 1
[1773159760.528251351] LOCK pid=34587 fd=12: NO_LOCK -> SHARED (fallback)
[1773159760.528253086] LOCK pid=34587 fd=12: SHARED -> SHARED
DBimpl - LOCK REQUEST: 0x34db4680 2
[1773159760.528264786] LOCK pid=34587 fd=12: SHARED -> RESERVED
DBimpl - LOCK REQUEST: 0x34db4680 1
[1773159760.529559396] LOCK pid=34588 fd=14: NO_LOCK -> SHARED (fallback)
[1773159760.529562074] LOCK pid=34588 fd=14: SHARED -> SHARED
DBimpl - LOCK REQUEST: 0x34db4680 2
DBimpl - UNLOCK REQUEST: 0x34db4680 0
[1773159760.529578999] UNLOCK pid=34588 fd=14: SHARED -> NO_LOCK
DBimpl - LOCK REQUEST: 0x34db4680 1
[1773159760.530353712] LOCK pid=34585 fd=8: NO_LOCK -> SHARED (fallback)
[1773159760.530355607] LOCK pid=34585 fd=8: SHARED -> SHARED
DBimpl - UNLOCK REQUEST: 0x34db4680 0
[1773159760.530619072] UNLOCK pid=34585 fd=8: SHARED -> NO_LOCK
DBimpl - LOCK REQUEST: 0x34db4680 1
[1773159760.531802007] LOCK pid=34585 fd=8: NO_LOCK -> SHARED (fallback)
[1773159760.531803309] LOCK pid=34585 fd=8: SHARED -> SHARED
DBimpl - UNLOCK REQUEST: 0x34db4680 0
[1773159760.531968639] UNLOCK pid=34585 fd=8: SHARED -> NO_LOCK
DBimpl - LOCK REQUEST: 0x34db4680 1
[1773159760.533143705] LOCK pid=34585 fd=8: NO_LOCK -> SHARED (fallback)
[1773159760.533144911] LOCK pid=34585 fd=8: SHARED -> SHARED
DBimpl - UNLOCK REQUEST: 0x34db4680 0
[1773159760.533348196] UNLOCK pid=34585 fd=8: SHARED -> NO_LOCK
DBimpl - LOCK REQUEST: 0x34db4680 4
[1773159760.535687017] LOCK pid=34587 fd=12: RESERVED -> PENDING
[1773159760.535688820] LOCK pid=34587 fd=12: PENDING -> EXCLUSIVE
DBimpl - UNLOCK REQUEST: 0x34db4680 1
[1773159760.535692730] UNLOCK pid=34587 fd=12: EXCLUSIVE -> SHARED
DBimpl - UNLOCK REQUEST: 0x34db4680 0
[1773159760.535696053] UNLOCK pid=34587 fd=12: SHARED -> NO_LOCK
DBimpl - LOCK REQUEST: 0x34db4680 1
DBimpl - LOCK REQUEST: 0x34db4680 1
[1773159760.538357183] LOCK pid=34585 fd=8: NO_LOCK -> SHARED (fallback)
[1773159760.538359768] LOCK pid=34585 fd=8: SHARED -> SHARED
[1773159760.538362277] LOCK pid=34587 fd=12: NO_LOCK -> SHARED (fallback)
[1773159760.538365713] LOCK pid=34587 fd=12: SHARED -> SHARED
DBimpl - LOCK REQUEST: 0x34db4680 2
[1773159760.538381354] LOCK pid=34587 fd=12: SHARED -> RESERVED
DBimpl - UNLOCK REQUEST: 0x34db4680 0
[1773159760.538635468] UNLOCK pid=34585 fd=8: SHARED -> NO_LOCK
DBimpl - LOCK REQUEST: 0x34db4680 1
[1773159760.542405477] LOCK pid=34585 fd=8: NO_LOCK -> SHARED (fallback)
[1773159760.542408662] LOCK pid=34585 fd=8: SHARED -> SHARED
DBimpl - UNLOCK REQUEST: 0x34db4680 0
[1773159760.542795550] UNLOCK pid=34585 fd=8: SHARED -> NO_LOCK
DBimpl - LOCK REQUEST: 0x34db4680 1
[1773159760.543111652] LOCK pid=34586 fd=10: NO_LOCK -> SHARED (fallback)
[1773159760.543141798] LOCK pid=34586 fd=10: SHARED -> SHARED
DBimpl - LOCK REQUEST: 0x34db4680 2
DBimpl - UNLOCK REQUEST: 0x34db4680 0
[1773159760.543196566] UNLOCK pid=34586 fd=10: SHARED -> NO_LOCK
DBimpl - LOCK REQUEST: 0x34db4680 1
[1773159760.546809240] LOCK pid=34588 fd=14: NO_LOCK -> SHARED (fallback)
[1773159760.546812672] LOCK pid=34588 fd=14: SHARED -> SHARED
DBimpl - LOCK REQUEST: 0x34db4680 2
DBimpl - UNLOCK REQUEST: 0x34db4680 0
[1773159760.546845173] UNLOCK pid=34588 fd=14: SHARED -> NO_LOCK
DBimpl - LOCK REQUEST: 0x34db4680 1
[1773159760.546918106] LOCK pid=34586 fd=10: NO_LOCK -> SHARED (fallback)
[1773159760.546920651] LOCK pid=34586 fd=10: SHARED -> SHARED
DBimpl - LOCK REQUEST: 0x34db4680 2
DBimpl - UNLOCK REQUEST: 0x34db4680 0
[1773159760.546942581] UNLOCK pid=34586 fd=10: SHARED -> NO_LOCK
DBimpl - LOCK REQUEST: 0x34db4680 1
[1773159760.549019305] LOCK pid=34586 fd=10: NO_LOCK -> SHARED (fallback)
[1773159760.549021961] LOCK pid=34586 fd=10: SHARED -> SHARED
DBimpl - LOCK REQUEST: 0x34db4680 2
DBimpl - UNLOCK REQUEST: 0x34db4680 0
[1773159760.549040577] UNLOCK pid=34586 fd=10: SHARED -> NO_LOCK
DBimpl - LOCK REQUEST: 0x34db4680 4
[1773159760.549682715] LOCK pid=34587 fd=12: RESERVED -> PENDING
[1773159760.549685539] LOCK pid=34587 fd=12: PENDING -> EXCLUSIVE
DBimpl - UNLOCK REQUEST: 0x34db4680 1
[1773159760.549692714] UNLOCK pid=34587 fd=12: EXCLUSIVE -> SHARED
DBimpl - UNLOCK REQUEST: 0x34db4680 0
[1773159760.549699151] UNLOCK pid=34587 fd=12: SHARED -> NO_LOCK
DBimpl - LOCK REQUEST: 0x34db4680 1
[1773159760.551364132] LOCK pid=34587 fd=12: NO_LOCK -> SHARED (fallback)
[1773159760.551366210] LOCK pid=34587 fd=12: SHARED -> SHARED
DBimpl - LOCK REQUEST: 0x34db4680 2
[1773159760.551379477] LOCK pid=34587 fd=12: SHARED -> RESERVED
DBimpl - LOCK REQUEST: 0x34db4680 1
[1773159760.553082088] LOCK pid=34585 fd=8: NO_LOCK -> SHARED (fallback)
[1773159760.553085095] LOCK pid=34585 fd=8: SHARED -> SHARED
DBimpl - UNLOCK REQUEST: 0x34db4680 0
[1773159760.553500646] UNLOCK pid=34585 fd=8: SHARED -> NO_LOCK
DBimpl - LOCK REQUEST: 0x34db4680 1
[1773159760.554117505] LOCK pid=34586 fd=10: NO_LOCK -> SHARED (fallback)
[1773159760.554119551] LOCK pid=34586 fd=10: SHARED -> SHARED
DBimpl - LOCK REQUEST: 0x34db4680 2
DBimpl - UNLOCK REQUEST: 0x34db4680 0
[1773159760.554133976] UNLOCK pid=34586 fd=10: SHARED -> NO_LOCK
DBimpl - LOCK REQUEST: 0x34db4680 1
[1773159760.556499147] LOCK pid=34585 fd=8: NO_LOCK -> SHARED (fallback)
[1773159760.556502392] LOCK pid=34585 fd=8: SHARED -> SHARED
DBimpl - UNLOCK REQUEST: 0x34db4680 0
[1773159760.556843678] UNLOCK pid=34585 fd=8: SHARED -> NO_LOCK
DBimpl - LOCK REQUEST: 0x34db4680 1
[1773159760.561360726] LOCK pid=34585 fd=8: NO_LOCK -> SHARED (fallback)
[1773159760.561370758] LOCK pid=34585 fd=8: SHARED -> SHARED
DBimpl - UNLOCK REQUEST: 0x34db4680 0
[1773159760.561937050] UNLOCK pid=34585 fd=8: SHARED -> NO_LOCK
DBimpl - LOCK REQUEST: 0x34db4680 1
[1773159760.562845858] LOCK pid=34584 fd=6: NO_LOCK -> SHARED (fallback)
[1773159760.562893303] LOCK pid=34584 fd=6: SHARED -> SHARED
DBimpl - LOCK REQUEST: 0x34db4680 1
[1773159760.563109264] LOCK pid=34585 fd=8: NO_LOCK -> SHARED (fallback)
[1773159760.563111648] LOCK pid=34585 fd=8: SHARED -> SHARED
DBimpl - UNLOCK REQUEST: 0x34db4680 0
[1773159760.563204185] UNLOCK pid=34584 fd=6: SHARED -> NO_LOCK
DBimpl - UNLOCK REQUEST: 0x34db4680 0
[1773159760.563451714] UNLOCK pid=34585 fd=8: SHARED -> NO_LOCK
DBimpl - LOCK REQUEST: 0x34db4680 1
[1773159760.564491242] LOCK pid=34586 fd=10: NO_LOCK -> SHARED (fallback)
[1773159760.564494267] LOCK pid=34586 fd=10: SHARED -> SHARED
DBimpl - LOCK REQUEST: 0x34db4680 2
DBimpl - UNLOCK REQUEST: 0x34db4680 0
[1773159760.564509037] UNLOCK pid=34586 fd=10: SHARED -> NO_LOCK
DBimpl - LOCK REQUEST: 0x34db4680 1
DBimpl - LOCK REQUEST: 0x34db4680 1
[1773159760.567481979] LOCK pid=34584 fd=6: NO_LOCK -> SHARED (fallback)
[1773159760.567492612] LOCK pid=34584 fd=6: SHARED -> SHARED
[1773159760.567495877] LOCK pid=34588 fd=14: NO_LOCK -> SHARED (fallback)
[1773159760.567499301] LOCK pid=34588 fd=14: SHARED -> SHARED
DBimpl - LOCK REQUEST: 0x34db4680 2
DBimpl - UNLOCK REQUEST: 0x34db4680 0
[1773159760.567519381] UNLOCK pid=34588 fd=14: SHARED -> NO_LOCK
DBimpl - UNLOCK REQUEST: 0x34db4680 0
[1773159760.567802990] UNLOCK pid=34584 fd=6: SHARED -> NO_LOCK
DBimpl - LOCK REQUEST: 0x34db4680 1
[1773159760.575102151] LOCK pid=34585 fd=8: NO_LOCK -> SHARED (fallback)
[1773159760.575128475] LOCK pid=34585 fd=8: SHARED -> SHARED
DBimpl - UNLOCK REQUEST: 0x34db4680 0
[1773159760.575404821] UNLOCK pid=34585 fd=8: SHARED -> NO_LOCK
DBimpl - LOCK REQUEST: 0x34db4680 4
[1773159760.575545663] LOCK pid=34587 fd=12: RESERVED -> PENDING
[1773159760.575549908] LOCK pid=34587 fd=12: PENDING -> EXCLUSIVE
DBimpl - UNLOCK REQUEST: 0x34db4680 1
[1773159760.575559172] UNLOCK pid=34587 fd=12: EXCLUSIVE -> SHARED
DBimpl - UNLOCK REQUEST: 0x34db4680 0
[1773159760.575567124] UNLOCK pid=34587 fd=12: SHARED -> NO_LOCK
DBimpl - LOCK REQUEST: 0x34db4680 1
[1773159760.576204312] LOCK pid=34585 fd=8: NO_LOCK -> SHARED (fallback)
[1773159760.576206075] LOCK pid=34585 fd=8: SHARED -> SHARED
DBimpl - UNLOCK REQUEST: 0x34db4680 0
[1773159760.576440030] UNLOCK pid=34585 fd=8: SHARED -> NO_LOCK
DBimpl - LOCK REQUEST: 0x34db4680 1
[1773159760.579622076] LOCK pid=34586 fd=10: NO_LOCK -> SHARED (fallback)
[1773159760.579626144] LOCK pid=34586 fd=10: SHARED -> SHARED
DBimpl - LOCK REQUEST: 0x34db4680 2
[1773159760.579643546] LOCK pid=34586 fd=10: SHARED -> RESERVED
DBimpl - LOCK REQUEST: 0x34db4680 4
[1773159760.580935413] LOCK pid=34586 fd=10: RESERVED -> PENDING
[1773159760.580937591] LOCK pid=34586 fd=10: PENDING -> EXCLUSIVE
DBimpl - UNLOCK REQUEST: 0x34db4680 1
[1773159760.583444042] UNLOCK pid=34586 fd=10: EXCLUSIVE -> SHARED
DBimpl - UNLOCK REQUEST: 0x34db4680 0
[1773159760.583450073] UNLOCK pid=34586 fd=10: SHARED -> NO_LOCK
DBimpl - LOCK REQUEST: 0x34db4680 1
[1773159760.591097739] LOCK pid=34587 fd=12: NO_LOCK -> SHARED (fallback)
[1773159760.591101552] LOCK pid=34587 fd=12: SHARED -> SHARED
DBimpl - LOCK REQUEST: 0x34db4680 2
[1773159760.591130350] LOCK pid=34587 fd=12: SHARED -> RESERVED
DBimpl - LOCK REQUEST: 0x34db4680 1
[1773159760.592605703] LOCK pid=34588 fd=14: NO_LOCK -> SHARED (fallback)
[1773159760.592609249] LOCK pid=34588 fd=14: SHARED -> SHARED
DBimpl - LOCK REQUEST: 0x34db4680 2
DBimpl - UNLOCK REQUEST: 0x34db4680 0
[1773159760.592632841] UNLOCK pid=34588 fd=14: SHARED -> NO_LOCK
DBimpl - LOCK REQUEST: 0x34db4680 1
[1773159760.593797945] LOCK pid=34584 fd=6: NO_LOCK -> SHARED (fallback)
[1773159760.593800378] LOCK pid=34584 fd=6: SHARED -> SHARED
DBimpl - UNLOCK REQUEST: 0x34db4680 0
[1773159760.594007795] UNLOCK pid=34584 fd=6: SHARED -> NO_LOCK
DBimpl - LOCK REQUEST: 0x34db4680 1
[1773159760.594109698] LOCK pid=34585 fd=8: NO_LOCK -> SHARED (fallback)
[1773159760.594111284] LOCK pid=34585 fd=8: SHARED -> SHARED
DBimpl - UNLOCK REQUEST: 0x34db4680 0
[1773159760.594333146] UNLOCK pid=34585 fd=8: SHARED -> NO_LOCK
DBimpl - LOCK REQUEST: 0x34db4680 1
[1773159760.595231068] LOCK pid=34585 fd=8: NO_LOCK -> SHARED (fallback)
[1773159760.595232347] LOCK pid=34585 fd=8: SHARED -> SHARED
DBimpl - UNLOCK REQUEST: 0x34db4680 0
[1773159760.595399339] UNLOCK pid=34585 fd=8: SHARED -> NO_LOCK
DBimpl - LOCK REQUEST: 0x34db4680 4
[1773159760.602011594] LOCK pid=34587 fd=12: RESERVED -> PENDING
[1773159760.602014735] LOCK pid=34587 fd=12: PENDING -> EXCLUSIVE
DBimpl - UNLOCK REQUEST: 0x34db4680 1
[1773159760.602021282] UNLOCK pid=34587 fd=12: EXCLUSIVE -> SHARED
DBimpl - UNLOCK REQUEST: 0x34db4680 0
[1773159760.602028426] UNLOCK pid=34587 fd=12: SHARED -> NO_LOCK
DBimpl - LOCK REQUEST: 0x34db4680 1
[1773159760.602828637] LOCK pid=34584 fd=6: NO_LOCK -> SHARED (fallback)
[1773159760.602830651] LOCK pid=34584 fd=6: SHARED -> SHARED
DBimpl - LOCK REQUEST: 0x34db4680 1
[1773159760.602940060] LOCK pid=34587 fd=12: NO_LOCK -> SHARED (fallback)
[1773159760.602942051] LOCK pid=34587 fd=12: SHARED -> SHARED
DBimpl - LOCK REQUEST: 0x34db4680 2
[1773159760.602954212] LOCK pid=34587 fd=12: SHARED -> RESERVED
DBimpl - UNLOCK REQUEST: 0x34db4680 0
[1773159760.603053246] UNLOCK pid=34584 fd=6: SHARED -> NO_LOCK
DBimpl - LOCK REQUEST: 0x34db4680 1
[1773159760.606032250] LOCK pid=34586 fd=10: NO_LOCK -> SHARED (fallback)
[1773159760.606034410] LOCK pid=34586 fd=10: SHARED -> SHARED
DBimpl - LOCK REQUEST: 0x34db4680 2
DBimpl - UNLOCK REQUEST: 0x34db4680 0
[1773159760.606047212] UNLOCK pid=34586 fd=10: SHARED -> NO_LOCK
DBimpl - LOCK REQUEST: 0x34db4680 1
[1773159760.607133655] LOCK pid=34586 fd=10: NO_LOCK -> SHARED (fallback)
[1773159760.607134797] LOCK pid=34586 fd=10: SHARED -> SHARED
DBimpl - LOCK REQUEST: 0x34db4680 2
DBimpl - UNLOCK REQUEST: 0x34db4680 0
[1773159760.607142062] UNLOCK pid=34586 fd=10: SHARED -> NO_LOCK
DBimpl - LOCK REQUEST: 0x34db4680 1
[1773159760.609205213] LOCK pid=34586 fd=10: NO_LOCK -> SHARED (fallback)
[1773159760.609207005] LOCK pid=34586 fd=10: SHARED -> SHARED
DBimpl - LOCK REQUEST: 0x34db4680 2
DBimpl - UNLOCK REQUEST: 0x34db4680 0
[1773159760.609219731] UNLOCK pid=34586 fd=10: SHARED -> NO_LOCK
DBimpl - LOCK REQUEST: 0x34db4680 1
[1773159760.614323807] LOCK pid=34586 fd=10: NO_LOCK -> SHARED (fallback)
[1773159760.614327507] LOCK pid=34586 fd=10: SHARED -> SHARED
DBimpl - LOCK REQUEST: 0x34db4680 2
DBimpl - UNLOCK REQUEST: 0x34db4680 0
[1773159760.614349785] UNLOCK pid=34586 fd=10: SHARED -> NO_LOCK
DBimpl - LOCK REQUEST: 0x34db4680 4
[1773159760.617639447] LOCK pid=34587 fd=12: RESERVED -> PENDING
[1773159760.617642502] LOCK pid=34587 fd=12: PENDING -> EXCLUSIVE
DBimpl - UNLOCK REQUEST: 0x34db4680 1
[1773159760.617649155] UNLOCK pid=34587 fd=12: EXCLUSIVE -> SHARED
DBimpl - UNLOCK REQUEST: 0x34db4680 0
[1773159760.617655484] UNLOCK pid=34587 fd=12: SHARED -> NO_LOCK
DBimpl - LOCK REQUEST: 0x34db4680 1
[1773159760.617826195] LOCK pid=34588 fd=14: NO_LOCK -> SHARED (fallback)
[1773159760.617829660] LOCK pid=34588 fd=14: SHARED -> SHARED
DBimpl - LOCK REQUEST: 0x34db4680 2
[1773159760.617846994] LOCK pid=34588 fd=14: SHARED -> RESERVED
DBimpl - LOCK REQUEST: 0x34db4680 4
[1773159760.618155817] LOCK pid=34588 fd=14: RESERVED -> PENDING
[1773159760.618157893] LOCK pid=34588 fd=14: PENDING -> EXCLUSIVE
DBimpl - LOCK REQUEST: 0x34db4680 1
DBimpl - LOCK REQUEST: 0x34db4680 1
DBimpl - UNLOCK REQUEST: 0x34db4680 1
[1773159760.619948365] UNLOCK pid=34588 fd=14: EXCLUSIVE -> SHARED
DBimpl - UNLOCK REQUEST: 0x34db4680 0
[1773159760.619952904] UNLOCK pid=34588 fd=14: SHARED -> NO_LOCK
DBimpl - LOCK REQUEST: 0x34db4680 1
[1773159760.620681093] LOCK pid=34587 fd=12: NO_LOCK -> SHARED (fallback)
[1773159760.620684688] LOCK pid=34587 fd=12: SHARED -> SHARED
DBimpl - LOCK REQUEST: 0x34db4680 2
[1773159760.620704941] LOCK pid=34587 fd=12: SHARED -> RESERVED
DBimpl - LOCK REQUEST: 0x34db4680 1
[1773159760.620994439] LOCK pid=34585 fd=8: NO_LOCK -> SHARED (fallback)
[1773159760.620996622] LOCK pid=34585 fd=8: SHARED -> SHARED
DBimpl - UNLOCK REQUEST: 0x34db4680 0
[1773159760.621208348] UNLOCK pid=34585 fd=8: SHARED -> NO_LOCK
DBimpl - LOCK REQUEST: 0x34db4680 1
[1773159760.621809509] LOCK pid=34584 fd=6: NO_LOCK -> SHARED (fallback)
[1773159760.621810984] LOCK pid=34584 fd=6: SHARED -> SHARED
DBimpl - UNLOCK REQUEST: 0x34db4680 0
[1773159760.621960249] UNLOCK pid=34584 fd=6: SHARED -> NO_LOCK
DBimpl - LOCK REQUEST: 0x34db4680 1
[1773159760.623551980] LOCK pid=34585 fd=8: NO_LOCK -> SHARED (fallback)
[1773159760.623554348] LOCK pid=34585 fd=8: SHARED -> SHARED
DBimpl - UNLOCK REQUEST: 0x34db4680 0
[1773159760.623777392] UNLOCK pid=34585 fd=8: SHARED -> NO_LOCK
DBimpl - LOCK REQUEST: 0x34db4680 1
[1773159760.624433984] LOCK pid=34586 fd=10: NO_LOCK -> SHARED (fallback)
[1773159760.624435351] LOCK pid=34586 fd=10: SHARED -> SHARED
DBimpl - LOCK REQUEST: 0x34db4680 2
DBimpl - UNLOCK REQUEST: 0x34db4680 0
[1773159760.624448218] UNLOCK pid=34586 fd=10: SHARED -> NO_LOCK
DBimpl - LOCK REQUEST: 0x34db4680 1
[1773159760.625925000] LOCK pid=34585 fd=8: NO_LOCK -> SHARED (fallback)
[1773159760.625926359] LOCK pid=34585 fd=8: SHARED -> SHARED
DBimpl - UNLOCK REQUEST: 0x34db4680 0
[1773159760.626194268] UNLOCK pid=34585 fd=8: SHARED -> NO_LOCK
DBimpl - LOCK REQUEST: 0x34db4680 1
[1773159760.627243957] LOCK pid=34585 fd=8: NO_LOCK -> SHARED (fallback)
[1773159760.627245740] LOCK pid=34585 fd=8: SHARED -> SHARED
DBimpl - UNLOCK REQUEST: 0x34db4680 0
[1773159760.627413567] UNLOCK pid=34585 fd=8: SHARED -> NO_LOCK
DBimpl - LOCK REQUEST: 0x34db4680 1
[1773159760.628271535] LOCK pid=34585 fd=8: NO_LOCK -> SHARED (fallback)
[1773159760.628277366] LOCK pid=34585 fd=8: SHARED -> SHARED
DBimpl - UNLOCK REQUEST: 0x34db4680 0
[1773159760.628439441] UNLOCK pid=34585 fd=8: SHARED -> NO_LOCK
DBimpl - LOCK REQUEST: 0x34db4680 4
[1773159760.632312098] LOCK pid=34587 fd=12: RESERVED -> PENDING
[1773159760.632314421] LOCK pid=34587 fd=12: PENDING -> EXCLUSIVE
DBimpl - UNLOCK REQUEST: 0x34db4680 1
[1773159760.634565252] UNLOCK pid=34587 fd=12: EXCLUSIVE -> SHARED
DBimpl - UNLOCK REQUEST: 0x34db4680 0
[1773159760.634575088] UNLOCK pid=34587 fd=12: SHARED -> NO_LOCK
DBimpl - LOCK REQUEST: 0x34db4680 1
[1773159760.636088623] LOCK pid=34588 fd=14: NO_LOCK -> SHARED (fallback)
[1773159760.636091354] LOCK pid=34588 fd=14: SHARED -> SHARED
DBimpl - LOCK REQUEST: 0x34db4680 2
[1773159760.636111087] LOCK pid=34588 fd=14: SHARED -> RESERVED
DBimpl - LOCK REQUEST: 0x34db4680 1
[1773159760.636199090] LOCK pid=34584 fd=6: NO_LOCK -> SHARED (fallback)
[1773159760.636201250] LOCK pid=34584 fd=6: SHARED -> SHARED
DBimpl - LOCK REQUEST: 0x34db4680 4
[1773159760.636325381] LOCK pid=34588 fd=14: RESERVED -> PENDING
DBimpl - UNLOCK REQUEST: 0x34db4680 0
[1773159760.636382864] UNLOCK pid=34584 fd=6: SHARED -> NO_LOCK
DBimpl - LOCK REQUEST: 0x34db4680 4
[1773159760.637414198] LOCK pid=34588 fd=14: PENDING -> EXCLUSIVE
DBimpl - UNLOCK REQUEST: 0x34db4680 1
[1773159760.639499961] UNLOCK pid=34588 fd=14: EXCLUSIVE -> SHARED
DBimpl - UNLOCK REQUEST: 0x34db4680 0
[1773159760.639506690] UNLOCK pid=34588 fd=14: SHARED -> NO_LOCK
DBimpl - LOCK REQUEST: 0x34db4680 1
[1773159760.639514518] LOCK pid=34586 fd=10: NO_LOCK -> SHARED (fallback)
[1773159760.639516185] LOCK pid=34586 fd=10: SHARED -> SHARED
DBimpl - LOCK REQUEST: 0x34db4680 2
[1773159760.639537813] LOCK pid=34586 fd=10: SHARED -> RESERVED
DBimpl - LOCK REQUEST: 0x34db4680 4
[1773159760.639732852] LOCK pid=34586 fd=10: RESERVED -> PENDING
[1773159760.639735604] LOCK pid=34586 fd=10: PENDING -> EXCLUSIVE
DBimpl - UNLOCK REQUEST: 0x34db4680 1
[1773159760.641501842] UNLOCK pid=34586 fd=10: EXCLUSIVE -> SHARED
DBimpl - UNLOCK REQUEST: 0x34db4680 0
[1773159760.641506331] UNLOCK pid=34586 fd=10: SHARED -> NO_LOCK
DBimpl - LOCK REQUEST: 0x34db4680 1
[1773159760.645233183] LOCK pid=34588 fd=14: NO_LOCK -> SHARED (fallback)
[1773159760.645235861] LOCK pid=34588 fd=14: SHARED -> SHARED
DBimpl - LOCK REQUEST: 0x34db4680 2
[1773159760.645254388] LOCK pid=34588 fd=14: SHARED -> RESERVED
DBimpl - LOCK REQUEST: 0x34db4680 4
[1773159760.645415353] LOCK pid=34588 fd=14: RESERVED -> PENDING
[1773159760.645418068] LOCK pid=34588 fd=14: PENDING -> EXCLUSIVE
DBimpl - LOCK REQUEST: 0x34db4680 1
DBimpl - LOCK REQUEST: 0x34db4680 1
DBimpl - LOCK REQUEST: 0x34db4680 1
DBimpl - LOCK REQUEST: 0x34db4680 1
DBimpl - UNLOCK REQUEST: 0x34db4680 1
[1773159760.647650390] UNLOCK pid=34588 fd=14: EXCLUSIVE -> SHARED
DBimpl - UNLOCK REQUEST: 0x34db4680 0
[1773159760.647654951] UNLOCK pid=34588 fd=14: SHARED -> NO_LOCK
DBimpl - LOCK REQUEST: 0x34db4680 1
[1773159760.648059247] LOCK pid=34588 fd=14: NO_LOCK -> SHARED (fallback)
[1773159760.648060629] LOCK pid=34588 fd=14: SHARED -> SHARED
DBimpl - LOCK REQUEST: 0x34db4680 2
[1773159760.648069166] LOCK pid=34588 fd=14: SHARED -> RESERVED
DBimpl - LOCK REQUEST: 0x34db4680 4
[1773159760.648176135] LOCK pid=34588 fd=14: RESERVED -> PENDING
[1773159760.648177964] LOCK pid=34588 fd=14: PENDING -> EXCLUSIVE
DBimpl - LOCK REQUEST: 0x34db4680 1
DBimpl - LOCK REQUEST: 0x34db4680 1
DBimpl - UNLOCK REQUEST: 0x34db4680 1
[1773159760.650331670] UNLOCK pid=34588 fd=14: EXCLUSIVE -> SHARED
DBimpl - UNLOCK REQUEST: 0x34db4680 0
[1773159760.650337746] UNLOCK pid=34588 fd=14: SHARED -> NO_LOCK
DBimpl - LOCK REQUEST: 0x34db4680 1
[1773159760.650731026] LOCK pid=34585 fd=8: NO_LOCK -> SHARED (fallback)
[1773159760.650734952] LOCK pid=34585 fd=8: SHARED -> SHARED
DBimpl - LOCK REQUEST: 0x34db4680 1
[1773159760.650914608] LOCK pid=34588 fd=14: NO_LOCK -> SHARED (fallback)
[1773159760.650916403] LOCK pid=34588 fd=14: SHARED -> SHARED
DBimpl - LOCK REQUEST: 0x34db4680 2
[1773159760.650927187] LOCK pid=34588 fd=14: SHARED -> RESERVED
DBimpl - UNLOCK REQUEST: 0x34db4680 0
[1773159760.650952685] UNLOCK pid=34585 fd=8: SHARED -> NO_LOCK
DBimpl - LOCK REQUEST: 0x34db4680 4
[1773159760.651072336] LOCK pid=34588 fd=14: RESERVED -> PENDING
[1773159760.651075088] LOCK pid=34588 fd=14: PENDING -> EXCLUSIVE
DBimpl - UNLOCK REQUEST: 0x34db4680 1
[1773159760.652790303] UNLOCK pid=34588 fd=14: EXCLUSIVE -> SHARED
DBimpl - UNLOCK REQUEST: 0x34db4680 0
[1773159760.652796177] UNLOCK pid=34588 fd=14: SHARED -> NO_LOCK
DBimpl - LOCK REQUEST: 0x34db4680 1
[1773159760.653555318] LOCK pid=34588 fd=14: NO_LOCK -> SHARED (fallback)
[1773159760.653557161] LOCK pid=34588 fd=14: SHARED -> SHARED
DBimpl - LOCK REQUEST: 0x34db4680 2
[1773159760.653568664] LOCK pid=34588 fd=14: SHARED -> RESERVED
DBimpl - LOCK REQUEST: 0x34db4680 4
[1773159760.653705214] LOCK pid=34588 fd=14: RESERVED -> PENDING
[1773159760.653707793] LOCK pid=34588 fd=14: PENDING -> EXCLUSIVE
DBimpl - LOCK REQUEST: 0x34db4680 1
DBimpl - LOCK REQUEST: 0x34db4680 1
DBimpl - LOCK REQUEST: 0x34db4680 1
DBimpl - LOCK REQUEST: 0x34db4680 1
DBimpl - UNLOCK REQUEST: 0x34db4680 1
[1773159760.655860446] UNLOCK pid=34588 fd=14: EXCLUSIVE -> SHARED
DBimpl - UNLOCK REQUEST: 0x34db4680 0
[1773159760.655866355] UNLOCK pid=34588 fd=14: SHARED -> NO_LOCK
DBimpl - LOCK REQUEST: 0x34db4680 1
[1773159760.657768795] LOCK pid=34584 fd=6: NO_LOCK -> SHARED (fallback)
[1773159760.657770774] LOCK pid=34584 fd=6: SHARED -> SHARED
DBimpl - UNLOCK REQUEST: 0x34db4680 0
[1773159760.657865407] UNLOCK pid=34584 fd=6: SHARED -> NO_LOCK
DBimpl - LOCK REQUEST: 0x34db4680 1
[1773159760.659653199] LOCK pid=34585 fd=8: NO_LOCK -> SHARED (fallback)
[1773159760.659654908] LOCK pid=34585 fd=8: SHARED -> SHARED
DBimpl - UNLOCK REQUEST: 0x34db4680 0
[1773159760.659787583] UNLOCK pid=34585 fd=8: SHARED -> NO_LOCK
DBimpl - LOCK REQUEST: 0x34db4680 1
[1773159760.660319566] LOCK pid=34588 fd=14: NO_LOCK -> SHARED (fallback)
[1773159760.660322341] LOCK pid=34588 fd=14: SHARED -> SHARED
DBimpl - LOCK REQUEST: 0x34db4680 2
[1773159760.660334195] LOCK pid=34588 fd=14: SHARED -> RESERVED
DBimpl - LOCK REQUEST: 0x34db4680 4
[1773159760.660451350] LOCK pid=34588 fd=14: RESERVED -> PENDING
[1773159760.660454166] LOCK pid=34588 fd=14: PENDING -> EXCLUSIVE
DBimpl - UNLOCK REQUEST: 0x34db4680 1
[1773159760.662155704] UNLOCK pid=34588 fd=14: EXCLUSIVE -> SHARED
DBimpl - UNLOCK REQUEST: 0x34db4680 0
[1773159760.662161796] UNLOCK pid=34588 fd=14: SHARED -> NO_LOCK
DBimpl - LOCK REQUEST: 0x34db4680 1
[1773159760.663807110] LOCK pid=34587 fd=12: NO_LOCK -> SHARED (fallback)
[1773159760.663809891] LOCK pid=34587 fd=12: SHARED -> SHARED
DBimpl - LOCK REQUEST: 0x34db4680 2
[1773159760.663832285] LOCK pid=34587 fd=12: SHARED -> RESERVED
DBimpl - LOCK REQUEST: 0x34db4680 1
[1773159760.663926505] LOCK pid=34586 fd=10: NO_LOCK -> SHARED (fallback)
[1773159760.663927953] LOCK pid=34586 fd=10: SHARED -> SHARED
DBimpl - LOCK REQUEST: 0x34db4680 2
DBimpl - UNLOCK REQUEST: 0x34db4680 0
[1773159760.663940285] UNLOCK pid=34586 fd=10: SHARED -> NO_LOCK
DBimpl - LOCK REQUEST: 0x34db4680 1
[1773159760.665735618] LOCK pid=34585 fd=8: NO_LOCK -> SHARED (fallback)
[1773159760.665736868] LOCK pid=34585 fd=8: SHARED -> SHARED
DBimpl - UNLOCK REQUEST: 0x34db4680 0
[1773159760.665839634] UNLOCK pid=34585 fd=8: SHARED -> NO_LOCK
DBimpl - LOCK REQUEST: 0x34db4680 1
[1773159760.674212128] LOCK pid=34585 fd=8: NO_LOCK -> SHARED (fallback)
[1773159760.674213528] LOCK pid=34585 fd=8: SHARED -> SHARED
DBimpl - UNLOCK REQUEST: 0x34db4680 0
[1773159760.674303308] UNLOCK pid=34585 fd=8: SHARED -> NO_LOCK
DBimpl - LOCK REQUEST: 0x34db4680 4
[1773159760.674515970] LOCK pid=34587 fd=12: RESERVED -> PENDING
[1773159760.674519293] LOCK pid=34587 fd=12: PENDING -> EXCLUSIVE
DBimpl - LOCK REQUEST: 0x34db4680 1
DBimpl - LOCK REQUEST: 0x34db4680 1
DBimpl - UNLOCK REQUEST: 0x34db4680 1
[1773159760.677301288] UNLOCK pid=34587 fd=12: EXCLUSIVE -> SHARED
DBimpl - UNLOCK REQUEST: 0x34db4680 0
[1773159760.677307944] UNLOCK pid=34587 fd=12: SHARED -> NO_LOCK
DBimpl - LOCK REQUEST: 0x34db4680 1
[1773159760.678113822] LOCK pid=34588 fd=14: NO_LOCK -> SHARED (fallback)
[1773159760.678119767] LOCK pid=34588 fd=14: SHARED -> SHARED
DBimpl - LOCK REQUEST: 0x34db4680 2
[1773159760.678133366] LOCK pid=34588 fd=14: SHARED -> RESERVED
DBimpl - LOCK REQUEST: 0x34db4680 4
[1773159760.678268193] LOCK pid=34588 fd=14: RESERVED -> PENDING
[1773159760.678270217] LOCK pid=34588 fd=14: PENDING -> EXCLUSIVE
DBimpl - LOCK REQUEST: 0x34db4680 1
DBimpl - UNLOCK REQUEST: 0x34db4680 1
[1773159760.679930913] UNLOCK pid=34588 fd=14: EXCLUSIVE -> SHARED
DBimpl - UNLOCK REQUEST: 0x34db4680 0
[1773159760.679935780] UNLOCK pid=34588 fd=14: SHARED -> NO_LOCK
DBimpl - LOCK REQUEST: 0x34db4680 1
[1773159760.680483628] LOCK pid=34585 fd=8: NO_LOCK -> SHARED (fallback)
[1773159760.680485748] LOCK pid=34585 fd=8: SHARED -> SHARED
DBimpl - UNLOCK REQUEST: 0x34db4680 0
[1773159760.680674382] UNLOCK pid=34585 fd=8: SHARED -> NO_LOCK
DBimpl - LOCK REQUEST: 0x34db4680 1
[1773159760.684305098] LOCK pid=34588 fd=14: NO_LOCK -> SHARED (fallback)
[1773159760.684308444] LOCK pid=34588 fd=14: SHARED -> SHARED
DBimpl - LOCK REQUEST: 0x34db4680 2
[1773159760.684326727] LOCK pid=34588 fd=14: SHARED -> RESERVED
DBimpl - LOCK REQUEST: 0x34db4680 4
[1773159760.684546123] LOCK pid=34588 fd=14: RESERVED -> PENDING
[1773159760.684549182] LOCK pid=34588 fd=14: PENDING -> EXCLUSIVE
DBimpl - LOCK REQUEST: 0x34db4680 1
DBimpl - LOCK REQUEST: 0x34db4680 1
DBimpl - UNLOCK REQUEST: 0x34db4680 1
[1773159760.688002355] UNLOCK pid=34588 fd=14: EXCLUSIVE -> SHARED
DBimpl - UNLOCK REQUEST: 0x34db4680 0
[1773159760.688010959] UNLOCK pid=34588 fd=14: SHARED -> NO_LOCK
DBimpl - LOCK REQUEST: 0x34db4680 1
[1773159760.688979556] LOCK pid=34584 fd=6: NO_LOCK -> SHARED (fallback)
[1773159760.688982145] LOCK pid=34584 fd=6: SHARED -> SHARED
DBimpl - UNLOCK REQUEST: 0x34db4680 0
[1773159760.689149552] UNLOCK pid=34584 fd=6: SHARED -> NO_LOCK
DBimpl - LOCK REQUEST: 0x34db4680 1
[1773159760.690264019] LOCK pid=34587 fd=12: NO_LOCK -> SHARED (fallback)
[1773159760.690268255] LOCK pid=34587 fd=12: SHARED -> SHARED
DBimpl - LOCK REQUEST: 0x34db4680 2
[1773159760.690290806] LOCK pid=34587 fd=12: SHARED -> RESERVED
DBimpl - LOCK REQUEST: 0x34db4680 1
[1773159760.691273604] LOCK pid=34585 fd=8: NO_LOCK -> SHARED (fallback)
[1773159760.691275130] LOCK pid=34585 fd=8: SHARED -> SHARED
DBimpl - UNLOCK REQUEST: 0x34db4680 0
[1773159760.691433541] UNLOCK pid=34585 fd=8: SHARED -> NO_LOCK
DBimpl - LOCK REQUEST: 0x34db4680 1
[1773159760.692149050] LOCK pid=34588 fd=14: NO_LOCK -> SHARED (fallback)
[1773159760.692151587] LOCK pid=34588 fd=14: SHARED -> SHARED
DBimpl - LOCK REQUEST: 0x34db4680 2
DBimpl - UNLOCK REQUEST: 0x34db4680 0
[1773159760.692168357] UNLOCK pid=34588 fd=14: SHARED -> NO_LOCK
DBimpl - LOCK REQUEST: 0x34db4680 1
[1773159760.693280653] LOCK pid=34588 fd=14: NO_LOCK -> SHARED (fallback)
[1773159760.693282259] LOCK pid=34588 fd=14: SHARED -> SHARED
DBimpl - LOCK REQUEST: 0x34db4680 2
DBimpl - UNLOCK REQUEST: 0x34db4680 0
[1773159760.693294587] UNLOCK pid=34588 fd=14: SHARED -> NO_LOCK
DBimpl - LOCK REQUEST: 0x34db4680 1
[1773159760.693455061] LOCK pid=34584 fd=6: NO_LOCK -> SHARED (fallback)
[1773159760.693457513] LOCK pid=34584 fd=6: SHARED -> SHARED
DBimpl - UNLOCK REQUEST: 0x34db4680 0
[1773159760.693607544] UNLOCK pid=34584 fd=6: SHARED -> NO_LOCK
DBimpl - LOCK REQUEST: 0x34db4680 4
[1773159760.694334939] LOCK pid=34587 fd=12: RESERVED -> PENDING
[1773159760.694339359] LOCK pid=34587 fd=12: PENDING -> EXCLUSIVE
DBimpl - LOCK REQUEST: 0x34db4680 1
DBimpl - UNLOCK REQUEST: 0x34db4680 1
[1773159760.696354648] UNLOCK pid=34587 fd=12: EXCLUSIVE -> SHARED
DBimpl - UNLOCK REQUEST: 0x34db4680 0
[1773159760.696362077] UNLOCK pid=34587 fd=12: SHARED -> NO_LOCK
DBimpl - LOCK REQUEST: 0x34db4680 1
[1773159760.697229946] LOCK pid=34584 fd=6: NO_LOCK -> SHARED (fallback)
[1773159760.697231784] LOCK pid=34584 fd=6: SHARED -> SHARED
DBimpl - UNLOCK REQUEST: 0x34db4680 0
[1773159760.697427049] UNLOCK pid=34584 fd=6: SHARED -> NO_LOCK
DBimpl - LOCK REQUEST: 0x34db4680 1
[1773159760.698366205] LOCK pid=34587 fd=12: NO_LOCK -> SHARED (fallback)
[1773159760.698374565] LOCK pid=34587 fd=12: SHARED -> SHARED
DBimpl - LOCK REQUEST: 0x34db4680 2
[1773159760.698390369] LOCK pid=34587 fd=12: SHARED -> RESERVED
DBimpl - LOCK REQUEST: 0x34db4680 1
[1773159760.699096919] LOCK pid=34586 fd=10: NO_LOCK -> SHARED (fallback)
[1773159760.699098795] LOCK pid=34586 fd=10: SHARED -> SHARED
DBimpl - LOCK REQUEST: 0x34db4680 2
DBimpl - UNLOCK REQUEST: 0x34db4680 0
[1773159760.699115474] UNLOCK pid=34586 fd=10: SHARED -> NO_LOCK
DBimpl - LOCK REQUEST: 0x34db4680 1
[1773159760.700443749] LOCK pid=34588 fd=14: NO_LOCK -> SHARED (fallback)
[1773159760.700445263] LOCK pid=34588 fd=14: SHARED -> SHARED
DBimpl - LOCK REQUEST: 0x34db4680 2
DBimpl - UNLOCK REQUEST: 0x34db4680 0
[1773159760.700457464] UNLOCK pid=34588 fd=14: SHARED -> NO_LOCK
DBimpl - LOCK REQUEST: 0x34db4680 4
[1773159760.701070383] LOCK pid=34587 fd=12: RESERVED -> PENDING
[1773159760.701074209] LOCK pid=34587 fd=12: PENDING -> EXCLUSIVE
DBimpl - UNLOCK REQUEST: 0x34db4680 1
[1773159760.701081222] UNLOCK pid=34587 fd=12: EXCLUSIVE -> SHARED
DBimpl - UNLOCK REQUEST: 0x34db4680 0
[1773159760.701087315] UNLOCK pid=34587 fd=12: SHARED -> NO_LOCK
DBimpl - LOCK REQUEST: 0x34db4680 1
[1773159760.701942155] LOCK pid=34585 fd=8: NO_LOCK -> SHARED (fallback)
[1773159760.701944224] LOCK pid=34585 fd=8: SHARED -> SHARED
DBimpl - UNLOCK REQUEST: 0x34db4680 0
[1773159760.702187197] UNLOCK pid=34585 fd=8: SHARED -> NO_LOCK
DBimpl - LOCK REQUEST: 0x34db4680 1
[1773159760.710566341] LOCK pid=34588 fd=14: NO_LOCK -> SHARED (fallback)
[1773159760.710569537] LOCK pid=34588 fd=14: SHARED -> SHARED
DBimpl - LOCK REQUEST: 0x34db4680 2
[1773159760.710591859] LOCK pid=34588 fd=14: SHARED -> RESERVED
DBimpl - LOCK REQUEST: 0x34db4680 4
[1773159760.710818996] LOCK pid=34588 fd=14: RESERVED -> PENDING
[1773159760.710820854] LOCK pid=34588 fd=14: PENDING -> EXCLUSIVE
DBimpl - UNLOCK REQUEST: 0x34db4680 1
[1773159760.712742313] UNLOCK pid=34588 fd=14: EXCLUSIVE -> SHARED
DBimpl - UNLOCK REQUEST: 0x34db4680 0
[1773159760.712747320] UNLOCK pid=34588 fd=14: SHARED -> NO_LOCK
DBimpl - LOCK REQUEST: 0x34db4680 1
[1773159760.718173820] LOCK pid=34585 fd=8: NO_LOCK -> SHARED (fallback)
[1773159760.718177623] LOCK pid=34585 fd=8: SHARED -> SHARED
DBimpl - UNLOCK REQUEST: 0x34db4680 0
[1773159760.718421200] UNLOCK pid=34585 fd=8: SHARED -> NO_LOCK
DBimpl - LOCK REQUEST: 0x34db4680 1
[1773159760.719935120] LOCK pid=34584 fd=6: NO_LOCK -> SHARED (fallback)
[1773159760.719937455] LOCK pid=34584 fd=6: SHARED -> SHARED
DBimpl - UNLOCK REQUEST: 0x34db4680 0
[1773159760.720107515] UNLOCK pid=34584 fd=6: SHARED -> NO_LOCK
DBimpl - LOCK REQUEST: 0x34db4680 1
[1773159760.723510834] LOCK pid=34587 fd=12: NO_LOCK -> SHARED (fallback)
[1773159760.723514218] LOCK pid=34587 fd=12: SHARED -> SHARED
DBimpl - LOCK REQUEST: 0x34db4680 2
[1773159760.723534411] LOCK pid=34587 fd=12: SHARED -> RESERVED
DBimpl - LOCK REQUEST: 0x34db4680 1
[1773159760.724210792] LOCK pid=34586 fd=10: NO_LOCK -> SHARED (fallback)
[1773159760.724213392] LOCK pid=34586 fd=10: SHARED -> SHARED
DBimpl - LOCK REQUEST: 0x34db4680 2
DBimpl - UNLOCK REQUEST: 0x34db4680 0
[1773159760.724235355] UNLOCK pid=34586 fd=10: SHARED -> NO_LOCK
DBimpl - LOCK REQUEST: 0x34db4680 1
[1773159760.728807582] LOCK pid=34585 fd=8: NO_LOCK -> SHARED (fallback)
[1773159760.728810040] LOCK pid=34585 fd=8: SHARED -> SHARED
DBimpl - UNLOCK REQUEST: 0x34db4680 0
[1773159760.729027903] UNLOCK pid=34585 fd=8: SHARED -> NO_LOCK
DBimpl - LOCK REQUEST: 0x34db4680 1
[1773159760.737162516] LOCK pid=34585 fd=8: NO_LOCK -> SHARED (fallback)
[1773159760.737165420] LOCK pid=34585 fd=8: SHARED -> SHARED
DBimpl - UNLOCK REQUEST: 0x34db4680 0
[1773159760.737383106] UNLOCK pid=34585 fd=8: SHARED -> NO_LOCK
DBimpl - LOCK REQUEST: 0x34db4680 1
[1773159760.739079787] LOCK pid=34585 fd=8: NO_LOCK -> SHARED (fallback)
[1773159760.739082274] LOCK pid=34585 fd=8: SHARED -> SHARED
DBimpl - UNLOCK REQUEST: 0x34db4680 0
[1773159760.739285993] UNLOCK pid=34585 fd=8: SHARED -> NO_LOCK
DBimpl - LOCK REQUEST: 0x34db4680 1
[1773159760.742224659] LOCK pid=34585 fd=8: NO_LOCK -> SHARED (fallback)
[1773159760.742240238] LOCK pid=34585 fd=8: SHARED -> SHARED
DBimpl - UNLOCK REQUEST: 0x34db4680 0
[1773159760.742540067] UNLOCK pid=34585 fd=8: SHARED -> NO_LOCK
DBimpl - LOCK REQUEST: 0x34db4680 1
[1773159760.749352034] LOCK pid=34586 fd=10: NO_LOCK -> SHARED (fallback)
[1773159760.749356506] LOCK pid=34586 fd=10: SHARED -> SHARED
DBimpl - LOCK REQUEST: 0x34db4680 2
DBimpl - UNLOCK REQUEST: 0x34db4680 0
[1773159760.749386437] UNLOCK pid=34586 fd=10: SHARED -> NO_LOCK
DBimpl - LOCK REQUEST: 0x34db4680 1
[1773159760.750317818] LOCK pid=34584 fd=6: NO_LOCK -> SHARED (fallback)
[1773159760.750319801] LOCK pid=34584 fd=6: SHARED -> SHARED
DBimpl - UNLOCK REQUEST: 0x34db4680 0
[1773159760.750515148] UNLOCK pid=34584 fd=6: SHARED -> NO_LOCK
DBimpl - LOCK REQUEST: 0x34db4680 1
[1773159760.750561120] LOCK pid=34585 fd=8: NO_LOCK -> SHARED (fallback)
[1773159760.750563472] LOCK pid=34585 fd=8: SHARED -> SHARED
DBimpl - LOCK REQUEST: 0x34db4680 4
[1773159760.750674338] LOCK pid=34587 fd=12: RESERVED -> PENDING
DBimpl - UNLOCK REQUEST: 0x34db4680 0
[1773159760.750775448] UNLOCK pid=34585 fd=8: SHARED -> NO_LOCK
DBimpl - LOCK REQUEST: 0x34db4680 4
[1773159760.751766918] LOCK pid=34587 fd=12: PENDING -> EXCLUSIVE
DBimpl - LOCK REQUEST: 0x34db4680 1
DBimpl - UNLOCK REQUEST: 0x34db4680 1
[1773159760.753799632] UNLOCK pid=34587 fd=12: EXCLUSIVE -> SHARED
DBimpl - UNLOCK REQUEST: 0x34db4680 0
[1773159760.753805124] UNLOCK pid=34587 fd=12: SHARED -> NO_LOCK
DBimpl - LOCK REQUEST: 0x34db4680 1
[1773159760.754834443] LOCK pid=34588 fd=14: NO_LOCK -> SHARED (fallback)
[1773159760.754837016] LOCK pid=34588 fd=14: SHARED -> SHARED
DBimpl - LOCK REQUEST: 0x34db4680 2
[1773159760.754851032] LOCK pid=34588 fd=14: SHARED -> RESERVED
DBimpl - LOCK REQUEST: 0x34db4680 4
[1773159760.755002906] LOCK pid=34588 fd=14: RESERVED -> PENDING
[1773159760.755004710] LOCK pid=34588 fd=14: PENDING -> EXCLUSIVE
DBimpl - UNLOCK REQUEST: 0x34db4680 1
[1773159760.756800738] UNLOCK pid=34588 fd=14: EXCLUSIVE -> SHARED
DBimpl - UNLOCK REQUEST: 0x34db4680 0
[1773159760.756808901] UNLOCK pid=34588 fd=14: SHARED -> NO_LOCK
DBimpl - LOCK REQUEST: 0x34db4680 1
[1773159760.758231046] LOCK pid=34584 fd=6: NO_LOCK -> SHARED (fallback)
[1773159760.758233843] LOCK pid=34584 fd=6: SHARED -> SHARED
DBimpl - UNLOCK REQUEST: 0x34db4680 0
[1773159760.758451688] UNLOCK pid=34584 fd=6: SHARED -> NO_LOCK
DBimpl - LOCK REQUEST: 0x34db4680 1
[1773159760.759485824] LOCK pid=34587 fd=12: NO_LOCK -> SHARED (fallback)
[1773159760.759489408] LOCK pid=34587 fd=12: SHARED -> SHARED
DBimpl - LOCK REQUEST: 0x34db4680 2
[1773159760.759511346] LOCK pid=34587 fd=12: SHARED -> RESERVED
DBimpl - LOCK REQUEST: 0x34db4680 1
[1773159760.759778270] LOCK pid=34588 fd=14: NO_LOCK -> SHARED (fallback)
[1773159760.759781209] LOCK pid=34588 fd=14: SHARED -> SHARED
DBimpl - LOCK REQUEST: 0x34db4680 2
DBimpl - UNLOCK REQUEST: 0x34db4680 0
[1773159760.759799313] UNLOCK pid=34588 fd=14: SHARED -> NO_LOCK
DBimpl - LOCK REQUEST: 0x34db4680 1
[1773159760.760203037] LOCK pid=34584 fd=6: NO_LOCK -> SHARED (fallback)
[1773159760.760205292] LOCK pid=34584 fd=6: SHARED -> SHARED
DBimpl - UNLOCK REQUEST: 0x34db4680 0
[1773159760.760387456] UNLOCK pid=34584 fd=6: SHARED -> NO_LOCK
DBimpl - LOCK REQUEST: 0x34db4680 1
[1773159760.760868853] LOCK pid=34588 fd=14: NO_LOCK -> SHARED (fallback)
[1773159760.760871201] LOCK pid=34588 fd=14: SHARED -> SHARED
DBimpl - LOCK REQUEST: 0x34db4680 2
DBimpl - UNLOCK REQUEST: 0x34db4680 0
[1773159760.760888894] UNLOCK pid=34588 fd=14: SHARED -> NO_LOCK
DBimpl - LOCK REQUEST: 0x34db4680 1
[1773159760.763033365] LOCK pid=34588 fd=14: NO_LOCK -> SHARED (fallback)
[1773159760.763036674] LOCK pid=34588 fd=14: SHARED -> SHARED
DBimpl - LOCK REQUEST: 0x34db4680 2
DBimpl - UNLOCK REQUEST: 0x34db4680 0
[1773159760.763064212] UNLOCK pid=34588 fd=14: SHARED -> NO_LOCK
DBimpl - LOCK REQUEST: 0x34db4680 1
[1773159760.768157259] LOCK pid=34588 fd=14: NO_LOCK -> SHARED (fallback)
[1773159760.768159125] LOCK pid=34588 fd=14: SHARED -> SHARED
DBimpl - LOCK REQUEST: 0x34db4680 2
DBimpl - UNLOCK REQUEST: 0x34db4680 0
[1773159760.768182184] UNLOCK pid=34588 fd=14: SHARED -> NO_LOCK
DBimpl - LOCK REQUEST: 0x34db4680 1
DBimpl - LOCK REQUEST: 0x34db4680 4
[1773159760.774562961] LOCK pid=34586 fd=10: NO_LOCK -> SHARED (fallback)
[1773159760.774564882] LOCK pid=34587 fd=12: RESERVED -> PENDING
[1773159760.774566617] LOCK pid=34586 fd=10: SHARED -> SHARED
DBimpl - LOCK REQUEST: 0x34db4680 2
DBimpl - UNLOCK REQUEST: 0x34db4680 0
[1773159760.774596876] UNLOCK pid=34586 fd=10: SHARED -> NO_LOCK
DBimpl - LOCK REQUEST: 0x34db4680 4
[1773159760.775659793] LOCK pid=34587 fd=12: PENDING -> EXCLUSIVE
DBimpl - LOCK REQUEST: 0x34db4680 1
DBimpl - LOCK REQUEST: 0x34db4680 1
DBimpl - UNLOCK REQUEST: 0x34db4680 1
[1773159760.778410470] UNLOCK pid=34587 fd=12: EXCLUSIVE -> SHARED
DBimpl - UNLOCK REQUEST: 0x34db4680 0
[1773159760.778419596] UNLOCK pid=34587 fd=12: SHARED -> NO_LOCK
DBimpl - LOCK REQUEST: 0x34db4680 1
[1773159760.779475352] LOCK pid=34584 fd=6: NO_LOCK -> SHARED (fallback)
[1773159760.779478103] LOCK pid=34584 fd=6: SHARED -> SHARED
DBimpl - UNLOCK REQUEST: 0x34db4680 0
[1773159760.779691846] UNLOCK pid=34584 fd=6: SHARED -> NO_LOCK
DBimpl - LOCK REQUEST: 0x34db4680 1
[1773159760.784219856] LOCK pid=34587 fd=12: NO_LOCK -> SHARED (fallback)
[1773159760.784222603] LOCK pid=34587 fd=12: SHARED -> SHARED
DBimpl - LOCK REQUEST: 0x34db4680 2
[1773159760.784237948] LOCK pid=34587 fd=12: SHARED -> RESERVED
DBimpl - LOCK REQUEST: 0x34db4680 1
[1773159760.786427373] LOCK pid=34584 fd=6: NO_LOCK -> SHARED (fallback)
[1773159760.786430237] LOCK pid=34584 fd=6: SHARED -> SHARED
DBimpl - UNLOCK REQUEST: 0x34db4680 0
[1773159760.786707690] UNLOCK pid=34584 fd=6: SHARED -> NO_LOCK
DBimpl - LOCK REQUEST: 0x34db4680 1
[1773159760.790877531] LOCK pid=34584 fd=6: NO_LOCK -> SHARED (fallback)
[1773159760.790879379] LOCK pid=34584 fd=6: SHARED -> SHARED
DBimpl - UNLOCK REQUEST: 0x34db4680 0
[1773159760.791036308] UNLOCK pid=34584 fd=6: SHARED -> NO_LOCK
DBimpl - LOCK REQUEST: 0x34db4680 1
[1773159760.793438938] LOCK pid=34588 fd=14: NO_LOCK -> SHARED (fallback)
[1773159760.793441414] LOCK pid=34588 fd=14: SHARED -> SHARED
DBimpl - LOCK REQUEST: 0x34db4680 2
DBimpl - UNLOCK REQUEST: 0x34db4680 0
[1773159760.793458593] UNLOCK pid=34588 fd=14: SHARED -> NO_LOCK
DBimpl - LOCK REQUEST: 0x34db4680 1
[1773159760.795087452] LOCK pid=34584 fd=6: NO_LOCK -> SHARED (fallback)
[1773159760.795089496] LOCK pid=34584 fd=6: SHARED -> SHARED
DBimpl - UNLOCK REQUEST: 0x34db4680 0
[1773159760.795265234] UNLOCK pid=34584 fd=6: SHARED -> NO_LOCK
DBimpl - LOCK REQUEST: 0x34db4680 4
[1773159760.799096909] LOCK pid=34587 fd=12: RESERVED -> PENDING
[1773159760.799099616] LOCK pid=34587 fd=12: PENDING -> EXCLUSIVE
DBimpl - UNLOCK REQUEST: 0x34db4680 1
[1773159760.799105132] UNLOCK pid=34587 fd=12: EXCLUSIVE -> SHARED
DBimpl - UNLOCK REQUEST: 0x34db4680 0
[1773159760.799111165] UNLOCK pid=34587 fd=12: SHARED -> NO_LOCK
DBimpl - LOCK REQUEST: 0x34db4680 1
[1773159760.800517203] LOCK pid=34585 fd=8: NO_LOCK -> SHARED (fallback)
[1773159760.800519013] LOCK pid=34585 fd=8: SHARED -> SHARED
DBimpl - UNLOCK REQUEST: 0x34db4680 0
[1773159760.800755622] UNLOCK pid=34585 fd=8: SHARED -> NO_LOCK
DBimpl - LOCK REQUEST: 0x34db4680 1
[1773159760.804782313] LOCK pid=34587 fd=12: NO_LOCK -> SHARED (fallback)
[1773159760.804785034] LOCK pid=34587 fd=12: SHARED -> SHARED
DBimpl - LOCK REQUEST: 0x34db4680 2
[1773159760.804799513] LOCK pid=34587 fd=12: SHARED -> RESERVED
DBimpl - LOCK REQUEST: 0x34db4680 4
[1773159760.811587055] LOCK pid=34587 fd=12: RESERVED -> PENDING
[1773159760.811589925] LOCK pid=34587 fd=12: PENDING -> EXCLUSIVE
DBimpl - UNLOCK REQUEST: 0x34db4680 1
[1773159760.811595231] UNLOCK pid=34587 fd=12: EXCLUSIVE -> SHARED
DBimpl - UNLOCK REQUEST: 0x34db4680 0
[1773159760.811600858] UNLOCK pid=34587 fd=12: SHARED -> NO_LOCK
DBimpl - LOCK REQUEST: 0x34db4680 1
[1773159760.812969227] LOCK pid=34587 fd=12: NO_LOCK -> SHARED (fallback)
[1773159760.812974375] LOCK pid=34587 fd=12: SHARED -> SHARED
DBimpl - LOCK REQUEST: 0x34db4680 2
[1773159760.813020575] LOCK pid=34587 fd=12: SHARED -> RESERVED
DBimpl - LOCK REQUEST: 0x34db4680 1
[1773159760.813557522] LOCK pid=34588 fd=14: NO_LOCK -> SHARED (fallback)
[1773159760.813560158] LOCK pid=34588 fd=14: SHARED -> SHARED
DBimpl - LOCK REQUEST: 0x34db4680 2
DBimpl - UNLOCK REQUEST: 0x34db4680 0
[1773159760.813577340] UNLOCK pid=34588 fd=14: SHARED -> NO_LOCK
DBimpl - LOCK REQUEST: 0x34db4680 1
[1773159760.817005996] LOCK pid=34584 fd=6: NO_LOCK -> SHARED (fallback)
[1773159760.817009000] LOCK pid=34584 fd=6: SHARED -> SHARED
DBimpl - UNLOCK REQUEST: 0x34db4680 0
[1773159760.817225657] UNLOCK pid=34584 fd=6: SHARED -> NO_LOCK
DBimpl - LOCK REQUEST: 0x34db4680 1
[1773159760.820803308] LOCK pid=34585 fd=8: NO_LOCK -> SHARED (fallback)
[1773159760.820805441] LOCK pid=34585 fd=8: SHARED -> SHARED
DBimpl - LOCK REQUEST: 0x34db4680 1
[1773159760.820995261] LOCK pid=34584 fd=6: NO_LOCK -> SHARED (fallback)
[1773159760.820997501] LOCK pid=34584 fd=6: SHARED -> SHARED
DBimpl - UNLOCK REQUEST: 0x34db4680 0
[1773159760.821019767] UNLOCK pid=34585 fd=8: SHARED -> NO_LOCK
DBimpl - UNLOCK REQUEST: 0x34db4680 0
[1773159760.821169676] UNLOCK pid=34584 fd=6: SHARED -> NO_LOCK
DBimpl - LOCK REQUEST: 0x34db4680 1
[1773159760.824709857] LOCK pid=34586 fd=10: NO_LOCK -> SHARED (fallback)
[1773159760.824711776] LOCK pid=34586 fd=10: SHARED -> SHARED
DBimpl - LOCK REQUEST: 0x34db4680 2
DBimpl - UNLOCK REQUEST: 0x34db4680 0
[1773159760.824738307] UNLOCK pid=34586 fd=10: SHARED -> NO_LOCK
DBimpl - LOCK REQUEST: 0x34db4680 4
[1773159760.827759147] LOCK pid=34587 fd=12: RESERVED -> PENDING
[1773159760.827761978] LOCK pid=34587 fd=12: PENDING -> EXCLUSIVE
DBimpl - UNLOCK REQUEST: 0x34db4680 1
[1773159760.827768006] UNLOCK pid=34587 fd=12: EXCLUSIVE -> SHARED
DBimpl - UNLOCK REQUEST: 0x34db4680 0
[1773159760.827775273] UNLOCK pid=34587 fd=12: SHARED -> NO_LOCK
DBimpl - LOCK REQUEST: 0x34db4680 1
[1773159760.834492340] LOCK pid=34584 fd=6: NO_LOCK -> SHARED (fallback)
[1773159760.834495945] LOCK pid=34584 fd=6: SHARED -> SHARED
DBimpl - UNLOCK REQUEST: 0x34db4680 0
[1773159760.834691122] UNLOCK pid=34584 fd=6: SHARED -> NO_LOCK
DBimpl - LOCK REQUEST: 0x34db4680 1
[1773159760.835797449] LOCK pid=34585 fd=8: NO_LOCK -> SHARED (fallback)
[1773159760.835799558] LOCK pid=34585 fd=8: SHARED -> SHARED
DBimpl - UNLOCK REQUEST: 0x34db4680 0
[1773159760.836026899] UNLOCK pid=34585 fd=8: SHARED -> NO_LOCK
DBimpl - LOCK REQUEST: 0x34db4680 1
[1773159760.837618659] LOCK pid=34585 fd=8: NO_LOCK -> SHARED (fallback)
[1773159760.837619872] LOCK pid=34585 fd=8: SHARED -> SHARED
DBimpl - UNLOCK REQUEST: 0x34db4680 0
[1773159760.837778662] UNLOCK pid=34585 fd=8: SHARED -> NO_LOCK
DBimpl - LOCK REQUEST: 0x34db4680 1
[1773159760.838675866] LOCK pid=34588 fd=14: NO_LOCK -> SHARED (fallback)
[1773159760.838677189] LOCK pid=34588 fd=14: SHARED -> SHARED
DBimpl - LOCK REQUEST: 0x34db4680 2
[1773159760.838685651] LOCK pid=34588 fd=14: SHARED -> RESERVED
DBimpl - LOCK REQUEST: 0x34db4680 4
[1773159760.838853688] LOCK pid=34588 fd=14: RESERVED -> PENDING
[1773159760.838855621] LOCK pid=34588 fd=14: PENDING -> EXCLUSIVE
DBimpl - LOCK REQUEST: 0x34db4680 1
DBimpl - LOCK REQUEST: 0x34db4680 1
DBimpl - LOCK REQUEST: 0x34db4680 1
DBimpl - LOCK REQUEST: 0x34db4680 1
DBimpl - UNLOCK REQUEST: 0x34db4680 1
[1773159760.845362420] UNLOCK pid=34588 fd=14: EXCLUSIVE -> SHARED
DBimpl - UNLOCK REQUEST: 0x34db4680 0
[1773159760.845367912] UNLOCK pid=34588 fd=14: SHARED -> NO_LOCK
DBimpl - LOCK REQUEST: 0x34db4680 1
[1773159760.845506037] LOCK pid=34584 fd=6: NO_LOCK -> SHARED (fallback)
[1773159760.845508345] LOCK pid=34584 fd=6: SHARED -> SHARED
DBimpl - UNLOCK REQUEST: 0x34db4680 0
[1773159760.845666110] UNLOCK pid=34584 fd=6: SHARED -> NO_LOCK
DBimpl - LOCK REQUEST: 0x34db4680 1
[1773159760.847527916] LOCK pid=34585 fd=8: NO_LOCK -> SHARED (fallback)
[1773159760.847529552] LOCK pid=34585 fd=8: SHARED -> SHARED
DBimpl - UNLOCK REQUEST: 0x34db4680 0
[1773159760.847734797] UNLOCK pid=34585 fd=8: SHARED -> NO_LOCK
DBimpl - LOCK REQUEST: 0x34db4680 1
[1773159760.848570394] LOCK pid=34585 fd=8: NO_LOCK -> SHARED (fallback)
[1773159760.848575772] LOCK pid=34585 fd=8: SHARED -> SHARED
DBimpl - UNLOCK REQUEST: 0x34db4680 0
[1773159760.848728871] UNLOCK pid=34585 fd=8: SHARED -> NO_LOCK
DBimpl - LOCK REQUEST: 0x34db4680 1
[1773159760.851807429] LOCK pid=34584 fd=6: NO_LOCK -> SHARED (fallback)
[1773159760.851808810] LOCK pid=34584 fd=6: SHARED -> SHARED
DBimpl - UNLOCK REQUEST: 0x34db4680 0
[1773159760.851937703] UNLOCK pid=34584 fd=6: SHARED -> NO_LOCK
DBimpl - LOCK REQUEST: 0x34db4680 1
[1773159760.854948971] LOCK pid=34587 fd=12: NO_LOCK -> SHARED (fallback)
[1773159760.854951421] LOCK pid=34587 fd=12: SHARED -> SHARED
DBimpl - LOCK REQUEST: 0x34db4680 2
[1773159760.854982672] LOCK pid=34587 fd=12: SHARED -> RESERVED
DBimpl - LOCK REQUEST: 0x34db4680 1
[1773159760.855084385] LOCK pid=34584 fd=6: NO_LOCK -> SHARED (fallback)
[1773159760.855086367] LOCK pid=34584 fd=6: SHARED -> SHARED
DBimpl - UNLOCK REQUEST: 0x34db4680 0
[1773159760.855245468] UNLOCK pid=34584 fd=6: SHARED -> NO_LOCK
DBimpl - LOCK REQUEST: 0x34db4680 1
[1773159760.855635234] LOCK pid=34588 fd=14: NO_LOCK -> SHARED (fallback)
[1773159760.855638221] LOCK pid=34588 fd=14: SHARED -> SHARED
DBimpl - LOCK REQUEST: 0x34db4680 2
DBimpl - UNLOCK REQUEST: 0x34db4680 0
[1773159760.855663730] UNLOCK pid=34588 fd=14: SHARED -> NO_LOCK
DBimpl - LOCK REQUEST: 0x34db4680 1
[1773159760.856710557] LOCK pid=34585 fd=8: NO_LOCK -> SHARED (fallback)
[1773159760.856713068] LOCK pid=34585 fd=8: SHARED -> SHARED
DBimpl - LOCK REQUEST: 0x34db4680 1
[1773159760.856746886] LOCK pid=34588 fd=14: NO_LOCK -> SHARED (fallback)
[1773159760.856753960] LOCK pid=34588 fd=14: SHARED -> SHARED
DBimpl - LOCK REQUEST: 0x34db4680 2
DBimpl - UNLOCK REQUEST: 0x34db4680 0
[1773159760.856785253] UNLOCK pid=34588 fd=14: SHARED -> NO_LOCK
DBimpl - UNLOCK REQUEST: 0x34db4680 0
[1773159760.856982681] UNLOCK pid=34585 fd=8: SHARED -> NO_LOCK
DBimpl - LOCK REQUEST: 0x34db4680 1
[1773159760.858852037] LOCK pid=34588 fd=14: NO_LOCK -> SHARED (fallback)
[1773159760.858854176] LOCK pid=34588 fd=14: SHARED -> SHARED
DBimpl - LOCK REQUEST: 0x34db4680 2
DBimpl - UNLOCK REQUEST: 0x34db4680 0
[1773159760.858871163] UNLOCK pid=34588 fd=14: SHARED -> NO_LOCK
DBimpl - LOCK REQUEST: 0x34db4680 1
[1773159760.860940002] LOCK pid=34584 fd=6: NO_LOCK -> SHARED (fallback)
[1773159760.860942091] LOCK pid=34584 fd=6: SHARED -> SHARED
DBimpl - UNLOCK REQUEST: 0x34db4680 0
[1773159760.861093326] UNLOCK pid=34584 fd=6: SHARED -> NO_LOCK
DBimpl - LOCK REQUEST: 0x34db4680 1
[1773159760.863934865] LOCK pid=34588 fd=14: NO_LOCK -> SHARED (fallback)
[1773159760.863936658] LOCK pid=34588 fd=14: SHARED -> SHARED
DBimpl - LOCK REQUEST: 0x34db4680 2
DBimpl - UNLOCK REQUEST: 0x34db4680 0
[1773159760.863948811] UNLOCK pid=34588 fd=14: SHARED -> NO_LOCK
DBimpl - LOCK REQUEST: 0x34db4680 4
[1773159760.866512007] LOCK pid=34587 fd=12: RESERVED -> PENDING
[1773159760.866514127] LOCK pid=34587 fd=12: PENDING -> EXCLUSIVE
DBimpl - UNLOCK REQUEST: 0x34db4680 1
[1773159760.869400664] UNLOCK pid=34587 fd=12: EXCLUSIVE -> SHARED
DBimpl - UNLOCK REQUEST: 0x34db4680 0
[1773159760.869406625] UNLOCK pid=34587 fd=12: SHARED -> NO_LOCK
DBimpl - LOCK REQUEST: 0x34db4680 1
[1773159760.871542748] LOCK pid=34587 fd=12: NO_LOCK -> SHARED (fallback)
[1773159760.871544808] LOCK pid=34587 fd=12: SHARED -> SHARED
DBimpl - LOCK REQUEST: 0x34db4680 2
[1773159760.871556066] LOCK pid=34587 fd=12: SHARED -> RESERVED
DBimpl - LOCK REQUEST: 0x34db4680 1
[1773159760.872753994] LOCK pid=34585 fd=8: NO_LOCK -> SHARED (fallback)
[1773159760.872756597] LOCK pid=34585 fd=8: SHARED -> SHARED
DBimpl - UNLOCK REQUEST: 0x34db4680 0
[1773159760.872998161] UNLOCK pid=34585 fd=8: SHARED -> NO_LOCK
DBimpl - LOCK REQUEST: 0x34db4680 1
[1773159760.874013918] LOCK pid=34588 fd=14: NO_LOCK -> SHARED (fallback)
[1773159760.874015769] LOCK pid=34588 fd=14: SHARED -> SHARED
DBimpl - LOCK REQUEST: 0x34db4680 2
DBimpl - UNLOCK REQUEST: 0x34db4680 0
[1773159760.874029875] UNLOCK pid=34588 fd=14: SHARED -> NO_LOCK
DBimpl - LOCK REQUEST: 0x34db4680 1
[1773159760.874454733] LOCK pid=34585 fd=8: NO_LOCK -> SHARED (fallback)
[1773159760.874461386] LOCK pid=34585 fd=8: SHARED -> SHARED
DBimpl - UNLOCK REQUEST: 0x34db4680 0
[1773159760.874662210] UNLOCK pid=34585 fd=8: SHARED -> NO_LOCK
DBimpl - LOCK REQUEST: 0x34db4680 1
[1773159760.874810263] LOCK pid=34586 fd=10: NO_LOCK -> SHARED (fallback)
[1773159760.874812206] LOCK pid=34586 fd=10: SHARED -> SHARED
DBimpl - LOCK REQUEST: 0x34db4680 2
DBimpl - UNLOCK REQUEST: 0x34db4680 0
[1773159760.874827782] UNLOCK pid=34586 fd=10: SHARED -> NO_LOCK
DBimpl - LOCK REQUEST: 0x34db4680 4
[1773159760.883041518] LOCK pid=34587 fd=12: RESERVED -> PENDING
[1773159760.883043399] LOCK pid=34587 fd=12: PENDING -> EXCLUSIVE
DBimpl - UNLOCK REQUEST: 0x34db4680 1
[1773159760.883047160] UNLOCK pid=34587 fd=12: EXCLUSIVE -> SHARED
DBimpl - UNLOCK REQUEST: 0x34db4680 0
[1773159760.883050746] UNLOCK pid=34587 fd=12: SHARED -> NO_LOCK
DBimpl - LOCK REQUEST: 0x34db4680 1
[1773159760.889252088] LOCK pid=34588 fd=14: NO_LOCK -> SHARED (fallback)
[1773159760.889257037] LOCK pid=34588 fd=14: SHARED -> SHARED
DBimpl - LOCK REQUEST: 0x34db4680 2
[1773159760.889283990] LOCK pid=34588 fd=14: SHARED -> RESERVED
DBimpl - LOCK REQUEST: 0x34db4680 4
[1773159760.889518746] LOCK pid=34588 fd=14: RESERVED -> PENDING
[1773159760.889520479] LOCK pid=34588 fd=14: PENDING -> EXCLUSIVE
DBimpl - UNLOCK REQUEST: 0x34db4680 1
[1773159760.893744712] UNLOCK pid=34588 fd=14: EXCLUSIVE -> SHARED
DBimpl - UNLOCK REQUEST: 0x34db4680 0
[1773159760.893751476] UNLOCK pid=34588 fd=14: SHARED -> NO_LOCK
DBimpl - LOCK REQUEST: 0x34db4680 1
[1773159760.894612966] LOCK pid=34584 fd=6: NO_LOCK -> SHARED (fallback)
[1773159760.894615268] LOCK pid=34584 fd=6: SHARED -> SHARED
DBimpl - UNLOCK REQUEST: 0x34db4680 0
[1773159760.894802524] UNLOCK pid=34584 fd=6: SHARED -> NO_LOCK
DBimpl - LOCK REQUEST: 0x34db4680 1
[1773159760.896960820] LOCK pid=34587 fd=12: NO_LOCK -> SHARED (fallback)
[1773159760.896965073] LOCK pid=34587 fd=12: SHARED -> SHARED
DBimpl - LOCK REQUEST: 0x34db4680 2
[1773159760.896987565] LOCK pid=34587 fd=12: SHARED -> RESERVED
DBimpl - LOCK REQUEST: 0x34db4680 1
[1773159760.898183120] LOCK pid=34588 fd=14: NO_LOCK -> SHARED (fallback)
[1773159760.898185087] LOCK pid=34588 fd=14: SHARED -> SHARED
DBimpl - LOCK REQUEST: 0x34db4680 2
DBimpl - UNLOCK REQUEST: 0x34db4680 0
[1773159760.898200310] UNLOCK pid=34588 fd=14: SHARED -> NO_LOCK
DBimpl - LOCK REQUEST: 0x34db4680 1
[1773159760.898274178] LOCK pid=34585 fd=8: NO_LOCK -> SHARED (fallback)
[1773159760.898276436] LOCK pid=34585 fd=8: SHARED -> SHARED
DBimpl - UNLOCK REQUEST: 0x34db4680 0
[1773159760.898512322] UNLOCK pid=34585 fd=8: SHARED -> NO_LOCK
DBimpl - LOCK REQUEST: 0x34db4680 1
[1773159760.899280175] LOCK pid=34588 fd=14: NO_LOCK -> SHARED (fallback)
[1773159760.899281263] LOCK pid=34588 fd=14: SHARED -> SHARED
DBimpl - LOCK REQUEST: 0x34db4680 2
DBimpl - UNLOCK REQUEST: 0x34db4680 0
[1773159760.899290471] UNLOCK pid=34588 fd=14: SHARED -> NO_LOCK
DBimpl - LOCK REQUEST: 0x34db4680 1
[1773159760.901382956] LOCK pid=34588 fd=14: NO_LOCK -> SHARED (fallback)
[1773159760.901385152] LOCK pid=34588 fd=14: SHARED -> SHARED
DBimpl - LOCK REQUEST: 0x34db4680 2
DBimpl - UNLOCK REQUEST: 0x34db4680 0
[1773159760.901401877] UNLOCK pid=34588 fd=14: SHARED -> NO_LOCK
DBimpl - LOCK REQUEST: 0x34db4680 1
[1773159760.904743188] LOCK pid=34584 fd=6: NO_LOCK -> SHARED (fallback)
[1773159760.904746509] LOCK pid=34584 fd=6: SHARED -> SHARED
DBimpl - UNLOCK REQUEST: 0x34db4680 0
[1773159760.904966619] UNLOCK pid=34584 fd=6: SHARED -> NO_LOCK
DBimpl - LOCK REQUEST: 0x34db4680 1
[1773159760.906119771] LOCK pid=34584 fd=6: NO_LOCK -> SHARED (fallback)
[1773159760.906121132] LOCK pid=34584 fd=6: SHARED -> SHARED
DBimpl - UNLOCK REQUEST: 0x34db4680 0
[1773159760.906249942] UNLOCK pid=34584 fd=6: SHARED -> NO_LOCK
DBimpl - LOCK REQUEST: 0x34db4680 1
[1773159760.906499417] LOCK pid=34588 fd=14: NO_LOCK -> SHARED (fallback)
[1773159760.906501258] LOCK pid=34588 fd=14: SHARED -> SHARED
DBimpl - LOCK REQUEST: 0x34db4680 2
DBimpl - UNLOCK REQUEST: 0x34db4680 0
[1773159760.906525084] UNLOCK pid=34588 fd=14: SHARED -> NO_LOCK
DBimpl - LOCK REQUEST: 0x34db4680 4
[1773159760.907000523] LOCK pid=34587 fd=12: RESERVED -> PENDING
[1773159760.907002830] LOCK pid=34587 fd=12: PENDING -> EXCLUSIVE
DBimpl - UNLOCK REQUEST: 0x34db4680 1
[1773159760.909205721] UNLOCK pid=34587 fd=12: EXCLUSIVE -> SHARED
DBimpl - UNLOCK REQUEST: 0x34db4680 0
[1773159760.909211053] UNLOCK pid=34587 fd=12: SHARED -> NO_LOCK
DBimpl - LOCK REQUEST: 0x34db4680 1
[1773159760.910197247] LOCK pid=34585 fd=8: NO_LOCK -> SHARED (fallback)
[1773159760.910199710] LOCK pid=34585 fd=8: SHARED -> SHARED
DBimpl - UNLOCK REQUEST: 0x34db4680 0
[1773159760.910430059] UNLOCK pid=34585 fd=8: SHARED -> NO_LOCK
DBimpl - LOCK REQUEST: 0x34db4680 1
[1773159760.911239671] LOCK pid=34585 fd=8: NO_LOCK -> SHARED (fallback)
[1773159760.911241644] LOCK pid=34585 fd=8: SHARED -> SHARED
DBimpl - UNLOCK REQUEST: 0x34db4680 0
[1773159760.911461225] UNLOCK pid=34585 fd=8: SHARED -> NO_LOCK
DBimpl - LOCK REQUEST: 0x34db4680 1
[1773159760.911470471] LOCK pid=34587 fd=12: NO_LOCK -> SHARED (fallback)
[1773159760.911472573] LOCK pid=34587 fd=12: SHARED -> SHARED
DBimpl - LOCK REQUEST: 0x34db4680 2
[1773159760.911482966] LOCK pid=34587 fd=12: SHARED -> RESERVED
DBimpl - LOCK REQUEST: 0x34db4680 4
[1773159760.912570838] LOCK pid=34587 fd=12: RESERVED -> PENDING
[1773159760.912572852] LOCK pid=34587 fd=12: PENDING -> EXCLUSIVE
DBimpl - UNLOCK REQUEST: 0x34db4680 1
[1773159760.912576914] UNLOCK pid=34587 fd=12: EXCLUSIVE -> SHARED
DBimpl - UNLOCK REQUEST: 0x34db4680 0
[1773159760.912580670] UNLOCK pid=34587 fd=12: SHARED -> NO_LOCK
DBimpl - LOCK REQUEST: 0x34db4680 1
[1773159760.916641802] LOCK pid=34588 fd=14: NO_LOCK -> SHARED (fallback)
[1773159760.916643368] LOCK pid=34588 fd=14: SHARED -> SHARED
DBimpl - LOCK REQUEST: 0x34db4680 2
[1773159760.916652361] LOCK pid=34588 fd=14: SHARED -> RESERVED
DBimpl - LOCK REQUEST: 0x34db4680 4
[1773159760.916803799] LOCK pid=34588 fd=14: RESERVED -> PENDING
[1773159760.916805620] LOCK pid=34588 fd=14: PENDING -> EXCLUSIVE
DBimpl - UNLOCK REQUEST: 0x34db4680 1
[1773159760.918462656] UNLOCK pid=34588 fd=14: EXCLUSIVE -> SHARED
DBimpl - UNLOCK REQUEST: 0x34db4680 0
[1773159760.918468043] UNLOCK pid=34588 fd=14: SHARED -> NO_LOCK
DBimpl - LOCK REQUEST: 0x34db4680 1
[1773159760.919251214] LOCK pid=34585 fd=8: NO_LOCK -> SHARED (fallback)
[1773159760.919253574] LOCK pid=34585 fd=8: SHARED -> SHARED
DBimpl - UNLOCK REQUEST: 0x34db4680 0
[1773159760.919463168] UNLOCK pid=34585 fd=8: SHARED -> NO_LOCK
DBimpl - LOCK REQUEST: 0x34db4680 1
[1773159760.922258881] LOCK pid=34585 fd=8: NO_LOCK -> SHARED (fallback)
[1773159760.922260960] LOCK pid=34585 fd=8: SHARED -> SHARED
DBimpl - UNLOCK REQUEST: 0x34db4680 0
[1773159760.922446821] UNLOCK pid=34585 fd=8: SHARED -> NO_LOCK
DBimpl - LOCK REQUEST: 0x34db4680 1
[1773159760.926433115] LOCK pid=34584 fd=6: NO_LOCK -> SHARED (fallback)
[1773159760.926434777] LOCK pid=34584 fd=6: SHARED -> SHARED
DBimpl - UNLOCK REQUEST: 0x34db4680 0
[1773159760.926574989] UNLOCK pid=34584 fd=6: SHARED -> NO_LOCK
DBimpl - LOCK REQUEST: 0x34db4680 1
[1773159760.928972630] LOCK pid=34585 fd=8: NO_LOCK -> SHARED (fallback)
[1773159760.928975420] LOCK pid=34585 fd=8: SHARED -> SHARED
DBimpl - UNLOCK REQUEST: 0x34db4680 0
[1773159760.929177448] UNLOCK pid=34585 fd=8: SHARED -> NO_LOCK
DBimpl - LOCK REQUEST: 0x34db4680 1
[1773159760.929315515] LOCK pid=34587 fd=12: NO_LOCK -> SHARED (fallback)
[1773159760.929317374] LOCK pid=34587 fd=12: SHARED -> SHARED
DBimpl - LOCK REQUEST: 0x34db4680 2
[1773159760.929329545] LOCK pid=34587 fd=12: SHARED -> RESERVED
DBimpl - LOCK REQUEST: 0x34db4680 4
[1773159760.932172207] LOCK pid=34587 fd=12: RESERVED -> PENDING
[1773159760.932173942] LOCK pid=34587 fd=12: PENDING -> EXCLUSIVE
DBimpl - LOCK REQUEST: 0x34db4680 1
DBimpl - LOCK REQUEST: 0x34db4680 1
DBimpl - UNLOCK REQUEST: 0x34db4680 1
[1773159760.935105935] UNLOCK pid=34587 fd=12: EXCLUSIVE -> SHARED
DBimpl - UNLOCK REQUEST: 0x34db4680 0
[1773159760.935111041] UNLOCK pid=34587 fd=12: SHARED -> NO_LOCK
DBimpl - LOCK REQUEST: 0x34db4680 1
[1773159760.935858645] LOCK pid=34584 fd=6: NO_LOCK -> SHARED (fallback)
[1773159760.935860100] LOCK pid=34584 fd=6: SHARED -> SHARED
DBimpl - UNLOCK REQUEST: 0x34db4680 0
[1773159760.936023741] UNLOCK pid=34584 fd=6: SHARED -> NO_LOCK
DBimpl - LOCK REQUEST: 0x34db4680 1
[1773159760.939961940] LOCK pid=34585 fd=8: NO_LOCK -> SHARED (fallback)
[1773159760.939964499] LOCK pid=34585 fd=8: SHARED -> SHARED
DBimpl - UNLOCK REQUEST: 0x34db4680 0
[1773159760.940165358] UNLOCK pid=34585 fd=8: SHARED -> NO_LOCK
DBimpl - LOCK REQUEST: 0x34db4680 1
[1773159760.942297273] LOCK pid=34584 fd=6: NO_LOCK -> SHARED (fallback)
[1773159760.942298415] LOCK pid=34584 fd=6: SHARED -> SHARED
DBimpl - UNLOCK REQUEST: 0x34db4680 0
[1773159760.942439547] UNLOCK pid=34584 fd=6: SHARED -> NO_LOCK
DBimpl - LOCK REQUEST: 0x34db4680 1
[1773159760.947186457] LOCK pid=34588 fd=14: NO_LOCK -> SHARED (fallback)
[1773159760.947188505] LOCK pid=34588 fd=14: SHARED -> SHARED
DBimpl - LOCK REQUEST: 0x34db4680 2
[1773159760.947200592] LOCK pid=34588 fd=14: SHARED -> RESERVED
DBimpl - LOCK REQUEST: 0x34db4680 4
[1773159760.947324782] LOCK pid=34588 fd=14: RESERVED -> PENDING
[1773159760.947326624] LOCK pid=34588 fd=14: PENDING -> EXCLUSIVE
DBimpl - UNLOCK REQUEST: 0x34db4680 1
[1773159760.949592234] UNLOCK pid=34588 fd=14: EXCLUSIVE -> SHARED
DBimpl - UNLOCK REQUEST: 0x34db4680 0
[1773159760.949597392] UNLOCK pid=34588 fd=14: SHARED -> NO_LOCK
DBimpl - LOCK REQUEST: 0x34db4680 1
[1773159760.950127725] LOCK pid=34588 fd=14: NO_LOCK -> SHARED (fallback)
[1773159760.950129158] LOCK pid=34588 fd=14: SHARED -> SHARED
DBimpl - LOCK REQUEST: 0x34db4680 2
[1773159760.950138918] LOCK pid=34588 fd=14: SHARED -> RESERVED
DBimpl - LOCK REQUEST: 0x34db4680 4
[1773159760.950237846] LOCK pid=34588 fd=14: RESERVED -> PENDING
[1773159760.950239658] LOCK pid=34588 fd=14: PENDING -> EXCLUSIVE
DBimpl - UNLOCK REQUEST: 0x34db4680 1
[1773159760.951937864] UNLOCK pid=34588 fd=14: EXCLUSIVE -> SHARED
DBimpl - UNLOCK REQUEST: 0x34db4680 0
[1773159760.951941631] UNLOCK pid=34588 fd=14: SHARED -> NO_LOCK
DBimpl - LOCK REQUEST: 0x34db4680 1
[1773159760.952245239] LOCK pid=34585 fd=8: NO_LOCK -> SHARED (fallback)
[1773159760.952247971] LOCK pid=34585 fd=8: SHARED -> SHARED
DBimpl - UNLOCK REQUEST: 0x34db4680 0
[1773159760.952456815] UNLOCK pid=34585 fd=8: SHARED -> NO_LOCK
DBimpl - LOCK REQUEST: 0x34db4680 1
[1773159760.954177284] LOCK pid=34587 fd=12: NO_LOCK -> SHARED (fallback)
[1773159760.954179310] LOCK pid=34587 fd=12: SHARED -> SHARED
DBimpl - LOCK REQUEST: 0x34db4680 2
[1773159760.954191045] LOCK pid=34587 fd=12: SHARED -> RESERVED
DBimpl - LOCK REQUEST: 0x34db4680 1
[1773159760.954847356] LOCK pid=34588 fd=14: NO_LOCK -> SHARED (fallback)
[1773159760.954849038] LOCK pid=34588 fd=14: SHARED -> SHARED
DBimpl - LOCK REQUEST: 0x34db4680 2
DBimpl - UNLOCK REQUEST: 0x34db4680 0
[1773159760.954859455] UNLOCK pid=34588 fd=14: SHARED -> NO_LOCK
DBimpl - LOCK REQUEST: 0x34db4680 1
[1773159760.955916976] LOCK pid=34588 fd=14: NO_LOCK -> SHARED (fallback)
[1773159760.955918098] LOCK pid=34588 fd=14: SHARED -> SHARED
DBimpl - LOCK REQUEST: 0x34db4680 2
DBimpl - UNLOCK REQUEST: 0x34db4680 0
[1773159760.955925858] UNLOCK pid=34588 fd=14: SHARED -> NO_LOCK
DBimpl - LOCK REQUEST: 0x34db4680 1
[1773159760.956040501] LOCK pid=34584 fd=6: NO_LOCK -> SHARED (fallback)
[1773159760.956042772] LOCK pid=34584 fd=6: SHARED -> SHARED
DBimpl - UNLOCK REQUEST: 0x34db4680 0
[1773159760.956215804] UNLOCK pid=34584 fd=6: SHARED -> NO_LOCK
DBimpl - LOCK REQUEST: 0x34db4680 1
[1773159760.957985408] LOCK pid=34588 fd=14: NO_LOCK -> SHARED (fallback)
[1773159760.957986767] LOCK pid=34588 fd=14: SHARED -> SHARED
DBimpl - LOCK REQUEST: 0x34db4680 2
DBimpl - UNLOCK REQUEST: 0x34db4680 0
[1773159760.957996301] UNLOCK pid=34588 fd=14: SHARED -> NO_LOCK
DBimpl - LOCK REQUEST: 0x34db4680 4
[1773159760.958287238] LOCK pid=34587 fd=12: RESERVED -> PENDING
[1773159760.958289195] LOCK pid=34587 fd=12: PENDING -> EXCLUSIVE
DBimpl - UNLOCK REQUEST: 0x34db4680 1
[1773159760.960083637] UNLOCK pid=34587 fd=12: EXCLUSIVE -> SHARED
DBimpl - UNLOCK REQUEST: 0x34db4680 0
[1773159760.960091614] UNLOCK pid=34587 fd=12: SHARED -> NO_LOCK
DBimpl - LOCK REQUEST: 0x34db4680 1
[1773159760.961653576] LOCK pid=34585 fd=8: NO_LOCK -> SHARED (fallback)
[1773159760.961656059] LOCK pid=34585 fd=8: SHARED -> SHARED
DBimpl - UNLOCK REQUEST: 0x34db4680 0
[1773159760.961877925] UNLOCK pid=34585 fd=8: SHARED -> NO_LOCK
DBimpl - LOCK REQUEST: 0x34db4680 1
[1773159760.963096209] LOCK pid=34588 fd=14: NO_LOCK -> SHARED (fallback)
[1773159760.963097724] LOCK pid=34588 fd=14: SHARED -> SHARED
DBimpl - LOCK REQUEST: 0x34db4680 2
[1773159760.963106703] LOCK pid=34588 fd=14: SHARED -> RESERVED
DBimpl - LOCK REQUEST: 0x34db4680 4
[1773159760.963221581] LOCK pid=34588 fd=14: RESERVED -> PENDING
[1773159760.963223275] LOCK pid=34588 fd=14: PENDING -> EXCLUSIVE
DBimpl - UNLOCK REQUEST: 0x34db4680 1
[1773159760.964885951] UNLOCK pid=34588 fd=14: EXCLUSIVE -> SHARED
DBimpl - UNLOCK REQUEST: 0x34db4680 0
[1773159760.964889544] UNLOCK pid=34588 fd=14: SHARED -> NO_LOCK
DBimpl - LOCK REQUEST: 0x34db4680 1
[1773159760.967452760] LOCK pid=34584 fd=6: NO_LOCK -> SHARED (fallback)
[1773159760.967454360] LOCK pid=34584 fd=6: SHARED -> SHARED
DBimpl - UNLOCK REQUEST: 0x34db4680 0
[1773159760.967597257] UNLOCK pid=34584 fd=6: SHARED -> NO_LOCK
DBimpl - LOCK REQUEST: 0x34db4680 1
[1773159760.972872378] LOCK pid=34588 fd=14: NO_LOCK -> SHARED (fallback)
[1773159760.972873694] LOCK pid=34588 fd=14: SHARED -> SHARED
DBimpl - LOCK REQUEST: 0x34db4680 2
[1773159760.972880800] LOCK pid=34588 fd=14: SHARED -> RESERVED
DBimpl - LOCK REQUEST: 0x34db4680 4
[1773159760.972971743] LOCK pid=34588 fd=14: RESERVED -> PENDING
[1773159760.972973419] LOCK pid=34588 fd=14: PENDING -> EXCLUSIVE
DBimpl - LOCK REQUEST: 0x34db4680 1
DBimpl - LOCK REQUEST: 0x34db4680 1
DBimpl - UNLOCK REQUEST: 0x34db4680 1
DBimpl - LOCK REQUEST: 0x34db4680 1
[1773159760.974895126] UNLOCK pid=34588 fd=14: EXCLUSIVE -> SHARED
DBimpl - UNLOCK REQUEST: 0x34db4680 0
[1773159760.974900651] UNLOCK pid=34588 fd=14: SHARED -> NO_LOCK
[1773159760.974900151] LOCK pid=34585 fd=8: NO_LOCK -> SHARED (fallback)
[1773159760.974902929] LOCK pid=34585 fd=8: SHARED -> SHARED
DBimpl - UNLOCK REQUEST: 0x34db4680 0
[1773159760.975065777] UNLOCK pid=34585 fd=8: SHARED -> NO_LOCK
DBimpl - LOCK REQUEST: 0x34db4680 1
[1773159760.979139238] LOCK pid=34587 fd=12: NO_LOCK -> SHARED (fallback)
[1773159760.979140855] LOCK pid=34587 fd=12: SHARED -> SHARED
DBimpl - LOCK REQUEST: 0x34db4680 2
[1773159760.979150296] LOCK pid=34587 fd=12: SHARED -> RESERVED
DBimpl - LOCK REQUEST: 0x34db4680 1
[1773159760.980941554] LOCK pid=34585 fd=8: NO_LOCK -> SHARED (fallback)
[1773159760.980943354] LOCK pid=34585 fd=8: SHARED -> SHARED
DBimpl - UNLOCK REQUEST: 0x34db4680 0
[1773159760.981104690] UNLOCK pid=34585 fd=8: SHARED -> NO_LOCK
DBimpl - LOCK REQUEST: 0x34db4680 1
[1773159760.981774354] LOCK pid=34584 fd=6: NO_LOCK -> SHARED (fallback)
[1773159760.981776096] LOCK pid=34584 fd=6: SHARED -> SHARED
DBimpl - UNLOCK REQUEST: 0x34db4680 0
[1773159760.981911864] UNLOCK pid=34584 fd=6: SHARED -> NO_LOCK
DBimpl - LOCK REQUEST: 0x34db4680 1
[1773159760.984406572] LOCK pid=34588 fd=14: NO_LOCK -> SHARED (fallback)
[1773159760.984407965] LOCK pid=34588 fd=14: SHARED -> SHARED
DBimpl - LOCK REQUEST: 0x34db4680 2
DBimpl - UNLOCK REQUEST: 0x34db4680 0
[1773159760.984417828] UNLOCK pid=34588 fd=14: SHARED -> NO_LOCK
DBimpl - LOCK REQUEST: 0x34db4680 1
[1773159760.985515014] LOCK pid=34588 fd=14: NO_LOCK -> SHARED (fallback)
[1773159760.985516141] LOCK pid=34588 fd=14: SHARED -> SHARED
DBimpl - LOCK REQUEST: 0x34db4680 2
DBimpl - UNLOCK REQUEST: 0x34db4680 0
[1773159760.985523784] UNLOCK pid=34588 fd=14: SHARED -> NO_LOCK
DBimpl - LOCK REQUEST: 0x34db4680 4
[1773159760.986079425] LOCK pid=34587 fd=12: RESERVED -> PENDING
[1773159760.986081442] LOCK pid=34587 fd=12: PENDING -> EXCLUSIVE
DBimpl - LOCK REQUEST: 0x34db4680 1
DBimpl - UNLOCK REQUEST: 0x34db4680 1
[1773159760.988190893] UNLOCK pid=34587 fd=12: EXCLUSIVE -> SHARED
DBimpl - UNLOCK REQUEST: 0x34db4680 0
[1773159760.988195046] UNLOCK pid=34587 fd=12: SHARED -> NO_LOCK
DBimpl - LOCK REQUEST: 0x34db4680 1
[1773159760.990667847] LOCK pid=34587 fd=12: NO_LOCK -> SHARED (fallback)
[1773159760.990669187] LOCK pid=34587 fd=12: SHARED -> SHARED
DBimpl - LOCK REQUEST: 0x34db4680 2
[1773159760.990678012] LOCK pid=34587 fd=12: SHARED -> RESERVED
DBimpl - LOCK REQUEST: 0x34db4680 1
[1773159760.991247857] LOCK pid=34584 fd=6: NO_LOCK -> SHARED (fallback)
[1773159760.991249988] LOCK pid=34584 fd=6: SHARED -> SHARED
DBimpl - UNLOCK REQUEST: 0x34db4680 0
[1773159760.991419080] UNLOCK pid=34584 fd=6: SHARED -> NO_LOCK
DBimpl - LOCK REQUEST: 0x34db4680 1
[1773159760.992699110] LOCK pid=34588 fd=14: NO_LOCK -> SHARED (fallback)
[1773159760.992701445] LOCK pid=34588 fd=14: SHARED -> SHARED
DBimpl - LOCK REQUEST: 0x34db4680 2
DBimpl - UNLOCK REQUEST: 0x34db4680 0
[1773159760.992722697] UNLOCK pid=34588 fd=14: SHARED -> NO_LOCK
DBimpl - LOCK REQUEST: 0x34db4680 4
[1773159760.993634699] LOCK pid=34587 fd=12: RESERVED -> PENDING
[1773159760.993637892] LOCK pid=34587 fd=12: PENDING -> EXCLUSIVE
DBimpl - UNLOCK REQUEST: 0x34db4680 1
[1773159760.993643220] UNLOCK pid=34587 fd=12: EXCLUSIVE -> SHARED
DBimpl - UNLOCK REQUEST: 0x34db4680 0
[1773159760.993647779] UNLOCK pid=34587 fd=12: SHARED -> NO_LOCK
DBimpl - LOCK REQUEST: 0x34db4680 1
[1773159760.996926676] LOCK pid=34587 fd=12: NO_LOCK -> SHARED (fallback)
[1773159760.996930026] LOCK pid=34587 fd=12: SHARED -> SHARED
DBimpl - LOCK REQUEST: 0x34db4680 2
[1773159760.996949905] LOCK pid=34587 fd=12: SHARED -> RESERVED
DBimpl - LOCK REQUEST: 0x34db4680 4
[1773159760.998163975] LOCK pid=34587 fd=12: RESERVED -> PENDING
[1773159760.998167360] LOCK pid=34587 fd=12: PENDING -> EXCLUSIVE
DBimpl - UNLOCK REQUEST: 0x34db4680 1
[1773159760.998174941] UNLOCK pid=34587 fd=12: EXCLUSIVE -> SHARED
DBimpl - UNLOCK REQUEST: 0x34db4680 0
[1773159760.998181368] UNLOCK pid=34587 fd=12: SHARED -> NO_LOCK
DBimpl - LOCK REQUEST: 0x34db4680 1
[1773159760.999770370] LOCK pid=34584 fd=6: NO_LOCK -> SHARED (fallback)
[1773159760.999773278] LOCK pid=34584 fd=6: SHARED -> SHARED
DBimpl - UNLOCK REQUEST: 0x34db4680 0
[1773159761.000083696] UNLOCK pid=34584 fd=6: SHARED -> NO_LOCK
DBimpl - LOCK REQUEST: 0x34db4680 1
[1773159761.001364173] LOCK pid=34584 fd=6: NO_LOCK -> SHARED (fallback)
[1773159761.001367646] LOCK pid=34584 fd=6: SHARED -> SHARED
DBimpl - UNLOCK REQUEST: 0x34db4680 0
[1773159761.001671643] UNLOCK pid=34584 fd=6: SHARED -> NO_LOCK
DBimpl - LOCK REQUEST: 0x34db4680 1
[1773159761.002378638] LOCK pid=34585 fd=8: NO_LOCK -> SHARED (fallback)
[1773159761.002381313] LOCK pid=34585 fd=8: SHARED -> SHARED
DBimpl - UNLOCK REQUEST: 0x34db4680 0
[1773159761.002630434] UNLOCK pid=34585 fd=8: SHARED -> NO_LOCK
DBimpl - LOCK REQUEST: 0x34db4680 1
[1773159761.002820753] LOCK pid=34588 fd=14: NO_LOCK -> SHARED (fallback)
[1773159761.002824284] LOCK pid=34588 fd=14: SHARED -> SHARED
DBimpl - LOCK REQUEST: 0x34db4680 2
[1773159761.002838641] LOCK pid=34588 fd=14: SHARED -> RESERVED
DBimpl - LOCK REQUEST: 0x34db4680 1
[1773159761.002968774] LOCK pid=34584 fd=6: NO_LOCK -> SHARED (fallback)
[1773159761.002970952] LOCK pid=34584 fd=6: SHARED -> SHARED
DBimpl - LOCK REQUEST: 0x34db4680 4
[1773159761.003032663] LOCK pid=34588 fd=14: RESERVED -> PENDING
DBimpl - UNLOCK REQUEST: 0x34db4680 0
[1773159761.003242615] UNLOCK pid=34584 fd=6: SHARED -> NO_LOCK
DBimpl - LOCK REQUEST: 0x34db4680 4
[1773159761.004121135] LOCK pid=34588 fd=14: PENDING -> EXCLUSIVE
DBimpl - LOCK REQUEST: 0x34db4680 1
DBimpl - LOCK REQUEST: 0x34db4680 1
DBimpl - LOCK REQUEST: 0x34db4680 1
DBimpl - UNLOCK REQUEST: 0x34db4680 1
[1773159761.006118755] UNLOCK pid=34588 fd=14: EXCLUSIVE -> SHARED
DBimpl - UNLOCK REQUEST: 0x34db4680 0
[1773159761.006123258] UNLOCK pid=34588 fd=14: SHARED -> NO_LOCK
DBimpl - LOCK REQUEST: 0x34db4680 1
[1773159761.007190699] LOCK pid=34584 fd=6: NO_LOCK -> SHARED (fallback)
[1773159761.007193835] LOCK pid=34584 fd=6: SHARED -> SHARED
DBimpl - LOCK REQUEST: 0x34db4680 1
[1773159761.007240018] LOCK pid=34588 fd=14: NO_LOCK -> SHARED (fallback)
[1773159761.007245634] LOCK pid=34588 fd=14: SHARED -> SHARED
DBimpl - LOCK REQUEST: 0x34db4680 2
[1773159761.007253815] LOCK pid=34588 fd=14: SHARED -> RESERVED
DBimpl - LOCK REQUEST: 0x34db4680 4
[1773159761.007370223] LOCK pid=34588 fd=14: RESERVED -> PENDING
DBimpl - UNLOCK REQUEST: 0x34db4680 0
[1773159761.007487853] UNLOCK pid=34584 fd=6: SHARED -> NO_LOCK
DBimpl - LOCK REQUEST: 0x34db4680 1
DBimpl - LOCK REQUEST: 0x34db4680 4
[1773159761.008435590] LOCK pid=34588 fd=14: PENDING -> EXCLUSIVE
DBimpl - UNLOCK REQUEST: 0x34db4680 1
[1773159761.010456200] UNLOCK pid=34588 fd=14: EXCLUSIVE -> SHARED
DBimpl - UNLOCK REQUEST: 0x34db4680 0
[1773159761.010463618] UNLOCK pid=34588 fd=14: SHARED -> NO_LOCK
DBimpl - LOCK REQUEST: 0x34db4680 1
[1773159761.012230960] LOCK pid=34585 fd=8: NO_LOCK -> SHARED (fallback)
[1773159761.012233289] LOCK pid=34585 fd=8: SHARED -> SHARED
DBimpl - UNLOCK REQUEST: 0x34db4680 0
[1773159761.012410607] UNLOCK pid=34585 fd=8: SHARED -> NO_LOCK
DBimpl - LOCK REQUEST: 0x34db4680 1
[1773159761.013106564] LOCK pid=34584 fd=6: NO_LOCK -> SHARED (fallback)
[1773159761.013108812] LOCK pid=34584 fd=6: SHARED -> SHARED
DBimpl - LOCK REQUEST: 0x34db4680 1
[1773159761.013263668] LOCK pid=34587 fd=12: NO_LOCK -> SHARED (fallback)
[1773159761.013266061] LOCK pid=34587 fd=12: SHARED -> SHARED
DBimpl - LOCK REQUEST: 0x34db4680 2
[1773159761.013280431] LOCK pid=34587 fd=12: SHARED -> RESERVED
DBimpl - UNLOCK REQUEST: 0x34db4680 0
[1773159761.013297683] UNLOCK pid=34584 fd=6: SHARED -> NO_LOCK
DBimpl - LOCK REQUEST: 0x34db4680 1
[1773159761.016082624] LOCK pid=34588 fd=14: NO_LOCK -> SHARED (fallback)
[1773159761.016084547] LOCK pid=34588 fd=14: SHARED -> SHARED
DBimpl - LOCK REQUEST: 0x34db4680 2
DBimpl - UNLOCK REQUEST: 0x34db4680 0
[1773159761.016097027] UNLOCK pid=34588 fd=14: SHARED -> NO_LOCK
DBimpl - LOCK REQUEST: 0x34db4680 1
[1773159761.016466822] LOCK pid=34585 fd=8: NO_LOCK -> SHARED (fallback)
[1773159761.016468653] LOCK pid=34585 fd=8: SHARED -> SHARED
DBimpl - UNLOCK REQUEST: 0x34db4680 0
[1773159761.016634483] UNLOCK pid=34585 fd=8: SHARED -> NO_LOCK
DBimpl - LOCK REQUEST: 0x34db4680 1
[1773159761.017183180] LOCK pid=34588 fd=14: NO_LOCK -> SHARED (fallback)
[1773159761.017184489] LOCK pid=34588 fd=14: SHARED -> SHARED
DBimpl - LOCK REQUEST: 0x34db4680 2
DBimpl - UNLOCK REQUEST: 0x34db4680 0
[1773159761.017193029] UNLOCK pid=34588 fd=14: SHARED -> NO_LOCK
DBimpl - LOCK REQUEST: 0x34db4680 1
[1773159761.019278077] LOCK pid=34588 fd=14: NO_LOCK -> SHARED (fallback)
[1773159761.019279343] LOCK pid=34588 fd=14: SHARED -> SHARED
DBimpl - LOCK REQUEST: 0x34db4680 2
DBimpl - UNLOCK REQUEST: 0x34db4680 0
[1773159761.019287364] UNLOCK pid=34588 fd=14: SHARED -> NO_LOCK
DBimpl - LOCK REQUEST: 0x34db4680 1
[1773159761.021241945] LOCK pid=34585 fd=8: NO_LOCK -> SHARED (fallback)
[1773159761.021243935] LOCK pid=34585 fd=8: SHARED -> SHARED
DBimpl - UNLOCK REQUEST: 0x34db4680 0
[1773159761.021420719] UNLOCK pid=34585 fd=8: SHARED -> NO_LOCK
DBimpl - LOCK REQUEST: 0x34db4680 1
[1773159761.024368545] LOCK pid=34588 fd=14: NO_LOCK -> SHARED (fallback)
[1773159761.024369915] LOCK pid=34588 fd=14: SHARED -> SHARED
DBimpl - LOCK REQUEST: 0x34db4680 2
DBimpl - UNLOCK REQUEST: 0x34db4680 0
[1773159761.024379335] UNLOCK pid=34588 fd=14: SHARED -> NO_LOCK
DBimpl - LOCK REQUEST: 0x34db4680 4
[1773159761.026921120] LOCK pid=34587 fd=12: RESERVED -> PENDING
[1773159761.026923422] LOCK pid=34587 fd=12: PENDING -> EXCLUSIVE
DBimpl - UNLOCK REQUEST: 0x34db4680 1
[1773159761.028771962] UNLOCK pid=34587 fd=12: EXCLUSIVE -> SHARED
DBimpl - UNLOCK REQUEST: 0x34db4680 0
[1773159761.028776577] UNLOCK pid=34587 fd=12: SHARED -> NO_LOCK
DBimpl - LOCK REQUEST: 0x34db4680 1
[1773159761.029596908] LOCK pid=34585 fd=8: NO_LOCK -> SHARED (fallback)
[1773159761.029599097] LOCK pid=34585 fd=8: SHARED -> SHARED
DBimpl - UNLOCK REQUEST: 0x34db4680 0
[1773159761.029832233] UNLOCK pid=34585 fd=8: SHARED -> NO_LOCK
DBimpl - LOCK REQUEST: 0x34db4680 1
[1773159761.031582334] LOCK pid=34587 fd=12: NO_LOCK -> SHARED (fallback)
[1773159761.031584152] LOCK pid=34587 fd=12: SHARED -> SHARED
DBimpl - LOCK REQUEST: 0x34db4680 2
[1773159761.031597173] LOCK pid=34587 fd=12: SHARED -> RESERVED
DBimpl - LOCK REQUEST: 0x34db4680 4
[1773159761.032300698] LOCK pid=34587 fd=12: RESERVED -> PENDING
[1773159761.032302540] LOCK pid=34587 fd=12: PENDING -> EXCLUSIVE
DBimpl - UNLOCK REQUEST: 0x34db4680 1
[1773159761.032306469] UNLOCK pid=34587 fd=12: EXCLUSIVE -> SHARED
DBimpl - UNLOCK REQUEST: 0x34db4680 0
[1773159761.032309778] UNLOCK pid=34587 fd=12: SHARED -> NO_LOCK
DBimpl - LOCK REQUEST: 0x34db4680 1
[1773159761.034484213] LOCK pid=34588 fd=14: NO_LOCK -> SHARED (fallback)
[1773159761.034485887] LOCK pid=34588 fd=14: SHARED -> SHARED
DBimpl - LOCK REQUEST: 0x34db4680 2
[1773159761.034495969] LOCK pid=34588 fd=14: SHARED -> RESERVED
DBimpl - LOCK REQUEST: 0x34db4680 4
[1773159761.034631007] LOCK pid=34588 fd=14: RESERVED -> PENDING
[1773159761.034632883] LOCK pid=34588 fd=14: PENDING -> EXCLUSIVE
DBimpl - LOCK REQUEST: 0x34db4680 1
DBimpl - LOCK REQUEST: 0x34db4680 1
DBimpl - UNLOCK REQUEST: 0x34db4680 1
[1773159761.036785970] UNLOCK pid=34588 fd=14: EXCLUSIVE -> SHARED
DBimpl - UNLOCK REQUEST: 0x34db4680 0
[1773159761.036827885] UNLOCK pid=34588 fd=14: SHARED -> NO_LOCK
DBimpl - LOCK REQUEST: 0x34db4680 1
[1773159761.038281552] LOCK pid=34587 fd=12: NO_LOCK -> SHARED (fallback)
[1773159761.038283253] LOCK pid=34587 fd=12: SHARED -> SHARED
DBimpl - LOCK REQUEST: 0x34db4680 2
[1773159761.038293993] LOCK pid=34587 fd=12: SHARED -> RESERVED
DBimpl - LOCK REQUEST: 0x34db4680 1
[1773159761.038655808] LOCK pid=34585 fd=8: NO_LOCK -> SHARED (fallback)
[1773159761.038658073] LOCK pid=34585 fd=8: SHARED -> SHARED
DBimpl - UNLOCK REQUEST: 0x34db4680 0
[1773159761.038899507] UNLOCK pid=34585 fd=8: SHARED -> NO_LOCK
DBimpl - LOCK REQUEST: 0x34db4680 1
[1773159761.039853033] LOCK pid=34588 fd=14: NO_LOCK -> SHARED (fallback)
[1773159761.039854450] LOCK pid=34588 fd=14: SHARED -> SHARED
DBimpl - LOCK REQUEST: 0x34db4680 2
DBimpl - UNLOCK REQUEST: 0x34db4680 0
[1773159761.039865250] UNLOCK pid=34588 fd=14: SHARED -> NO_LOCK
DBimpl - LOCK REQUEST: 0x34db4680 1
[1773159761.040923702] LOCK pid=34588 fd=14: NO_LOCK -> SHARED (fallback)
[1773159761.040924802] LOCK pid=34588 fd=14: SHARED -> SHARED
DBimpl - LOCK REQUEST: 0x34db4680 2
DBimpl - UNLOCK REQUEST: 0x34db4680 0
[1773159761.040932531] UNLOCK pid=34588 fd=14: SHARED -> NO_LOCK
DBimpl - LOCK REQUEST: 0x34db4680 4
[1773159761.041852813] LOCK pid=34587 fd=12: RESERVED -> PENDING
[1773159761.041854701] LOCK pid=34587 fd=12: PENDING -> EXCLUSIVE
DBimpl - LOCK REQUEST: 0x34db4680 1
DBimpl - UNLOCK REQUEST: 0x34db4680 1
[1773159761.044005953] UNLOCK pid=34587 fd=12: EXCLUSIVE -> SHARED
DBimpl - UNLOCK REQUEST: 0x34db4680 0
[1773159761.044010935] UNLOCK pid=34587 fd=12: SHARED -> NO_LOCK
DBimpl - LOCK REQUEST: 0x34db4680 1
[1773159761.048134520] LOCK pid=34588 fd=14: NO_LOCK -> SHARED (fallback)
[1773159761.048136407] LOCK pid=34588 fd=14: SHARED -> SHARED
DBimpl - LOCK REQUEST: 0x34db4680 2
[1773159761.048149532] LOCK pid=34588 fd=14: SHARED -> RESERVED
DBimpl - LOCK REQUEST: 0x34db4680 4
[1773159761.048281327] LOCK pid=34588 fd=14: RESERVED -> PENDING
[1773159761.048283270] LOCK pid=34588 fd=14: PENDING -> EXCLUSIVE
DBimpl - LOCK REQUEST: 0x34db4680 1
DBimpl - UNLOCK REQUEST: 0x34db4680 1
[1773159761.050446095] UNLOCK pid=34588 fd=14: EXCLUSIVE -> SHARED
DBimpl - UNLOCK REQUEST: 0x34db4680 0
[1773159761.050450121] UNLOCK pid=34588 fd=14: SHARED -> NO_LOCK
DBimpl - LOCK REQUEST: 0x34db4680 1
[1773159761.051353231] LOCK pid=34585 fd=8: NO_LOCK -> SHARED (fallback)
[1773159761.051354945] LOCK pid=34585 fd=8: SHARED -> SHARED
DBimpl - UNLOCK REQUEST: 0x34db4680 0
[1773159761.051520028] UNLOCK pid=34585 fd=8: SHARED -> NO_LOCK
DBimpl - LOCK REQUEST: 0x34db4680 1
[1773159761.052173721] LOCK pid=34585 fd=8: NO_LOCK -> SHARED (fallback)
[1773159761.052175009] LOCK pid=34585 fd=8: SHARED -> SHARED
DBimpl - UNLOCK REQUEST: 0x34db4680 0
[1773159761.052326248] UNLOCK pid=34585 fd=8: SHARED -> NO_LOCK
DBimpl - LOCK REQUEST: 0x34db4680 1
[1773159761.054141253] LOCK pid=34584 fd=6: NO_LOCK -> SHARED (fallback)
[1773159761.054146753] LOCK pid=34584 fd=6: SHARED -> SHARED
DBimpl - UNLOCK REQUEST: 0x34db4680 0
DBimpl - LOCK REQUEST: 0x34db4680 1
[1773159761.054297545] UNLOCK pid=34584 fd=6: SHARED -> NO_LOCK
[1773159761.054298911] LOCK pid=34585 fd=8: NO_LOCK -> SHARED (fallback)
[1773159761.054300257] LOCK pid=34585 fd=8: SHARED -> SHARED
DBimpl - UNLOCK REQUEST: 0x34db4680 0
[1773159761.054439960] UNLOCK pid=34585 fd=8: SHARED -> NO_LOCK
DBimpl - LOCK REQUEST: 0x34db4680 1
[1773159761.055949136] LOCK pid=34584 fd=6: NO_LOCK -> SHARED (fallback)
[1773159761.055950535] LOCK pid=34584 fd=6: SHARED -> SHARED
DBimpl - UNLOCK REQUEST: 0x34db4680 0
[1773159761.056070132] UNLOCK pid=34584 fd=6: SHARED -> NO_LOCK
DBimpl - LOCK REQUEST: 0x34db4680 1
[1773159761.057911598] LOCK pid=34585 fd=8: NO_LOCK -> SHARED (fallback)
[1773159761.057913120] LOCK pid=34585 fd=8: SHARED -> SHARED
DBimpl - UNLOCK REQUEST: 0x34db4680 0
[1773159761.058061646] UNLOCK pid=34585 fd=8: SHARED -> NO_LOCK
DBimpl - LOCK REQUEST: 0x34db4680 1
[1773159761.059615208] LOCK pid=34585 fd=8: NO_LOCK -> SHARED (fallback)
[1773159761.059617157] LOCK pid=34585 fd=8: SHARED -> SHARED
DBimpl - UNLOCK REQUEST: 0x34db4680 0
[1773159761.059789884] UNLOCK pid=34585 fd=8: SHARED -> NO_LOCK
DBimpl - LOCK REQUEST: 0x34db4680 1
[1773159761.060050024] LOCK pid=34587 fd=12: NO_LOCK -> SHARED (fallback)
[1773159761.060051888] LOCK pid=34587 fd=12: SHARED -> SHARED
DBimpl - LOCK REQUEST: 0x34db4680 2
[1773159761.060064000] LOCK pid=34587 fd=12: SHARED -> RESERVED
DBimpl - LOCK REQUEST: 0x34db4680 4
[1773159761.061424884] LOCK pid=34587 fd=12: RESERVED -> PENDING
[1773159761.061426914] LOCK pid=34587 fd=12: PENDING -> EXCLUSIVE
DBimpl - LOCK REQUEST: 0x34db4680 1
DBimpl - LOCK REQUEST: 0x34db4680 1
DBimpl - UNLOCK REQUEST: 0x34db4680 1
[1773159761.064556339] UNLOCK pid=34587 fd=12: EXCLUSIVE -> SHARED
DBimpl - UNLOCK REQUEST: 0x34db4680 0
[1773159761.064561088] UNLOCK pid=34587 fd=12: SHARED -> NO_LOCK
DBimpl - LOCK REQUEST: 0x34db4680 1
[1773159761.064936030] LOCK pid=34585 fd=8: NO_LOCK -> SHARED (fallback)
[1773159761.064937962] LOCK pid=34585 fd=8: SHARED -> SHARED
DBimpl - UNLOCK REQUEST: 0x34db4680 0
[1773159761.065137150] UNLOCK pid=34585 fd=8: SHARED -> NO_LOCK
DBimpl - LOCK REQUEST: 0x34db4680 1
[1773159761.065232744] LOCK pid=34587 fd=12: NO_LOCK -> SHARED (fallback)
[1773159761.065234819] LOCK pid=34587 fd=12: SHARED -> SHARED
DBimpl - LOCK REQUEST: 0x34db4680 2
[1773159761.065245239] LOCK pid=34587 fd=12: SHARED -> RESERVED
DBimpl - LOCK REQUEST: 0x34db4680 1
[1773159761.066778685] LOCK pid=34588 fd=14: NO_LOCK -> SHARED (fallback)
[1773159761.066780257] LOCK pid=34588 fd=14: SHARED -> SHARED
DBimpl - LOCK REQUEST: 0x34db4680 2
DBimpl - UNLOCK REQUEST: 0x34db4680 0
[1773159761.066794578] UNLOCK pid=34588 fd=14: SHARED -> NO_LOCK
DBimpl - LOCK REQUEST: 0x34db4680 4
[1773159761.066966008] LOCK pid=34587 fd=12: RESERVED -> PENDING
[1773159761.066967935] LOCK pid=34587 fd=12: PENDING -> EXCLUSIVE
DBimpl - LOCK REQUEST: 0x34db4680 1
DBimpl - LOCK REQUEST: 0x34db4680 1
DBimpl - UNLOCK REQUEST: 0x34db4680 1
[1773159761.068785327] UNLOCK pid=34587 fd=12: EXCLUSIVE -> SHARED
DBimpl - UNLOCK REQUEST: 0x34db4680 0
[1773159761.068791052] UNLOCK pid=34587 fd=12: SHARED -> NO_LOCK
DBimpl - LOCK REQUEST: 0x34db4680 1
[1773159761.069823432] LOCK pid=34585 fd=8: NO_LOCK -> SHARED (fallback)
[1773159761.069824977] LOCK pid=34585 fd=8: SHARED -> SHARED
DBimpl - LOCK REQUEST: 0x34db4680 1
[1773159761.069915675] LOCK pid=34588 fd=14: NO_LOCK -> SHARED (fallback)
[1773159761.069917372] LOCK pid=34588 fd=14: SHARED -> SHARED
DBimpl - LOCK REQUEST: 0x34db4680 2
[1773159761.069927132] LOCK pid=34588 fd=14: SHARED -> RESERVED
DBimpl - UNLOCK REQUEST: 0x34db4680 0
DBimpl - LOCK REQUEST: 0x34db4680 4
[1773159761.070041334] UNLOCK pid=34585 fd=8: SHARED -> NO_LOCK
[1773159761.070042446] LOCK pid=34588 fd=14: RESERVED -> PENDING
[1773159761.070044271] LOCK pid=34588 fd=14: PENDING -> EXCLUSIVE
DBimpl - LOCK REQUEST: 0x34db4680 1
DBimpl - LOCK REQUEST: 0x34db4680 1
DBimpl - UNLOCK REQUEST: 0x34db4680 1
[1773159761.073905127] UNLOCK pid=34588 fd=14: EXCLUSIVE -> SHARED
DBimpl - UNLOCK REQUEST: 0x34db4680 0
[1773159761.073909359] UNLOCK pid=34588 fd=14: SHARED -> NO_LOCK
DBimpl - LOCK REQUEST: 0x34db4680 1
[1773159761.074583161] LOCK pid=34584 fd=6: NO_LOCK -> SHARED (fallback)
[1773159761.074584972] LOCK pid=34584 fd=6: SHARED -> SHARED
DBimpl - UNLOCK REQUEST: 0x34db4680 0
[1773159761.074740796] UNLOCK pid=34584 fd=6: SHARED -> NO_LOCK
DBimpl - LOCK REQUEST: 0x34db4680 1
[1773159761.074957823] LOCK pid=34586 fd=10: NO_LOCK -> SHARED (fallback)
[1773159761.074959168] LOCK pid=34586 fd=10: SHARED -> SHARED
DBimpl - LOCK REQUEST: 0x34db4680 2
[1773159761.074968746] LOCK pid=34586 fd=10: SHARED -> RESERVED
DBimpl - LOCK REQUEST: 0x34db4680 4
[1773159761.075747908] LOCK pid=34586 fd=10: RESERVED -> PENDING
[1773159761.075750008] LOCK pid=34586 fd=10: PENDING -> EXCLUSIVE
DBimpl - UNLOCK REQUEST: 0x34db4680 1
[1773159761.077833489] UNLOCK pid=34586 fd=10: EXCLUSIVE -> SHARED
DBimpl - UNLOCK REQUEST: 0x34db4680 0
[1773159761.077837392] UNLOCK pid=34586 fd=10: SHARED -> NO_LOCK
DBimpl - LOCK REQUEST: 0x34db4680 1
[1773159761.078922240] LOCK pid=34588 fd=14: NO_LOCK -> SHARED (fallback)
[1773159761.078923855] LOCK pid=34588 fd=14: SHARED -> SHARED
DBimpl - LOCK REQUEST: 0x34db4680 2
[1773159761.078934296] LOCK pid=34588 fd=14: SHARED -> RESERVED
DBimpl - LOCK REQUEST: 0x34db4680 4
[1773159761.079023215] LOCK pid=34588 fd=14: RESERVED -> PENDING
[1773159761.079024900] LOCK pid=34588 fd=14: PENDING -> EXCLUSIVE
DBimpl - UNLOCK REQUEST: 0x34db4680 1
[1773159761.080788735] UNLOCK pid=34588 fd=14: EXCLUSIVE -> SHARED
DBimpl - UNLOCK REQUEST: 0x34db4680 0
[1773159761.080792551] UNLOCK pid=34588 fd=14: SHARED -> NO_LOCK
DBimpl - LOCK REQUEST: 0x34db4680 1
[1773159761.081108801] LOCK pid=34586 fd=10: NO_LOCK -> SHARED (fallback)
[1773159761.081110161] LOCK pid=34586 fd=10: SHARED -> SHARED
DBimpl - LOCK REQUEST: 0x34db4680 2
[1773159761.081120693] LOCK pid=34586 fd=10: SHARED -> RESERVED
DBimpl - LOCK REQUEST: 0x34db4680 4
[1773159761.081910240] LOCK pid=34586 fd=10: RESERVED -> PENDING
[1773159761.081912108] LOCK pid=34586 fd=10: PENDING -> EXCLUSIVE
DBimpl - LOCK REQUEST: 0x34db4680 1
DBimpl - LOCK REQUEST: 0x34db4680 1
DBimpl - LOCK REQUEST: 0x34db4680 1
DBimpl - UNLOCK REQUEST: 0x34db4680 1
[1773159761.084051424] UNLOCK pid=34586 fd=10: EXCLUSIVE -> SHARED
DBimpl - UNLOCK REQUEST: 0x34db4680 0
[1773159761.084055291] UNLOCK pid=34586 fd=10: SHARED -> NO_LOCK
DBimpl - LOCK REQUEST: 0x34db4680 1
[1773159761.084960703] LOCK pid=34584 fd=6: NO_LOCK -> SHARED (fallback)
[1773159761.084962146] LOCK pid=34584 fd=6: SHARED -> SHARED
DBimpl - UNLOCK REQUEST: 0x34db4680 0
[1773159761.085093876] UNLOCK pid=34584 fd=6: SHARED -> NO_LOCK
DBimpl - LOCK REQUEST: 0x34db4680 1
[1773159761.085173927] LOCK pid=34587 fd=12: NO_LOCK -> SHARED (fallback)
[1773159761.085175666] LOCK pid=34587 fd=12: SHARED -> SHARED
DBimpl - LOCK REQUEST: 0x34db4680 2
[1773159761.085186972] LOCK pid=34587 fd=12: SHARED -> RESERVED
DBimpl - LOCK REQUEST: 0x34db4680 1
[1773159761.088014503] LOCK pid=34588 fd=14: NO_LOCK -> SHARED (fallback)
[1773159761.088015800] LOCK pid=34588 fd=14: SHARED -> SHARED
DBimpl - LOCK REQUEST: 0x34db4680 2
DBimpl - UNLOCK REQUEST: 0x34db4680 0
[1773159761.088026694] UNLOCK pid=34588 fd=14: SHARED -> NO_LOCK
DBimpl - LOCK REQUEST: 0x34db4680 1
[1773159761.089006510] LOCK pid=34586 fd=10: NO_LOCK -> SHARED (fallback)
[1773159761.089007997] LOCK pid=34586 fd=10: SHARED -> SHARED
DBimpl - LOCK REQUEST: 0x34db4680 2
DBimpl - UNLOCK REQUEST: 0x34db4680 0
[1773159761.089016254] UNLOCK pid=34586 fd=10: SHARED -> NO_LOCK
DBimpl - LOCK REQUEST: 0x34db4680 1
[1773159761.089084149] LOCK pid=34588 fd=14: NO_LOCK -> SHARED (fallback)
[1773159761.089085176] LOCK pid=34588 fd=14: SHARED -> SHARED
DBimpl - LOCK REQUEST: 0x34db4680 2
DBimpl - UNLOCK REQUEST: 0x34db4680 0
[1773159761.089092585] UNLOCK pid=34588 fd=14: SHARED -> NO_LOCK
DBimpl - LOCK REQUEST: 0x34db4680 1
[1773159761.090094114] LOCK pid=34586 fd=10: NO_LOCK -> SHARED (fallback)
[1773159761.090097985] LOCK pid=34586 fd=10: SHARED -> SHARED
DBimpl - LOCK REQUEST: 0x34db4680 2
DBimpl - UNLOCK REQUEST: 0x34db4680 0
[1773159761.090108468] UNLOCK pid=34586 fd=10: SHARED -> NO_LOCK
DBimpl - LOCK REQUEST: 0x34db4680 1
[1773159761.091151866] LOCK pid=34588 fd=14: NO_LOCK -> SHARED (fallback)
[1773159761.091153219] LOCK pid=34588 fd=14: SHARED -> SHARED
DBimpl - LOCK REQUEST: 0x34db4680 2
DBimpl - UNLOCK REQUEST: 0x34db4680 0
[1773159761.091162357] UNLOCK pid=34588 fd=14: SHARED -> NO_LOCK
DBimpl - LOCK REQUEST: 0x34db4680 1
[1773159761.091653752] LOCK pid=34584 fd=6: NO_LOCK -> SHARED (fallback)
[1773159761.091654939] LOCK pid=34584 fd=6: SHARED -> SHARED
DBimpl - UNLOCK REQUEST: 0x34db4680 0
[1773159761.091784118] UNLOCK pid=34584 fd=6: SHARED -> NO_LOCK
DBimpl - LOCK REQUEST: 0x34db4680 1
[1773159761.092193551] LOCK pid=34586 fd=10: NO_LOCK -> SHARED (fallback)
[1773159761.092194663] LOCK pid=34586 fd=10: SHARED -> SHARED
DBimpl - LOCK REQUEST: 0x34db4680 2
DBimpl - UNLOCK REQUEST: 0x34db4680 0
[1773159761.092203324] UNLOCK pid=34586 fd=10: SHARED -> NO_LOCK
DBimpl - LOCK REQUEST: 0x34db4680 1
[1773159761.093872117] LOCK pid=34584 fd=6: NO_LOCK -> SHARED (fallback)
[1773159761.093873297] LOCK pid=34584 fd=6: SHARED -> SHARED
DBimpl - UNLOCK REQUEST: 0x34db4680 0
[1773159761.093990354] UNLOCK pid=34584 fd=6: SHARED -> NO_LOCK
DBimpl - LOCK REQUEST: 0x34db4680 1
[1773159761.096241571] LOCK pid=34588 fd=14: NO_LOCK -> SHARED (fallback)
[1773159761.096242837] LOCK pid=34588 fd=14: SHARED -> SHARED
DBimpl - LOCK REQUEST: 0x34db4680 2
DBimpl - UNLOCK REQUEST: 0x34db4680 0
[1773159761.096251609] UNLOCK pid=34588 fd=14: SHARED -> NO_LOCK
DBimpl - LOCK REQUEST: 0x34db4680 1
[1773159761.097286732] LOCK pid=34586 fd=10: NO_LOCK -> SHARED (fallback)
[1773159761.097287789] LOCK pid=34586 fd=10: SHARED -> SHARED
DBimpl - LOCK REQUEST: 0x34db4680 2
DBimpl - UNLOCK REQUEST: 0x34db4680 0
[1773159761.097295672] UNLOCK pid=34586 fd=10: SHARED -> NO_LOCK
DBimpl - LOCK REQUEST: 0x34db4680 1
[1773159761.099014316] LOCK pid=34584 fd=6: NO_LOCK -> SHARED (fallback)
[1773159761.099015433] LOCK pid=34584 fd=6: SHARED -> SHARED
DBimpl - UNLOCK REQUEST: 0x34db4680 0
[1773159761.099130822] UNLOCK pid=34584 fd=6: SHARED -> NO_LOCK
DBimpl - LOCK REQUEST: 0x34db4680 4
[1773159761.101260298] LOCK pid=34587 fd=12: RESERVED -> PENDING
[1773159761.101262587] LOCK pid=34587 fd=12: PENDING -> EXCLUSIVE
DBimpl - LOCK REQUEST: 0x34db4680 1
DBimpl - LOCK REQUEST: 0x34db4680 1
DBimpl - UNLOCK REQUEST: 0x34db4680 1
[1773159761.103872623] UNLOCK pid=34587 fd=12: EXCLUSIVE -> SHARED
DBimpl - UNLOCK REQUEST: 0x34db4680 0
[1773159761.103877730] UNLOCK pid=34587 fd=12: SHARED -> NO_LOCK
DBimpl - LOCK REQUEST: 0x34db4680 1
[1773159761.104672198] LOCK pid=34584 fd=6: NO_LOCK -> SHARED (fallback)
[1773159761.104673656] LOCK pid=34584 fd=6: SHARED -> SHARED
DBimpl - UNLOCK REQUEST: 0x34db4680 0
[1773159761.104840961] UNLOCK pid=34584 fd=6: SHARED -> NO_LOCK
DBimpl - LOCK REQUEST: 0x34db4680 1
[1773159761.106347821] LOCK pid=34588 fd=14: NO_LOCK -> SHARED (fallback)
[1773159761.106349144] LOCK pid=34588 fd=14: SHARED -> SHARED
DBimpl - LOCK REQUEST: 0x34db4680 2
[1773159761.106356533] LOCK pid=34588 fd=14: SHARED -> RESERVED
DBimpl - LOCK REQUEST: 0x34db4680 4
[1773159761.106462420] LOCK pid=34588 fd=14: RESERVED -> PENDING
[1773159761.106464279] LOCK pid=34588 fd=14: PENDING -> EXCLUSIVE
DBimpl - LOCK REQUEST: 0x34db4680 1
DBimpl - UNLOCK REQUEST: 0x34db4680 1
[1773159761.108180007] UNLOCK pid=34588 fd=14: EXCLUSIVE -> SHARED
DBimpl - UNLOCK REQUEST: 0x34db4680 0
[1773159761.108183620] UNLOCK pid=34588 fd=14: SHARED -> NO_LOCK
DBimpl - LOCK REQUEST: 0x34db4680 1
[1773159761.109742215] LOCK pid=34587 fd=12: NO_LOCK -> SHARED (fallback)
[1773159761.109743940] LOCK pid=34587 fd=12: SHARED -> SHARED
DBimpl - LOCK REQUEST: 0x34db4680 2
[1773159761.109756094] LOCK pid=34587 fd=12: SHARED -> RESERVED
DBimpl - LOCK REQUEST: 0x34db4680 1
[1773159761.111505909] LOCK pid=34588 fd=14: NO_LOCK -> SHARED (fallback)
[1773159761.111507350] LOCK pid=34588 fd=14: SHARED -> SHARED
DBimpl - LOCK REQUEST: 0x34db4680 2
DBimpl - UNLOCK REQUEST: 0x34db4680 0
[1773159761.111522186] UNLOCK pid=34588 fd=14: SHARED -> NO_LOCK
DBimpl - LOCK REQUEST: 0x34db4680 1
[1773159761.112620016] LOCK pid=34588 fd=14: NO_LOCK -> SHARED (fallback)
[1773159761.112621183] LOCK pid=34588 fd=14: SHARED -> SHARED
DBimpl - LOCK REQUEST: 0x34db4680 2
DBimpl - UNLOCK REQUEST: 0x34db4680 0
[1773159761.112629148] UNLOCK pid=34588 fd=14: SHARED -> NO_LOCK
DBimpl - LOCK REQUEST: 0x34db4680 1
[1773159761.114735090] LOCK pid=34588 fd=14: NO_LOCK -> SHARED (fallback)
[1773159761.114736694] LOCK pid=34588 fd=14: SHARED -> SHARED
DBimpl - LOCK REQUEST: 0x34db4680 2
DBimpl - UNLOCK REQUEST: 0x34db4680 0
[1773159761.114744538] UNLOCK pid=34588 fd=14: SHARED -> NO_LOCK
DBimpl - LOCK REQUEST: 0x34db4680 1
[1773159761.116107018] LOCK pid=34584 fd=6: NO_LOCK -> SHARED (fallback)
[1773159761.116108427] LOCK pid=34584 fd=6: SHARED -> SHARED
DBimpl - UNLOCK REQUEST: 0x34db4680 0
[1773159761.116245892] UNLOCK pid=34584 fd=6: SHARED -> NO_LOCK
DBimpl - LOCK REQUEST: 0x34db4680 1
[1773159761.118256117] LOCK pid=34585 fd=8: NO_LOCK -> SHARED (fallback)
[1773159761.118258839] LOCK pid=34585 fd=8: SHARED -> SHARED
DBimpl - UNLOCK REQUEST: 0x34db4680 0
[1773159761.118579333] UNLOCK pid=34585 fd=8: SHARED -> NO_LOCK
DBimpl - LOCK REQUEST: 0x34db4680 1
[1773159761.119804342] LOCK pid=34588 fd=14: NO_LOCK -> SHARED (fallback)
[1773159761.119805604] LOCK pid=34588 fd=14: SHARED -> SHARED
DBimpl - LOCK REQUEST: 0x34db4680 2
DBimpl - UNLOCK REQUEST: 0x34db4680 0
[1773159761.119815756] UNLOCK pid=34588 fd=14: SHARED -> NO_LOCK
DBimpl - LOCK REQUEST: 0x34db4680 1
[1773159761.120279205] LOCK pid=34585 fd=8: NO_LOCK -> SHARED (fallback)
[1773159761.120281568] LOCK pid=34585 fd=8: SHARED -> SHARED
DBimpl - LOCK REQUEST: 0x34db4680 4
[1773159761.120296269] LOCK pid=34587 fd=12: RESERVED -> PENDING
DBimpl - UNLOCK REQUEST: 0x34db4680 0
[1773159761.120445926] UNLOCK pid=34585 fd=8: SHARED -> NO_LOCK
DBimpl - LOCK REQUEST: 0x34db4680 4
[1773159761.121393340] LOCK pid=34587 fd=12: PENDING -> EXCLUSIVE
DBimpl - LOCK REQUEST: 0x34db4680 1
DBimpl - UNLOCK REQUEST: 0x34db4680 1
[1773159761.123095982] UNLOCK pid=34587 fd=12: EXCLUSIVE -> SHARED
DBimpl - UNLOCK REQUEST: 0x34db4680 0
[1773159761.123099757] UNLOCK pid=34587 fd=12: SHARED -> NO_LOCK
DBimpl - LOCK REQUEST: 0x34db4680 1
[1773159761.125130026] LOCK pid=34587 fd=12: NO_LOCK -> SHARED (fallback)
[1773159761.125131995] LOCK pid=34587 fd=12: SHARED -> SHARED
DBimpl - LOCK REQUEST: 0x34db4680 2
[1773159761.125143601] LOCK pid=34587 fd=12: SHARED -> RESERVED
DBimpl - LOCK REQUEST: 0x34db4680 1
[1773159761.129134871] LOCK pid=34584 fd=6: NO_LOCK -> SHARED (fallback)
[1773159761.129136996] LOCK pid=34584 fd=6: SHARED -> SHARED
DBimpl - UNLOCK REQUEST: 0x34db4680 0
[1773159761.129303805] UNLOCK pid=34584 fd=6: SHARED -> NO_LOCK
DBimpl - LOCK REQUEST: 0x34db4680 1
[1773159761.129876563] LOCK pid=34588 fd=14: NO_LOCK -> SHARED (fallback)
[1773159761.129877814] LOCK pid=34588 fd=14: SHARED -> SHARED
DBimpl - LOCK REQUEST: 0x34db4680 2
DBimpl - UNLOCK REQUEST: 0x34db4680 0
[1773159761.129887355] UNLOCK pid=34588 fd=14: SHARED -> NO_LOCK
DBimpl - LOCK REQUEST: 0x34db4680 1
[1773159761.131529836] LOCK pid=34585 fd=8: NO_LOCK -> SHARED (fallback)
[1773159761.131532414] LOCK pid=34585 fd=8: SHARED -> SHARED
DBimpl - UNLOCK REQUEST: 0x34db4680 0
[1773159761.131894717] UNLOCK pid=34585 fd=8: SHARED -> NO_LOCK
DBimpl - LOCK REQUEST: 0x34db4680 4
[1773159761.133034524] LOCK pid=34587 fd=12: RESERVED -> PENDING
[1773159761.133036460] LOCK pid=34587 fd=12: PENDING -> EXCLUSIVE
DBimpl - UNLOCK REQUEST: 0x34db4680 1
[1773159761.133040435] UNLOCK pid=34587 fd=12: EXCLUSIVE -> SHARED
DBimpl - UNLOCK REQUEST: 0x34db4680 0
[1773159761.133043646] UNLOCK pid=34587 fd=12: SHARED -> NO_LOCK
DBimpl - LOCK REQUEST: 0x34db4680 1
[1773159761.136822058] LOCK pid=34587 fd=12: NO_LOCK -> SHARED (fallback)
[1773159761.136824336] LOCK pid=34587 fd=12: SHARED -> SHARED
DBimpl - LOCK REQUEST: 0x34db4680 2
[1773159761.136835589] LOCK pid=34587 fd=12: SHARED -> RESERVED
DBimpl - LOCK REQUEST: 0x34db4680 1
[1773159761.140149576] LOCK pid=34585 fd=8: NO_LOCK -> SHARED (fallback)
[1773159761.140151912] LOCK pid=34585 fd=8: SHARED -> SHARED
DBimpl - UNLOCK REQUEST: 0x34db4680 0
[1773159761.140463924] UNLOCK pid=34585 fd=8: SHARED -> NO_LOCK
DBimpl - LOCK REQUEST: 0x34db4680 4
[1773159761.141796677] LOCK pid=34587 fd=12: RESERVED -> PENDING
[1773159761.141798564] LOCK pid=34587 fd=12: PENDING -> EXCLUSIVE
DBimpl - UNLOCK REQUEST: 0x34db4680 1
[1773159761.141802109] UNLOCK pid=34587 fd=12: EXCLUSIVE -> SHARED
DBimpl - UNLOCK REQUEST: 0x34db4680 0
[1773159761.141804951] UNLOCK pid=34587 fd=12: SHARED -> NO_LOCK
DBimpl - LOCK REQUEST: 0x34db4680 1
[1773159761.142520715] LOCK pid=34586 fd=10: NO_LOCK -> SHARED (fallback)
[1773159761.142522737] LOCK pid=34586 fd=10: SHARED -> SHARED
DBimpl - LOCK REQUEST: 0x34db4680 2
[1773159761.142535096] LOCK pid=34586 fd=10: SHARED -> RESERVED
DBimpl - LOCK REQUEST: 0x34db4680 4
[1773159761.142687876] LOCK pid=34586 fd=10: RESERVED -> PENDING
[1773159761.142689756] LOCK pid=34586 fd=10: PENDING -> EXCLUSIVE
DBimpl - UNLOCK REQUEST: 0x34db4680 1
[1773159761.144865383] UNLOCK pid=34586 fd=10: EXCLUSIVE -> SHARED
DBimpl - UNLOCK REQUEST: 0x34db4680 0
[1773159761.144871355] UNLOCK pid=34586 fd=10: SHARED -> NO_LOCK
DBimpl - LOCK REQUEST: 0x34db4680 1
[1773159761.144946564] LOCK pid=34588 fd=14: NO_LOCK -> SHARED (fallback)
[1773159761.144947855] LOCK pid=34588 fd=14: SHARED -> SHARED
DBimpl - LOCK REQUEST: 0x34db4680 2
[1773159761.144959001] LOCK pid=34588 fd=14: SHARED -> RESERVED
DBimpl - LOCK REQUEST: 0x34db4680 4
[1773159761.145100321] LOCK pid=34588 fd=14: RESERVED -> PENDING
[1773159761.145102187] LOCK pid=34588 fd=14: PENDING -> EXCLUSIVE
DBimpl - LOCK REQUEST: 0x34db4680 1
DBimpl - LOCK REQUEST: 0x34db4680 1
DBimpl - LOCK REQUEST: 0x34db4680 1
DBimpl - UNLOCK REQUEST: 0x34db4680 1
[1773159761.147468102] UNLOCK pid=34588 fd=14: EXCLUSIVE -> SHARED
DBimpl - UNLOCK REQUEST: 0x34db4680 0
[1773159761.147472112] UNLOCK pid=34588 fd=14: SHARED -> NO_LOCK
DBimpl - LOCK REQUEST: 0x34db4680 1
[1773159761.147734515] LOCK pid=34586 fd=10: NO_LOCK -> SHARED (fallback)
[1773159761.147736395] LOCK pid=34586 fd=10: SHARED -> SHARED
DBimpl - LOCK REQUEST: 0x34db4680 2
[1773159761.147745709] LOCK pid=34586 fd=10: SHARED -> RESERVED
DBimpl - LOCK REQUEST: 0x34db4680 4
[1773159761.148613039] LOCK pid=34586 fd=10: RESERVED -> PENDING
[1773159761.148614870] LOCK pid=34586 fd=10: PENDING -> EXCLUSIVE
DBimpl - LOCK REQUEST: 0x34db4680 1
DBimpl - UNLOCK REQUEST: 0x34db4680 1
[1773159761.150973165] UNLOCK pid=34586 fd=10: EXCLUSIVE -> SHARED
DBimpl - UNLOCK REQUEST: 0x34db4680 0
[1773159761.150977317] UNLOCK pid=34586 fd=10: SHARED -> NO_LOCK
DBimpl - LOCK REQUEST: 0x34db4680 1
[1773159761.153929813] LOCK pid=34587 fd=12: NO_LOCK -> SHARED (fallback)
[1773159761.153931979] LOCK pid=34587 fd=12: SHARED -> SHARED
DBimpl - LOCK REQUEST: 0x34db4680 2
[1773159761.153945383] LOCK pid=34587 fd=12: SHARED -> RESERVED
DBimpl - LOCK REQUEST: 0x34db4680 4
[1773159761.154697709] LOCK pid=34587 fd=12: RESERVED -> PENDING
[1773159761.154699745] LOCK pid=34587 fd=12: PENDING -> EXCLUSIVE
DBimpl - UNLOCK REQUEST: 0x34db4680 1
[1773159761.154703859] UNLOCK pid=34587 fd=12: EXCLUSIVE -> SHARED
DBimpl - UNLOCK REQUEST: 0x34db4680 0
[1773159761.154707593] UNLOCK pid=34587 fd=12: SHARED -> NO_LOCK
DBimpl - LOCK REQUEST: 0x34db4680 1
[1773159761.157275888] LOCK pid=34587 fd=12: NO_LOCK -> SHARED (fallback)
[1773159761.157277735] LOCK pid=34587 fd=12: SHARED -> SHARED
DBimpl - LOCK REQUEST: 0x34db4680 2
[1773159761.157288135] LOCK pid=34587 fd=12: SHARED -> RESERVED
DBimpl - LOCK REQUEST: 0x34db4680 1
[1773159761.158786233] LOCK pid=34588 fd=14: NO_LOCK -> SHARED (fallback)
[1773159761.158787774] LOCK pid=34588 fd=14: SHARED -> SHARED
DBimpl - LOCK REQUEST: 0x34db4680 2
DBimpl - UNLOCK REQUEST: 0x34db4680 0
[1773159761.158800349] UNLOCK pid=34588 fd=14: SHARED -> NO_LOCK
DBimpl - LOCK REQUEST: 0x34db4680 1
[1773159761.159510780] LOCK pid=34584 fd=6: NO_LOCK -> SHARED (fallback)
[1773159761.159515117] LOCK pid=34584 fd=6: SHARED -> SHARED
DBimpl - UNLOCK REQUEST: 0x34db4680 0
[1773159761.159656527] UNLOCK pid=34584 fd=6: SHARED -> NO_LOCK
DBimpl - LOCK REQUEST: 0x34db4680 1
[1773159761.159861474] LOCK pid=34588 fd=14: NO_LOCK -> SHARED (fallback)
[1773159761.159862823] LOCK pid=34588 fd=14: SHARED -> SHARED
DBimpl - LOCK REQUEST: 0x34db4680 2
DBimpl - UNLOCK REQUEST: 0x34db4680 0
[1773159761.159873511] UNLOCK pid=34588 fd=14: SHARED -> NO_LOCK
DBimpl - LOCK REQUEST: 0x34db4680 1
[1773159761.159965757] LOCK pid=34585 fd=8: NO_LOCK -> SHARED (fallback)
[1773159761.159968448] LOCK pid=34585 fd=8: SHARED -> SHARED
DBimpl - UNLOCK REQUEST: 0x34db4680 0
[1773159761.160293627] UNLOCK pid=34585 fd=8: SHARED -> NO_LOCK
DBimpl - LOCK REQUEST: 0x34db4680 1
[1773159761.161211486] LOCK pid=34586 fd=10: NO_LOCK -> SHARED (fallback)
[1773159761.161212948] LOCK pid=34586 fd=10: SHARED -> SHARED
DBimpl - LOCK REQUEST: 0x34db4680 2
DBimpl - UNLOCK REQUEST: 0x34db4680 0
[1773159761.161222015] UNLOCK pid=34586 fd=10: SHARED -> NO_LOCK
DBimpl - LOCK REQUEST: 0x34db4680 1
[1773159761.161479512] LOCK pid=34584 fd=6: NO_LOCK -> SHARED (fallback)
[1773159761.161480587] LOCK pid=34584 fd=6: SHARED -> SHARED
DBimpl - UNLOCK REQUEST: 0x34db4680 0
[1773159761.161616414] UNLOCK pid=34584 fd=6: SHARED -> NO_LOCK
DBimpl - LOCK REQUEST: 0x34db4680 1
[1773159761.161931966] LOCK pid=34588 fd=14: NO_LOCK -> SHARED (fallback)
[1773159761.161933090] LOCK pid=34588 fd=14: SHARED -> SHARED
DBimpl - LOCK REQUEST: 0x34db4680 2
DBimpl - UNLOCK REQUEST: 0x34db4680 0
[1773159761.161941832] UNLOCK pid=34588 fd=14: SHARED -> NO_LOCK
DBimpl - LOCK REQUEST: 0x34db4680 1
[1773159761.162302999] LOCK pid=34586 fd=10: NO_LOCK -> SHARED (fallback)
[1773159761.162304002] LOCK pid=34586 fd=10: SHARED -> SHARED
DBimpl - LOCK REQUEST: 0x34db4680 2
DBimpl - UNLOCK REQUEST: 0x34db4680 0
[1773159761.162311525] UNLOCK pid=34586 fd=10: SHARED -> NO_LOCK
DBimpl - LOCK REQUEST: 0x34db4680 1
[1773159761.164394710] LOCK pid=34586 fd=10: NO_LOCK -> SHARED (fallback)
[1773159761.164395900] LOCK pid=34586 fd=10: SHARED -> SHARED
DBimpl - LOCK REQUEST: 0x34db4680 2
DBimpl - UNLOCK REQUEST: 0x34db4680 0
[1773159761.164403541] UNLOCK pid=34586 fd=10: SHARED -> NO_LOCK
DBimpl - LOCK REQUEST: 0x34db4680 1
[1773159761.166999241] LOCK pid=34588 fd=14: NO_LOCK -> SHARED (fallback)
[1773159761.167000312] LOCK pid=34588 fd=14: SHARED -> SHARED
DBimpl - LOCK REQUEST: 0x34db4680 2
DBimpl - UNLOCK REQUEST: 0x34db4680 0
[1773159761.167008122] UNLOCK pid=34588 fd=14: SHARED -> NO_LOCK
DBimpl - LOCK REQUEST: 0x34db4680 1
[1773159761.169495080] LOCK pid=34586 fd=10: NO_LOCK -> SHARED (fallback)
[1773159761.169496149] LOCK pid=34586 fd=10: SHARED -> SHARED
DBimpl - LOCK REQUEST: 0x34db4680 2
DBimpl - UNLOCK REQUEST: 0x34db4680 0
[1773159761.169503611] UNLOCK pid=34586 fd=10: SHARED -> NO_LOCK
DBimpl - LOCK REQUEST: 0x34db4680 4
[1773159761.170511436] LOCK pid=34587 fd=12: RESERVED -> PENDING
[1773159761.170513548] LOCK pid=34587 fd=12: PENDING -> EXCLUSIVE
DBimpl - UNLOCK REQUEST: 0x34db4680 1
[1773159761.172490971] UNLOCK pid=34587 fd=12: EXCLUSIVE -> SHARED
DBimpl - UNLOCK REQUEST: 0x34db4680 0
[1773159761.172497692] UNLOCK pid=34587 fd=12: SHARED -> NO_LOCK
DBimpl - LOCK REQUEST: 0x34db4680 1
[1773159761.177113882] LOCK pid=34588 fd=14: NO_LOCK -> SHARED (fallback)
[1773159761.177115323] LOCK pid=34588 fd=14: SHARED -> SHARED
DBimpl - LOCK REQUEST: 0x34db4680 2
[1773159761.177124831] LOCK pid=34588 fd=14: SHARED -> RESERVED
DBimpl - LOCK REQUEST: 0x34db4680 4
[1773159761.177242139] LOCK pid=34588 fd=14: RESERVED -> PENDING
[1773159761.177243850] LOCK pid=34588 fd=14: PENDING -> EXCLUSIVE
DBimpl - UNLOCK REQUEST: 0x34db4680 1
[1773159761.179100045] UNLOCK pid=34588 fd=14: EXCLUSIVE -> SHARED
DBimpl - UNLOCK REQUEST: 0x34db4680 0
[1773159761.179103561] UNLOCK pid=34588 fd=14: SHARED -> NO_LOCK
DBimpl - LOCK REQUEST: 0x34db4680 1
[1773159761.179594067] LOCK pid=34586 fd=10: NO_LOCK -> SHARED (fallback)
[1773159761.179595222] LOCK pid=34586 fd=10: SHARED -> SHARED
DBimpl - LOCK REQUEST: 0x34db4680 2
[1773159761.179606625] LOCK pid=34586 fd=10: SHARED -> RESERVED
DBimpl - LOCK REQUEST: 0x34db4680 4
[1773159761.180415559] LOCK pid=34586 fd=10: RESERVED -> PENDING
[1773159761.180417414] LOCK pid=34586 fd=10: PENDING -> EXCLUSIVE
DBimpl - UNLOCK REQUEST: 0x34db4680 1
[1773159761.182116162] UNLOCK pid=34586 fd=10: EXCLUSIVE -> SHARED
DBimpl - UNLOCK REQUEST: 0x34db4680 0
[1773159761.182119835] UNLOCK pid=34586 fd=10: SHARED -> NO_LOCK
DBimpl - LOCK REQUEST: 0x34db4680 1
[1773159761.183850421] LOCK pid=34585 fd=8: NO_LOCK -> SHARED (fallback)
[1773159761.183852411] LOCK pid=34585 fd=8: SHARED -> SHARED
DBimpl - UNLOCK REQUEST: 0x34db4680 0
[1773159761.184040758] UNLOCK pid=34585 fd=8: SHARED -> NO_LOCK
DBimpl - LOCK REQUEST: 0x34db4680 1
[1773159761.187370667] LOCK pid=34587 fd=12: NO_LOCK -> SHARED (fallback)
[1773159761.187372621] LOCK pid=34587 fd=12: SHARED -> SHARED
DBimpl - LOCK REQUEST: 0x34db4680 2
[1773159761.187384780] LOCK pid=34587 fd=12: SHARED -> RESERVED
DBimpl - LOCK REQUEST: 0x34db4680 4
[1773159761.187927329] LOCK pid=34587 fd=12: RESERVED -> PENDING
[1773159761.187929287] LOCK pid=34587 fd=12: PENDING -> EXCLUSIVE
DBimpl - LOCK REQUEST: 0x34db4680 1
DBimpl - LOCK REQUEST: 0x34db4680 1
DBimpl - LOCK REQUEST: 0x34db4680 1
DBimpl - UNLOCK REQUEST: 0x34db4680 1
[1773159761.190850337] UNLOCK pid=34587 fd=12: EXCLUSIVE -> SHARED
DBimpl - UNLOCK REQUEST: 0x34db4680 0
[1773159761.190855437] UNLOCK pid=34587 fd=12: SHARED -> NO_LOCK
DBimpl - LOCK REQUEST: 0x34db4680 1
[1773159761.191480603] LOCK pid=34586 fd=10: NO_LOCK -> SHARED (fallback)
[1773159761.191482160] LOCK pid=34586 fd=10: SHARED -> SHARED
DBimpl - LOCK REQUEST: 0x34db4680 2
[1773159761.191492439] LOCK pid=34586 fd=10: SHARED -> RESERVED
DBimpl - LOCK REQUEST: 0x34db4680 1
[1773159761.191679506] LOCK pid=34584 fd=6: NO_LOCK -> SHARED (fallback)
[1773159761.191681019] LOCK pid=34584 fd=6: SHARED -> SHARED
DBimpl - UNLOCK REQUEST: 0x34db4680 0
[1773159761.191849869] UNLOCK pid=34584 fd=6: SHARED -> NO_LOCK
DBimpl - LOCK REQUEST: 0x34db4680 1
[1773159761.192341885] LOCK pid=34588 fd=14: NO_LOCK -> SHARED (fallback)
[1773159761.192343329] LOCK pid=34588 fd=14: SHARED -> SHARED
DBimpl - LOCK REQUEST: 0x34db4680 2
DBimpl - UNLOCK REQUEST: 0x34db4680 0
[1773159761.192355226] UNLOCK pid=34588 fd=14: SHARED -> NO_LOCK
DBimpl - LOCK REQUEST: 0x34db4680 4
[1773159761.192358226] LOCK pid=34586 fd=10: RESERVED -> PENDING
[1773159761.192360064] LOCK pid=34586 fd=10: PENDING -> EXCLUSIVE
DBimpl - LOCK REQUEST: 0x34db4680 1
DBimpl - UNLOCK REQUEST: 0x34db4680 1
[1773159761.194112454] UNLOCK pid=34586 fd=10: EXCLUSIVE -> SHARED
DBimpl - UNLOCK REQUEST: 0x34db4680 0
[1773159761.194116477] UNLOCK pid=34586 fd=10: SHARED -> NO_LOCK
DBimpl - LOCK REQUEST: 0x34db4680 1
[1773159761.194219460] LOCK pid=34584 fd=6: NO_LOCK -> SHARED (fallback)
[1773159761.194220774] LOCK pid=34584 fd=6: SHARED -> SHARED
DBimpl - UNLOCK REQUEST: 0x34db4680 0
[1773159761.194351990] UNLOCK pid=34584 fd=6: SHARED -> NO_LOCK
DBimpl - LOCK REQUEST: 0x34db4680 1
[1773159761.195542764] LOCK pid=34588 fd=14: NO_LOCK -> SHARED (fallback)
[1773159761.195543995] LOCK pid=34588 fd=14: SHARED -> SHARED
DBimpl - LOCK REQUEST: 0x34db4680 2
[1773159761.195551055] LOCK pid=34588 fd=14: SHARED -> RESERVED
DBimpl - LOCK REQUEST: 0x34db4680 4
[1773159761.195666963] LOCK pid=34588 fd=14: RESERVED -> PENDING
[1773159761.195668733] LOCK pid=34588 fd=14: PENDING -> EXCLUSIVE
DBimpl - LOCK REQUEST: 0x34db4680 1
DBimpl - LOCK REQUEST: 0x34db4680 1
DBimpl - UNLOCK REQUEST: 0x34db4680 1
[1773159761.197319758] UNLOCK pid=34588 fd=14: EXCLUSIVE -> SHARED
DBimpl - UNLOCK REQUEST: 0x34db4680 0
[1773159761.197323354] UNLOCK pid=34588 fd=14: SHARED -> NO_LOCK
DBimpl - LOCK REQUEST: 0x34db4680 1
[1773159761.198071042] LOCK pid=34587 fd=12: NO_LOCK -> SHARED (fallback)
[1773159761.198072774] LOCK pid=34587 fd=12: SHARED -> SHARED
DBimpl - LOCK REQUEST: 0x34db4680 2
[1773159761.198082677] LOCK pid=34587 fd=12: SHARED -> RESERVED
DBimpl - LOCK REQUEST: 0x34db4680 1
[1773159761.198852190] LOCK pid=34586 fd=10: NO_LOCK -> SHARED (fallback)
[1773159761.198856155] LOCK pid=34586 fd=10: SHARED -> SHARED
DBimpl - LOCK REQUEST: 0x34db4680 2
DBimpl - UNLOCK REQUEST: 0x34db4680 0
[1773159761.198868661] UNLOCK pid=34586 fd=10: SHARED -> NO_LOCK
DBimpl - LOCK REQUEST: 0x34db4680 1
[1773159761.199266269] LOCK pid=34585 fd=8: NO_LOCK -> SHARED (fallback)
[1773159761.199268722] LOCK pid=34585 fd=8: SHARED -> SHARED
DBimpl - UNLOCK REQUEST: 0x34db4680 0
[1773159761.199538600] UNLOCK pid=34585 fd=8: SHARED -> NO_LOCK
DBimpl - LOCK REQUEST: 0x34db4680 1
[1773159761.202725798] LOCK pid=34584 fd=6: NO_LOCK -> SHARED (fallback)
[1773159761.202729355] LOCK pid=34584 fd=6: SHARED -> SHARED
DBimpl - UNLOCK REQUEST: 0x34db4680 0
[1773159761.202953925] UNLOCK pid=34584 fd=6: SHARED -> NO_LOCK
DBimpl - LOCK REQUEST: 0x34db4680 1
[1773159761.203928147] LOCK pid=34586 fd=10: NO_LOCK -> SHARED (fallback)
[1773159761.203929471] LOCK pid=34586 fd=10: SHARED -> SHARED
DBimpl - LOCK REQUEST: 0x34db4680 2
DBimpl - UNLOCK REQUEST: 0x34db4680 0
[1773159761.203939518] UNLOCK pid=34586 fd=10: SHARED -> NO_LOCK
DBimpl - LOCK REQUEST: 0x34db4680 4
[1773159761.205837879] LOCK pid=34587 fd=12: RESERVED -> PENDING
[1773159761.205839804] LOCK pid=34587 fd=12: PENDING -> EXCLUSIVE
DBimpl - UNLOCK REQUEST: 0x34db4680 1
[1773159761.207521172] UNLOCK pid=34587 fd=12: EXCLUSIVE -> SHARED
DBimpl - UNLOCK REQUEST: 0x34db4680 0
[1773159761.207524835] UNLOCK pid=34587 fd=12: SHARED -> NO_LOCK
DBimpl - LOCK REQUEST: 0x34db4680 1
[1773159761.214001896] LOCK pid=34586 fd=10: NO_LOCK -> SHARED (fallback)
[1773159761.214003765] LOCK pid=34586 fd=10: SHARED -> SHARED
DBimpl - LOCK REQUEST: 0x34db4680 2
[1773159761.214013398] LOCK pid=34586 fd=10: SHARED -> RESERVED
DBimpl - LOCK REQUEST: 0x34db4680 4
[1773159761.214116562] LOCK pid=34586 fd=10: RESERVED -> PENDING
[1773159761.214118276] LOCK pid=34586 fd=10: PENDING -> EXCLUSIVE
DBimpl - UNLOCK REQUEST: 0x34db4680 1
[1773159761.215752183] UNLOCK pid=34586 fd=10: EXCLUSIVE -> SHARED
DBimpl - UNLOCK REQUEST: 0x34db4680 0
[1773159761.215755664] UNLOCK pid=34586 fd=10: SHARED -> NO_LOCK
DBimpl - LOCK REQUEST: 0x34db4680 1
[1773159761.215956795] LOCK pid=34585 fd=8: NO_LOCK -> SHARED (fallback)
[1773159761.215958646] LOCK pid=34585 fd=8: SHARED -> SHARED
DBimpl - UNLOCK REQUEST: 0x34db4680 0
[1773159761.216177192] UNLOCK pid=34585 fd=8: SHARED -> NO_LOCK
DBimpl - LOCK REQUEST: 0x34db4680 1
[1773159761.224988971] LOCK pid=34588 fd=14: NO_LOCK -> SHARED (fallback)
[1773159761.224990779] LOCK pid=34588 fd=14: SHARED -> SHARED
DBimpl - LOCK REQUEST: 0x34db4680 2
[1773159761.225002536] LOCK pid=34588 fd=14: SHARED -> RESERVED
DBimpl - LOCK REQUEST: 0x34db4680 4
[1773159761.225131187] LOCK pid=34588 fd=14: RESERVED -> PENDING
[1773159761.225132988] LOCK pid=34588 fd=14: PENDING -> EXCLUSIVE
DBimpl - LOCK REQUEST: 0x34db4680 1
DBimpl - UNLOCK REQUEST: 0x34db4680 1
[1773159761.226968280] UNLOCK pid=34588 fd=14: EXCLUSIVE -> SHARED
DBimpl - UNLOCK REQUEST: 0x34db4680 0
[1773159761.226972405] UNLOCK pid=34588 fd=14: SHARED -> NO_LOCK
DBimpl - LOCK REQUEST: 0x34db4680 1
[1773159761.227409638] LOCK pid=34584 fd=6: NO_LOCK -> SHARED (fallback)
[1773159761.227410990] LOCK pid=34584 fd=6: SHARED -> SHARED
DBimpl - UNLOCK REQUEST: 0x34db4680 0
[1773159761.227552066] UNLOCK pid=34584 fd=6: SHARED -> NO_LOCK
DBimpl - LOCK REQUEST: 0x34db4680 1
[1773159761.227621814] LOCK pid=34587 fd=12: NO_LOCK -> SHARED (fallback)
[1773159761.227623134] LOCK pid=34587 fd=12: SHARED -> SHARED
DBimpl - LOCK REQUEST: 0x34db4680 2
[1773159761.227631854] LOCK pid=34587 fd=12: SHARED -> RESERVED
DBimpl - LOCK REQUEST: 0x34db4680 1
[1773159761.228332177] LOCK pid=34584 fd=6: NO_LOCK -> SHARED (fallback)
[1773159761.228334311] LOCK pid=34584 fd=6: SHARED -> SHARED
DBimpl - LOCK REQUEST: 0x34db4680 1
[1773159761.228411324] LOCK pid=34585 fd=8: NO_LOCK -> SHARED (fallback)
[1773159761.228414169] LOCK pid=34585 fd=8: SHARED -> SHARED
DBimpl - UNLOCK REQUEST: 0x34db4680 0
[1773159761.228587908] UNLOCK pid=34584 fd=6: SHARED -> NO_LOCK
DBimpl - UNLOCK REQUEST: 0x34db4680 0
[1773159761.228633966] UNLOCK pid=34585 fd=8: SHARED -> NO_LOCK
DBimpl - LOCK REQUEST: 0x34db4680 1
[1773159761.229820782] LOCK pid=34586 fd=10: NO_LOCK -> SHARED (fallback)
[1773159761.229822442] LOCK pid=34586 fd=10: SHARED -> SHARED
DBimpl - LOCK REQUEST: 0x34db4680 2
DBimpl - UNLOCK REQUEST: 0x34db4680 0
[1773159761.229834800] UNLOCK pid=34586 fd=10: SHARED -> NO_LOCK
DBimpl - LOCK REQUEST: 0x34db4680 1
[1773159761.230610723] LOCK pid=34588 fd=14: NO_LOCK -> SHARED (fallback)
[1773159761.230612842] LOCK pid=34588 fd=14: SHARED -> SHARED
DBimpl - LOCK REQUEST: 0x34db4680 2
DBimpl - UNLOCK REQUEST: 0x34db4680 0
[1773159761.230628046] UNLOCK pid=34588 fd=14: SHARED -> NO_LOCK
DBimpl - LOCK REQUEST: 0x34db4680 1
[1773159761.230892458] LOCK pid=34586 fd=10: NO_LOCK -> SHARED (fallback)
[1773159761.230893566] LOCK pid=34586 fd=10: SHARED -> SHARED
DBimpl - LOCK REQUEST: 0x34db4680 2
DBimpl - UNLOCK REQUEST: 0x34db4680 0
[1773159761.230901419] UNLOCK pid=34586 fd=10: SHARED -> NO_LOCK
DBimpl - LOCK REQUEST: 0x34db4680 4
[1773159761.231307389] LOCK pid=34587 fd=12: RESERVED -> PENDING
[1773159761.231309166] LOCK pid=34587 fd=12: PENDING -> EXCLUSIVE
DBimpl - LOCK REQUEST: 0x34db4680 1
DBimpl - LOCK REQUEST: 0x34db4680 1
DBimpl - LOCK REQUEST: 0x34db4680 1
DBimpl - LOCK REQUEST: 0x34db4680 1
DBimpl - LOCK REQUEST: 0x34db4680 1
DBimpl - LOCK REQUEST: 0x34db4680 1
DBimpl - LOCK REQUEST: 0x34db4680 1
DBimpl - LOCK REQUEST: 0x34db4680 1
DBimpl - UNLOCK REQUEST: 0x34db4680 1
[1773159761.235960419] UNLOCK pid=34587 fd=12: EXCLUSIVE -> SHARED
DBimpl - UNLOCK REQUEST: 0x34db4680 0
[1773159761.235966978] UNLOCK pid=34587 fd=12: SHARED -> NO_LOCK
DBimpl - LOCK REQUEST: 0x34db4680 1
[1773159761.236748153] LOCK pid=34585 fd=8: NO_LOCK -> SHARED (fallback)
[1773159761.236750546] LOCK pid=34585 fd=8: SHARED -> SHARED
DBimpl - UNLOCK REQUEST: 0x34db4680 0
[1773159761.237091680] UNLOCK pid=34585 fd=8: SHARED -> NO_LOCK
DBimpl - LOCK REQUEST: 0x34db4680 1
[1773159761.238057273] LOCK pid=34586 fd=10: NO_LOCK -> SHARED (fallback)
[1773159761.238059757] LOCK pid=34586 fd=10: SHARED -> SHARED
DBimpl - LOCK REQUEST: 0x34db4680 2
[1773159761.238081441] LOCK pid=34586 fd=10: SHARED -> RESERVED
DBimpl - LOCK REQUEST: 0x34db4680 1
[1773159761.238827365] LOCK pid=34588 fd=14: NO_LOCK -> SHARED (fallback)
[1773159761.238829719] LOCK pid=34588 fd=14: SHARED -> SHARED
DBimpl - LOCK REQUEST: 0x34db4680 2
DBimpl - UNLOCK REQUEST: 0x34db4680 0
[1773159761.238849451] UNLOCK pid=34588 fd=14: SHARED -> NO_LOCK
DBimpl - LOCK REQUEST: 0x34db4680 4
[1773159761.238968911] LOCK pid=34586 fd=10: RESERVED -> PENDING
[1773159761.238970959] LOCK pid=34586 fd=10: PENDING -> EXCLUSIVE
DBimpl - LOCK REQUEST: 0x34db4680 1
DBimpl - UNLOCK REQUEST: 0x34db4680 1
[1773159761.241456603] UNLOCK pid=34586 fd=10: EXCLUSIVE -> SHARED
DBimpl - UNLOCK REQUEST: 0x34db4680 0
[1773159761.241462079] UNLOCK pid=34586 fd=10: SHARED -> NO_LOCK
DBimpl - LOCK REQUEST: 0x34db4680 1
[1773159761.243483525] LOCK pid=34585 fd=8: NO_LOCK -> SHARED (fallback)
[1773159761.243487261] LOCK pid=34585 fd=8: SHARED -> SHARED
DBimpl - UNLOCK REQUEST: 0x34db4680 0
[1773159761.243763226] UNLOCK pid=34585 fd=8: SHARED -> NO_LOCK
DBimpl - LOCK REQUEST: 0x34db4680 1
[1773159761.248964731] LOCK pid=34588 fd=14: NO_LOCK -> SHARED (fallback)
[1773159761.248969190] LOCK pid=34588 fd=14: SHARED -> SHARED
DBimpl - LOCK REQUEST: 0x34db4680 2
[1773159761.248998802] LOCK pid=34588 fd=14: SHARED -> RESERVED
DBimpl - LOCK REQUEST: 0x34db4680 4
[1773159761.249273074] LOCK pid=34588 fd=14: RESERVED -> PENDING
[1773159761.249276348] LOCK pid=34588 fd=14: PENDING -> EXCLUSIVE
DBimpl - LOCK REQUEST: 0x34db4680 1
DBimpl - UNLOCK REQUEST: 0x34db4680 1
[1773159761.251136783] UNLOCK pid=34588 fd=14: EXCLUSIVE -> SHARED
DBimpl - UNLOCK REQUEST: 0x34db4680 0
[1773159761.251144732] UNLOCK pid=34588 fd=14: SHARED -> NO_LOCK
DBimpl - LOCK REQUEST: 0x34db4680 1
[1773159761.253128653] LOCK pid=34588 fd=14: NO_LOCK -> SHARED (fallback)
[1773159761.253131166] LOCK pid=34588 fd=14: SHARED -> SHARED
DBimpl - LOCK REQUEST: 0x34db4680 2
[1773159761.253152162] LOCK pid=34588 fd=14: SHARED -> RESERVED
DBimpl - LOCK REQUEST: 0x34db4680 4
[1773159761.253352220] LOCK pid=34588 fd=14: RESERVED -> PENDING
[1773159761.253355155] LOCK pid=34588 fd=14: PENDING -> EXCLUSIVE
DBimpl - UNLOCK REQUEST: 0x34db4680 1
[1773159761.255183875] UNLOCK pid=34588 fd=14: EXCLUSIVE -> SHARED
DBimpl - UNLOCK REQUEST: 0x34db4680 0
[1773159761.255191243] UNLOCK pid=34588 fd=14: SHARED -> NO_LOCK
DBimpl - LOCK REQUEST: 0x34db4680 1
[1773159761.256011521] LOCK pid=34586 fd=10: NO_LOCK -> SHARED (fallback)
[1773159761.256013535] LOCK pid=34586 fd=10: SHARED -> SHARED
DBimpl - LOCK REQUEST: 0x34db4680 2
[1773159761.256028783] LOCK pid=34586 fd=10: SHARED -> RESERVED
DBimpl - LOCK REQUEST: 0x34db4680 1
[1773159761.256744650] LOCK pid=34588 fd=14: NO_LOCK -> SHARED (fallback)
[1773159761.256746807] LOCK pid=34588 fd=14: SHARED -> SHARED
DBimpl - LOCK REQUEST: 0x34db4680 2
DBimpl - UNLOCK REQUEST: 0x34db4680 0
[1773159761.256771130] UNLOCK pid=34588 fd=14: SHARED -> NO_LOCK
DBimpl - LOCK REQUEST: 0x34db4680 4
[1773159761.256978953] LOCK pid=34586 fd=10: RESERVED -> PENDING
[1773159761.256981007] LOCK pid=34586 fd=10: PENDING -> EXCLUSIVE
DBimpl - LOCK REQUEST: 0x34db4680 1
DBimpl - UNLOCK REQUEST: 0x34db4680 1
[1773159761.259186017] UNLOCK pid=34586 fd=10: EXCLUSIVE -> SHARED
DBimpl - UNLOCK REQUEST: 0x34db4680 0
[1773159761.259190440] UNLOCK pid=34586 fd=10: SHARED -> NO_LOCK
DBimpl - LOCK REQUEST: 0x34db4680 1
[1773159761.259890934] LOCK pid=34588 fd=14: NO_LOCK -> SHARED (fallback)
[1773159761.259892361] LOCK pid=34588 fd=14: SHARED -> SHARED
DBimpl - LOCK REQUEST: 0x34db4680 2
[1773159761.259902455] LOCK pid=34588 fd=14: SHARED -> RESERVED
DBimpl - LOCK REQUEST: 0x34db4680 4
[1773159761.259997940] LOCK pid=34588 fd=14: RESERVED -> PENDING
[1773159761.259999756] LOCK pid=34588 fd=14: PENDING -> EXCLUSIVE
DBimpl - LOCK REQUEST: 0x34db4680 1
DBimpl - LOCK REQUEST: 0x34db4680 1
DBimpl - UNLOCK REQUEST: 0x34db4680 1
[1773159761.262803005] UNLOCK pid=34588 fd=14: EXCLUSIVE -> SHARED
DBimpl - UNLOCK REQUEST: 0x34db4680 0
[1773159761.262809453] UNLOCK pid=34588 fd=14: SHARED -> NO_LOCK
DBimpl - LOCK REQUEST: 0x34db4680 1
[1773159761.263584161] LOCK pid=34585 fd=8: NO_LOCK -> SHARED (fallback)
[1773159761.263587352] LOCK pid=34585 fd=8: SHARED -> SHARED
DBimpl - UNLOCK REQUEST: 0x34db4680 0
[1773159761.263822133] UNLOCK pid=34585 fd=8: SHARED -> NO_LOCK
DBimpl - LOCK REQUEST: 0x34db4680 1
[1773159761.265608698] LOCK pid=34584 fd=6: NO_LOCK -> SHARED (fallback)
[1773159761.265610760] LOCK pid=34584 fd=6: SHARED -> SHARED
DBimpl - UNLOCK REQUEST: 0x34db4680 0
[1773159761.265770287] UNLOCK pid=34584 fd=6: SHARED -> NO_LOCK
DBimpl - LOCK REQUEST: 0x34db4680 1
[1773159761.266830165] LOCK pid=34587 fd=12: NO_LOCK -> SHARED (fallback)
[1773159761.266831889] LOCK pid=34587 fd=12: SHARED -> SHARED
DBimpl - LOCK REQUEST: 0x34db4680 2
[1773159761.266846123] LOCK pid=34587 fd=12: SHARED -> RESERVED
DBimpl - LOCK REQUEST: 0x34db4680 1
[1773159761.268905644] LOCK pid=34586 fd=10: NO_LOCK -> SHARED (fallback)
[1773159761.268909979] LOCK pid=34586 fd=10: SHARED -> SHARED
DBimpl - LOCK REQUEST: 0x34db4680 2
DBimpl - UNLOCK REQUEST: 0x34db4680 0
[1773159761.268940396] UNLOCK pid=34586 fd=10: SHARED -> NO_LOCK
DBimpl - LOCK REQUEST: 0x34db4680 4
[1773159761.269951159] LOCK pid=34587 fd=12: RESERVED -> PENDING
[1773159761.269953367] LOCK pid=34587 fd=12: PENDING -> EXCLUSIVE
DBimpl - LOCK REQUEST: 0x34db4680 1
DBimpl - LOCK REQUEST: 0x34db4680 1
DBimpl - LOCK REQUEST: 0x34db4680 1
DBimpl - UNLOCK REQUEST: 0x34db4680 1
[1773159761.271755115] UNLOCK pid=34587 fd=12: EXCLUSIVE -> SHARED
DBimpl - UNLOCK REQUEST: 0x34db4680 0
[1773159761.271760353] UNLOCK pid=34587 fd=12: SHARED -> NO_LOCK
DBimpl - LOCK REQUEST: 0x34db4680 1
[1773159761.272074435] LOCK pid=34586 fd=10: NO_LOCK -> SHARED (fallback)
[1773159761.272076008] LOCK pid=34586 fd=10: SHARED -> SHARED
DBimpl - LOCK REQUEST: 0x34db4680 2
[1773159761.272089259] LOCK pid=34586 fd=10: SHARED -> RESERVED
DBimpl - LOCK REQUEST: 0x34db4680 1
[1773159761.272289970] LOCK pid=34585 fd=8: NO_LOCK -> SHARED (fallback)
[1773159761.272295770] LOCK pid=34585 fd=8: SHARED -> SHARED
DBimpl - LOCK REQUEST: 0x34db4680 1
[1773159761.272394643] LOCK pid=34584 fd=6: NO_LOCK -> SHARED (fallback)
[1773159761.272398557] LOCK pid=34584 fd=6: SHARED -> SHARED
DBimpl - UNLOCK REQUEST: 0x34db4680 0
[1773159761.272509965] UNLOCK pid=34585 fd=8: SHARED -> NO_LOCK
DBimpl - UNLOCK REQUEST: 0x34db4680 0
[1773159761.272638105] UNLOCK pid=34584 fd=6: SHARED -> NO_LOCK
DBimpl - LOCK REQUEST: 0x34db4680 4
[1773159761.272982311] LOCK pid=34586 fd=10: RESERVED -> PENDING
[1773159761.272984266] LOCK pid=34586 fd=10: PENDING -> EXCLUSIVE
DBimpl - LOCK REQUEST: 0x34db4680 1
DBimpl - LOCK REQUEST: 0x34db4680 1
DBimpl - LOCK REQUEST: 0x34db4680 1
DBimpl - UNLOCK REQUEST: 0x34db4680 1
[1773159761.275173881] UNLOCK pid=34586 fd=10: EXCLUSIVE -> SHARED
DBimpl - UNLOCK REQUEST: 0x34db4680 0
[1773159761.275178016] UNLOCK pid=34586 fd=10: SHARED -> NO_LOCK
DBimpl - LOCK REQUEST: 0x34db4680 1
[1773159761.275429905] LOCK pid=34585 fd=8: NO_LOCK -> SHARED (fallback)
[1773159761.275431515] LOCK pid=34585 fd=8: SHARED -> SHARED
DBimpl - UNLOCK REQUEST: 0x34db4680 0
[1773159761.275612362] UNLOCK pid=34585 fd=8: SHARED -> NO_LOCK
DBimpl - LOCK REQUEST: 0x34db4680 1
[1773159761.276588874] LOCK pid=34588 fd=14: NO_LOCK -> SHARED (fallback)
[1773159761.276590227] LOCK pid=34588 fd=14: SHARED -> SHARED
DBimpl - LOCK REQUEST: 0x34db4680 1
DBimpl - LOCK REQUEST: 0x34db4680 2
[1773159761.276601012] LOCK pid=34586 fd=10: NO_LOCK -> SHARED (fallback)
[1773159761.276601287] LOCK pid=34588 fd=14: SHARED -> RESERVED
[1773159761.276602618] LOCK pid=34586 fd=10: SHARED -> SHARED
DBimpl - LOCK REQUEST: 0x34db4680 2
DBimpl - UNLOCK REQUEST: 0x34db4680 0
[1773159761.276617288] UNLOCK pid=34586 fd=10: SHARED -> NO_LOCK
DBimpl - LOCK REQUEST: 0x34db4680 4
[1773159761.276718740] LOCK pid=34588 fd=14: RESERVED -> PENDING
[1773159761.276720545] LOCK pid=34588 fd=14: PENDING -> EXCLUSIVE
DBimpl - LOCK REQUEST: 0x34db4680 1
DBimpl - LOCK REQUEST: 0x34db4680 1
DBimpl - LOCK REQUEST: 0x34db4680 1
DBimpl - LOCK REQUEST: 0x34db4680 1
DBimpl - UNLOCK REQUEST: 0x34db4680 1
[1773159761.279762282] UNLOCK pid=34588 fd=14: EXCLUSIVE -> SHARED
DBimpl - UNLOCK REQUEST: 0x34db4680 0
[1773159761.279768396] UNLOCK pid=34588 fd=14: SHARED -> NO_LOCK
DBimpl - LOCK REQUEST: 0x34db4680 1
[1773159761.280280784] LOCK pid=34584 fd=6: NO_LOCK -> SHARED (fallback)
[1773159761.280283393] LOCK pid=34584 fd=6: SHARED -> SHARED
DBimpl - UNLOCK REQUEST: 0x34db4680 0
[1773159761.280498941] UNLOCK pid=34584 fd=6: SHARED -> NO_LOCK
DBimpl - LOCK REQUEST: 0x34db4680 1
[1773159761.282992065] LOCK pid=34584 fd=6: NO_LOCK -> SHARED (fallback)
[1773159761.282993829] LOCK pid=34584 fd=6: SHARED -> SHARED
DBimpl - LOCK REQUEST: 0x34db4680 1
[1773159761.283028431] LOCK pid=34588 fd=14: NO_LOCK -> SHARED (fallback)
[1773159761.283032955] LOCK pid=34588 fd=14: SHARED -> SHARED
DBimpl - LOCK REQUEST: 0x34db4680 2
[1773159761.283056717] LOCK pid=34588 fd=14: SHARED -> RESERVED
DBimpl - UNLOCK REQUEST: 0x34db4680 0
[1773159761.283184795] UNLOCK pid=34584 fd=6: SHARED -> NO_LOCK
DBimpl - LOCK REQUEST: 0x34db4680 4
[1773159761.283210516] LOCK pid=34588 fd=14: RESERVED -> PENDING
[1773159761.283212443] LOCK pid=34588 fd=14: PENDING -> EXCLUSIVE
DBimpl - LOCK REQUEST: 0x34db4680 1
DBimpl - LOCK REQUEST: 0x34db4680 1
DBimpl - UNLOCK REQUEST: 0x34db4680 1
[1773159761.285052427] UNLOCK pid=34588 fd=14: EXCLUSIVE -> SHARED
DBimpl - UNLOCK REQUEST: 0x34db4680 0
[1773159761.285057396] UNLOCK pid=34588 fd=14: SHARED -> NO_LOCK
DBimpl - LOCK REQUEST: 0x34db4680 1
[1773159761.285162936] LOCK pid=34585 fd=8: NO_LOCK -> SHARED (fallback)
[1773159761.285164976] LOCK pid=34585 fd=8: SHARED -> SHARED
DBimpl - UNLOCK REQUEST: 0x34db4680 0
[1773159761.285376756] UNLOCK pid=34585 fd=8: SHARED -> NO_LOCK
DBimpl - LOCK REQUEST: 0x34db4680 1
[1773159761.288053706] LOCK pid=34585 fd=8: NO_LOCK -> SHARED (fallback)
[1773159761.288056885] LOCK pid=34585 fd=8: SHARED -> SHARED
DBimpl - UNLOCK REQUEST: 0x34db4680 0
[1773159761.288297283] UNLOCK pid=34585 fd=8: SHARED -> NO_LOCK
DBimpl - LOCK REQUEST: 0x34db4680 1
[1773159761.290229987] LOCK pid=34584 fd=6: NO_LOCK -> SHARED (fallback)
[1773159761.290232476] LOCK pid=34584 fd=6: SHARED -> SHARED
DBimpl - UNLOCK REQUEST: 0x34db4680 0
[1773159761.290384061] UNLOCK pid=34584 fd=6: SHARED -> NO_LOCK
DBimpl - LOCK REQUEST: 0x34db4680 1
[1773159761.292466028] LOCK pid=34587 fd=12: NO_LOCK -> SHARED (fallback)
[1773159761.292468594] LOCK pid=34587 fd=12: SHARED -> SHARED
DBimpl - LOCK REQUEST: 0x34db4680 2
[1773159761.292483424] LOCK pid=34587 fd=12: SHARED -> RESERVED
DBimpl - LOCK REQUEST: 0x34db4680 1
[1773159761.293149819] LOCK pid=34584 fd=6: NO_LOCK -> SHARED (fallback)
[1773159761.293152070] LOCK pid=34584 fd=6: SHARED -> SHARED
DBimpl - UNLOCK REQUEST: 0x34db4680 0
[1773159761.293430768] UNLOCK pid=34584 fd=6: SHARED -> NO_LOCK
DBimpl - LOCK REQUEST: 0x34db4680 1
[1773159761.295012055] LOCK pid=34586 fd=10: NO_LOCK -> SHARED (fallback)
[1773159761.295016323] LOCK pid=34586 fd=10: SHARED -> SHARED
DBimpl - LOCK REQUEST: 0x34db4680 2
DBimpl - UNLOCK REQUEST: 0x34db4680 0
[1773159761.295052220] UNLOCK pid=34586 fd=10: SHARED -> NO_LOCK
DBimpl - LOCK REQUEST: 0x34db4680 1
[1773159761.303472427] LOCK pid=34584 fd=6: NO_LOCK -> SHARED (fallback)
[1773159761.303476617] LOCK pid=34584 fd=6: SHARED -> SHARED
DBimpl - UNLOCK REQUEST: 0x34db4680 0
[1773159761.303889084] UNLOCK pid=34584 fd=6: SHARED -> NO_LOCK
DBimpl - LOCK REQUEST: 0x34db4680 1
[1773159761.304875295] LOCK pid=34584 fd=6: NO_LOCK -> SHARED (fallback)
[1773159761.304878777] LOCK pid=34584 fd=6: SHARED -> SHARED
DBimpl - UNLOCK REQUEST: 0x34db4680 0
[1773159761.305145646] UNLOCK pid=34584 fd=6: SHARED -> NO_LOCK
DBimpl - LOCK REQUEST: 0x34db4680 1
[1773159761.305299450] LOCK pid=34584 fd=6: NO_LOCK -> SHARED (fallback)
[1773159761.305301368] LOCK pid=34584 fd=6: SHARED -> SHARED
DBimpl - UNLOCK REQUEST: 0x34db4680 0
[1773159761.305545682] UNLOCK pid=34584 fd=6: SHARED -> NO_LOCK
DBimpl - LOCK REQUEST: 0x34db4680 1
[1773159761.306730377] LOCK pid=34585 fd=8: NO_LOCK -> SHARED (fallback)
[1773159761.306738553] LOCK pid=34585 fd=8: SHARED -> SHARED
DBimpl - UNLOCK REQUEST: 0x34db4680 0
[1773159761.307061080] UNLOCK pid=34585 fd=8: SHARED -> NO_LOCK
DBimpl - LOCK REQUEST: 0x34db4680 4
[1773159761.309493260] LOCK pid=34587 fd=12: RESERVED -> PENDING
[1773159761.309496359] LOCK pid=34587 fd=12: PENDING -> EXCLUSIVE
DBimpl - LOCK REQUEST: 0x34db4680 1
DBimpl - LOCK REQUEST: 0x34db4680 1
DBimpl - LOCK REQUEST: 0x34db4680 1
DBimpl - UNLOCK REQUEST: 0x34db4680 1
[1773159761.312068989] UNLOCK pid=34587 fd=12: EXCLUSIVE -> SHARED
DBimpl - UNLOCK REQUEST: 0x34db4680 0
[1773159761.312077011] UNLOCK pid=34587 fd=12: SHARED -> NO_LOCK
DBimpl - LOCK REQUEST: 0x34db4680 1
[1773159761.313024460] LOCK pid=34584 fd=6: NO_LOCK -> SHARED (fallback)
[1773159761.313027832] LOCK pid=34584 fd=6: SHARED -> SHARED
DBimpl - UNLOCK REQUEST: 0x34db4680 0
[1773159761.313380079] UNLOCK pid=34584 fd=6: SHARED -> NO_LOCK
DBimpl - LOCK REQUEST: 0x34db4680 1
[1773159761.316733737] LOCK pid=34585 fd=8: NO_LOCK -> SHARED (fallback)
[1773159761.316784739] LOCK pid=34585 fd=8: SHARED -> SHARED
DBimpl - UNLOCK REQUEST: 0x34db4680 0
[1773159761.317735578] UNLOCK pid=34585 fd=8: SHARED -> NO_LOCK
DBimpl - LOCK REQUEST: 0x34db4680 1
[1773159761.318778836] LOCK pid=34584 fd=6: NO_LOCK -> SHARED (fallback)
[1773159761.318782430] LOCK pid=34584 fd=6: SHARED -> SHARED
DBimpl - UNLOCK REQUEST: 0x34db4680 0
[1773159761.319094903] UNLOCK pid=34584 fd=6: SHARED -> NO_LOCK
DBimpl - LOCK REQUEST: 0x34db4680 1
[1773159761.320739606] LOCK pid=34587 fd=12: NO_LOCK -> SHARED (fallback)
[1773159761.320742078] LOCK pid=34587 fd=12: SHARED -> SHARED
DBimpl - LOCK REQUEST: 0x34db4680 2
[1773159761.320756829] LOCK pid=34587 fd=12: SHARED -> RESERVED
DBimpl - LOCK REQUEST: 0x34db4680 4
[1773159761.322027758] LOCK pid=34587 fd=12: RESERVED -> PENDING
[1773159761.322030803] LOCK pid=34587 fd=12: PENDING -> EXCLUSIVE
DBimpl - UNLOCK REQUEST: 0x34db4680 1
[1773159761.322036854] UNLOCK pid=34587 fd=12: EXCLUSIVE -> SHARED
DBimpl - UNLOCK REQUEST: 0x34db4680 0
[1773159761.322054725] UNLOCK pid=34587 fd=12: SHARED -> NO_LOCK
DBimpl - LOCK REQUEST: 0x34db4680 1
[1773159761.328092270] LOCK pid=34584 fd=6: NO_LOCK -> SHARED (fallback)
[1773159761.328097127] LOCK pid=34584 fd=6: SHARED -> SHARED
DBimpl - UNLOCK REQUEST: 0x34db4680 0
[1773159761.328426232] UNLOCK pid=34584 fd=6: SHARED -> NO_LOCK
DBimpl - LOCK REQUEST: 0x34db4680 1
[1773159761.330547858] LOCK pid=34586 fd=10: NO_LOCK -> SHARED (fallback)
[1773159761.330551928] LOCK pid=34586 fd=10: SHARED -> SHARED
DBimpl - LOCK REQUEST: 0x34db4680 2
[1773159761.330578463] LOCK pid=34586 fd=10: SHARED -> RESERVED
DBimpl - LOCK REQUEST: 0x34db4680 1
[1773159761.331261539] LOCK pid=34585 fd=8: NO_LOCK -> SHARED (fallback)
[1773159761.331264453] LOCK pid=34585 fd=8: SHARED -> SHARED
DBimpl - UNLOCK REQUEST: 0x34db4680 0
[1773159761.331613706] UNLOCK pid=34585 fd=8: SHARED -> NO_LOCK
DBimpl - LOCK REQUEST: 0x34db4680 4
[1773159761.333558297] LOCK pid=34586 fd=10: RESERVED -> PENDING
[1773159761.333561565] LOCK pid=34586 fd=10: PENDING -> EXCLUSIVE
DBimpl - LOCK REQUEST: 0x34db4680 1
DBimpl - LOCK REQUEST: 0x34db4680 1
DBimpl - LOCK REQUEST: 0x34db4680 1
DBimpl - LOCK REQUEST: 0x34db4680 1
DBimpl - UNLOCK REQUEST: 0x34db4680 1
[1773159761.338638295] UNLOCK pid=34586 fd=10: EXCLUSIVE -> SHARED
DBimpl - UNLOCK REQUEST: 0x34db4680 0
[1773159761.338649879] UNLOCK pid=34586 fd=10: SHARED -> NO_LOCK
DBimpl - LOCK REQUEST: 0x34db4680 1
[1773159761.338944010] LOCK pid=34588 fd=14: NO_LOCK -> SHARED (fallback)
[1773159761.338946281] LOCK pid=34588 fd=14: SHARED -> SHARED
DBimpl - LOCK REQUEST: 0x34db4680 2
[1773159761.338963878] LOCK pid=34588 fd=14: SHARED -> RESERVED
DBimpl - LOCK REQUEST: 0x34db4680 4
[1773159761.339190115] LOCK pid=34588 fd=14: RESERVED -> PENDING
[1773159761.339192796] LOCK pid=34588 fd=14: PENDING -> EXCLUSIVE
DBimpl - UNLOCK REQUEST: 0x34db4680 1
[1773159761.341090110] UNLOCK pid=34588 fd=14: EXCLUSIVE -> SHARED
DBimpl - UNLOCK REQUEST: 0x34db4680 0
[1773159761.341098733] UNLOCK pid=34588 fd=14: SHARED -> NO_LOCK
DBimpl - LOCK REQUEST: 0x34db4680 1
[1773159761.343604215] LOCK pid=34585 fd=8: NO_LOCK -> SHARED (fallback)
[1773159761.343609145] LOCK pid=34585 fd=8: SHARED -> SHARED
DBimpl - UNLOCK REQUEST: 0x34db4680 0
[1773159761.344049230] UNLOCK pid=34585 fd=8: SHARED -> NO_LOCK
DBimpl - UNLOCK REQUEST: 0x34db4680 0
DBimpl - LOCK REQUEST: 0x34db4680 1
[1773159761.344269797] LOCK pid=34584 fd=6: NO_LOCK -> SHARED (fallback)
[1773159761.344272479] LOCK pid=34584 fd=6: SHARED -> SHARED
DBimpl - UNLOCK REQUEST: 0x34db4680 0
[1773159761.344558862] UNLOCK pid=34584 fd=6: SHARED -> NO_LOCK
DBimpl - UNLOCK REQUEST: 0x34db4680 0
DBimpl - LOCK REQUEST: 0x34db4680 1
[1773159761.347440030] LOCK pid=34586 fd=10: NO_LOCK -> SHARED (fallback)
[1773159761.347444145] LOCK pid=34586 fd=10: SHARED -> SHARED
DBimpl - LOCK REQUEST: 0x34db4680 2
[1773159761.347476012] LOCK pid=34586 fd=10: SHARED -> RESERVED
DBimpl - LOCK REQUEST: 0x34db4680 4
[1773159761.349486013] LOCK pid=34586 fd=10: RESERVED -> PENDING
[1773159761.349490381] LOCK pid=34586 fd=10: PENDING -> EXCLUSIVE
DBimpl - UNLOCK REQUEST: 0x34db4680 1
[1773159761.351635445] UNLOCK pid=34586 fd=10: EXCLUSIVE -> SHARED
DBimpl - UNLOCK REQUEST: 0x34db4680 0
[1773159761.351642359] UNLOCK pid=34586 fd=10: SHARED -> NO_LOCK
DBimpl - LOCK REQUEST: 0x34db4680 1
[1773159761.353958848] LOCK pid=34586 fd=10: NO_LOCK -> SHARED (fallback)
[1773159761.353962309] LOCK pid=34586 fd=10: SHARED -> SHARED
DBimpl - LOCK REQUEST: 0x34db4680 2
[1773159761.353980691] LOCK pid=34586 fd=10: SHARED -> RESERVED
DBimpl - LOCK REQUEST: 0x34db4680 4
[1773159761.354998358] LOCK pid=34586 fd=10: RESERVED -> PENDING
[1773159761.355000770] LOCK pid=34586 fd=10: PENDING -> EXCLUSIVE
DBimpl - LOCK REQUEST: 0x34db4680 1
DBimpl - UNLOCK REQUEST: 0x34db4680 1
[1773159761.356908814] UNLOCK pid=34586 fd=10: EXCLUSIVE -> SHARED
DBimpl - UNLOCK REQUEST: 0x34db4680 0
[1773159761.356915732] UNLOCK pid=34586 fd=10: SHARED -> NO_LOCK
DBimpl - LOCK REQUEST: 0x34db4680 1
[1773159761.357232865] LOCK pid=34588 fd=14: NO_LOCK -> SHARED (fallback)
[1773159761.357243277] LOCK pid=34588 fd=14: SHARED -> SHARED
DBimpl - LOCK REQUEST: 0x34db4680 2
[1773159761.357259364] LOCK pid=34588 fd=14: SHARED -> RESERVED
DBimpl - LOCK REQUEST: 0x34db4680 4
[1773159761.357446147] LOCK pid=34588 fd=14: RESERVED -> PENDING
[1773159761.357448156] LOCK pid=34588 fd=14: PENDING -> EXCLUSIVE
DBimpl - UNLOCK REQUEST: 0x34db4680 1
[1773159761.359237132] UNLOCK pid=34588 fd=14: EXCLUSIVE -> SHARED
DBimpl - UNLOCK REQUEST: 0x34db4680 0
[1773159761.359243172] UNLOCK pid=34588 fd=14: SHARED -> NO_LOCK
DBimpl - LOCK REQUEST: 0x34db4680 1
[1773159761.361474381] LOCK pid=34586 fd=10: NO_LOCK -> SHARED (fallback)
[1773159761.361477103] LOCK pid=34586 fd=10: SHARED -> SHARED
DBimpl - LOCK REQUEST: 0x34db4680 2
[1773159761.361500241] LOCK pid=34586 fd=10: SHARED -> RESERVED
DBimpl - LOCK REQUEST: 0x34db4680 4
[1773159761.362596170] LOCK pid=34586 fd=10: RESERVED -> PENDING
[1773159761.362599597] LOCK pid=34586 fd=10: PENDING -> EXCLUSIVE
DBimpl - LOCK REQUEST: 0x34db4680 1
DBimpl - LOCK REQUEST: 0x34db4680 1
DBimpl - LOCK REQUEST: 0x34db4680 1
DBimpl - UNLOCK REQUEST: 0x34db4680 1
[1773159761.368591891] UNLOCK pid=34586 fd=10: EXCLUSIVE -> SHARED
DBimpl - UNLOCK REQUEST: 0x34db4680 0
[1773159761.368604553] UNLOCK pid=34586 fd=10: SHARED -> NO_LOCK
DBimpl - LOCK REQUEST: 0x34db4680 1
[1773159761.372082498] LOCK pid=34586 fd=10: NO_LOCK -> SHARED (fallback)
[1773159761.372085360] LOCK pid=34586 fd=10: SHARED -> SHARED
DBimpl - LOCK REQUEST: 0x34db4680 2
[1773159761.372108708] LOCK pid=34586 fd=10: SHARED -> RESERVED
DBimpl - LOCK REQUEST: 0x34db4680 1
[1773159761.372341623] LOCK pid=34588 fd=14: NO_LOCK -> SHARED (fallback)
[1773159761.372344702] LOCK pid=34588 fd=14: SHARED -> SHARED
DBimpl - LOCK REQUEST: 0x34db4680 2
DBimpl - UNLOCK REQUEST: 0x34db4680 0
[1773159761.372370837] UNLOCK pid=34588 fd=14: SHARED -> NO_LOCK
DBimpl - LOCK REQUEST: 0x34db4680 1
[1773159761.372387943] LOCK pid=34587 fd=12: NO_LOCK -> SHARED (fallback)
[1773159761.372390038] LOCK pid=34587 fd=12: SHARED -> SHARED
DBimpl - LOCK REQUEST: 0x34db4680 2
DBimpl - UNLOCK REQUEST: 0x34db4680 0
[1773159761.372407794] UNLOCK pid=34587 fd=12: SHARED -> NO_LOCK
DBimpl - LOCK REQUEST: 0x34db4680 1
[1773159761.373446736] LOCK pid=34588 fd=14: NO_LOCK -> SHARED (fallback)
[1773159761.373449310] LOCK pid=34588 fd=14: SHARED -> SHARED
DBimpl - LOCK REQUEST: 0x34db4680 2
DBimpl - UNLOCK REQUEST: 0x34db4680 0
[1773159761.373470148] UNLOCK pid=34588 fd=14: SHARED -> NO_LOCK
DBimpl - LOCK REQUEST: 0x34db4680 4
[1773159761.373876220] LOCK pid=34586 fd=10: RESERVED -> PENDING
[1773159761.373879226] LOCK pid=34586 fd=10: PENDING -> EXCLUSIVE
DBimpl - LOCK REQUEST: 0x34db4680 1
DBimpl - UNLOCK REQUEST: 0x34db4680 1
[1773159761.379033446] UNLOCK pid=34586 fd=10: EXCLUSIVE -> SHARED
DBimpl - UNLOCK REQUEST: 0x34db4680 0
[1773159761.379044147] UNLOCK pid=34586 fd=10: SHARED -> NO_LOCK
DBimpl - LOCK REQUEST: 0x34db4680 1
[1773159761.380713824] LOCK pid=34588 fd=14: NO_LOCK -> SHARED (fallback)
[1773159761.380717498] LOCK pid=34588 fd=14: SHARED -> SHARED
DBimpl - LOCK REQUEST: 0x34db4680 2
[1773159761.380749198] LOCK pid=34588 fd=14: SHARED -> RESERVED
DBimpl - LOCK REQUEST: 0x34db4680 4
[1773159761.381008788] LOCK pid=34588 fd=14: RESERVED -> PENDING
[1773159761.381011966] LOCK pid=34588 fd=14: PENDING -> EXCLUSIVE
DBimpl - LOCK REQUEST: 0x34db4680 1
DBimpl - UNLOCK REQUEST: 0x34db4680 1
[1773159761.383962088] UNLOCK pid=34588 fd=14: EXCLUSIVE -> SHARED
DBimpl - UNLOCK REQUEST: 0x34db4680 0
[1773159761.383970885] UNLOCK pid=34588 fd=14: SHARED -> NO_LOCK
DBimpl - LOCK REQUEST: 0x34db4680 1
[1773159761.387709162] LOCK pid=34588 fd=14: NO_LOCK -> SHARED (fallback)
[1773159761.387712797] LOCK pid=34588 fd=14: SHARED -> SHARED
DBimpl - LOCK REQUEST: 0x34db4680 2
[1773159761.387879885] LOCK pid=34588 fd=14: SHARED -> RESERVED
DBimpl - LOCK REQUEST: 0x34db4680 4
[1773159761.388113756] LOCK pid=34588 fd=14: RESERVED -> PENDING
[1773159761.388117235] LOCK pid=34588 fd=14: PENDING -> EXCLUSIVE
DBimpl - UNLOCK REQUEST: 0x34db4680 1
[1773159761.392144626] UNLOCK pid=34588 fd=14: EXCLUSIVE -> SHARED
DBimpl - UNLOCK REQUEST: 0x34db4680 0
[1773159761.392154578] UNLOCK pid=34588 fd=14: SHARED -> NO_LOCK
DBimpl - LOCK REQUEST: 0x34db4680 1
[1773159761.392628944] LOCK pid=34586 fd=10: NO_LOCK -> SHARED (fallback)
[1773159761.392633349] LOCK pid=34586 fd=10: SHARED -> SHARED
DBimpl - LOCK REQUEST: 0x34db4680 2
[1773159761.392657883] LOCK pid=34586 fd=10: SHARED -> RESERVED
DBimpl - LOCK REQUEST: 0x34db4680 4
[1773159761.392910424] LOCK pid=34586 fd=10: RESERVED -> PENDING
[1773159761.392913227] LOCK pid=34586 fd=10: PENDING -> EXCLUSIVE
DBimpl - UNLOCK REQUEST: 0x34db4680 1
[1773159761.395733912] UNLOCK pid=34586 fd=10: EXCLUSIVE -> SHARED
DBimpl - UNLOCK REQUEST: 0x34db4680 0
[1773159761.395753632] UNLOCK pid=34586 fd=10: SHARED -> NO_LOCK
DBimpl - LOCK REQUEST: 0x34db4680 1
[1773159761.397580595] LOCK pid=34587 fd=12: NO_LOCK -> SHARED (fallback)
[1773159761.397584398] LOCK pid=34587 fd=12: SHARED -> SHARED
DBimpl - LOCK REQUEST: 0x34db4680 2
[1773159761.397615199] LOCK pid=34587 fd=12: SHARED -> RESERVED
DBimpl - LOCK REQUEST: 0x34db4680 1
[1773159761.399777788] LOCK pid=34586 fd=10: NO_LOCK -> SHARED (fallback)
[1773159761.399781535] LOCK pid=34586 fd=10: SHARED -> SHARED
DBimpl - LOCK REQUEST: 0x34db4680 2
DBimpl - UNLOCK REQUEST: 0x34db4680 0
[1773159761.399807589] UNLOCK pid=34586 fd=10: SHARED -> NO_LOCK
DBimpl - LOCK REQUEST: 0x34db4680 1
[1773159761.400876963] LOCK pid=34586 fd=10: NO_LOCK -> SHARED (fallback)
[1773159761.400879603] LOCK pid=34586 fd=10: SHARED -> SHARED
DBimpl - LOCK REQUEST: 0x34db4680 2
DBimpl - UNLOCK REQUEST: 0x34db4680 0
[1773159761.400895050] UNLOCK pid=34586 fd=10: SHARED -> NO_LOCK
DBimpl - LOCK REQUEST: 0x34db4680 1
[1773159761.402989033] LOCK pid=34586 fd=10: NO_LOCK -> SHARED (fallback)
[1773159761.402992326] LOCK pid=34586 fd=10: SHARED -> SHARED
DBimpl - LOCK REQUEST: 0x34db4680 2
DBimpl - UNLOCK REQUEST: 0x34db4680 0
[1773159761.403022026] UNLOCK pid=34586 fd=10: SHARED -> NO_LOCK
DBimpl - LOCK REQUEST: 0x34db4680 1
[1773159761.403966357] LOCK pid=34588 fd=14: NO_LOCK -> SHARED (fallback)
[1773159761.403970255] LOCK pid=34588 fd=14: SHARED -> SHARED
DBimpl - LOCK REQUEST: 0x34db4680 2
DBimpl - UNLOCK REQUEST: 0x34db4680 0
[1773159761.403997631] UNLOCK pid=34588 fd=14: SHARED -> NO_LOCK
DBimpl - LOCK REQUEST: 0x34db4680 1
[1773159761.405090770] LOCK pid=34588 fd=14: NO_LOCK -> SHARED (fallback)
[1773159761.405093632] LOCK pid=34588 fd=14: SHARED -> SHARED
DBimpl - LOCK REQUEST: 0x34db4680 2
DBimpl - UNLOCK REQUEST: 0x34db4680 0
[1773159761.405117174] UNLOCK pid=34588 fd=14: SHARED -> NO_LOCK
DBimpl - LOCK REQUEST: 0x34db4680 1
[1773159761.407207109] LOCK pid=34588 fd=14: NO_LOCK -> SHARED (fallback)
[1773159761.407211013] LOCK pid=34588 fd=14: SHARED -> SHARED
DBimpl - LOCK REQUEST: 0x34db4680 2
DBimpl - UNLOCK REQUEST: 0x34db4680 0
[1773159761.407238430] UNLOCK pid=34588 fd=14: SHARED -> NO_LOCK
DBimpl - LOCK REQUEST: 0x34db4680 1
[1773159761.408102119] LOCK pid=34586 fd=10: NO_LOCK -> SHARED (fallback)
[1773159761.408105264] LOCK pid=34586 fd=10: SHARED -> SHARED
DBimpl - LOCK REQUEST: 0x34db4680 2
DBimpl - UNLOCK REQUEST: 0x34db4680 0
[1773159761.408126538] UNLOCK pid=34586 fd=10: SHARED -> NO_LOCK
DBimpl - LOCK REQUEST: 0x34db4680 1
[1773159761.412362481] LOCK pid=34588 fd=14: NO_LOCK -> SHARED (fallback)
[1773159761.412365506] LOCK pid=34588 fd=14: SHARED -> SHARED
DBimpl - LOCK REQUEST: 0x34db4680 2
DBimpl - UNLOCK REQUEST: 0x34db4680 0
[1773159761.412398580] UNLOCK pid=34588 fd=14: SHARED -> NO_LOCK
DBimpl - LOCK REQUEST: 0x34db4680 4
[1773159761.414460510] LOCK pid=34587 fd=12: RESERVED -> PENDING
[1773159761.414463675] LOCK pid=34587 fd=12: PENDING -> EXCLUSIVE
DBimpl - UNLOCK REQUEST: 0x34db4680 1
[1773159761.418233311] UNLOCK pid=34587 fd=12: EXCLUSIVE -> SHARED
DBimpl - UNLOCK REQUEST: 0x34db4680 0
[1773159761.418242018] UNLOCK pid=34587 fd=12: SHARED -> NO_LOCK
DBimpl - LOCK REQUEST: 0x34db4680 1
[1773159761.418438363] LOCK pid=34586 fd=10: NO_LOCK -> SHARED (fallback)
[1773159761.418447753] LOCK pid=34586 fd=10: SHARED -> SHARED
DBimpl - LOCK REQUEST: 0x34db4680 2
[1773159761.418470675] LOCK pid=34586 fd=10: SHARED -> RESERVED
DBimpl - LOCK REQUEST: 0x34db4680 4
[1773159761.419420345] LOCK pid=34586 fd=10: RESERVED -> PENDING
[1773159761.419422631] LOCK pid=34586 fd=10: PENDING -> EXCLUSIVE
DBimpl - LOCK REQUEST: 0x34db4680 1
DBimpl - UNLOCK REQUEST: 0x34db4680 1
[1773159761.423912543] UNLOCK pid=34586 fd=10: EXCLUSIVE -> SHARED
DBimpl - UNLOCK REQUEST: 0x34db4680 0
[1773159761.423919745] UNLOCK pid=34586 fd=10: SHARED -> NO_LOCK
DBimpl - LOCK REQUEST: 0x34db4680 1
[1773159761.426939753] LOCK pid=34586 fd=10: NO_LOCK -> SHARED (fallback)
[1773159761.426941765] LOCK pid=34586 fd=10: SHARED -> SHARED
DBimpl - LOCK REQUEST: 0x34db4680 2
[1773159761.426956705] LOCK pid=34586 fd=10: SHARED -> RESERVED
DBimpl - LOCK REQUEST: 0x34db4680 4
[1773159761.428750064] LOCK pid=34586 fd=10: RESERVED -> PENDING
[1773159761.428752371] LOCK pid=34586 fd=10: PENDING -> EXCLUSIVE
DBimpl - UNLOCK REQUEST: 0x34db4680 1
[1773159761.434433451] UNLOCK pid=34586 fd=10: EXCLUSIVE -> SHARED
DBimpl - UNLOCK REQUEST: 0x34db4680 0
[1773159761.434442244] UNLOCK pid=34586 fd=10: SHARED -> NO_LOCK
DBimpl - LOCK REQUEST: 0x34db4680 1
[1773159761.436715265] LOCK pid=34587 fd=12: NO_LOCK -> SHARED (fallback)
[1773159761.436731222] LOCK pid=34587 fd=12: SHARED -> SHARED
DBimpl - LOCK REQUEST: 0x34db4680 2
[1773159761.436839972] LOCK pid=34587 fd=12: SHARED -> RESERVED
DBimpl - LOCK REQUEST: 0x34db4680 1
[1773159761.437948559] LOCK pid=34588 fd=14: NO_LOCK -> SHARED (fallback)
[1773159761.437951457] LOCK pid=34588 fd=14: SHARED -> SHARED
DBimpl - LOCK REQUEST: 0x34db4680 2
DBimpl - UNLOCK REQUEST: 0x34db4680 0
[1773159761.437972861] UNLOCK pid=34588 fd=14: SHARED -> NO_LOCK
DBimpl - LOCK REQUEST: 0x34db4680 4
[1773159761.445479441] LOCK pid=34587 fd=12: RESERVED -> PENDING
[1773159761.445488114] LOCK pid=34587 fd=12: PENDING -> EXCLUSIVE
DBimpl - UNLOCK REQUEST: 0x34db4680 1
[1773159761.445502263] UNLOCK pid=34587 fd=12: EXCLUSIVE -> SHARED
DBimpl - UNLOCK REQUEST: 0x34db4680 0
[1773159761.445519531] UNLOCK pid=34587 fd=12: SHARED -> NO_LOCK
DBimpl - LOCK REQUEST: 0x34db4680 1
[1773159761.448701824] LOCK pid=34586 fd=10: NO_LOCK -> SHARED (fallback)
[1773159761.448705285] LOCK pid=34586 fd=10: SHARED -> SHARED
DBimpl - LOCK REQUEST: 0x34db4680 2
[1773159761.448737927] LOCK pid=34586 fd=10: SHARED -> RESERVED
DBimpl - LOCK REQUEST: 0x34db4680 4
[1773159761.449968096] LOCK pid=34586 fd=10: RESERVED -> PENDING
[1773159761.449971241] LOCK pid=34586 fd=10: PENDING -> EXCLUSIVE
DBimpl - UNLOCK REQUEST: 0x34db4680 1
[1773159761.452494928] UNLOCK pid=34586 fd=10: EXCLUSIVE -> SHARED
DBimpl - UNLOCK REQUEST: 0x34db4680 0
[1773159761.452504883] UNLOCK pid=34586 fd=10: SHARED -> NO_LOCK
DBimpl - LOCK REQUEST: 0x34db4680 1
[1773159761.458084099] LOCK pid=34588 fd=14: NO_LOCK -> SHARED (fallback)
[1773159761.458087388] LOCK pid=34588 fd=14: SHARED -> SHARED
DBimpl - LOCK REQUEST: 0x34db4680 2
[1773159761.458111780] LOCK pid=34588 fd=14: SHARED -> RESERVED
DBimpl - LOCK REQUEST: 0x34db4680 4
[1773159761.458317082] LOCK pid=34588 fd=14: RESERVED -> PENDING
[1773159761.458319150] LOCK pid=34588 fd=14: PENDING -> EXCLUSIVE
DBimpl - UNLOCK REQUEST: 0x34db4680 1
[1773159761.460568045] UNLOCK pid=34588 fd=14: EXCLUSIVE -> SHARED
DBimpl - UNLOCK REQUEST: 0x34db4680 0
[1773159761.460574728] UNLOCK pid=34588 fd=14: SHARED -> NO_LOCK
DBimpl - LOCK REQUEST: 0x34db4680 1
[1773159761.462507643] LOCK pid=34588 fd=14: NO_LOCK -> SHARED (fallback)
[1773159761.462510129] LOCK pid=34588 fd=14: SHARED -> SHARED
DBimpl - LOCK REQUEST: 0x34db4680 2
[1773159761.462529527] LOCK pid=34588 fd=14: SHARED -> RESERVED
DBimpl - LOCK REQUEST: 0x34db4680 4
[1773159761.462711486] LOCK pid=34588 fd=14: RESERVED -> PENDING
[1773159761.462714019] LOCK pid=34588 fd=14: PENDING -> EXCLUSIVE
DBimpl - UNLOCK REQUEST: 0x34db4680 1
[1773159761.464479212] UNLOCK pid=34588 fd=14: EXCLUSIVE -> SHARED
DBimpl - UNLOCK REQUEST: 0x34db4680 0
[1773159761.464484893] UNLOCK pid=34588 fd=14: SHARED -> NO_LOCK
DBimpl - LOCK REQUEST: 0x34db4680 1
[1773159761.464995842] LOCK pid=34587 fd=12: NO_LOCK -> SHARED (fallback)
[1773159761.464999075] LOCK pid=34587 fd=12: SHARED -> SHARED
DBimpl - LOCK REQUEST: 0x34db4680 2
[1773159761.465021416] LOCK pid=34587 fd=12: SHARED -> RESERVED
DBimpl - LOCK REQUEST: 0x34db4680 1
[1773159761.468093217] LOCK pid=34586 fd=10: NO_LOCK -> SHARED (fallback)
[1773159761.468096419] LOCK pid=34586 fd=10: SHARED -> SHARED
DBimpl - LOCK REQUEST: 0x34db4680 2
DBimpl - UNLOCK REQUEST: 0x34db4680 0
[1773159761.468126045] UNLOCK pid=34586 fd=10: SHARED -> NO_LOCK
DBimpl - LOCK REQUEST: 0x34db4680 1
[1773159761.468425988] LOCK pid=34588 fd=14: NO_LOCK -> SHARED (fallback)
[1773159761.468427616] LOCK pid=34588 fd=14: SHARED -> SHARED
DBimpl - LOCK REQUEST: 0x34db4680 2
DBimpl - UNLOCK REQUEST: 0x34db4680 0
[1773159761.468448131] UNLOCK pid=34588 fd=14: SHARED -> NO_LOCK
DBimpl - LOCK REQUEST: 0x34db4680 1
[1773159761.469213554] LOCK pid=34586 fd=10: NO_LOCK -> SHARED (fallback)
[1773159761.469216031] LOCK pid=34586 fd=10: SHARED -> SHARED
DBimpl - LOCK REQUEST: 0x34db4680 2
DBimpl - UNLOCK REQUEST: 0x34db4680 0
[1773159761.469231271] UNLOCK pid=34586 fd=10: SHARED -> NO_LOCK
DBimpl - LOCK REQUEST: 0x34db4680 1
[1773159761.469509246] LOCK pid=34588 fd=14: NO_LOCK -> SHARED (fallback)
[1773159761.469510507] LOCK pid=34588 fd=14: SHARED -> SHARED
DBimpl - LOCK REQUEST: 0x34db4680 2
DBimpl - UNLOCK REQUEST: 0x34db4680 0
[1773159761.469520110] UNLOCK pid=34588 fd=14: SHARED -> NO_LOCK
DBimpl - LOCK REQUEST: 0x34db4680 4
[1773159761.470419752] LOCK pid=34587 fd=12: RESERVED -> PENDING
[1773159761.470424687] LOCK pid=34587 fd=12: PENDING -> EXCLUSIVE
DBimpl - LOCK REQUEST: 0x34db4680 1
DBimpl - LOCK REQUEST: 0x34db4680 1
DBimpl - UNLOCK REQUEST: 0x34db4680 1
[1773159761.472294316] UNLOCK pid=34587 fd=12: EXCLUSIVE -> SHARED
DBimpl - UNLOCK REQUEST: 0x34db4680 0
[1773159761.472301730] UNLOCK pid=34587 fd=12: SHARED -> NO_LOCK
DBimpl - LOCK REQUEST: 0x34db4680 1
[1773159761.475510248] LOCK pid=34587 fd=12: NO_LOCK -> SHARED (fallback)
[1773159761.475512652] LOCK pid=34587 fd=12: SHARED -> SHARED
DBimpl - LOCK REQUEST: 0x34db4680 2
[1773159761.475533672] LOCK pid=34587 fd=12: SHARED -> RESERVED
DBimpl - LOCK REQUEST: 0x34db4680 1
[1773159761.476388997] LOCK pid=34586 fd=10: NO_LOCK -> SHARED (fallback)
[1773159761.476391826] LOCK pid=34586 fd=10: SHARED -> SHARED
DBimpl - LOCK REQUEST: 0x34db4680 2
DBimpl - UNLOCK REQUEST: 0x34db4680 0
[1773159761.476415473] UNLOCK pid=34586 fd=10: SHARED -> NO_LOCK
DBimpl - LOCK REQUEST: 0x34db4680 4
[1773159761.476532205] LOCK pid=34587 fd=12: RESERVED -> PENDING
[1773159761.476534263] LOCK pid=34587 fd=12: PENDING -> EXCLUSIVE
DBimpl - UNLOCK REQUEST: 0x34db4680 1
[1773159761.476541075] UNLOCK pid=34587 fd=12: EXCLUSIVE -> SHARED
DBimpl - UNLOCK REQUEST: 0x34db4680 0
[1773159761.476544749] UNLOCK pid=34587 fd=12: SHARED -> NO_LOCK
DBimpl - LOCK REQUEST: 0x34db4680 1
[1773159761.476652362] LOCK pid=34588 fd=14: NO_LOCK -> SHARED (fallback)
[1773159761.476654650] LOCK pid=34588 fd=14: SHARED -> SHARED
DBimpl - LOCK REQUEST: 0x34db4680 2
[1773159761.476672335] LOCK pid=34588 fd=14: SHARED -> RESERVED
DBimpl - LOCK REQUEST: 0x34db4680 4
[1773159761.476897886] LOCK pid=34588 fd=14: RESERVED -> PENDING
[1773159761.476900677] LOCK pid=34588 fd=14: PENDING -> EXCLUSIVE
DBimpl - UNLOCK REQUEST: 0x34db4680 1
[1773159761.478871808] UNLOCK pid=34588 fd=14: EXCLUSIVE -> SHARED
DBimpl - UNLOCK REQUEST: 0x34db4680 0
[1773159761.478879716] UNLOCK pid=34588 fd=14: SHARED -> NO_LOCK
DBimpl - LOCK REQUEST: 0x34db4680 1
[1773159761.483289026] LOCK pid=34588 fd=14: NO_LOCK -> SHARED (fallback)
[1773159761.483292157] LOCK pid=34588 fd=14: SHARED -> SHARED
DBimpl - LOCK REQUEST: 0x34db4680 2
[1773159761.483317020] LOCK pid=34588 fd=14: SHARED -> RESERVED
DBimpl - LOCK REQUEST: 0x34db4680 4
[1773159761.483483558] LOCK pid=34588 fd=14: RESERVED -> PENDING
[1773159761.483485523] LOCK pid=34588 fd=14: PENDING -> EXCLUSIVE
DBimpl - UNLOCK REQUEST: 0x34db4680 1
[1773159761.485364684] UNLOCK pid=34588 fd=14: EXCLUSIVE -> SHARED
DBimpl - UNLOCK REQUEST: 0x34db4680 0
[1773159761.485374092] UNLOCK pid=34588 fd=14: SHARED -> NO_LOCK
DBimpl - LOCK REQUEST: 0x34db4680 1
[1773159761.486338279] LOCK pid=34588 fd=14: NO_LOCK -> SHARED (fallback)
[1773159761.486340010] LOCK pid=34588 fd=14: SHARED -> SHARED
DBimpl - LOCK REQUEST: 0x34db4680 2
[1773159761.486358870] LOCK pid=34588 fd=14: SHARED -> RESERVED
DBimpl - LOCK REQUEST: 0x34db4680 1
DBimpl - LOCK REQUEST: 0x34db4680 4
[1773159761.486503243] LOCK pid=34588 fd=14: RESERVED -> PENDING
[1773159761.486505056] LOCK pid=34588 fd=14: PENDING -> EXCLUSIVE
DBimpl - UNLOCK REQUEST: 0x34db4680 1
[1773159761.488386531] UNLOCK pid=34588 fd=14: EXCLUSIVE -> SHARED
DBimpl - UNLOCK REQUEST: 0x34db4680 0
[1773159761.488391684] UNLOCK pid=34588 fd=14: SHARED -> NO_LOCK
DBimpl - LOCK REQUEST: 0x34db4680 1
[1773159761.490864469] LOCK pid=34588 fd=14: NO_LOCK -> SHARED (fallback)
[1773159761.490866753] LOCK pid=34588 fd=14: SHARED -> SHARED
DBimpl - LOCK REQUEST: 0x34db4680 2
[1773159761.490882201] LOCK pid=34588 fd=14: SHARED -> RESERVED
DBimpl - LOCK REQUEST: 0x34db4680 1
DBimpl - LOCK REQUEST: 0x34db4680 4
[1773159761.491060204] LOCK pid=34587 fd=12: NO_LOCK -> SHARED (fallback)
[1773159761.491062679] LOCK pid=34587 fd=12: SHARED -> SHARED
[1773159761.491062618] LOCK pid=34588 fd=14: RESERVED -> PENDING
DBimpl - LOCK REQUEST: 0x34db4680 2
DBimpl - UNLOCK REQUEST: 0x34db4680 0
[1773159761.491085356] UNLOCK pid=34587 fd=12: SHARED -> NO_LOCK
DBimpl - LOCK REQUEST: 0x34db4680 4
DBimpl - LOCK REQUEST: 0x34db4680 1
[1773159761.492157316] LOCK pid=34588 fd=14: PENDING -> EXCLUSIVE
DBimpl - UNLOCK REQUEST: 0x34db4680 1
[1773159761.494197330] UNLOCK pid=34588 fd=14: EXCLUSIVE -> SHARED
DBimpl - UNLOCK REQUEST: 0x34db4680 0
[1773159761.494207282] UNLOCK pid=34588 fd=14: SHARED -> NO_LOCK
DBimpl - LOCK REQUEST: 0x34db4680 1
[1773159761.494237774] LOCK pid=34587 fd=12: NO_LOCK -> SHARED (fallback)
[1773159761.494241815] LOCK pid=34587 fd=12: SHARED -> SHARED
DBimpl - LOCK REQUEST: 0x34db4680 2
[1773159761.494266182] LOCK pid=34587 fd=12: SHARED -> RESERVED
DBimpl - LOCK REQUEST: 0x34db4680 1
[1773159761.495011942] LOCK pid=34588 fd=14: NO_LOCK -> SHARED (fallback)
[1773159761.495014349] LOCK pid=34588 fd=14: SHARED -> SHARED
DBimpl - LOCK REQUEST: 0x34db4680 2
DBimpl - UNLOCK REQUEST: 0x34db4680 0
[1773159761.495032944] UNLOCK pid=34588 fd=14: SHARED -> NO_LOCK
DBimpl - LOCK REQUEST: 0x34db4680 1
[1773159761.496121350] LOCK pid=34588 fd=14: NO_LOCK -> SHARED (fallback)
[1773159761.496122973] LOCK pid=34588 fd=14: SHARED -> SHARED
DBimpl - LOCK REQUEST: 0x34db4680 2
DBimpl - UNLOCK REQUEST: 0x34db4680 0
[1773159761.496133575] UNLOCK pid=34588 fd=14: SHARED -> NO_LOCK
DBimpl - LOCK REQUEST: 0x34db4680 1
[1773159761.498223881] LOCK pid=34588 fd=14: NO_LOCK -> SHARED (fallback)
[1773159761.498225416] LOCK pid=34588 fd=14: SHARED -> SHARED
DBimpl - LOCK REQUEST: 0x34db4680 2
DBimpl - UNLOCK REQUEST: 0x34db4680 0
[1773159761.498236651] UNLOCK pid=34588 fd=14: SHARED -> NO_LOCK
DBimpl - LOCK REQUEST: 0x34db4680 1
[1773159761.501650660] LOCK pid=34586 fd=10: NO_LOCK -> SHARED (fallback)
[1773159761.501654056] LOCK pid=34586 fd=10: SHARED -> SHARED
DBimpl - LOCK REQUEST: 0x34db4680 2
DBimpl - UNLOCK REQUEST: 0x34db4680 0
[1773159761.501679200] UNLOCK pid=34586 fd=10: SHARED -> NO_LOCK
DBimpl - LOCK REQUEST: 0x34db4680 1
[1773159761.503358369] LOCK pid=34588 fd=14: NO_LOCK -> SHARED (fallback)
[1773159761.503362898] LOCK pid=34588 fd=14: SHARED -> SHARED
DBimpl - LOCK REQUEST: 0x34db4680 2
DBimpl - UNLOCK REQUEST: 0x34db4680 0
[1773159761.503392226] UNLOCK pid=34588 fd=14: SHARED -> NO_LOCK
DBimpl - LOCK REQUEST: 0x34db4680 1
[1773159761.513517267] LOCK pid=34588 fd=14: NO_LOCK -> SHARED (fallback)
[1773159761.513521753] LOCK pid=34588 fd=14: SHARED -> SHARED
DBimpl - LOCK REQUEST: 0x34db4680 2
DBimpl - UNLOCK REQUEST: 0x34db4680 0
[1773159761.513573588] UNLOCK pid=34588 fd=14: SHARED -> NO_LOCK
DBimpl - LOCK REQUEST: 0x34db4680 4
[1773159761.516597449] LOCK pid=34587 fd=12: RESERVED -> PENDING
[1773159761.516624177] LOCK pid=34587 fd=12: PENDING -> EXCLUSIVE
DBimpl - UNLOCK REQUEST: 0x34db4680 1
[1773159761.519326445] UNLOCK pid=34587 fd=12: EXCLUSIVE -> SHARED
DBimpl - UNLOCK REQUEST: 0x34db4680 0
[1773159761.519335551] UNLOCK pid=34587 fd=12: SHARED -> NO_LOCK
DBimpl - LOCK REQUEST: 0x34db4680 1
[1773159761.521178990] LOCK pid=34587 fd=12: NO_LOCK -> SHARED (fallback)
[1773159761.521181942] LOCK pid=34587 fd=12: SHARED -> SHARED
DBimpl - LOCK REQUEST: 0x34db4680 2
[1773159761.521204924] LOCK pid=34587 fd=12: SHARED -> RESERVED
DBimpl - LOCK REQUEST: 0x34db4680 1
[1773159761.521771785] LOCK pid=34586 fd=10: NO_LOCK -> SHARED (fallback)
[1773159761.521774836] LOCK pid=34586 fd=10: SHARED -> SHARED
DBimpl - LOCK REQUEST: 0x34db4680 2
DBimpl - UNLOCK REQUEST: 0x34db4680 0
[1773159761.521794175] UNLOCK pid=34586 fd=10: SHARED -> NO_LOCK
DBimpl - LOCK REQUEST: 0x34db4680 1
[1773159761.528666778] LOCK pid=34588 fd=14: NO_LOCK -> SHARED (fallback)
[1773159761.528669969] LOCK pid=34588 fd=14: SHARED -> SHARED
DBimpl - LOCK REQUEST: 0x34db4680 2
DBimpl - UNLOCK REQUEST: 0x34db4680 0
[1773159761.528698649] UNLOCK pid=34588 fd=14: SHARED -> NO_LOCK
DBimpl - LOCK REQUEST: 0x34db4680 4
[1773159761.534114456] LOCK pid=34587 fd=12: RESERVED -> PENDING
[1773159761.534117535] LOCK pid=34587 fd=12: PENDING -> EXCLUSIVE
DBimpl - UNLOCK REQUEST: 0x34db4680 1
[1773159761.534123352] UNLOCK pid=34587 fd=12: EXCLUSIVE -> SHARED
DBimpl - UNLOCK REQUEST: 0x34db4680 0
[1773159761.534129122] UNLOCK pid=34587 fd=12: SHARED -> NO_LOCK
DBimpl - LOCK REQUEST: 0x34db4680 1
[1773159761.546882609] LOCK pid=34586 fd=10: NO_LOCK -> SHARED (fallback)
[1773159761.546886408] LOCK pid=34586 fd=10: SHARED -> SHARED
DBimpl - LOCK REQUEST: 0x34db4680 2
[1773159761.546910491] LOCK pid=34586 fd=10: SHARED -> RESERVED
DBimpl - LOCK REQUEST: 0x34db4680 4
[1773159761.547996316] LOCK pid=34586 fd=10: RESERVED -> PENDING
[1773159761.547998647] LOCK pid=34586 fd=10: PENDING -> EXCLUSIVE
DBimpl - LOCK REQUEST: 0x34db4680 1
DBimpl - LOCK REQUEST: 0x34db4680 1
DBimpl - LOCK REQUEST: 0x34db4680 1
DBimpl - UNLOCK REQUEST: 0x34db4680 1
[1773159761.549833060] UNLOCK pid=34586 fd=10: EXCLUSIVE -> SHARED
DBimpl - UNLOCK REQUEST: 0x34db4680 0
[1773159761.549838175] UNLOCK pid=34586 fd=10: SHARED -> NO_LOCK
DBimpl - LOCK REQUEST: 0x34db4680 1
[1773159761.550456715] LOCK pid=34586 fd=10: NO_LOCK -> SHARED (fallback)
[1773159761.550458117] LOCK pid=34586 fd=10: SHARED -> SHARED
DBimpl - LOCK REQUEST: 0x34db4680 2
[1773159761.550467236] LOCK pid=34586 fd=10: SHARED -> RESERVED
DBimpl - LOCK REQUEST: 0x34db4680 4
[1773159761.551399080] LOCK pid=34586 fd=10: RESERVED -> PENDING
[1773159761.551401196] LOCK pid=34586 fd=10: PENDING -> EXCLUSIVE
DBimpl - LOCK REQUEST: 0x34db4680 1
DBimpl - UNLOCK REQUEST: 0x34db4680 1
[1773159761.553957300] UNLOCK pid=34586 fd=10: EXCLUSIVE -> SHARED
DBimpl - UNLOCK REQUEST: 0x34db4680 0
[1773159761.553965062] UNLOCK pid=34586 fd=10: SHARED -> NO_LOCK
DBimpl - LOCK REQUEST: 0x34db4680 1
[1773159761.556635501] LOCK pid=34586 fd=10: NO_LOCK -> SHARED (fallback)
[1773159761.556638314] LOCK pid=34586 fd=10: SHARED -> SHARED
DBimpl - LOCK REQUEST: 0x34db4680 2
[1773159761.556672647] LOCK pid=34586 fd=10: SHARED -> RESERVED
DBimpl - LOCK REQUEST: 0x34db4680 4
[1773159761.556885336] LOCK pid=34586 fd=10: RESERVED -> PENDING
[1773159761.556888179] LOCK pid=34586 fd=10: PENDING -> EXCLUSIVE
DBimpl - LOCK REQUEST: 0x34db4680 1
DBimpl - UNLOCK REQUEST: 0x34db4680 1
[1773159761.558665464] UNLOCK pid=34586 fd=10: EXCLUSIVE -> SHARED
DBimpl - UNLOCK REQUEST: 0x34db4680 0
[1773159761.558672689] UNLOCK pid=34586 fd=10: SHARED -> NO_LOCK
DBimpl - LOCK REQUEST: 0x34db4680 1
[1773159761.567027724] LOCK pid=34587 fd=12: NO_LOCK -> SHARED (fallback)
[1773159761.567030769] LOCK pid=34587 fd=12: SHARED -> SHARED
DBimpl - LOCK REQUEST: 0x34db4680 2
[1773159761.567056853] LOCK pid=34587 fd=12: SHARED -> RESERVED
DBimpl - LOCK REQUEST: 0x34db4680 1
[1773159761.573829675] LOCK pid=34588 fd=14: NO_LOCK -> SHARED (fallback)
[1773159761.573833544] LOCK pid=34588 fd=14: SHARED -> SHARED
DBimpl - LOCK REQUEST: 0x34db4680 2
DBimpl - UNLOCK REQUEST: 0x34db4680 0
[1773159761.573866257] UNLOCK pid=34588 fd=14: SHARED -> NO_LOCK
DBimpl - LOCK REQUEST: 0x34db4680 1
[1773159761.575090739] LOCK pid=34586 fd=10: NO_LOCK -> SHARED (fallback)
[1773159761.575093643] LOCK pid=34586 fd=10: SHARED -> SHARED
DBimpl - LOCK REQUEST: 0x34db4680 2
DBimpl - UNLOCK REQUEST: 0x34db4680 0
[1773159761.575109647] UNLOCK pid=34586 fd=10: SHARED -> NO_LOCK
DBimpl - LOCK REQUEST: 0x34db4680 4
[1773159761.575507314] LOCK pid=34587 fd=12: RESERVED -> PENDING
[1773159761.575510555] LOCK pid=34587 fd=12: PENDING -> EXCLUSIVE
DBimpl - LOCK REQUEST: 0x34db4680 1
DBimpl - UNLOCK REQUEST: 0x34db4680 1
[1773159761.578069716] UNLOCK pid=34587 fd=12: EXCLUSIVE -> SHARED
DBimpl - UNLOCK REQUEST: 0x34db4680 0
[1773159761.578077530] UNLOCK pid=34587 fd=12: SHARED -> NO_LOCK
DBimpl - LOCK REQUEST: 0x34db4680 1
[1773159761.578359274] LOCK pid=34586 fd=10: NO_LOCK -> SHARED (fallback)
[1773159761.578362327] LOCK pid=34586 fd=10: SHARED -> SHARED
DBimpl - LOCK REQUEST: 0x34db4680 2
[1773159761.578384129] LOCK pid=34586 fd=10: SHARED -> RESERVED
DBimpl - LOCK REQUEST: 0x34db4680 4
[1773159761.578597893] LOCK pid=34586 fd=10: RESERVED -> PENDING
[1773159761.578600922] LOCK pid=34586 fd=10: PENDING -> EXCLUSIVE
DBimpl - UNLOCK REQUEST: 0x34db4680 1
[1773159761.580326395] UNLOCK pid=34586 fd=10: EXCLUSIVE -> SHARED
DBimpl - UNLOCK REQUEST: 0x34db4680 0
[1773159761.580333841] UNLOCK pid=34586 fd=10: SHARED -> NO_LOCK
DBimpl - LOCK REQUEST: 0x34db4680 1
[1773159761.580830957] LOCK pid=34587 fd=12: NO_LOCK -> SHARED (fallback)
[1773159761.580832635] LOCK pid=34587 fd=12: SHARED -> SHARED
DBimpl - LOCK REQUEST: 0x34db4680 2
[1773159761.580845160] LOCK pid=34587 fd=12: SHARED -> RESERVED
DBimpl - LOCK REQUEST: 0x34db4680 1
[1773159761.581600962] LOCK pid=34586 fd=10: NO_LOCK -> SHARED (fallback)
[1773159761.581603553] LOCK pid=34586 fd=10: SHARED -> SHARED
DBimpl - LOCK REQUEST: 0x34db4680 2
DBimpl - UNLOCK REQUEST: 0x34db4680 0
[1773159761.581620805] UNLOCK pid=34586 fd=10: SHARED -> NO_LOCK
DBimpl - LOCK REQUEST: 0x34db4680 1
[1773159761.582688216] LOCK pid=34586 fd=10: NO_LOCK -> SHARED (fallback)
[1773159761.582690049] LOCK pid=34586 fd=10: SHARED -> SHARED
DBimpl - LOCK REQUEST: 0x34db4680 2
DBimpl - UNLOCK REQUEST: 0x34db4680 0
[1773159761.582703232] UNLOCK pid=34586 fd=10: SHARED -> NO_LOCK
DBimpl - LOCK REQUEST: 0x34db4680 4
[1773159761.583020069] LOCK pid=34587 fd=12: RESERVED -> PENDING
[1773159761.583022429] LOCK pid=34587 fd=12: PENDING -> EXCLUSIVE
DBimpl - UNLOCK REQUEST: 0x34db4680 1
[1773159761.583026811] UNLOCK pid=34587 fd=12: EXCLUSIVE -> SHARED
DBimpl - UNLOCK REQUEST: 0x34db4680 0
[1773159761.583030272] UNLOCK pid=34587 fd=12: SHARED -> NO_LOCK
DBimpl - LOCK REQUEST: 0x34db4680 1
[1773159761.584758758] LOCK pid=34586 fd=10: NO_LOCK -> SHARED (fallback)
[1773159761.584763890] LOCK pid=34586 fd=10: SHARED -> SHARED
DBimpl - LOCK REQUEST: 0x34db4680 2
[1773159761.584798680] LOCK pid=34586 fd=10: SHARED -> RESERVED
DBimpl - LOCK REQUEST: 0x34db4680 4
[1773159761.585130436] LOCK pid=34586 fd=10: RESERVED -> PENDING
[1773159761.585134062] LOCK pid=34586 fd=10: PENDING -> EXCLUSIVE
DBimpl - UNLOCK REQUEST: 0x34db4680 1
[1773159761.586966819] UNLOCK pid=34586 fd=10: EXCLUSIVE -> SHARED
DBimpl - UNLOCK REQUEST: 0x34db4680 0
[1773159761.586972398] UNLOCK pid=34586 fd=10: SHARED -> NO_LOCK
DBimpl - LOCK REQUEST: 0x34db4680 1
[1773159761.598957218] LOCK pid=34588 fd=14: NO_LOCK -> SHARED (fallback)
[1773159761.598960979] LOCK pid=34588 fd=14: SHARED -> SHARED
DBimpl - LOCK REQUEST: 0x34db4680 2
[1773159761.598990154] LOCK pid=34588 fd=14: SHARED -> RESERVED
DBimpl - LOCK REQUEST: 0x34db4680 4
[1773159761.599194084] LOCK pid=34588 fd=14: RESERVED -> PENDING
[1773159761.599196011] LOCK pid=34588 fd=14: PENDING -> EXCLUSIVE
DBimpl - UNLOCK REQUEST: 0x34db4680 1
[1773159761.603072904] UNLOCK pid=34588 fd=14: EXCLUSIVE -> SHARED
DBimpl - UNLOCK REQUEST: 0x34db4680 0
[1773159761.603081431] UNLOCK pid=34588 fd=14: SHARED -> NO_LOCK
DBimpl - LOCK REQUEST: 0x34db4680 1
[1773159761.605444851] LOCK pid=34586 fd=10: NO_LOCK -> SHARED (fallback)
[1773159761.605448485] LOCK pid=34586 fd=10: SHARED -> SHARED
DBimpl - LOCK REQUEST: 0x34db4680 2
[1773159761.605474798] LOCK pid=34586 fd=10: SHARED -> RESERVED
DBimpl - LOCK REQUEST: 0x34db4680 4
[1773159761.606611759] LOCK pid=34586 fd=10: RESERVED -> PENDING
[1773159761.606615369] LOCK pid=34586 fd=10: PENDING -> EXCLUSIVE
DBimpl - LOCK REQUEST: 0x34db4680 1
DBimpl - LOCK REQUEST: 0x34db4680 1
DBimpl - LOCK REQUEST: 0x34db4680 1
DBimpl - UNLOCK REQUEST: 0x34db4680 1
[1773159761.610676733] UNLOCK pid=34586 fd=10: EXCLUSIVE -> SHARED
DBimpl - UNLOCK REQUEST: 0x34db4680 0
[1773159761.610684877] UNLOCK pid=34586 fd=10: SHARED -> NO_LOCK
DBimpl - LOCK REQUEST: 0x34db4680 1
[1773159761.615716933] LOCK pid=34587 fd=12: NO_LOCK -> SHARED (fallback)
[1773159761.615720558] LOCK pid=34587 fd=12: SHARED -> SHARED
DBimpl - LOCK REQUEST: 0x34db4680 2
[1773159761.615757206] LOCK pid=34587 fd=12: SHARED -> RESERVED
DBimpl - LOCK REQUEST: 0x34db4680 1
[1773159761.620051526] LOCK pid=34586 fd=10: NO_LOCK -> SHARED (fallback)
[1773159761.620055365] LOCK pid=34586 fd=10: SHARED -> SHARED
DBimpl - LOCK REQUEST: 0x34db4680 2
DBimpl - UNLOCK REQUEST: 0x34db4680 0
[1773159761.620086757] UNLOCK pid=34586 fd=10: SHARED -> NO_LOCK
DBimpl - LOCK REQUEST: 0x34db4680 4
[1773159761.620788231] LOCK pid=34587 fd=12: RESERVED -> PENDING
[1773159761.620792006] LOCK pid=34587 fd=12: PENDING -> EXCLUSIVE
DBimpl - LOCK REQUEST: 0x34db4680 1
DBimpl - LOCK REQUEST: 0x34db4680 1
DBimpl - UNLOCK REQUEST: 0x34db4680 1
[1773159761.623555984] UNLOCK pid=34587 fd=12: EXCLUSIVE -> SHARED
DBimpl - UNLOCK REQUEST: 0x34db4680 0
[1773159761.623564639] UNLOCK pid=34587 fd=12: SHARED -> NO_LOCK
DBimpl - LOCK REQUEST: 0x34db4680 1
[1773159761.623956929] LOCK pid=34587 fd=12: NO_LOCK -> SHARED (fallback)
[1773159761.623959038] LOCK pid=34587 fd=12: SHARED -> SHARED
DBimpl - LOCK REQUEST: 0x34db4680 2
[1773159761.623972433] LOCK pid=34587 fd=12: SHARED -> RESERVED
DBimpl - LOCK REQUEST: 0x34db4680 1
[1773159761.625188577] LOCK pid=34588 fd=14: NO_LOCK -> SHARED (fallback)
[1773159761.625190825] LOCK pid=34588 fd=14: SHARED -> SHARED
DBimpl - LOCK REQUEST: 0x34db4680 2
DBimpl - UNLOCK REQUEST: 0x34db4680 0
[1773159761.625206956] UNLOCK pid=34588 fd=14: SHARED -> NO_LOCK
DBimpl - LOCK REQUEST: 0x34db4680 1
[1773159761.626270925] LOCK pid=34588 fd=14: NO_LOCK -> SHARED (fallback)
[1773159761.626272156] LOCK pid=34588 fd=14: SHARED -> SHARED
DBimpl - LOCK REQUEST: 0x34db4680 2
DBimpl - UNLOCK REQUEST: 0x34db4680 0
[1773159761.626279844] UNLOCK pid=34588 fd=14: SHARED -> NO_LOCK
DBimpl - LOCK REQUEST: 0x34db4680 1
DBimpl - LOCK REQUEST: 0x34db4680 1
[1773159761.628381195] LOCK pid=34586 fd=10: NO_LOCK -> SHARED (fallback)
[1773159761.628387757] LOCK pid=34586 fd=10: SHARED -> SHARED
[1773159761.628391207] LOCK pid=34588 fd=14: NO_LOCK -> SHARED (fallback)
[1773159761.628394079] LOCK pid=34588 fd=14: SHARED -> SHARED
DBimpl - LOCK REQUEST: 0x34db4680 2
DBimpl - LOCK REQUEST: 0x34db4680 2
DBimpl - UNLOCK REQUEST: 0x34db4680 0
DBimpl - UNLOCK REQUEST: 0x34db4680 0
[1773159761.628414369] UNLOCK pid=34586 fd=10: SHARED -> NO_LOCK
[1773159761.628415201] UNLOCK pid=34588 fd=14: SHARED -> NO_LOCK
DBimpl - LOCK REQUEST: 0x34db4680 1
[1773159761.633511172] LOCK pid=34588 fd=14: NO_LOCK -> SHARED (fallback)
[1773159761.633516062] LOCK pid=34588 fd=14: SHARED -> SHARED
DBimpl - LOCK REQUEST: 0x34db4680 2
DBimpl - UNLOCK REQUEST: 0x34db4680 0
[1773159761.633545294] UNLOCK pid=34588 fd=14: SHARED -> NO_LOCK
DBimpl - LOCK REQUEST: 0x34db4680 1
[1773159761.638518524] LOCK pid=34586 fd=10: NO_LOCK -> SHARED (fallback)
[1773159761.638522131] LOCK pid=34586 fd=10: SHARED -> SHARED
DBimpl - LOCK REQUEST: 0x34db4680 2
DBimpl - UNLOCK REQUEST: 0x34db4680 0
[1773159761.638554181] UNLOCK pid=34586 fd=10: SHARED -> NO_LOCK
DBimpl - LOCK REQUEST: 0x34db4680 4
[1773159761.640237028] LOCK pid=34587 fd=12: RESERVED -> PENDING
[1773159761.640239854] LOCK pid=34587 fd=12: PENDING -> EXCLUSIVE
DBimpl - UNLOCK REQUEST: 0x34db4680 1
[1773159761.640255761] UNLOCK pid=34587 fd=12: EXCLUSIVE -> SHARED
DBimpl - UNLOCK REQUEST: 0x34db4680 0
[1773159761.640261661] UNLOCK pid=34587 fd=12: SHARED -> NO_LOCK
DBimpl - LOCK REQUEST: 0x34db4680 1
[1773159761.643648084] LOCK pid=34588 fd=14: NO_LOCK -> SHARED (fallback)
[1773159761.643650694] LOCK pid=34588 fd=14: SHARED -> SHARED
DBimpl - LOCK REQUEST: 0x34db4680 2
[1773159761.643670073] LOCK pid=34588 fd=14: SHARED -> RESERVED
DBimpl - LOCK REQUEST: 0x34db4680 4
[1773159761.643859456] LOCK pid=34588 fd=14: RESERVED -> PENDING
[1773159761.643861449] LOCK pid=34588 fd=14: PENDING -> EXCLUSIVE
DBimpl - UNLOCK REQUEST: 0x34db4680 1
[1773159761.645985215] UNLOCK pid=34588 fd=14: EXCLUSIVE -> SHARED
DBimpl - UNLOCK REQUEST: 0x34db4680 0
[1773159761.645994471] UNLOCK pid=34588 fd=14: SHARED -> NO_LOCK
DBimpl - LOCK REQUEST: 0x34db4680 1
[1773159761.652888865] LOCK pid=34588 fd=14: NO_LOCK -> SHARED (fallback)
[1773159761.652893170] LOCK pid=34588 fd=14: SHARED -> SHARED
DBimpl - LOCK REQUEST: 0x34db4680 2
[1773159761.652925255] LOCK pid=34588 fd=14: SHARED -> RESERVED
DBimpl - LOCK REQUEST: 0x34db4680 4
[1773159761.653183100] LOCK pid=34588 fd=14: RESERVED -> PENDING
[1773159761.653186095] LOCK pid=34588 fd=14: PENDING -> EXCLUSIVE
DBimpl - LOCK REQUEST: 0x34db4680 1
DBimpl - LOCK REQUEST: 0x34db4680 1
DBimpl - LOCK REQUEST: 0x34db4680 1
DBimpl - UNLOCK REQUEST: 0x34db4680 1
[1773159761.655654656] UNLOCK pid=34588 fd=14: EXCLUSIVE -> SHARED
DBimpl - UNLOCK REQUEST: 0x34db4680 0
[1773159761.655664608] UNLOCK pid=34588 fd=14: SHARED -> NO_LOCK
DBimpl - LOCK REQUEST: 0x34db4680 1
[1773159761.656695565] LOCK pid=34587 fd=12: NO_LOCK -> SHARED (fallback)
[1773159761.656699385] LOCK pid=34587 fd=12: SHARED -> SHARED
DBimpl - LOCK REQUEST: 0x34db4680 2
[1773159761.656729095] LOCK pid=34587 fd=12: SHARED -> RESERVED
DBimpl - LOCK REQUEST: 0x34db4680 1
[1773159761.657930446] LOCK pid=34588 fd=14: NO_LOCK -> SHARED (fallback)
[1773159761.657933754] LOCK pid=34588 fd=14: SHARED -> SHARED
DBimpl - LOCK REQUEST: 0x34db4680 2
DBimpl - UNLOCK REQUEST: 0x34db4680 0
[1773159761.657957992] UNLOCK pid=34588 fd=14: SHARED -> NO_LOCK
DBimpl - LOCK REQUEST: 0x34db4680 1
[1773159761.659029278] LOCK pid=34588 fd=14: NO_LOCK -> SHARED (fallback)
[1773159761.659031681] LOCK pid=34588 fd=14: SHARED -> SHARED
DBimpl - LOCK REQUEST: 0x34db4680 2
DBimpl - UNLOCK REQUEST: 0x34db4680 0
[1773159761.659051101] UNLOCK pid=34588 fd=14: SHARED -> NO_LOCK
DBimpl - LOCK REQUEST: 0x34db4680 1
[1773159761.661121931] LOCK pid=34588 fd=14: NO_LOCK -> SHARED (fallback)
[1773159761.661124466] LOCK pid=34588 fd=14: SHARED -> SHARED
DBimpl - LOCK REQUEST: 0x34db4680 2
DBimpl - UNLOCK REQUEST: 0x34db4680 0
[1773159761.661144624] UNLOCK pid=34588 fd=14: SHARED -> NO_LOCK
DBimpl - LOCK REQUEST: 0x34db4680 1
[1773159761.666248699] LOCK pid=34588 fd=14: NO_LOCK -> SHARED (fallback)
[1773159761.666253340] LOCK pid=34588 fd=14: SHARED -> SHARED
DBimpl - LOCK REQUEST: 0x34db4680 2
DBimpl - UNLOCK REQUEST: 0x34db4680 0
[1773159761.666289517] UNLOCK pid=34588 fd=14: SHARED -> NO_LOCK
DBimpl - LOCK REQUEST: 0x34db4680 4
[1773159761.666797217] LOCK pid=34587 fd=12: RESERVED -> PENDING
[1773159761.666800625] LOCK pid=34587 fd=12: PENDING -> EXCLUSIVE
DBimpl - UNLOCK REQUEST: 0x34db4680 1
[1773159761.668917384] UNLOCK pid=34587 fd=12: EXCLUSIVE -> SHARED
DBimpl - UNLOCK REQUEST: 0x34db4680 0
[1773159761.668925483] UNLOCK pid=34587 fd=12: SHARED -> NO_LOCK
DBimpl - LOCK REQUEST: 0x34db4680 1
[1773159761.673747454] LOCK pid=34586 fd=10: NO_LOCK -> SHARED (fallback)
[1773159761.673750314] LOCK pid=34586 fd=10: SHARED -> SHARED
DBimpl - LOCK REQUEST: 0x34db4680 2
[1773159761.673775841] LOCK pid=34586 fd=10: SHARED -> RESERVED
DBimpl - LOCK REQUEST: 0x34db4680 4
[1773159761.674885605] LOCK pid=34586 fd=10: RESERVED -> PENDING
[1773159761.674887883] LOCK pid=34586 fd=10: PENDING -> EXCLUSIVE
DBimpl - LOCK REQUEST: 0x34db4680 1
DBimpl - UNLOCK REQUEST: 0x34db4680 1
[1773159761.677193788] UNLOCK pid=34586 fd=10: EXCLUSIVE -> SHARED
DBimpl - UNLOCK REQUEST: 0x34db4680 0
[1773159761.677210805] UNLOCK pid=34586 fd=10: SHARED -> NO_LOCK
DBimpl - LOCK REQUEST: 0x34db4680 1
[1773159761.679068673] LOCK pid=34587 fd=12: NO_LOCK -> SHARED (fallback)
[1773159761.679072141] LOCK pid=34587 fd=12: SHARED -> SHARED
DBimpl - LOCK REQUEST: 0x34db4680 2
[1773159761.679097468] LOCK pid=34587 fd=12: SHARED -> RESERVED
DBimpl - LOCK REQUEST: 0x34db4680 1
[1773159761.684180451] LOCK pid=34586 fd=10: NO_LOCK -> SHARED (fallback)
[1773159761.684185368] LOCK pid=34586 fd=10: SHARED -> SHARED
DBimpl - LOCK REQUEST: 0x34db4680 2
DBimpl - UNLOCK REQUEST: 0x34db4680 0
[1773159761.684224772] UNLOCK pid=34586 fd=10: SHARED -> NO_LOCK
DBimpl - LOCK REQUEST: 0x34db4680 1
[1773159761.685763316] LOCK pid=34586 fd=10: NO_LOCK -> SHARED (fallback)
[1773159761.685767311] LOCK pid=34586 fd=10: SHARED -> SHARED
DBimpl - LOCK REQUEST: 0x34db4680 2
DBimpl - UNLOCK REQUEST: 0x34db4680 0
[1773159761.685787478] UNLOCK pid=34586 fd=10: SHARED -> NO_LOCK
DBimpl - LOCK REQUEST: 0x34db4680 1
[1773159761.687862640] LOCK pid=34586 fd=10: NO_LOCK -> SHARED (fallback)
[1773159761.687865140] LOCK pid=34586 fd=10: SHARED -> SHARED
DBimpl - LOCK REQUEST: 0x34db4680 2
DBimpl - UNLOCK REQUEST: 0x34db4680 0
[1773159761.687881795] UNLOCK pid=34586 fd=10: SHARED -> NO_LOCK
DBimpl - LOCK REQUEST: 0x34db4680 1
[1773159761.691503625] LOCK pid=34588 fd=14: NO_LOCK -> SHARED (fallback)
[1773159761.691506717] LOCK pid=34588 fd=14: SHARED -> SHARED
DBimpl - LOCK REQUEST: 0x34db4680 2
DBimpl - UNLOCK REQUEST: 0x34db4680 0
[1773159761.691532693] UNLOCK pid=34588 fd=14: SHARED -> NO_LOCK
DBimpl - LOCK REQUEST: 0x34db4680 1
[1773159761.692958215] LOCK pid=34586 fd=10: NO_LOCK -> SHARED (fallback)
[1773159761.692962307] LOCK pid=34586 fd=10: SHARED -> SHARED
DBimpl - LOCK REQUEST: 0x34db4680 2
DBimpl - UNLOCK REQUEST: 0x34db4680 0
[1773159761.692980356] UNLOCK pid=34586 fd=10: SHARED -> NO_LOCK
DBimpl - LOCK REQUEST: 0x34db4680 4
[1773159761.697235750] LOCK pid=34587 fd=12: RESERVED -> PENDING
[1773159761.697239776] LOCK pid=34587 fd=12: PENDING -> EXCLUSIVE
DBimpl - UNLOCK REQUEST: 0x34db4680 1
[1773159761.697247921] UNLOCK pid=34587 fd=12: EXCLUSIVE -> SHARED
DBimpl - UNLOCK REQUEST: 0x34db4680 0
[1773159761.697255687] UNLOCK pid=34587 fd=12: SHARED -> NO_LOCK
DBimpl - LOCK REQUEST: 0x34db4680 1
[1773159761.700174192] LOCK pid=34587 fd=12: NO_LOCK -> SHARED (fallback)
[1773159761.700176389] LOCK pid=34587 fd=12: SHARED -> SHARED
DBimpl - LOCK REQUEST: 0x34db4680 2
[1773159761.700193175] LOCK pid=34587 fd=12: SHARED -> RESERVED
DBimpl - LOCK REQUEST: 0x34db4680 1
[1773159761.703066385] LOCK pid=34586 fd=10: NO_LOCK -> SHARED (fallback)
[1773159761.703070366] LOCK pid=34586 fd=10: SHARED -> SHARED
DBimpl - LOCK REQUEST: 0x34db4680 2
DBimpl - UNLOCK REQUEST: 0x34db4680 0
[1773159761.703091573] UNLOCK pid=34586 fd=10: SHARED -> NO_LOCK
DBimpl - LOCK REQUEST: 0x34db4680 1
[1773159761.711655522] LOCK pid=34588 fd=14: NO_LOCK -> SHARED (fallback)
[1773159761.711659815] LOCK pid=34588 fd=14: SHARED -> SHARED
DBimpl - LOCK REQUEST: 0x34db4680 2
DBimpl - UNLOCK REQUEST: 0x34db4680 0
[1773159761.711696185] UNLOCK pid=34588 fd=14: SHARED -> NO_LOCK
DBimpl - LOCK REQUEST: 0x34db4680 4
[1773159761.717061506] LOCK pid=34587 fd=12: RESERVED -> PENDING
[1773159761.717065805] LOCK pid=34587 fd=12: PENDING -> EXCLUSIVE
DBimpl - UNLOCK REQUEST: 0x34db4680 1
[1773159761.717072242] UNLOCK pid=34587 fd=12: EXCLUSIVE -> SHARED
DBimpl - UNLOCK REQUEST: 0x34db4680 0
[1773159761.717094785] UNLOCK pid=34587 fd=12: SHARED -> NO_LOCK
DBimpl - LOCK REQUEST: 0x34db4680 1
[1773159761.718183074] LOCK pid=34586 fd=10: NO_LOCK -> SHARED (fallback)
[1773159761.718187000] LOCK pid=34586 fd=10: SHARED -> SHARED
DBimpl - LOCK REQUEST: 0x34db4680 2
[1773159761.718215215] LOCK pid=34586 fd=10: SHARED -> RESERVED
DBimpl - LOCK REQUEST: 0x34db4680 4
[1773159761.718473673] LOCK pid=34586 fd=10: RESERVED -> PENDING
[1773159761.718477078] LOCK pid=34586 fd=10: PENDING -> EXCLUSIVE
DBimpl - UNLOCK REQUEST: 0x34db4680 1
[1773159761.720839508] UNLOCK pid=34586 fd=10: EXCLUSIVE -> SHARED
DBimpl - UNLOCK REQUEST: 0x34db4680 0
[1773159761.720851996] UNLOCK pid=34586 fd=10: SHARED -> NO_LOCK
DBimpl - LOCK REQUEST: 0x34db4680 1
[1773159761.721857810] LOCK pid=34586 fd=10: NO_LOCK -> SHARED (fallback)
[1773159761.721860305] LOCK pid=34586 fd=10: SHARED -> SHARED
DBimpl - LOCK REQUEST: 0x34db4680 2
[1773159761.721876064] LOCK pid=34586 fd=10: SHARED -> RESERVED
DBimpl - LOCK REQUEST: 0x34db4680 4
[1773159761.723715185] LOCK pid=34586 fd=10: RESERVED -> PENDING
[1773159761.723718433] LOCK pid=34586 fd=10: PENDING -> EXCLUSIVE
DBimpl - LOCK REQUEST: 0x34db4680 1
DBimpl - UNLOCK REQUEST: 0x34db4680 1
[1773159761.725511359] UNLOCK pid=34586 fd=10: EXCLUSIVE -> SHARED
DBimpl - UNLOCK REQUEST: 0x34db4680 0
[1773159761.725517787] UNLOCK pid=34586 fd=10: SHARED -> NO_LOCK
DBimpl - LOCK REQUEST: 0x34db4680 1
[1773159761.725970295] LOCK pid=34587 fd=12: NO_LOCK -> SHARED (fallback)
[1773159761.725973117] LOCK pid=34587 fd=12: SHARED -> SHARED
DBimpl - LOCK REQUEST: 0x34db4680 2
[1773159761.725989112] LOCK pid=34587 fd=12: SHARED -> RESERVED
DBimpl - LOCK REQUEST: 0x34db4680 1
[1773159761.726288082] LOCK pid=34586 fd=10: NO_LOCK -> SHARED (fallback)
[1773159761.726290617] LOCK pid=34586 fd=10: SHARED -> SHARED
DBimpl - LOCK REQUEST: 0x34db4680 2
DBimpl - UNLOCK REQUEST: 0x34db4680 0
[1773159761.726308892] UNLOCK pid=34586 fd=10: SHARED -> NO_LOCK
DBimpl - LOCK REQUEST: 0x34db4680 1
[1773159761.727378624] LOCK pid=34586 fd=10: NO_LOCK -> SHARED (fallback)
[1773159761.727381101] LOCK pid=34586 fd=10: SHARED -> SHARED
DBimpl - LOCK REQUEST: 0x34db4680 2
DBimpl - UNLOCK REQUEST: 0x34db4680 0
[1773159761.727397028] UNLOCK pid=34586 fd=10: SHARED -> NO_LOCK
DBimpl - LOCK REQUEST: 0x34db4680 1
[1773159761.729469834] LOCK pid=34586 fd=10: NO_LOCK -> SHARED (fallback)
[1773159761.729472393] LOCK pid=34586 fd=10: SHARED -> SHARED
DBimpl - LOCK REQUEST: 0x34db4680 2
DBimpl - UNLOCK REQUEST: 0x34db4680 0
[1773159761.729489912] UNLOCK pid=34586 fd=10: SHARED -> NO_LOCK
DBimpl - LOCK REQUEST: 0x34db4680 1
[1773159761.734563299] LOCK pid=34586 fd=10: NO_LOCK -> SHARED (fallback)
[1773159761.734566583] LOCK pid=34586 fd=10: SHARED -> SHARED
DBimpl - LOCK REQUEST: 0x34db4680 2
DBimpl - UNLOCK REQUEST: 0x34db4680 0
[1773159761.734583215] UNLOCK pid=34586 fd=10: SHARED -> NO_LOCK
DBimpl - LOCK REQUEST: 0x34db4680 4
[1773159761.736460263] LOCK pid=34587 fd=12: RESERVED -> PENDING
[1773159761.736462851] LOCK pid=34587 fd=12: PENDING -> EXCLUSIVE
DBimpl - UNLOCK REQUEST: 0x34db4680 1
[1773159761.736467788] UNLOCK pid=34587 fd=12: EXCLUSIVE -> SHARED
DBimpl - UNLOCK REQUEST: 0x34db4680 0
[1773159761.736472264] UNLOCK pid=34587 fd=12: SHARED -> NO_LOCK
DBimpl - LOCK REQUEST: 0x34db4680 1
[1773159761.736747405] LOCK pid=34588 fd=14: NO_LOCK -> SHARED (fallback)
[1773159761.736750283] LOCK pid=34588 fd=14: SHARED -> SHARED
DBimpl - LOCK REQUEST: 0x34db4680 2
[1773159761.736768275] LOCK pid=34588 fd=14: SHARED -> RESERVED
DBimpl - LOCK REQUEST: 0x34db4680 4
[1773159761.737027509] LOCK pid=34588 fd=14: RESERVED -> PENDING
[1773159761.737030431] LOCK pid=34588 fd=14: PENDING -> EXCLUSIVE
DBimpl - LOCK REQUEST: 0x34db4680 1
DBimpl - UNLOCK REQUEST: 0x34db4680 1
[1773159761.739043460] UNLOCK pid=34588 fd=14: EXCLUSIVE -> SHARED
DBimpl - UNLOCK REQUEST: 0x34db4680 0
[1773159761.739050845] UNLOCK pid=34588 fd=14: SHARED -> NO_LOCK
DBimpl - LOCK REQUEST: 0x34db4680 1
[1773159761.739703608] LOCK pid=34587 fd=12: NO_LOCK -> SHARED (fallback)
[1773159761.739705433] LOCK pid=34587 fd=12: SHARED -> SHARED
DBimpl - LOCK REQUEST: 0x34db4680 2
[1773159761.739718613] LOCK pid=34587 fd=12: SHARED -> RESERVED
DBimpl - LOCK REQUEST: 0x34db4680 1
[1773159761.744673772] LOCK pid=34586 fd=10: NO_LOCK -> SHARED (fallback)
[1773159761.744677578] LOCK pid=34586 fd=10: SHARED -> SHARED
DBimpl - LOCK REQUEST: 0x34db4680 2
DBimpl - UNLOCK REQUEST: 0x34db4680 0
[1773159761.744709690] UNLOCK pid=34586 fd=10: SHARED -> NO_LOCK
DBimpl - LOCK REQUEST: 0x34db4680 1
[1773159761.748009202] LOCK pid=34588 fd=14: NO_LOCK -> SHARED (fallback)
[1773159761.748011947] LOCK pid=34588 fd=14: SHARED -> SHARED
DBimpl - LOCK REQUEST: 0x34db4680 2
DBimpl - UNLOCK REQUEST: 0x34db4680 0
[1773159761.748043051] UNLOCK pid=34588 fd=14: SHARED -> NO_LOCK
DBimpl - LOCK REQUEST: 0x34db4680 1
[1773159761.749114060] LOCK pid=34588 fd=14: NO_LOCK -> SHARED (fallback)
[1773159761.749116806] LOCK pid=34588 fd=14: SHARED -> SHARED
DBimpl - LOCK REQUEST: 0x34db4680 2
DBimpl - UNLOCK REQUEST: 0x34db4680 0
[1773159761.749134163] UNLOCK pid=34588 fd=14: SHARED -> NO_LOCK
DBimpl - LOCK REQUEST: 0x34db4680 4
[1773159761.750161809] LOCK pid=34587 fd=12: RESERVED -> PENDING
[1773159761.750164122] LOCK pid=34587 fd=12: PENDING -> EXCLUSIVE
DBimpl - LOCK REQUEST: 0x34db4680 1
DBimpl - UNLOCK REQUEST: 0x34db4680 1
[1773159761.752175946] UNLOCK pid=34587 fd=12: EXCLUSIVE -> SHARED
DBimpl - UNLOCK REQUEST: 0x34db4680 0
[1773159761.752181762] UNLOCK pid=34587 fd=12: SHARED -> NO_LOCK
DBimpl - LOCK REQUEST: 0x34db4680 1
[1773159761.756344058] LOCK pid=34588 fd=14: NO_LOCK -> SHARED (fallback)
[1773159761.756347704] LOCK pid=34588 fd=14: SHARED -> SHARED
DBimpl - LOCK REQUEST: 0x34db4680 2
[1773159761.756372507] LOCK pid=34588 fd=14: SHARED -> RESERVED
DBimpl - LOCK REQUEST: 0x34db4680 4
[1773159761.756677165] LOCK pid=34588 fd=14: RESERVED -> PENDING
[1773159761.756680102] LOCK pid=34588 fd=14: PENDING -> EXCLUSIVE
DBimpl - UNLOCK REQUEST: 0x34db4680 1
[1773159761.758471403] UNLOCK pid=34588 fd=14: EXCLUSIVE -> SHARED
DBimpl - UNLOCK REQUEST: 0x34db4680 0
[1773159761.758478887] UNLOCK pid=34588 fd=14: SHARED -> NO_LOCK
DBimpl - LOCK REQUEST: 0x34db4680 1
[1773159761.759668133] LOCK pid=34587 fd=12: NO_LOCK -> SHARED (fallback)
[1773159761.759670188] LOCK pid=34587 fd=12: SHARED -> SHARED
DBimpl - LOCK REQUEST: 0x34db4680 2
[1773159761.759685324] LOCK pid=34587 fd=12: SHARED -> RESERVED
DBimpl - LOCK REQUEST: 0x34db4680 1
[1773159761.759783905] LOCK pid=34586 fd=10: NO_LOCK -> SHARED (fallback)
[1773159761.759785975] LOCK pid=34586 fd=10: SHARED -> SHARED
DBimpl - LOCK REQUEST: 0x34db4680 2
DBimpl - UNLOCK REQUEST: 0x34db4680 0
[1773159761.759812395] UNLOCK pid=34586 fd=10: SHARED -> NO_LOCK
DBimpl - LOCK REQUEST: 0x34db4680 1
[1773159761.770451801] LOCK pid=34588 fd=14: NO_LOCK -> SHARED (fallback)
[1773159761.770455012] LOCK pid=34588 fd=14: SHARED -> SHARED
DBimpl - LOCK REQUEST: 0x34db4680 2
DBimpl - UNLOCK REQUEST: 0x34db4680 0
[1773159761.770499344] UNLOCK pid=34588 fd=14: SHARED -> NO_LOCK
DBimpl - LOCK REQUEST: 0x34db4680 1
[1773159761.771572007] LOCK pid=34588 fd=14: NO_LOCK -> SHARED (fallback)
[1773159761.771574862] LOCK pid=34588 fd=14: SHARED -> SHARED
DBimpl - LOCK REQUEST: 0x34db4680 2
DBimpl - UNLOCK REQUEST: 0x34db4680 0
[1773159761.771605710] UNLOCK pid=34588 fd=14: SHARED -> NO_LOCK
DBimpl - LOCK REQUEST: 0x34db4680 4
[1773159761.773196272] LOCK pid=34587 fd=12: RESERVED -> PENDING
[1773159761.773198744] LOCK pid=34587 fd=12: PENDING -> EXCLUSIVE
DBimpl - LOCK REQUEST: 0x34db4680 1
DBimpl - UNLOCK REQUEST: 0x34db4680 1
[1773159761.776290384] UNLOCK pid=34587 fd=12: EXCLUSIVE -> SHARED
DBimpl - UNLOCK REQUEST: 0x34db4680 0
[1773159761.776296540] UNLOCK pid=34587 fd=12: SHARED -> NO_LOCK
DBimpl - LOCK REQUEST: 0x34db4680 1
[1773159761.778743703] LOCK pid=34588 fd=14: NO_LOCK -> SHARED (fallback)
[1773159761.778746489] LOCK pid=34588 fd=14: SHARED -> SHARED
DBimpl - LOCK REQUEST: 0x34db4680 2
[1773159761.778764328] LOCK pid=34588 fd=14: SHARED -> RESERVED
DBimpl - LOCK REQUEST: 0x34db4680 1
[1773159761.778999142] LOCK pid=34587 fd=12: NO_LOCK -> SHARED (fallback)
[1773159761.779001562] LOCK pid=34587 fd=12: SHARED -> SHARED
DBimpl - LOCK REQUEST: 0x34db4680 4
[1773159761.779007828] LOCK pid=34588 fd=14: RESERVED -> PENDING
DBimpl - LOCK REQUEST: 0x34db4680 2
DBimpl - UNLOCK REQUEST: 0x34db4680 0
[1773159761.779023542] UNLOCK pid=34587 fd=12: SHARED -> NO_LOCK
DBimpl - LOCK REQUEST: 0x34db4680 1
DBimpl - LOCK REQUEST: 0x34db4680 4
[1773159761.780077472] LOCK pid=34588 fd=14: PENDING -> EXCLUSIVE
DBimpl - LOCK REQUEST: 0x34db4680 1
DBimpl - UNLOCK REQUEST: 0x34db4680 1
[1773159761.781872161] UNLOCK pid=34588 fd=14: EXCLUSIVE -> SHARED
DBimpl - UNLOCK REQUEST: 0x34db4680 0
[1773159761.781882612] UNLOCK pid=34588 fd=14: SHARED -> NO_LOCK
DBimpl - LOCK REQUEST: 0x34db4680 1
[1773159761.782187327] LOCK pid=34587 fd=12: NO_LOCK -> SHARED (fallback)
[1773159761.782188818] LOCK pid=34587 fd=12: SHARED -> SHARED
DBimpl - LOCK REQUEST: 0x34db4680 2
[1773159761.782199497] LOCK pid=34587 fd=12: SHARED -> RESERVED
DBimpl - LOCK REQUEST: 0x34db4680 4
[1773159761.791311466] LOCK pid=34587 fd=12: RESERVED -> PENDING
[1773159761.791313507] LOCK pid=34587 fd=12: PENDING -> EXCLUSIVE
DBimpl - UNLOCK REQUEST: 0x34db4680 1
[1773159761.793893083] UNLOCK pid=34587 fd=12: EXCLUSIVE -> SHARED
DBimpl - UNLOCK REQUEST: 0x34db4680 0
[1773159761.793900550] UNLOCK pid=34587 fd=12: SHARED -> NO_LOCK
DBimpl - LOCK REQUEST: 0x34db4680 1
[1773159761.804059516] LOCK pid=34587 fd=12: NO_LOCK -> SHARED (fallback)
[1773159761.804064297] LOCK pid=34587 fd=12: SHARED -> SHARED
DBimpl - LOCK REQUEST: 0x34db4680 2
[1773159761.804086781] LOCK pid=34587 fd=12: SHARED -> RESERVED
DBimpl - LOCK REQUEST: 0x34db4680 1
[1773159761.804980566] LOCK pid=34586 fd=10: NO_LOCK -> SHARED (fallback)
[1773159761.804983215] LOCK pid=34586 fd=10: SHARED -> SHARED
DBimpl - LOCK REQUEST: 0x34db4680 2
DBimpl - UNLOCK REQUEST: 0x34db4680 0
[1773159761.805001951] UNLOCK pid=34586 fd=10: SHARED -> NO_LOCK
DBimpl - LOCK REQUEST: 0x34db4680 4
[1773159761.816710964] LOCK pid=34587 fd=12: RESERVED -> PENDING
[1773159761.816714469] LOCK pid=34587 fd=12: PENDING -> EXCLUSIVE
DBimpl - UNLOCK REQUEST: 0x34db4680 1
[1773159761.816721162] UNLOCK pid=34587 fd=12: EXCLUSIVE -> SHARED
DBimpl - UNLOCK REQUEST: 0x34db4680 0
[1773159761.816731851] UNLOCK pid=34587 fd=12: SHARED -> NO_LOCK
DBimpl - LOCK REQUEST: 0x34db4680 1
[1773159761.825276722] LOCK pid=34587 fd=12: NO_LOCK -> SHARED (fallback)
[1773159761.825281218] LOCK pid=34587 fd=12: SHARED -> SHARED
DBimpl - LOCK REQUEST: 0x34db4680 2
[1773159761.825308117] LOCK pid=34587 fd=12: SHARED -> RESERVED
DBimpl - LOCK REQUEST: 0x34db4680 4
[1773159761.828541554] LOCK pid=34587 fd=12: RESERVED -> PENDING
[1773159761.828544339] LOCK pid=34587 fd=12: PENDING -> EXCLUSIVE
DBimpl - UNLOCK REQUEST: 0x34db4680 1
[1773159761.828550734] UNLOCK pid=34587 fd=12: EXCLUSIVE -> SHARED
DBimpl - UNLOCK REQUEST: 0x34db4680 0
[1773159761.828557082] UNLOCK pid=34587 fd=12: SHARED -> NO_LOCK
DBimpl - LOCK REQUEST: 0x34db4680 1
[1773159761.829812299] LOCK pid=34588 fd=14: NO_LOCK -> SHARED (fallback)
[1773159761.829815410] LOCK pid=34588 fd=14: SHARED -> SHARED
DBimpl - LOCK REQUEST: 0x34db4680 2
[1773159761.829834720] LOCK pid=34588 fd=14: SHARED -> RESERVED
DBimpl - LOCK REQUEST: 0x34db4680 1
[1773159761.830081998] LOCK pid=34586 fd=10: NO_LOCK -> SHARED (fallback)
[1773159761.830084966] LOCK pid=34586 fd=10: SHARED -> SHARED
DBimpl - LOCK REQUEST: 0x34db4680 2
DBimpl - UNLOCK REQUEST: 0x34db4680 0
[1773159761.830104091] UNLOCK pid=34586 fd=10: SHARED -> NO_LOCK
DBimpl - LOCK REQUEST: 0x34db4680 4
[1773159761.830111592] LOCK pid=34588 fd=14: RESERVED -> PENDING
[1773159761.830114361] LOCK pid=34588 fd=14: PENDING -> EXCLUSIVE
DBimpl - UNLOCK REQUEST: 0x34db4680 1
[1773159761.832354869] UNLOCK pid=34588 fd=14: EXCLUSIVE -> SHARED
DBimpl - UNLOCK REQUEST: 0x34db4680 0
[1773159761.832361590] UNLOCK pid=34588 fd=14: SHARED -> NO_LOCK
DBimpl - LOCK REQUEST: 0x34db4680 1
[1773159761.837542664] LOCK pid=34588 fd=14: NO_LOCK -> SHARED (fallback)
[1773159761.837545266] LOCK pid=34588 fd=14: SHARED -> SHARED
DBimpl - LOCK REQUEST: 0x34db4680 2
[1773159761.837559182] LOCK pid=34588 fd=14: SHARED -> RESERVED
DBimpl - LOCK REQUEST: 0x34db4680 4
[1773159761.837750013] LOCK pid=34588 fd=14: RESERVED -> PENDING
[1773159761.837752872] LOCK pid=34588 fd=14: PENDING -> EXCLUSIVE
DBimpl - UNLOCK REQUEST: 0x34db4680 1
[1773159761.840407180] UNLOCK pid=34588 fd=14: EXCLUSIVE -> SHARED
DBimpl - UNLOCK REQUEST: 0x34db4680 0
[1773159761.840413652] UNLOCK pid=34588 fd=14: SHARED -> NO_LOCK
DBimpl - LOCK REQUEST: 0x34db4680 1
[1773159761.841044038] LOCK pid=34587 fd=12: NO_LOCK -> SHARED (fallback)
[1773159761.841046210] LOCK pid=34587 fd=12: SHARED -> SHARED
DBimpl - LOCK REQUEST: 0x34db4680 2
[1773159761.841064637] LOCK pid=34587 fd=12: SHARED -> RESERVED
DBimpl - LOCK REQUEST: 0x34db4680 4
[1773159761.848367536] LOCK pid=34587 fd=12: RESERVED -> PENDING
[1773159761.848370296] LOCK pid=34587 fd=12: PENDING -> EXCLUSIVE
DBimpl - LOCK REQUEST: 0x34db4680 1
DBimpl - UNLOCK REQUEST: 0x34db4680 1
[1773159761.850601341] UNLOCK pid=34587 fd=12: EXCLUSIVE -> SHARED
DBimpl - UNLOCK REQUEST: 0x34db4680 0
[1773159761.850607608] UNLOCK pid=34587 fd=12: SHARED -> NO_LOCK
DBimpl - LOCK REQUEST: 0x34db4680 1
[1773159761.851016907] LOCK pid=34588 fd=14: NO_LOCK -> SHARED (fallback)
[1773159761.851020117] LOCK pid=34588 fd=14: SHARED -> SHARED
DBimpl - LOCK REQUEST: 0x34db4680 2
[1773159761.851038531] LOCK pid=34588 fd=14: SHARED -> RESERVED
DBimpl - LOCK REQUEST: 0x34db4680 4
[1773159761.851241965] LOCK pid=34588 fd=14: RESERVED -> PENDING
[1773159761.851244657] LOCK pid=34588 fd=14: PENDING -> EXCLUSIVE
DBimpl - UNLOCK REQUEST: 0x34db4680 1
[1773159761.853139638] UNLOCK pid=34588 fd=14: EXCLUSIVE -> SHARED
DBimpl - UNLOCK REQUEST: 0x34db4680 0
[1773159761.853146241] UNLOCK pid=34588 fd=14: SHARED -> NO_LOCK
DBimpl - LOCK REQUEST: 0x34db4680 1
[1773159761.853439267] LOCK pid=34587 fd=12: NO_LOCK -> SHARED (fallback)
[1773159761.853440678] LOCK pid=34587 fd=12: SHARED -> SHARED
DBimpl - LOCK REQUEST: 0x34db4680 2
[1773159761.853452612] LOCK pid=34587 fd=12: SHARED -> RESERVED
DBimpl - LOCK REQUEST: 0x34db4680 1
[1773159761.855181084] LOCK pid=34586 fd=10: NO_LOCK -> SHARED (fallback)
[1773159761.855183773] LOCK pid=34586 fd=10: SHARED -> SHARED
DBimpl - LOCK REQUEST: 0x34db4680 2
DBimpl - UNLOCK REQUEST: 0x34db4680 0
[1773159761.855207652] UNLOCK pid=34586 fd=10: SHARED -> NO_LOCK
DBimpl - LOCK REQUEST: 0x34db4680 4
[1773159761.861293220] LOCK pid=34587 fd=12: RESERVED -> PENDING
[1773159761.861299045] LOCK pid=34587 fd=12: PENDING -> EXCLUSIVE
DBimpl - UNLOCK REQUEST: 0x34db4680 1
[1773159761.863821486] UNLOCK pid=34587 fd=12: EXCLUSIVE -> SHARED
DBimpl - UNLOCK REQUEST: 0x34db4680 0
[1773159761.863828422] UNLOCK pid=34587 fd=12: SHARED -> NO_LOCK
DBimpl - LOCK REQUEST: 0x34db4680 1
[1773159761.865845549] LOCK pid=34588 fd=14: NO_LOCK -> SHARED (fallback)
[1773159761.865849289] LOCK pid=34588 fd=14: SHARED -> SHARED
DBimpl - LOCK REQUEST: 0x34db4680 2
[1773159761.865875624] LOCK pid=34588 fd=14: SHARED -> RESERVED
DBimpl - LOCK REQUEST: 0x34db4680 4
[1773159761.866123608] LOCK pid=34588 fd=14: RESERVED -> PENDING
[1773159761.866126388] LOCK pid=34588 fd=14: PENDING -> EXCLUSIVE
DBimpl - LOCK REQUEST: 0x34db4680 1
DBimpl - UNLOCK REQUEST: 0x34db4680 1
[1773159761.870017921] UNLOCK pid=34588 fd=14: EXCLUSIVE -> SHARED
DBimpl - UNLOCK REQUEST: 0x34db4680 0
[1773159761.870026030] UNLOCK pid=34588 fd=14: SHARED -> NO_LOCK
DBimpl - LOCK REQUEST: 0x34db4680 1
[1773159761.870638405] LOCK pid=34587 fd=12: NO_LOCK -> SHARED (fallback)
[1773159761.870640069] LOCK pid=34587 fd=12: SHARED -> SHARED
DBimpl - LOCK REQUEST: 0x34db4680 2
[1773159761.870653842] LOCK pid=34587 fd=12: SHARED -> RESERVED
DBimpl - LOCK REQUEST: 0x34db4680 1
[1773159761.872696960] LOCK pid=34588 fd=14: NO_LOCK -> SHARED (fallback)
[1773159761.872700001] LOCK pid=34588 fd=14: SHARED -> SHARED
DBimpl - LOCK REQUEST: 0x34db4680 2
DBimpl - UNLOCK REQUEST: 0x34db4680 0
[1773159761.872720906] UNLOCK pid=34588 fd=14: SHARED -> NO_LOCK
DBimpl - LOCK REQUEST: 0x34db4680 1
[1773159761.873800919] LOCK pid=34588 fd=14: NO_LOCK -> SHARED (fallback)
[1773159761.873803280] LOCK pid=34588 fd=14: SHARED -> SHARED
DBimpl - LOCK REQUEST: 0x34db4680 2
DBimpl - UNLOCK REQUEST: 0x34db4680 0
[1773159761.873823534] UNLOCK pid=34588 fd=14: SHARED -> NO_LOCK
DBimpl - LOCK REQUEST: 0x34db4680 1
[1773159761.875895322] LOCK pid=34588 fd=14: NO_LOCK -> SHARED (fallback)
[1773159761.875898134] LOCK pid=34588 fd=14: SHARED -> SHARED
DBimpl - LOCK REQUEST: 0x34db4680 2
DBimpl - UNLOCK REQUEST: 0x34db4680 0
[1773159761.875932509] UNLOCK pid=34588 fd=14: SHARED -> NO_LOCK
DBimpl - LOCK REQUEST: 0x34db4680 1
[1773159761.881016525] LOCK pid=34588 fd=14: NO_LOCK -> SHARED (fallback)
[1773159761.881046679] LOCK pid=34588 fd=14: SHARED -> SHARED
DBimpl - LOCK REQUEST: 0x34db4680 2
DBimpl - UNLOCK REQUEST: 0x34db4680 0
[1773159761.881074261] UNLOCK pid=34588 fd=14: SHARED -> NO_LOCK
DBimpl - LOCK REQUEST: 0x34db4680 4
[1773159761.888438467] LOCK pid=34587 fd=12: RESERVED -> PENDING
[1773159761.888441611] LOCK pid=34587 fd=12: PENDING -> EXCLUSIVE
DBimpl - UNLOCK REQUEST: 0x34db4680 1
DBimpl - LOCK REQUEST: 0x34db4680 1
[1773159761.891160198] UNLOCK pid=34587 fd=12: EXCLUSIVE -> SHARED
DBimpl - UNLOCK REQUEST: 0x34db4680 0
[1773159761.891168604] UNLOCK pid=34587 fd=12: SHARED -> NO_LOCK
[1773159761.891168361] LOCK pid=34588 fd=14: NO_LOCK -> SHARED (fallback)
[1773159761.891171498] LOCK pid=34588 fd=14: SHARED -> SHARED
DBimpl - LOCK REQUEST: 0x34db4680 2
[1773159761.891195867] LOCK pid=34588 fd=14: SHARED -> RESERVED
DBimpl - LOCK REQUEST: 0x34db4680 4
[1773159761.891459627] LOCK pid=34588 fd=14: RESERVED -> PENDING
[1773159761.891462466] LOCK pid=34588 fd=14: PENDING -> EXCLUSIVE
DBimpl - LOCK REQUEST: 0x34db4680 1
DBimpl - LOCK REQUEST: 0x34db4680 1
DBimpl - UNLOCK REQUEST: 0x34db4680 1
[1773159761.893515776] UNLOCK pid=34588 fd=14: EXCLUSIVE -> SHARED
DBimpl - UNLOCK REQUEST: 0x34db4680 0
[1773159761.893522829] UNLOCK pid=34588 fd=14: SHARED -> NO_LOCK
DBimpl - LOCK REQUEST: 0x34db4680 1
[1773159761.894315759] LOCK pid=34588 fd=14: NO_LOCK -> SHARED (fallback)
[1773159761.894318233] LOCK pid=34588 fd=14: SHARED -> SHARED
DBimpl - LOCK REQUEST: 0x34db4680 2
[1773159761.894332141] LOCK pid=34588 fd=14: SHARED -> RESERVED
DBimpl - LOCK REQUEST: 0x34db4680 4
[1773159761.894504660] LOCK pid=34588 fd=14: RESERVED -> PENDING
[1773159761.894507381] LOCK pid=34588 fd=14: PENDING -> EXCLUSIVE
DBimpl - LOCK REQUEST: 0x34db4680 1
DBimpl - UNLOCK REQUEST: 0x34db4680 1
[1773159761.896658085] UNLOCK pid=34588 fd=14: EXCLUSIVE -> SHARED
DBimpl - UNLOCK REQUEST: 0x34db4680 0
[1773159761.896664249] UNLOCK pid=34588 fd=14: SHARED -> NO_LOCK
DBimpl - LOCK REQUEST: 0x34db4680 1
[1773159761.899773089] LOCK pid=34587 fd=12: NO_LOCK -> SHARED (fallback)
[1773159761.899775279] LOCK pid=34587 fd=12: SHARED -> SHARED
DBimpl - LOCK REQUEST: 0x34db4680 2
[1773159761.899789347] LOCK pid=34587 fd=12: SHARED -> RESERVED
DBimpl - LOCK REQUEST: 0x34db4680 1
[1773159761.900326924] LOCK pid=34588 fd=14: NO_LOCK -> SHARED (fallback)
[1773159761.900329651] LOCK pid=34588 fd=14: SHARED -> SHARED
DBimpl - LOCK REQUEST: 0x34db4680 2
DBimpl - UNLOCK REQUEST: 0x34db4680 0
[1773159761.900346228] UNLOCK pid=34588 fd=14: SHARED -> NO_LOCK
DBimpl - LOCK REQUEST: 0x34db4680 1
[1773159761.901411252] LOCK pid=34588 fd=14: NO_LOCK -> SHARED (fallback)
[1773159761.901413299] LOCK pid=34588 fd=14: SHARED -> SHARED
DBimpl - LOCK REQUEST: 0x34db4680 2
DBimpl - UNLOCK REQUEST: 0x34db4680 0
[1773159761.901428781] UNLOCK pid=34588 fd=14: SHARED -> NO_LOCK
DBimpl - LOCK REQUEST: 0x34db4680 1
[1773159761.903499088] LOCK pid=34588 fd=14: NO_LOCK -> SHARED (fallback)
[1773159761.903501569] LOCK pid=34588 fd=14: SHARED -> SHARED
DBimpl - LOCK REQUEST: 0x34db4680 2
DBimpl - UNLOCK REQUEST: 0x34db4680 0
[1773159761.903516806] UNLOCK pid=34588 fd=14: SHARED -> NO_LOCK
DBimpl - LOCK REQUEST: 0x34db4680 1
[1773159761.905281578] LOCK pid=34586 fd=10: NO_LOCK -> SHARED (fallback)
[1773159761.905284080] LOCK pid=34586 fd=10: SHARED -> SHARED
DBimpl - LOCK REQUEST: 0x34db4680 2
DBimpl - UNLOCK REQUEST: 0x34db4680 0
[1773159761.905307270] UNLOCK pid=34586 fd=10: SHARED -> NO_LOCK
DBimpl - LOCK REQUEST: 0x34db4680 1
[1773159761.908591554] LOCK pid=34588 fd=14: NO_LOCK -> SHARED (fallback)
[1773159761.908593753] LOCK pid=34588 fd=14: SHARED -> SHARED
DBimpl - LOCK REQUEST: 0x34db4680 2
DBimpl - UNLOCK REQUEST: 0x34db4680 0
[1773159761.908615527] UNLOCK pid=34588 fd=14: SHARED -> NO_LOCK
DBimpl - LOCK REQUEST: 0x34db4680 4
[1773159761.915089308] LOCK pid=34587 fd=12: RESERVED -> PENDING
[1773159761.915093451] LOCK pid=34587 fd=12: PENDING -> EXCLUSIVE
DBimpl - UNLOCK REQUEST: 0x34db4680 1
[1773159761.917522829] UNLOCK pid=34587 fd=12: EXCLUSIVE -> SHARED
DBimpl - UNLOCK REQUEST: 0x34db4680 0
[1773159761.917531355] UNLOCK pid=34587 fd=12: SHARED -> NO_LOCK
DBimpl - LOCK REQUEST: 0x34db4680 1
[1773159761.918708540] LOCK pid=34588 fd=14: NO_LOCK -> SHARED (fallback)
[1773159761.918714481] LOCK pid=34588 fd=14: SHARED -> SHARED
DBimpl - LOCK REQUEST: 0x34db4680 2
[1773159761.918754131] LOCK pid=34588 fd=14: SHARED -> RESERVED
DBimpl - LOCK REQUEST: 0x34db4680 4
[1773159761.919013709] LOCK pid=34588 fd=14: RESERVED -> PENDING
[1773159761.919017258] LOCK pid=34588 fd=14: PENDING -> EXCLUSIVE
DBimpl - LOCK REQUEST: 0x34db4680 1
DBimpl - LOCK REQUEST: 0x34db4680 1
DBimpl - UNLOCK REQUEST: 0x34db4680 1
[1773159761.921874897] UNLOCK pid=34588 fd=14: EXCLUSIVE -> SHARED
DBimpl - UNLOCK REQUEST: 0x34db4680 0
[1773159761.921883215] UNLOCK pid=34588 fd=14: SHARED -> NO_LOCK
DBimpl - LOCK REQUEST: 0x34db4680 1
[1773159761.922469924] LOCK pid=34587 fd=12: NO_LOCK -> SHARED (fallback)
[1773159761.922471812] LOCK pid=34587 fd=12: SHARED -> SHARED
DBimpl - LOCK REQUEST: 0x34db4680 2
[1773159761.922486386] LOCK pid=34587 fd=12: SHARED -> RESERVED
DBimpl - LOCK REQUEST: 0x34db4680 1
[1773159761.930865882] LOCK pid=34588 fd=14: NO_LOCK -> SHARED (fallback)
[1773159761.930870782] LOCK pid=34588 fd=14: SHARED -> SHARED
DBimpl - LOCK REQUEST: 0x34db4680 2
DBimpl - UNLOCK REQUEST: 0x34db4680 0
[1773159761.930910321] UNLOCK pid=34588 fd=14: SHARED -> NO_LOCK
DBimpl - LOCK REQUEST: 0x34db4680 1
[1773159761.931993096] LOCK pid=34588 fd=14: NO_LOCK -> SHARED (fallback)
[1773159761.931996132] LOCK pid=34588 fd=14: SHARED -> SHARED
DBimpl - LOCK REQUEST: 0x34db4680 2
DBimpl - UNLOCK REQUEST: 0x34db4680 0
[1773159761.932030449] UNLOCK pid=34588 fd=14: SHARED -> NO_LOCK
DBimpl - LOCK REQUEST: 0x34db4680 4
[1773159761.933617688] LOCK pid=34587 fd=12: RESERVED -> PENDING
[1773159761.933621300] LOCK pid=34587 fd=12: PENDING -> EXCLUSIVE
DBimpl - LOCK REQUEST: 0x34db4680 1
DBimpl - UNLOCK REQUEST: 0x34db4680 1
[1773159761.936138012] UNLOCK pid=34587 fd=12: EXCLUSIVE -> SHARED
DBimpl - UNLOCK REQUEST: 0x34db4680 0
[1773159761.936144740] UNLOCK pid=34587 fd=12: SHARED -> NO_LOCK
DBimpl - LOCK REQUEST: 0x34db4680 1
[1773159761.939202643] LOCK pid=34588 fd=14: NO_LOCK -> SHARED (fallback)
[1773159761.939206664] LOCK pid=34588 fd=14: SHARED -> SHARED
DBimpl - LOCK REQUEST: 0x34db4680 1
[1773159761.939223623] LOCK pid=34587 fd=12: NO_LOCK -> SHARED (fallback)
[1773159761.939225102] LOCK pid=34587 fd=12: SHARED -> SHARED
DBimpl - LOCK REQUEST: 0x34db4680 2
DBimpl - LOCK REQUEST: 0x34db4680 2
[1773159761.939236157] LOCK pid=34588 fd=14: SHARED -> RESERVED
DBimpl - UNLOCK REQUEST: 0x34db4680 0
[1773159761.939239832] UNLOCK pid=34587 fd=12: SHARED -> NO_LOCK
DBimpl - LOCK REQUEST: 0x34db4680 4
[1773159761.939503736] LOCK pid=34588 fd=14: RESERVED -> PENDING
[1773159761.939507842] LOCK pid=34588 fd=14: PENDING -> EXCLUSIVE
DBimpl - LOCK REQUEST: 0x34db4680 1
DBimpl - UNLOCK REQUEST: 0x34db4680 1
[1773159761.941358618] UNLOCK pid=34588 fd=14: EXCLUSIVE -> SHARED
DBimpl - UNLOCK REQUEST: 0x34db4680 0
[1773159761.941364615] UNLOCK pid=34588 fd=14: SHARED -> NO_LOCK
DBimpl - LOCK REQUEST: 0x34db4680 1
[1773159761.942406962] LOCK pid=34587 fd=12: NO_LOCK -> SHARED (fallback)
[1773159761.942410317] LOCK pid=34587 fd=12: SHARED -> SHARED
DBimpl - LOCK REQUEST: 0x34db4680 2
[1773159761.942428547] LOCK pid=34587 fd=12: SHARED -> RESERVED
DBimpl - LOCK REQUEST: 0x34db4680 1
[1773159761.955400602] LOCK pid=34586 fd=10: NO_LOCK -> SHARED (fallback)
[1773159761.955405635] LOCK pid=34586 fd=10: SHARED -> SHARED
DBimpl - LOCK REQUEST: 0x34db4680 2
DBimpl - UNLOCK REQUEST: 0x34db4680 0
[1773159761.955459334] UNLOCK pid=34586 fd=10: SHARED -> NO_LOCK
DBimpl - LOCK REQUEST: 0x34db4680 1
[1773159761.955954725] LOCK pid=34588 fd=14: NO_LOCK -> SHARED (fallback)
[1773159761.955956948] LOCK pid=34588 fd=14: SHARED -> SHARED
DBimpl - LOCK REQUEST: 0x34db4680 2
DBimpl - UNLOCK REQUEST: 0x34db4680 0
[1773159761.955984047] UNLOCK pid=34588 fd=14: SHARED -> NO_LOCK
DBimpl - LOCK REQUEST: 0x34db4680 1
[1773159761.957050558] LOCK pid=34588 fd=14: NO_LOCK -> SHARED (fallback)
[1773159761.957062293] LOCK pid=34588 fd=14: SHARED -> SHARED
DBimpl - LOCK REQUEST: 0x34db4680 2
DBimpl - UNLOCK REQUEST: 0x34db4680 0
[1773159761.957076905] UNLOCK pid=34588 fd=14: SHARED -> NO_LOCK
DBimpl - LOCK REQUEST: 0x34db4680 4
[1773159761.958195998] LOCK pid=34587 fd=12: RESERVED -> PENDING
[1773159761.958198062] LOCK pid=34587 fd=12: PENDING -> EXCLUSIVE
DBimpl - LOCK REQUEST: 0x34db4680 1
DBimpl - UNLOCK REQUEST: 0x34db4680 1
[1773159761.960969135] UNLOCK pid=34587 fd=12: EXCLUSIVE -> SHARED
DBimpl - UNLOCK REQUEST: 0x34db4680 0
[1773159761.960973849] UNLOCK pid=34587 fd=12: SHARED -> NO_LOCK
DBimpl - LOCK REQUEST: 0x34db4680 1
[1773159761.964247274] LOCK pid=34588 fd=14: NO_LOCK -> SHARED (fallback)
[1773159761.964248814] LOCK pid=34588 fd=14: SHARED -> SHARED
DBimpl - LOCK REQUEST: 0x34db4680 2
[1773159761.964260008] LOCK pid=34588 fd=14: SHARED -> RESERVED
DBimpl - LOCK REQUEST: 0x34db4680 4
[1773159761.964399260] LOCK pid=34588 fd=14: RESERVED -> PENDING
[1773159761.964401025] LOCK pid=34588 fd=14: PENDING -> EXCLUSIVE
DBimpl - UNLOCK REQUEST: 0x34db4680 1
[1773159761.967000310] UNLOCK pid=34588 fd=14: EXCLUSIVE -> SHARED
DBimpl - UNLOCK REQUEST: 0x34db4680 0
[1773159761.967012996] UNLOCK pid=34588 fd=14: SHARED -> NO_LOCK
DBimpl - LOCK REQUEST: 0x34db4680 1
[1773159761.971919570] LOCK pid=34587 fd=12: NO_LOCK -> SHARED (fallback)
[1773159761.971921167] LOCK pid=34587 fd=12: SHARED -> SHARED
DBimpl - LOCK REQUEST: 0x34db4680 2
[1773159761.971932631] LOCK pid=34587 fd=12: SHARED -> RESERVED
DBimpl - LOCK REQUEST: 0x34db4680 1
[1773159761.978671686] LOCK pid=34588 fd=14: NO_LOCK -> SHARED (fallback)
[1773159761.978674047] LOCK pid=34588 fd=14: SHARED -> SHARED
DBimpl - LOCK REQUEST: 0x34db4680 2
DBimpl - UNLOCK REQUEST: 0x34db4680 0
[1773159761.978691276] UNLOCK pid=34588 fd=14: SHARED -> NO_LOCK
DBimpl - LOCK REQUEST: 0x34db4680 1
[1773159761.979733919] LOCK pid=34588 fd=14: NO_LOCK -> SHARED (fallback)
[1773159761.979735663] LOCK pid=34588 fd=14: SHARED -> SHARED
DBimpl - LOCK REQUEST: 0x34db4680 2
DBimpl - UNLOCK REQUEST: 0x34db4680 0
[1773159761.979747907] UNLOCK pid=34588 fd=14: SHARED -> NO_LOCK
DBimpl - LOCK REQUEST: 0x34db4680 4
[1773159761.980203823] LOCK pid=34587 fd=12: RESERVED -> PENDING
[1773159761.980205639] LOCK pid=34587 fd=12: PENDING -> EXCLUSIVE
DBimpl - LOCK REQUEST: 0x34db4680 1
DBimpl - UNLOCK REQUEST: 0x34db4680 1
[1773159761.982639245] UNLOCK pid=34587 fd=12: EXCLUSIVE -> SHARED
DBimpl - UNLOCK REQUEST: 0x34db4680 0
[1773159761.982642978] UNLOCK pid=34587 fd=12: SHARED -> NO_LOCK
DBimpl - LOCK REQUEST: 0x34db4680 1
[1773159761.986868277] LOCK pid=34588 fd=14: NO_LOCK -> SHARED (fallback)
[1773159761.986869738] LOCK pid=34588 fd=14: SHARED -> SHARED
DBimpl - LOCK REQUEST: 0x34db4680 2
[1773159761.986879471] LOCK pid=34588 fd=14: SHARED -> RESERVED
DBimpl - LOCK REQUEST: 0x34db4680 4
[1773159761.987000338] LOCK pid=34588 fd=14: RESERVED -> PENDING
[1773159761.987002137] LOCK pid=34588 fd=14: PENDING -> EXCLUSIVE
DBimpl - LOCK REQUEST: 0x34db4680 1
DBimpl - LOCK REQUEST: 0x34db4680 1
DBimpl - UNLOCK REQUEST: 0x34db4680 1
[1773159761.989602814] UNLOCK pid=34588 fd=14: EXCLUSIVE -> SHARED
DBimpl - UNLOCK REQUEST: 0x34db4680 0
[1773159761.989606737] UNLOCK pid=34588 fd=14: SHARED -> NO_LOCK
DBimpl - LOCK REQUEST: 0x34db4680 1
[1773159761.991451039] LOCK pid=34587 fd=12: NO_LOCK -> SHARED (fallback)
[1773159761.991452356] LOCK pid=34587 fd=12: SHARED -> SHARED
DBimpl - LOCK REQUEST: 0x34db4680 2
[1773159761.991461301] LOCK pid=34587 fd=12: SHARED -> RESERVED
DBimpl - LOCK REQUEST: 0x34db4680 1
[1773159761.998428773] LOCK pid=34588 fd=14: NO_LOCK -> SHARED (fallback)
[1773159761.998431163] LOCK pid=34588 fd=14: SHARED -> SHARED
DBimpl - LOCK REQUEST: 0x34db4680 2
DBimpl - UNLOCK REQUEST: 0x34db4680 0
[1773159761.998449140] UNLOCK pid=34588 fd=14: SHARED -> NO_LOCK
DBimpl - LOCK REQUEST: 0x34db4680 1
[1773159761.999512581] LOCK pid=34588 fd=14: NO_LOCK -> SHARED (fallback)
[1773159761.999514306] LOCK pid=34588 fd=14: SHARED -> SHARED
DBimpl - LOCK REQUEST: 0x34db4680 2
DBimpl - UNLOCK REQUEST: 0x34db4680 0
[1773159761.999532044] UNLOCK pid=34588 fd=14: SHARED -> NO_LOCK
DBimpl - LOCK REQUEST: 0x34db4680 1
[1773159762.001594901] LOCK pid=34588 fd=14: NO_LOCK -> SHARED (fallback)
[1773159762.001596856] LOCK pid=34588 fd=14: SHARED -> SHARED
DBimpl - LOCK REQUEST: 0x34db4680 2
DBimpl - UNLOCK REQUEST: 0x34db4680 0
[1773159762.001609170] UNLOCK pid=34588 fd=14: SHARED -> NO_LOCK
DBimpl - LOCK REQUEST: 0x34db4680 4
[1773159762.003771879] LOCK pid=34587 fd=12: RESERVED -> PENDING
[1773159762.003773744] LOCK pid=34587 fd=12: PENDING -> EXCLUSIVE
DBimpl - UNLOCK REQUEST: 0x34db4680 1
[1773159762.005747362] UNLOCK pid=34587 fd=12: EXCLUSIVE -> SHARED
DBimpl - UNLOCK REQUEST: 0x34db4680 0
[1773159762.005752411] UNLOCK pid=34587 fd=12: SHARED -> NO_LOCK
DBimpl - LOCK REQUEST: 0x34db4680 1
[1773159762.006704470] LOCK pid=34588 fd=14: NO_LOCK -> SHARED (fallback)
[1773159762.006705966] LOCK pid=34588 fd=14: SHARED -> SHARED
DBimpl - LOCK REQUEST: 0x34db4680 2
[1773159762.006716138] LOCK pid=34588 fd=14: SHARED -> RESERVED
DBimpl - LOCK REQUEST: 0x34db4680 4
[1773159762.006867248] LOCK pid=34588 fd=14: RESERVED -> PENDING
[1773159762.006869105] LOCK pid=34588 fd=14: PENDING -> EXCLUSIVE
DBimpl - UNLOCK REQUEST: 0x34db4680 1
[1773159762.009053356] UNLOCK pid=34588 fd=14: EXCLUSIVE -> SHARED
DBimpl - UNLOCK REQUEST: 0x34db4680 0
[1773159762.009071401] UNLOCK pid=34588 fd=14: SHARED -> NO_LOCK
DBimpl - LOCK REQUEST: 0x34db4680 1
[1773159762.009689849] LOCK pid=34587 fd=12: NO_LOCK -> SHARED (fallback)
[1773159762.009691474] LOCK pid=34587 fd=12: SHARED -> SHARED
DBimpl - LOCK REQUEST: 0x34db4680 2
[1773159762.009701868] LOCK pid=34587 fd=12: SHARED -> RESERVED
DBimpl - LOCK REQUEST: 0x34db4680 4
[1773159762.024069846] LOCK pid=34587 fd=12: RESERVED -> PENDING
[1773159762.024072048] LOCK pid=34587 fd=12: PENDING -> EXCLUSIVE
DBimpl - UNLOCK REQUEST: 0x34db4680 1
[1773159762.027128029] UNLOCK pid=34587 fd=12: EXCLUSIVE -> SHARED
DBimpl - UNLOCK REQUEST: 0x34db4680 0
[1773159762.027139780] UNLOCK pid=34587 fd=12: SHARED -> NO_LOCK
DBimpl - LOCK REQUEST: 0x34db4680 1
[1773159762.027385735] LOCK pid=34588 fd=14: NO_LOCK -> SHARED (fallback)
[1773159762.027387353] LOCK pid=34588 fd=14: SHARED -> SHARED
DBimpl - LOCK REQUEST: 0x34db4680 2
[1773159762.027398669] LOCK pid=34588 fd=14: SHARED -> RESERVED
DBimpl - LOCK REQUEST: 0x34db4680 4
[1773159762.027534905] LOCK pid=34588 fd=14: RESERVED -> PENDING
[1773159762.027536807] LOCK pid=34588 fd=14: PENDING -> EXCLUSIVE
DBimpl - UNLOCK REQUEST: 0x34db4680 1
[1773159762.029326350] UNLOCK pid=34588 fd=14: EXCLUSIVE -> SHARED
DBimpl - UNLOCK REQUEST: 0x34db4680 0
[1773159762.029331959] UNLOCK pid=34588 fd=14: SHARED -> NO_LOCK
DBimpl - LOCK REQUEST: 0x34db4680 1
[1773159762.035658922] LOCK pid=34588 fd=14: NO_LOCK -> SHARED (fallback)
[1773159762.035660866] LOCK pid=34588 fd=14: SHARED -> SHARED
DBimpl - LOCK REQUEST: 0x34db4680 2
[1773159762.035672795] LOCK pid=34588 fd=14: SHARED -> RESERVED
DBimpl - LOCK REQUEST: 0x34db4680 4
[1773159762.035815668] LOCK pid=34588 fd=14: RESERVED -> PENDING
[1773159762.035817607] LOCK pid=34588 fd=14: PENDING -> EXCLUSIVE
DBimpl - UNLOCK REQUEST: 0x34db4680 1
[1773159762.037491565] UNLOCK pid=34588 fd=14: EXCLUSIVE -> SHARED
DBimpl - UNLOCK REQUEST: 0x34db4680 0
[1773159762.037495701] UNLOCK pid=34588 fd=14: SHARED -> NO_LOCK
DBimpl - LOCK REQUEST: 0x34db4680 1
[1773159762.037737687] LOCK pid=34588 fd=14: NO_LOCK -> SHARED (fallback)
[1773159762.037738952] LOCK pid=34588 fd=14: SHARED -> SHARED
DBimpl - LOCK REQUEST: 0x34db4680 2
[1773159762.037746860] LOCK pid=34588 fd=14: SHARED -> RESERVED
DBimpl - LOCK REQUEST: 0x34db4680 4
[1773159762.037838684] LOCK pid=34588 fd=14: RESERVED -> PENDING
[1773159762.037840335] LOCK pid=34588 fd=14: PENDING -> EXCLUSIVE
DBimpl - UNLOCK REQUEST: 0x34db4680 1
[1773159762.039751993] UNLOCK pid=34588 fd=14: EXCLUSIVE -> SHARED
DBimpl - UNLOCK REQUEST: 0x34db4680 0
[1773159762.039755974] UNLOCK pid=34588 fd=14: SHARED -> NO_LOCK
DBimpl - LOCK REQUEST: 0x34db4680 1
[1773159762.041903934] LOCK pid=34588 fd=14: NO_LOCK -> SHARED (fallback)
[1773159762.041905076] LOCK pid=34588 fd=14: SHARED -> SHARED
DBimpl - LOCK REQUEST: 0x34db4680 2
[1773159762.041911915] LOCK pid=34588 fd=14: SHARED -> RESERVED
DBimpl - LOCK REQUEST: 0x34db4680 4
[1773159762.041982803] LOCK pid=34588 fd=14: RESERVED -> PENDING
[1773159762.041984390] LOCK pid=34588 fd=14: PENDING -> EXCLUSIVE
DBimpl - UNLOCK REQUEST: 0x34db4680 1
[1773159762.043715952] UNLOCK pid=34588 fd=14: EXCLUSIVE -> SHARED
DBimpl - UNLOCK REQUEST: 0x34db4680 0
[1773159762.043719616] UNLOCK pid=34588 fd=14: SHARED -> NO_LOCK
DBimpl - LOCK REQUEST: 0x34db4680 1
[1773159762.046841566] LOCK pid=34588 fd=14: NO_LOCK -> SHARED (fallback)
[1773159762.046842845] LOCK pid=34588 fd=14: SHARED -> SHARED
DBimpl - LOCK REQUEST: 0x34db4680 2
[1773159762.046849913] LOCK pid=34588 fd=14: SHARED -> RESERVED
DBimpl - LOCK REQUEST: 0x34db4680 4
[1773159762.046919752] LOCK pid=34588 fd=14: RESERVED -> PENDING
[1773159762.046921364] LOCK pid=34588 fd=14: PENDING -> EXCLUSIVE
DBimpl - LOCK REQUEST: 0x34db4680 1
DBimpl - UNLOCK REQUEST: 0x34db4680 1
[1773159762.048739948] UNLOCK pid=34588 fd=14: EXCLUSIVE -> SHARED
DBimpl - UNLOCK REQUEST: 0x34db4680 0
[1773159762.048743596] UNLOCK pid=34588 fd=14: SHARED -> NO_LOCK
DBimpl - LOCK REQUEST: 0x34db4680 1
[1773159762.048812453] LOCK pid=34587 fd=12: NO_LOCK -> SHARED (fallback)
[1773159762.048814510] LOCK pid=34587 fd=12: SHARED -> SHARED
DBimpl - LOCK REQUEST: 0x34db4680 2
[1773159762.048825283] LOCK pid=34587 fd=12: SHARED -> RESERVED
DBimpl - LOCK REQUEST: 0x34db4680 1
[1773159762.055535840] LOCK pid=34586 fd=10: NO_LOCK -> SHARED (fallback)
[1773159762.055538837] LOCK pid=34586 fd=10: SHARED -> SHARED
DBimpl - LOCK REQUEST: 0x34db4680 2
DBimpl - UNLOCK REQUEST: 0x34db4680 0
[1773159762.055560758] UNLOCK pid=34586 fd=10: SHARED -> NO_LOCK
DBimpl - LOCK REQUEST: 0x34db4680 1
[1773159762.058779233] LOCK pid=34588 fd=14: NO_LOCK -> SHARED (fallback)
[1773159762.058780955] LOCK pid=34588 fd=14: SHARED -> SHARED
DBimpl - LOCK REQUEST: 0x34db4680 2
DBimpl - UNLOCK REQUEST: 0x34db4680 0
[1773159762.058792722] UNLOCK pid=34588 fd=14: SHARED -> NO_LOCK
DBimpl - LOCK REQUEST: 0x34db4680 4
[1773159762.058859291] LOCK pid=34587 fd=12: RESERVED -> PENDING
[1773159762.058861053] LOCK pid=34587 fd=12: PENDING -> EXCLUSIVE
DBimpl - LOCK REQUEST: 0x34db4680 1
DBimpl - LOCK REQUEST: 0x34db4680 1
DBimpl - UNLOCK REQUEST: 0x34db4680 1
[1773159762.064553295] UNLOCK pid=34587 fd=12: EXCLUSIVE -> SHARED
DBimpl - UNLOCK REQUEST: 0x34db4680 0
[1773159762.064560420] UNLOCK pid=34587 fd=12: SHARED -> NO_LOCK
DBimpl - LOCK REQUEST: 0x34db4680 1
[1773159762.066968828] LOCK pid=34588 fd=14: NO_LOCK -> SHARED (fallback)
[1773159762.066970441] LOCK pid=34588 fd=14: SHARED -> SHARED
DBimpl - LOCK REQUEST: 0x34db4680 2
[1773159762.066980238] LOCK pid=34588 fd=14: SHARED -> RESERVED
DBimpl - LOCK REQUEST: 0x34db4680 4
[1773159762.067101376] LOCK pid=34588 fd=14: RESERVED -> PENDING
[1773159762.067103044] LOCK pid=34588 fd=14: PENDING -> EXCLUSIVE
DBimpl - UNLOCK REQUEST: 0x34db4680 1
[1773159762.068965797] UNLOCK pid=34588 fd=14: EXCLUSIVE -> SHARED
DBimpl - UNLOCK REQUEST: 0x34db4680 0
[1773159762.068969552] UNLOCK pid=34588 fd=14: SHARED -> NO_LOCK
DBimpl - LOCK REQUEST: 0x34db4680 1
[1773159762.071976732] LOCK pid=34587 fd=12: NO_LOCK -> SHARED (fallback)
[1773159762.071978476] LOCK pid=34587 fd=12: SHARED -> SHARED
DBimpl - LOCK REQUEST: 0x34db4680 2
[1773159762.071990023] LOCK pid=34587 fd=12: SHARED -> RESERVED
DBimpl - LOCK REQUEST: 0x34db4680 4
[1773159762.079432794] LOCK pid=34587 fd=12: RESERVED -> PENDING
[1773159762.079434894] LOCK pid=34587 fd=12: PENDING -> EXCLUSIVE
DBimpl - UNLOCK REQUEST: 0x34db4680 1
[1773159762.081546817] UNLOCK pid=34587 fd=12: EXCLUSIVE -> SHARED
DBimpl - UNLOCK REQUEST: 0x34db4680 0
[1773159762.081550959] UNLOCK pid=34587 fd=12: SHARED -> NO_LOCK
DBimpl - LOCK REQUEST: 0x34db4680 1
[1773159762.082875858] LOCK pid=34587 fd=12: NO_LOCK -> SHARED (fallback)
[1773159762.082877264] LOCK pid=34587 fd=12: SHARED -> SHARED
DBimpl - LOCK REQUEST: 0x34db4680 2
[1773159762.082888364] LOCK pid=34587 fd=12: SHARED -> RESERVED
DBimpl - LOCK REQUEST: 0x34db4680 1
[1773159762.089590108] LOCK pid=34588 fd=14: NO_LOCK -> SHARED (fallback)
[1773159762.089592050] LOCK pid=34588 fd=14: SHARED -> SHARED
DBimpl - LOCK REQUEST: 0x34db4680 2
DBimpl - UNLOCK REQUEST: 0x34db4680 0
[1773159762.089604934] UNLOCK pid=34588 fd=14: SHARED -> NO_LOCK
DBimpl - LOCK REQUEST: 0x34db4680 1
[1773159762.090683745] LOCK pid=34588 fd=14: NO_LOCK -> SHARED (fallback)
[1773159762.090684898] LOCK pid=34588 fd=14: SHARED -> SHARED
DBimpl - LOCK REQUEST: 0x34db4680 2
DBimpl - UNLOCK REQUEST: 0x34db4680 0
[1773159762.090691942] UNLOCK pid=34588 fd=14: SHARED -> NO_LOCK
DBimpl - LOCK REQUEST: 0x34db4680 1
[1773159762.092760272] LOCK pid=34588 fd=14: NO_LOCK -> SHARED (fallback)
[1773159762.092762611] LOCK pid=34588 fd=14: SHARED -> SHARED
DBimpl - LOCK REQUEST: 0x34db4680 2
DBimpl - UNLOCK REQUEST: 0x34db4680 0
[1773159762.092775311] UNLOCK pid=34588 fd=14: SHARED -> NO_LOCK
DBimpl - LOCK REQUEST: 0x34db4680 1
[1773159762.097841605] LOCK pid=34588 fd=14: NO_LOCK -> SHARED (fallback)
[1773159762.097843641] LOCK pid=34588 fd=14: SHARED -> SHARED
DBimpl - LOCK REQUEST: 0x34db4680 2
DBimpl - UNLOCK REQUEST: 0x34db4680 0
[1773159762.097856258] UNLOCK pid=34588 fd=14: SHARED -> NO_LOCK
DBimpl - LOCK REQUEST: 0x34db4680 4
[1773159762.102497521] LOCK pid=34587 fd=12: RESERVED -> PENDING
[1773159762.102499557] LOCK pid=34587 fd=12: PENDING -> EXCLUSIVE
DBimpl - UNLOCK REQUEST: 0x34db4680 1
[1773159762.102503297] UNLOCK pid=34587 fd=12: EXCLUSIVE -> SHARED
DBimpl - UNLOCK REQUEST: 0x34db4680 0
[1773159762.102506603] UNLOCK pid=34587 fd=12: SHARED -> NO_LOCK
DBimpl - LOCK REQUEST: 0x34db4680 1
[1773159762.107969746] LOCK pid=34588 fd=14: NO_LOCK -> SHARED (fallback)
[1773159762.107974691] LOCK pid=34588 fd=14: SHARED -> SHARED
DBimpl - LOCK REQUEST: 0x34db4680 2
[1773159762.108000960] LOCK pid=34588 fd=14: SHARED -> RESERVED
DBimpl - LOCK REQUEST: 0x34db4680 4
[1773159762.108231070] LOCK pid=34588 fd=14: RESERVED -> PENDING
[1773159762.108233515] LOCK pid=34588 fd=14: PENDING -> EXCLUSIVE
DBimpl - LOCK REQUEST: 0x34db4680 1
DBimpl - LOCK REQUEST: 0x34db4680 1
DBimpl - UNLOCK REQUEST: 0x34db4680 1
[1773159762.111311893] UNLOCK pid=34588 fd=14: EXCLUSIVE -> SHARED
DBimpl - UNLOCK REQUEST: 0x34db4680 0
[1773159762.111321884] UNLOCK pid=34588 fd=14: SHARED -> NO_LOCK
DBimpl - LOCK REQUEST: 0x34db4680 1
[1773159762.111550333] LOCK pid=34587 fd=12: NO_LOCK -> SHARED (fallback)
[1773159762.111552705] LOCK pid=34587 fd=12: SHARED -> SHARED
DBimpl - LOCK REQUEST: 0x34db4680 2
[1773159762.111569871] LOCK pid=34587 fd=12: SHARED -> RESERVED
DBimpl - LOCK REQUEST: 0x34db4680 4
[1773159762.123702368] LOCK pid=34587 fd=12: RESERVED -> PENDING
[1773159762.123704520] LOCK pid=34587 fd=12: PENDING -> EXCLUSIVE
DBimpl - UNLOCK REQUEST: 0x34db4680 1
[1773159762.126359437] UNLOCK pid=34587 fd=12: EXCLUSIVE -> SHARED
DBimpl - UNLOCK REQUEST: 0x34db4680 0
[1773159762.126364580] UNLOCK pid=34587 fd=12: SHARED -> NO_LOCK
DBimpl - LOCK REQUEST: 0x34db4680 1
[1773159762.128843857] LOCK pid=34588 fd=14: NO_LOCK -> SHARED (fallback)
[1773159762.128846181] LOCK pid=34588 fd=14: SHARED -> SHARED
DBimpl - LOCK REQUEST: 0x34db4680 2
[1773159762.128860301] LOCK pid=34588 fd=14: SHARED -> RESERVED
DBimpl - LOCK REQUEST: 0x34db4680 4
[1773159762.129010641] LOCK pid=34588 fd=14: RESERVED -> PENDING
[1773159762.129012551] LOCK pid=34588 fd=14: PENDING -> EXCLUSIVE
DBimpl - UNLOCK REQUEST: 0x34db4680 1
[1773159762.131922745] UNLOCK pid=34588 fd=14: EXCLUSIVE -> SHARED
DBimpl - UNLOCK REQUEST: 0x34db4680 0
[1773159762.131927819] UNLOCK pid=34588 fd=14: SHARED -> NO_LOCK
DBimpl - LOCK REQUEST: 0x34db4680 1
[1773159762.145315355] LOCK pid=34587 fd=12: NO_LOCK -> SHARED (fallback)
[1773159762.145317272] LOCK pid=34587 fd=12: SHARED -> SHARED
DBimpl - LOCK REQUEST: 0x34db4680 2
[1773159762.145332388] LOCK pid=34587 fd=12: SHARED -> RESERVED
DBimpl - LOCK REQUEST: 0x34db4680 1
[1773159762.155769508] LOCK pid=34586 fd=10: NO_LOCK -> SHARED (fallback)
[1773159762.155775564] LOCK pid=34586 fd=10: SHARED -> SHARED
DBimpl - LOCK REQUEST: 0x34db4680 2
DBimpl - UNLOCK REQUEST: 0x34db4680 0
[1773159762.155793661] UNLOCK pid=34586 fd=10: SHARED -> NO_LOCK
DBimpl - LOCK REQUEST: 0x34db4680 1
[1773159762.157529557] LOCK pid=34588 fd=14: NO_LOCK -> SHARED (fallback)
[1773159762.157532274] LOCK pid=34588 fd=14: SHARED -> SHARED
DBimpl - LOCK REQUEST: 0x34db4680 2
DBimpl - UNLOCK REQUEST: 0x34db4680 0
[1773159762.157550629] UNLOCK pid=34588 fd=14: SHARED -> NO_LOCK
DBimpl - LOCK REQUEST: 0x34db4680 1
[1773159762.158638594] LOCK pid=34588 fd=14: NO_LOCK -> SHARED (fallback)
[1773159762.158639669] LOCK pid=34588 fd=14: SHARED -> SHARED
DBimpl - LOCK REQUEST: 0x34db4680 2
DBimpl - UNLOCK REQUEST: 0x34db4680 0
[1773159762.158647482] UNLOCK pid=34588 fd=14: SHARED -> NO_LOCK
DBimpl - LOCK REQUEST: 0x34db4680 1
[1773159762.160749775] LOCK pid=34588 fd=14: NO_LOCK -> SHARED (fallback)
[1773159762.160752005] LOCK pid=34588 fd=14: SHARED -> SHARED
DBimpl - LOCK REQUEST: 0x34db4680 2
DBimpl - UNLOCK REQUEST: 0x34db4680 0
[1773159762.160766502] UNLOCK pid=34588 fd=14: SHARED -> NO_LOCK
DBimpl - LOCK REQUEST: 0x34db4680 4
[1773159762.163566036] LOCK pid=34587 fd=12: RESERVED -> PENDING
[1773159762.163568123] LOCK pid=34587 fd=12: PENDING -> EXCLUSIVE
DBimpl - LOCK REQUEST: 0x34db4680 1
DBimpl - UNLOCK REQUEST: 0x34db4680 1
[1773159762.166753662] UNLOCK pid=34587 fd=12: EXCLUSIVE -> SHARED
DBimpl - UNLOCK REQUEST: 0x34db4680 0
[1773159762.166764153] UNLOCK pid=34587 fd=12: SHARED -> NO_LOCK
DBimpl - LOCK REQUEST: 0x34db4680 1
[1773159762.170289010] LOCK pid=34587 fd=12: NO_LOCK -> SHARED (fallback)
[1773159762.170290872] LOCK pid=34587 fd=12: SHARED -> SHARED
DBimpl - LOCK REQUEST: 0x34db4680 2
[1773159762.170303648] LOCK pid=34587 fd=12: SHARED -> RESERVED
DBimpl - LOCK REQUEST: 0x34db4680 1
[1773159762.175910857] LOCK pid=34588 fd=14: NO_LOCK -> SHARED (fallback)
[1773159762.175912827] LOCK pid=34588 fd=14: SHARED -> SHARED
DBimpl - LOCK REQUEST: 0x34db4680 2
DBimpl - UNLOCK REQUEST: 0x34db4680 0
[1773159762.175926011] UNLOCK pid=34588 fd=14: SHARED -> NO_LOCK
DBimpl - LOCK REQUEST: 0x34db4680 4
[1773159762.184459233] LOCK pid=34587 fd=12: RESERVED -> PENDING
[1773159762.184461841] LOCK pid=34587 fd=12: PENDING -> EXCLUSIVE
DBimpl - UNLOCK REQUEST: 0x34db4680 1
[1773159762.184467124] UNLOCK pid=34587 fd=12: EXCLUSIVE -> SHARED
DBimpl - UNLOCK REQUEST: 0x34db4680 0
[1773159762.184472266] UNLOCK pid=34587 fd=12: SHARED -> NO_LOCK
DBimpl - LOCK REQUEST: 0x34db4680 1
[1773159762.191022267] LOCK pid=34588 fd=14: NO_LOCK -> SHARED (fallback)
[1773159762.191025960] LOCK pid=34588 fd=14: SHARED -> SHARED
DBimpl - LOCK REQUEST: 0x34db4680 2
[1773159762.191051068] LOCK pid=34588 fd=14: SHARED -> RESERVED
DBimpl - LOCK REQUEST: 0x34db4680 4
[1773159762.191284060] LOCK pid=34588 fd=14: RESERVED -> PENDING
[1773159762.191285730] LOCK pid=34588 fd=14: PENDING -> EXCLUSIVE
DBimpl - UNLOCK REQUEST: 0x34db4680 1
[1773159762.194576262] UNLOCK pid=34588 fd=14: EXCLUSIVE -> SHARED
DBimpl - UNLOCK REQUEST: 0x34db4680 0
[1773159762.194581370] UNLOCK pid=34588 fd=14: SHARED -> NO_LOCK
DBimpl - LOCK REQUEST: 0x34db4680 1
[1773159762.204381194] LOCK pid=34587 fd=12: NO_LOCK -> SHARED (fallback)
[1773159762.204384572] LOCK pid=34587 fd=12: SHARED -> SHARED
DBimpl - LOCK REQUEST: 0x34db4680 2
[1773159762.204404066] LOCK pid=34587 fd=12: SHARED -> RESERVED
DBimpl - LOCK REQUEST: 0x34db4680 1
[1773159762.205644065] LOCK pid=34588 fd=14: NO_LOCK -> SHARED (fallback)
[1773159762.205645585] LOCK pid=34588 fd=14: SHARED -> SHARED
DBimpl - LOCK REQUEST: 0x34db4680 2
DBimpl - UNLOCK REQUEST: 0x34db4680 0
[1773159762.205658979] UNLOCK pid=34588 fd=14: SHARED -> NO_LOCK
DBimpl - LOCK REQUEST: 0x34db4680 1
[1773159762.206717322] LOCK pid=34588 fd=14: NO_LOCK -> SHARED (fallback)
[1773159762.206718469] LOCK pid=34588 fd=14: SHARED -> SHARED
DBimpl - LOCK REQUEST: 0x34db4680 2
DBimpl - UNLOCK REQUEST: 0x34db4680 0
[1773159762.206730733] UNLOCK pid=34588 fd=14: SHARED -> NO_LOCK
DBimpl - LOCK REQUEST: 0x34db4680 1
[1773159762.208800392] LOCK pid=34588 fd=14: NO_LOCK -> SHARED (fallback)
[1773159762.208802492] LOCK pid=34588 fd=14: SHARED -> SHARED
DBimpl - LOCK REQUEST: 0x34db4680 2
DBimpl - UNLOCK REQUEST: 0x34db4680 0
[1773159762.208817220] UNLOCK pid=34588 fd=14: SHARED -> NO_LOCK
DBimpl - LOCK REQUEST: 0x34db4680 1
[1773159762.213883203] LOCK pid=34588 fd=14: NO_LOCK -> SHARED (fallback)
[1773159762.213885166] LOCK pid=34588 fd=14: SHARED -> SHARED
DBimpl - LOCK REQUEST: 0x34db4680 2
DBimpl - UNLOCK REQUEST: 0x34db4680 0
[1773159762.213898391] UNLOCK pid=34588 fd=14: SHARED -> NO_LOCK
DBimpl - LOCK REQUEST: 0x34db4680 4
[1773159762.220451659] LOCK pid=34587 fd=12: RESERVED -> PENDING
[1773159762.220454567] LOCK pid=34587 fd=12: PENDING -> EXCLUSIVE
DBimpl - UNLOCK REQUEST: 0x34db4680 1
[1773159762.223708301] UNLOCK pid=34587 fd=12: EXCLUSIVE -> SHARED
DBimpl - UNLOCK REQUEST: 0x34db4680 0
[1773159762.223716379] UNLOCK pid=34587 fd=12: SHARED -> NO_LOCK
DBimpl - LOCK REQUEST: 0x34db4680 1
[1773159762.224069918] LOCK pid=34588 fd=14: NO_LOCK -> SHARED (fallback)
[1773159762.224074742] LOCK pid=34588 fd=14: SHARED -> SHARED
DBimpl - LOCK REQUEST: 0x34db4680 2
[1773159762.224100574] LOCK pid=34588 fd=14: SHARED -> RESERVED
DBimpl - LOCK REQUEST: 0x34db4680 4
[1773159762.224390068] LOCK pid=34588 fd=14: RESERVED -> PENDING
[1773159762.224393248] LOCK pid=34588 fd=14: PENDING -> EXCLUSIVE
DBimpl - UNLOCK REQUEST: 0x34db4680 1
[1773159762.227002532] UNLOCK pid=34588 fd=14: EXCLUSIVE -> SHARED
DBimpl - UNLOCK REQUEST: 0x34db4680 0
[1773159762.227007823] UNLOCK pid=34588 fd=14: SHARED -> NO_LOCK
DBimpl - LOCK REQUEST: 0x34db4680 1
[1773159762.230660086] LOCK pid=34588 fd=14: NO_LOCK -> SHARED (fallback)
[1773159762.230662036] LOCK pid=34588 fd=14: SHARED -> SHARED
DBimpl - LOCK REQUEST: 0x34db4680 2
[1773159762.230672332] LOCK pid=34588 fd=14: SHARED -> RESERVED
DBimpl - LOCK REQUEST: 0x34db4680 4
[1773159762.230796581] LOCK pid=34588 fd=14: RESERVED -> PENDING
[1773159762.230798453] LOCK pid=34588 fd=14: PENDING -> EXCLUSIVE
DBimpl - UNLOCK REQUEST: 0x34db4680 1
[1773159762.232885011] UNLOCK pid=34588 fd=14: EXCLUSIVE -> SHARED
DBimpl - UNLOCK REQUEST: 0x34db4680 0
[1773159762.232889143] UNLOCK pid=34588 fd=14: SHARED -> NO_LOCK
DBimpl - LOCK REQUEST: 0x34db4680 1
[1773159762.236788313] LOCK pid=34588 fd=14: NO_LOCK -> SHARED (fallback)
[1773159762.236790062] LOCK pid=34588 fd=14: SHARED -> SHARED
DBimpl - LOCK REQUEST: 0x34db4680 2
[1773159762.236799110] LOCK pid=34588 fd=14: SHARED -> RESERVED
DBimpl - LOCK REQUEST: 0x34db4680 4
[1773159762.236894393] LOCK pid=34588 fd=14: RESERVED -> PENDING
[1773159762.236896049] LOCK pid=34588 fd=14: PENDING -> EXCLUSIVE
DBimpl - LOCK REQUEST: 0x34db4680 1
DBimpl - LOCK REQUEST: 0x34db4680 1
DBimpl - UNLOCK REQUEST: 0x34db4680 1
[1773159762.238565434] UNLOCK pid=34588 fd=14: EXCLUSIVE -> SHARED
DBimpl - UNLOCK REQUEST: 0x34db4680 0
[1773159762.238568944] UNLOCK pid=34588 fd=14: SHARED -> NO_LOCK
DBimpl - LOCK REQUEST: 0x34db4680 1
[1773159762.240124343] LOCK pid=34587 fd=12: NO_LOCK -> SHARED (fallback)
[1773159762.240126669] LOCK pid=34587 fd=12: SHARED -> SHARED
DBimpl - LOCK REQUEST: 0x34db4680 2
[1773159762.240144036] LOCK pid=34587 fd=12: SHARED -> RESERVED
DBimpl - LOCK REQUEST: 0x34db4680 1
[1773159762.242325461] LOCK pid=34588 fd=14: NO_LOCK -> SHARED (fallback)
[1773159762.242326780] LOCK pid=34588 fd=14: SHARED -> SHARED
DBimpl - LOCK REQUEST: 0x34db4680 2
DBimpl - UNLOCK REQUEST: 0x34db4680 0
[1773159762.242337235] UNLOCK pid=34588 fd=14: SHARED -> NO_LOCK
DBimpl - LOCK REQUEST: 0x34db4680 1
[1773159762.243423781] LOCK pid=34588 fd=14: NO_LOCK -> SHARED (fallback)
[1773159762.243424852] LOCK pid=34588 fd=14: SHARED -> SHARED
DBimpl - LOCK REQUEST: 0x34db4680 2
DBimpl - UNLOCK REQUEST: 0x34db4680 0
[1773159762.243432567] UNLOCK pid=34588 fd=14: SHARED -> NO_LOCK
DBimpl - LOCK REQUEST: 0x34db4680 1
[1773159762.245490445] LOCK pid=34588 fd=14: NO_LOCK -> SHARED (fallback)
[1773159762.245491489] LOCK pid=34588 fd=14: SHARED -> SHARED
DBimpl - LOCK REQUEST: 0x34db4680 2
DBimpl - UNLOCK REQUEST: 0x34db4680 0
[1773159762.245501673] UNLOCK pid=34588 fd=14: SHARED -> NO_LOCK
DBimpl - LOCK REQUEST: 0x34db4680 1
[1773159762.250593457] LOCK pid=34588 fd=14: NO_LOCK -> SHARED (fallback)
[1773159762.250595644] LOCK pid=34588 fd=14: SHARED -> SHARED
DBimpl - LOCK REQUEST: 0x34db4680 2
DBimpl - UNLOCK REQUEST: 0x34db4680 0
[1773159762.250609868] UNLOCK pid=34588 fd=14: SHARED -> NO_LOCK
DBimpl - LOCK REQUEST: 0x34db4680 4
[1773159762.252870108] LOCK pid=34587 fd=12: RESERVED -> PENDING
[1773159762.252874204] LOCK pid=34587 fd=12: PENDING -> EXCLUSIVE
DBimpl - UNLOCK REQUEST: 0x34db4680 1
[1773159762.255186572] UNLOCK pid=34587 fd=12: EXCLUSIVE -> SHARED
DBimpl - UNLOCK REQUEST: 0x34db4680 0
[1773159762.255193804] UNLOCK pid=34587 fd=12: SHARED -> NO_LOCK
DBimpl - LOCK REQUEST: 0x34db4680 1
[1773159762.255867864] LOCK pid=34586 fd=10: NO_LOCK -> SHARED (fallback)
[1773159762.255871783] LOCK pid=34586 fd=10: SHARED -> SHARED
DBimpl - LOCK REQUEST: 0x34db4680 2
[1773159762.255891278] LOCK pid=34586 fd=10: SHARED -> RESERVED
DBimpl - LOCK REQUEST: 0x34db4680 4
[1773159762.256953556] LOCK pid=34586 fd=10: RESERVED -> PENDING
[1773159762.256955695] LOCK pid=34586 fd=10: PENDING -> EXCLUSIVE
DBimpl - UNLOCK REQUEST: 0x34db4680 1
[1773159762.258846159] UNLOCK pid=34586 fd=10: EXCLUSIVE -> SHARED
DBimpl - UNLOCK REQUEST: 0x34db4680 0
[1773159762.258851435] UNLOCK pid=34586 fd=10: SHARED -> NO_LOCK
DBimpl - LOCK REQUEST: 0x34db4680 1
[1773159762.260748564] LOCK pid=34588 fd=14: NO_LOCK -> SHARED (fallback)
[1773159762.260751286] LOCK pid=34588 fd=14: SHARED -> SHARED
DBimpl - LOCK REQUEST: 0x34db4680 2
[1773159762.260765238] LOCK pid=34588 fd=14: SHARED -> RESERVED
DBimpl - LOCK REQUEST: 0x34db4680 4
[1773159762.260894142] LOCK pid=34588 fd=14: RESERVED -> PENDING
[1773159762.260895908] LOCK pid=34588 fd=14: PENDING -> EXCLUSIVE
DBimpl - UNLOCK REQUEST: 0x34db4680 1
[1773159762.262611399] UNLOCK pid=34588 fd=14: EXCLUSIVE -> SHARED
DBimpl - UNLOCK REQUEST: 0x34db4680 0
[1773159762.262616472] UNLOCK pid=34588 fd=14: SHARED -> NO_LOCK
DBimpl - LOCK REQUEST: 0x34db4680 1
[1773159762.264386753] LOCK pid=34588 fd=14: NO_LOCK -> SHARED (fallback)
[1773159762.264388152] LOCK pid=34588 fd=14: SHARED -> SHARED
DBimpl - LOCK REQUEST: 0x34db4680 2
[1773159762.264396504] LOCK pid=34588 fd=14: SHARED -> RESERVED
DBimpl - LOCK REQUEST: 0x34db4680 4
[1773159762.264493041] LOCK pid=34588 fd=14: RESERVED -> PENDING
[1773159762.264494697] LOCK pid=34588 fd=14: PENDING -> EXCLUSIVE
DBimpl - LOCK REQUEST: 0x34db4680 1
DBimpl - UNLOCK REQUEST: 0x34db4680 1
[1773159762.266225917] UNLOCK pid=34588 fd=14: EXCLUSIVE -> SHARED
DBimpl - UNLOCK REQUEST: 0x34db4680 0
[1773159762.266229578] UNLOCK pid=34588 fd=14: SHARED -> NO_LOCK
DBimpl - LOCK REQUEST: 0x34db4680 1
[1773159762.266254366] LOCK pid=34587 fd=12: NO_LOCK -> SHARED (fallback)
[1773159762.266257282] LOCK pid=34587 fd=12: SHARED -> SHARED
DBimpl - LOCK REQUEST: 0x34db4680 2
[1773159762.266276018] LOCK pid=34587 fd=12: SHARED -> RESERVED
DBimpl - LOCK REQUEST: 0x34db4680 1
[1773159762.269973055] LOCK pid=34586 fd=10: NO_LOCK -> SHARED (fallback)
[1773159762.269974881] LOCK pid=34586 fd=10: SHARED -> SHARED
DBimpl - LOCK REQUEST: 0x34db4680 2
DBimpl - UNLOCK REQUEST: 0x34db4680 0
[1773159762.269989451] UNLOCK pid=34586 fd=10: SHARED -> NO_LOCK
DBimpl - LOCK REQUEST: 0x34db4680 1
[1773159762.271073073] LOCK pid=34586 fd=10: NO_LOCK -> SHARED (fallback)
[1773159762.271074253] LOCK pid=34586 fd=10: SHARED -> SHARED
DBimpl - LOCK REQUEST: 0x34db4680 2
DBimpl - UNLOCK REQUEST: 0x34db4680 0
[1773159762.271082548] UNLOCK pid=34586 fd=10: SHARED -> NO_LOCK
DBimpl - LOCK REQUEST: 0x34db4680 1
[1773159762.273167193] LOCK pid=34586 fd=10: NO_LOCK -> SHARED (fallback)
[1773159762.273168286] LOCK pid=34586 fd=10: SHARED -> SHARED
DBimpl - LOCK REQUEST: 0x34db4680 2
DBimpl - UNLOCK REQUEST: 0x34db4680 0
[1773159762.273176253] UNLOCK pid=34586 fd=10: SHARED -> NO_LOCK
DBimpl - LOCK REQUEST: 0x34db4680 1
[1773159762.276055568] LOCK pid=34588 fd=14: NO_LOCK -> SHARED (fallback)
[1773159762.276057475] LOCK pid=34588 fd=14: SHARED -> SHARED
DBimpl - LOCK REQUEST: 0x34db4680 2
DBimpl - UNLOCK REQUEST: 0x34db4680 0
[1773159762.276074149] UNLOCK pid=34588 fd=14: SHARED -> NO_LOCK
DBimpl - LOCK REQUEST: 0x34db4680 1
[1773159762.277132413] LOCK pid=34588 fd=14: NO_LOCK -> SHARED (fallback)
[1773159762.277133522] LOCK pid=34588 fd=14: SHARED -> SHARED
DBimpl - LOCK REQUEST: 0x34db4680 2
DBimpl - UNLOCK REQUEST: 0x34db4680 0
[1773159762.277141423] UNLOCK pid=34588 fd=14: SHARED -> NO_LOCK
DBimpl - LOCK REQUEST: 0x34db4680 1
[1773159762.278261446] LOCK pid=34586 fd=10: NO_LOCK -> SHARED (fallback)
[1773159762.278262742] LOCK pid=34586 fd=10: SHARED -> SHARED
DBimpl - LOCK REQUEST: 0x34db4680 2
DBimpl - UNLOCK REQUEST: 0x34db4680 0
[1773159762.278272574] UNLOCK pid=34586 fd=10: SHARED -> NO_LOCK
DBimpl - LOCK REQUEST: 0x34db4680 1
[1773159762.279227463] LOCK pid=34588 fd=14: NO_LOCK -> SHARED (fallback)
[1773159762.279228795] LOCK pid=34588 fd=14: SHARED -> SHARED
DBimpl - LOCK REQUEST: 0x34db4680 2
DBimpl - UNLOCK REQUEST: 0x34db4680 0
[1773159762.279238529] UNLOCK pid=34588 fd=14: SHARED -> NO_LOCK
DBimpl - LOCK REQUEST: 0x34db4680 1
[1773159762.284331434] LOCK pid=34588 fd=14: NO_LOCK -> SHARED (fallback)
[1773159762.284333516] LOCK pid=34588 fd=14: SHARED -> SHARED
DBimpl - LOCK REQUEST: 0x34db4680 2
DBimpl - UNLOCK REQUEST: 0x34db4680 0
[1773159762.284352016] UNLOCK pid=34588 fd=14: SHARED -> NO_LOCK
DBimpl - LOCK REQUEST: 0x34db4680 4
[1773159762.287156463] LOCK pid=34587 fd=12: RESERVED -> PENDING
[1773159762.287159262] LOCK pid=34587 fd=12: PENDING -> EXCLUSIVE
DBimpl - LOCK REQUEST: 0x34db4680 1
DBimpl - UNLOCK REQUEST: 0x34db4680 1
[1773159762.289517629] UNLOCK pid=34587 fd=12: EXCLUSIVE -> SHARED
DBimpl - UNLOCK REQUEST: 0x34db4680 0
[1773159762.289528733] UNLOCK pid=34587 fd=12: SHARED -> NO_LOCK
DBimpl - LOCK REQUEST: 0x34db4680 1
[1773159762.294447821] LOCK pid=34588 fd=14: NO_LOCK -> SHARED (fallback)
[1773159762.294452790] LOCK pid=34588 fd=14: SHARED -> SHARED
DBimpl - LOCK REQUEST: 0x34db4680 2
[1773159762.294482196] LOCK pid=34588 fd=14: SHARED -> RESERVED
DBimpl - LOCK REQUEST: 0x34db4680 4
[1773159762.294759530] LOCK pid=34588 fd=14: RESERVED -> PENDING
[1773159762.294761824] LOCK pid=34588 fd=14: PENDING -> EXCLUSIVE
DBimpl - UNLOCK REQUEST: 0x34db4680 1
[1773159762.296745322] UNLOCK pid=34588 fd=14: EXCLUSIVE -> SHARED
DBimpl - UNLOCK REQUEST: 0x34db4680 0
[1773159762.296753897] UNLOCK pid=34588 fd=14: SHARED -> NO_LOCK
DBimpl - LOCK REQUEST: 0x34db4680 1
[1773159762.303442574] LOCK pid=34586 fd=10: NO_LOCK -> SHARED (fallback)
[1773159762.303446864] LOCK pid=34586 fd=10: SHARED -> SHARED
DBimpl - LOCK REQUEST: 0x34db4680 2
[1773159762.303482367] LOCK pid=34586 fd=10: SHARED -> RESERVED
DBimpl - LOCK REQUEST: 0x34db4680 1
[1773159762.305278734] LOCK pid=34588 fd=14: NO_LOCK -> SHARED (fallback)
[1773159762.305281423] LOCK pid=34588 fd=14: SHARED -> SHARED
DBimpl - LOCK REQUEST: 0x34db4680 2
DBimpl - UNLOCK REQUEST: 0x34db4680 0
[1773159762.305300993] UNLOCK pid=34588 fd=14: SHARED -> NO_LOCK
DBimpl - LOCK REQUEST: 0x34db4680 4
[1773159762.305570630] LOCK pid=34586 fd=10: RESERVED -> PENDING
[1773159762.305574154] LOCK pid=34586 fd=10: PENDING -> EXCLUSIVE
DBimpl - LOCK REQUEST: 0x34db4680 1
DBimpl - LOCK REQUEST: 0x34db4680 1
DBimpl - LOCK REQUEST: 0x34db4680 1
DBimpl - LOCK REQUEST: 0x34db4680 1
DBimpl - UNLOCK REQUEST: 0x34db4680 1
[1773159762.308651503] UNLOCK pid=34586 fd=10: EXCLUSIVE -> SHARED
DBimpl - UNLOCK REQUEST: 0x34db4680 0
[1773159762.308659381] UNLOCK pid=34586 fd=10: SHARED -> NO_LOCK
DBimpl - LOCK REQUEST: 0x34db4680 1
[1773159762.309719142] LOCK pid=34587 fd=12: NO_LOCK -> SHARED (fallback)
[1773159762.309722481] LOCK pid=34587 fd=12: SHARED -> SHARED
DBimpl - LOCK REQUEST: 0x34db4680 2
[1773159762.309747946] LOCK pid=34587 fd=12: SHARED -> RESERVED
DBimpl - LOCK REQUEST: 0x34db4680 1
[1773159762.313553139] LOCK pid=34588 fd=14: NO_LOCK -> SHARED (fallback)
[1773159762.313555834] LOCK pid=34588 fd=14: SHARED -> SHARED
DBimpl - LOCK REQUEST: 0x34db4680 2
DBimpl - UNLOCK REQUEST: 0x34db4680 0
[1773159762.313592828] UNLOCK pid=34588 fd=14: SHARED -> NO_LOCK
DBimpl - LOCK REQUEST: 0x34db4680 1
[1773159762.323680931] LOCK pid=34588 fd=14: NO_LOCK -> SHARED (fallback)
[1773159762.323685082] LOCK pid=34588 fd=14: SHARED -> SHARED
DBimpl - LOCK REQUEST: 0x34db4680 2
DBimpl - UNLOCK REQUEST: 0x34db4680 0
[1773159762.323711594] UNLOCK pid=34588 fd=14: SHARED -> NO_LOCK
DBimpl - LOCK REQUEST: 0x34db4680 4
[1773159762.334225441] LOCK pid=34587 fd=12: RESERVED -> PENDING
[1773159762.334230808] LOCK pid=34587 fd=12: PENDING -> EXCLUSIVE
DBimpl - LOCK REQUEST: 0x34db4680 1
DBimpl - UNLOCK REQUEST: 0x34db4680 1
[1773159762.338884190] UNLOCK pid=34587 fd=12: EXCLUSIVE -> SHARED
DBimpl - UNLOCK REQUEST: 0x34db4680 0
[1773159762.338909828] UNLOCK pid=34587 fd=12: SHARED -> NO_LOCK
DBimpl - LOCK REQUEST: 0x34db4680 1
[1773159762.352719036] LOCK pid=34586 fd=10: NO_LOCK -> SHARED (fallback)
[1773159762.352726458] LOCK pid=34586 fd=10: SHARED -> SHARED
DBimpl - LOCK REQUEST: 0x34db4680 2
[1773159762.352762124] LOCK pid=34586 fd=10: SHARED -> RESERVED
DBimpl - LOCK REQUEST: 0x34db4680 4
[1773159762.352985433] LOCK pid=34586 fd=10: RESERVED -> PENDING
[1773159762.352987586] LOCK pid=34586 fd=10: PENDING -> EXCLUSIVE
DBimpl - UNLOCK REQUEST: 0x34db4680 1
[1773159762.356555425] UNLOCK pid=34586 fd=10: EXCLUSIVE -> SHARED
DBimpl - UNLOCK REQUEST: 0x34db4680 0
[1773159762.356560354] UNLOCK pid=34586 fd=10: SHARED -> NO_LOCK
DBimpl - LOCK REQUEST: 0x34db4680 1
[1773159762.356921939] LOCK pid=34586 fd=10: NO_LOCK -> SHARED (fallback)
[1773159762.356923855] LOCK pid=34586 fd=10: SHARED -> SHARED
DBimpl - LOCK REQUEST: 0x34db4680 2
[1773159762.356933071] LOCK pid=34586 fd=10: SHARED -> RESERVED
DBimpl - LOCK REQUEST: 0x34db4680 4
[1773159762.357897578] LOCK pid=34586 fd=10: RESERVED -> PENDING
[1773159762.357899681] LOCK pid=34586 fd=10: PENDING -> EXCLUSIVE
DBimpl - LOCK REQUEST: 0x34db4680 1
DBimpl - UNLOCK REQUEST: 0x34db4680 1
[1773159762.361110745] UNLOCK pid=34586 fd=10: EXCLUSIVE -> SHARED
DBimpl - UNLOCK REQUEST: 0x34db4680 0
[1773159762.361118409] UNLOCK pid=34586 fd=10: SHARED -> NO_LOCK
DBimpl - LOCK REQUEST: 0x34db4680 1
[1773159762.365749082] LOCK pid=34586 fd=10: NO_LOCK -> SHARED (fallback)
[1773159762.365752212] LOCK pid=34586 fd=10: SHARED -> SHARED
DBimpl - LOCK REQUEST: 0x34db4680 2
[1773159762.365769731] LOCK pid=34586 fd=10: SHARED -> RESERVED
DBimpl - LOCK REQUEST: 0x34db4680 4
[1773159762.365909275] LOCK pid=34586 fd=10: RESERVED -> PENDING
[1773159762.365911113] LOCK pid=34586 fd=10: PENDING -> EXCLUSIVE
DBimpl - LOCK REQUEST: 0x34db4680 1
DBimpl - UNLOCK REQUEST: 0x34db4680 1
[1773159762.367803966] UNLOCK pid=34586 fd=10: EXCLUSIVE -> SHARED
DBimpl - UNLOCK REQUEST: 0x34db4680 0
[1773159762.367809657] UNLOCK pid=34586 fd=10: SHARED -> NO_LOCK
DBimpl - LOCK REQUEST: 0x34db4680 1
[1773159762.368383554] LOCK pid=34587 fd=12: NO_LOCK -> SHARED (fallback)
[1773159762.368387037] LOCK pid=34587 fd=12: SHARED -> SHARED
DBimpl - LOCK REQUEST: 0x34db4680 2
[1773159762.368405881] LOCK pid=34587 fd=12: SHARED -> RESERVED
DBimpl - LOCK REQUEST: 0x34db4680 1
[1773159762.372591693] LOCK pid=34586 fd=10: NO_LOCK -> SHARED (fallback)
[1773159762.372594817] LOCK pid=34586 fd=10: SHARED -> SHARED
DBimpl - LOCK REQUEST: 0x34db4680 2
DBimpl - UNLOCK REQUEST: 0x34db4680 0
[1773159762.372619291] UNLOCK pid=34586 fd=10: SHARED -> NO_LOCK
DBimpl - LOCK REQUEST: 0x34db4680 1
[1773159762.373696971] LOCK pid=34586 fd=10: NO_LOCK -> SHARED (fallback)
[1773159762.373699517] LOCK pid=34586 fd=10: SHARED -> SHARED
DBimpl - LOCK REQUEST: 0x34db4680 2
DBimpl - UNLOCK REQUEST: 0x34db4680 0
[1773159762.373717882] UNLOCK pid=34586 fd=10: SHARED -> NO_LOCK
DBimpl - LOCK REQUEST: 0x34db4680 1
[1773159762.375760887] LOCK pid=34586 fd=10: NO_LOCK -> SHARED (fallback)
[1773159762.375763851] LOCK pid=34586 fd=10: SHARED -> SHARED
DBimpl - LOCK REQUEST: 0x34db4680 2
DBimpl - UNLOCK REQUEST: 0x34db4680 0
[1773159762.375785341] UNLOCK pid=34586 fd=10: SHARED -> NO_LOCK
DBimpl - LOCK REQUEST: 0x34db4680 1
[1773159762.380869631] LOCK pid=34586 fd=10: NO_LOCK -> SHARED (fallback)
[1773159762.380883251] LOCK pid=34586 fd=10: SHARED -> SHARED
DBimpl - LOCK REQUEST: 0x34db4680 2
DBimpl - UNLOCK REQUEST: 0x34db4680 0
[1773159762.380906776] UNLOCK pid=34586 fd=10: SHARED -> NO_LOCK
DBimpl - LOCK REQUEST: 0x34db4680 1
[1773159762.383957110] LOCK pid=34588 fd=14: NO_LOCK -> SHARED (fallback)
[1773159762.383961267] LOCK pid=34588 fd=14: SHARED -> SHARED
DBimpl - LOCK REQUEST: 0x34db4680 2
DBimpl - UNLOCK REQUEST: 0x34db4680 0
[1773159762.383985582] UNLOCK pid=34588 fd=14: SHARED -> NO_LOCK
DBimpl - LOCK REQUEST: 0x34db4680 1
[1773159762.390982365] LOCK pid=34586 fd=10: NO_LOCK -> SHARED (fallback)
[1773159762.390985182] LOCK pid=34586 fd=10: SHARED -> SHARED
DBimpl - LOCK REQUEST: 0x34db4680 2
DBimpl - UNLOCK REQUEST: 0x34db4680 0
[1773159762.391003917] UNLOCK pid=34586 fd=10: SHARED -> NO_LOCK
DBimpl - LOCK REQUEST: 0x34db4680 4
[1773159762.400109127] LOCK pid=34587 fd=12: RESERVED -> PENDING
[1773159762.400113754] LOCK pid=34587 fd=12: PENDING -> EXCLUSIVE
DBimpl - UNLOCK REQUEST: 0x34db4680 1
[1773159762.400121890] UNLOCK pid=34587 fd=12: EXCLUSIVE -> SHARED
DBimpl - UNLOCK REQUEST: 0x34db4680 0
[1773159762.400129229] UNLOCK pid=34587 fd=12: SHARED -> NO_LOCK
DBimpl - LOCK REQUEST: 0x34db4680 1
[1773159762.402176669] LOCK pid=34587 fd=12: NO_LOCK -> SHARED (fallback)
[1773159762.402180032] LOCK pid=34587 fd=12: SHARED -> SHARED
DBimpl - LOCK REQUEST: 0x34db4680 2
[1773159762.402203694] LOCK pid=34587 fd=12: SHARED -> RESERVED
DBimpl - LOCK REQUEST: 0x34db4680 1
[1773159762.406110733] LOCK pid=34586 fd=10: NO_LOCK -> SHARED (fallback)
[1773159762.406115530] LOCK pid=34586 fd=10: SHARED -> SHARED
DBimpl - LOCK REQUEST: 0x34db4680 2
DBimpl - UNLOCK REQUEST: 0x34db4680 0
[1773159762.406145247] UNLOCK pid=34586 fd=10: SHARED -> NO_LOCK
DBimpl - LOCK REQUEST: 0x34db4680 1
[1773159762.409072146] LOCK pid=34588 fd=14: NO_LOCK -> SHARED (fallback)
[1773159762.409075630] LOCK pid=34588 fd=14: SHARED -> SHARED
DBimpl - LOCK REQUEST: 0x34db4680 2
DBimpl - UNLOCK REQUEST: 0x34db4680 0
[1773159762.409115781] UNLOCK pid=34588 fd=14: SHARED -> NO_LOCK
DBimpl - LOCK REQUEST: 0x34db4680 4
[1773159762.418008234] LOCK pid=34587 fd=12: RESERVED -> PENDING
[1773159762.418012761] LOCK pid=34587 fd=12: PENDING -> EXCLUSIVE
DBimpl - UNLOCK REQUEST: 0x34db4680 1
[1773159762.418020878] UNLOCK pid=34587 fd=12: EXCLUSIVE -> SHARED
DBimpl - UNLOCK REQUEST: 0x34db4680 0
[1773159762.418028563] UNLOCK pid=34587 fd=12: SHARED -> NO_LOCK
DBimpl - LOCK REQUEST: 0x34db4680 1
[1773159762.420582522] LOCK pid=34587 fd=12: NO_LOCK -> SHARED (fallback)
[1773159762.420585117] LOCK pid=34587 fd=12: SHARED -> SHARED
DBimpl - LOCK REQUEST: 0x34db4680 2
[1773159762.420606491] LOCK pid=34587 fd=12: SHARED -> RESERVED
DBimpl - LOCK REQUEST: 0x34db4680 1
[1773159762.426228493] LOCK pid=34586 fd=10: NO_LOCK -> SHARED (fallback)
[1773159762.426231238] LOCK pid=34586 fd=10: SHARED -> SHARED
DBimpl - LOCK REQUEST: 0x34db4680 2
DBimpl - UNLOCK REQUEST: 0x34db4680 0
[1773159762.426251723] UNLOCK pid=34586 fd=10: SHARED -> NO_LOCK
DBimpl - LOCK REQUEST: 0x34db4680 1
[1773159762.434211188] LOCK pid=34588 fd=14: NO_LOCK -> SHARED (fallback)
[1773159762.434215397] LOCK pid=34588 fd=14: SHARED -> SHARED
DBimpl - LOCK REQUEST: 0x34db4680 2
DBimpl - UNLOCK REQUEST: 0x34db4680 0
[1773159762.434238064] UNLOCK pid=34588 fd=14: SHARED -> NO_LOCK
DBimpl - LOCK REQUEST: 0x34db4680 4
[1773159762.448989725] LOCK pid=34587 fd=12: RESERVED -> PENDING
[1773159762.448993639] LOCK pid=34587 fd=12: PENDING -> EXCLUSIVE
DBimpl - UNLOCK REQUEST: 0x34db4680 1
[1773159762.448999298] UNLOCK pid=34587 fd=12: EXCLUSIVE -> SHARED
DBimpl - UNLOCK REQUEST: 0x34db4680 0
[1773159762.449018662] UNLOCK pid=34587 fd=12: SHARED -> NO_LOCK
DBimpl - LOCK REQUEST: 0x34db4680 1
[1773159762.449783921] LOCK pid=34587 fd=12: NO_LOCK -> SHARED (fallback)
[1773159762.449785720] LOCK pid=34587 fd=12: SHARED -> SHARED
DBimpl - LOCK REQUEST: 0x34db4680 2
[1773159762.449801538] LOCK pid=34587 fd=12: SHARED -> RESERVED
DBimpl - LOCK REQUEST: 0x34db4680 1
[1773159762.451329818] LOCK pid=34586 fd=10: NO_LOCK -> SHARED (fallback)
[1773159762.451343100] LOCK pid=34586 fd=10: SHARED -> SHARED
DBimpl - LOCK REQUEST: 0x34db4680 2
DBimpl - UNLOCK REQUEST: 0x34db4680 0
[1773159762.451360308] UNLOCK pid=34586 fd=10: SHARED -> NO_LOCK
DBimpl - LOCK REQUEST: 0x34db4680 4
[1773159762.466268181] LOCK pid=34587 fd=12: RESERVED -> PENDING
[1773159762.466270644] LOCK pid=34587 fd=12: PENDING -> EXCLUSIVE
DBimpl - UNLOCK REQUEST: 0x34db4680 1
[1773159762.466275382] UNLOCK pid=34587 fd=12: EXCLUSIVE -> SHARED
DBimpl - UNLOCK REQUEST: 0x34db4680 0
[1773159762.466279284] UNLOCK pid=34587 fd=12: SHARED -> NO_LOCK
DBimpl - LOCK REQUEST: 0x34db4680 1
[1773159762.476031581] LOCK pid=34587 fd=12: NO_LOCK -> SHARED (fallback)
[1773159762.476034655] LOCK pid=34587 fd=12: SHARED -> SHARED
DBimpl - LOCK REQUEST: 0x34db4680 2
[1773159762.476052150] LOCK pid=34587 fd=12: SHARED -> RESERVED
DBimpl - LOCK REQUEST: 0x34db4680 1
[1773159762.476441376] LOCK pid=34586 fd=10: NO_LOCK -> SHARED (fallback)
[1773159762.476444093] LOCK pid=34586 fd=10: SHARED -> SHARED
DBimpl - LOCK REQUEST: 0x34db4680 2
DBimpl - UNLOCK REQUEST: 0x34db4680 0
[1773159762.476462443] UNLOCK pid=34586 fd=10: SHARED -> NO_LOCK
DBimpl - LOCK REQUEST: 0x34db4680 1
[1773159762.484327929] LOCK pid=34588 fd=14: NO_LOCK -> SHARED (fallback)
[1773159762.484331492] LOCK pid=34588 fd=14: SHARED -> SHARED
DBimpl - LOCK REQUEST: 0x34db4680 2
DBimpl - UNLOCK REQUEST: 0x34db4680 0
[1773159762.484356432] UNLOCK pid=34588 fd=14: SHARED -> NO_LOCK
DBimpl - LOCK REQUEST: 0x34db4680 4
[1773159762.494940017] LOCK pid=34587 fd=12: RESERVED -> PENDING
[1773159762.494942847] LOCK pid=34587 fd=12: PENDING -> EXCLUSIVE
DBimpl - UNLOCK REQUEST: 0x34db4680 1
[1773159762.494948457] UNLOCK pid=34587 fd=12: EXCLUSIVE -> SHARED
DBimpl - UNLOCK REQUEST: 0x34db4680 0
[1773159762.494954162] UNLOCK pid=34587 fd=12: SHARED -> NO_LOCK
DBimpl - LOCK REQUEST: 0x34db4680 1
[1773159762.499781618] LOCK pid=34587 fd=12: NO_LOCK -> SHARED (fallback)
[1773159762.499783618] LOCK pid=34587 fd=12: SHARED -> SHARED
DBimpl - LOCK REQUEST: 0x34db4680 2
[1773159762.499797823] LOCK pid=34587 fd=12: SHARED -> RESERVED
DBimpl - LOCK REQUEST: 0x34db4680 1
[1773159762.501539598] LOCK pid=34586 fd=10: NO_LOCK -> SHARED (fallback)
[1773159762.501542383] LOCK pid=34586 fd=10: SHARED -> SHARED
DBimpl - LOCK REQUEST: 0x34db4680 2
DBimpl - UNLOCK REQUEST: 0x34db4680 0
[1773159762.501561696] UNLOCK pid=34586 fd=10: SHARED -> NO_LOCK
DBimpl - LOCK REQUEST: 0x34db4680 4
[1773159762.502526037] LOCK pid=34587 fd=12: RESERVED -> PENDING
[1773159762.502527743] LOCK pid=34587 fd=12: PENDING -> EXCLUSIVE
DBimpl - UNLOCK REQUEST: 0x34db4680 1
[1773159762.502531698] UNLOCK pid=34587 fd=12: EXCLUSIVE -> SHARED
DBimpl - UNLOCK REQUEST: 0x34db4680 0
[1773159762.502534857] UNLOCK pid=34587 fd=12: SHARED -> NO_LOCK
DBimpl - LOCK REQUEST: 0x34db4680 1
[1773159762.505295381] LOCK pid=34587 fd=12: NO_LOCK -> SHARED (fallback)
[1773159762.505298470] LOCK pid=34587 fd=12: SHARED -> SHARED
DBimpl - LOCK REQUEST: 0x34db4680 2
[1773159762.505317272] LOCK pid=34587 fd=12: SHARED -> RESERVED
DBimpl - LOCK REQUEST: 0x34db4680 4
[1773159762.524297990] LOCK pid=34587 fd=12: RESERVED -> PENDING
[1773159762.524300609] LOCK pid=34587 fd=12: PENDING -> EXCLUSIVE
DBimpl - UNLOCK REQUEST: 0x34db4680 1
[1773159762.524306602] UNLOCK pid=34587 fd=12: EXCLUSIVE -> SHARED
DBimpl - UNLOCK REQUEST: 0x34db4680 0
[1773159762.524311140] UNLOCK pid=34587 fd=12: SHARED -> NO_LOCK
DBimpl - LOCK REQUEST: 0x34db4680 1
[1773159762.529137107] LOCK pid=34587 fd=12: NO_LOCK -> SHARED (fallback)
[1773159762.529139401] LOCK pid=34587 fd=12: SHARED -> SHARED
DBimpl - LOCK REQUEST: 0x34db4680 2
[1773159762.529153870] LOCK pid=34587 fd=12: SHARED -> RESERVED
DBimpl - LOCK REQUEST: 0x34db4680 1
[1773159762.534437719] LOCK pid=34588 fd=14: NO_LOCK -> SHARED (fallback)
[1773159762.534441040] LOCK pid=34588 fd=14: SHARED -> SHARED
DBimpl - LOCK REQUEST: 0x34db4680 2
DBimpl - UNLOCK REQUEST: 0x34db4680 0
[1773159762.534463728] UNLOCK pid=34588 fd=14: SHARED -> NO_LOCK
DBimpl - LOCK REQUEST: 0x34db4680 1
[1773159762.551795307] LOCK pid=34586 fd=10: NO_LOCK -> SHARED (fallback)
[1773159762.551805631] LOCK pid=34586 fd=10: SHARED -> SHARED
DBimpl - LOCK REQUEST: 0x34db4680 2
DBimpl - UNLOCK REQUEST: 0x34db4680 0
[1773159762.551836581] UNLOCK pid=34586 fd=10: SHARED -> NO_LOCK
DBimpl - LOCK REQUEST: 0x34db4680 4
[1773159762.558556567] LOCK pid=34587 fd=12: RESERVED -> PENDING
[1773159762.558558407] LOCK pid=34587 fd=12: PENDING -> EXCLUSIVE
DBimpl - UNLOCK REQUEST: 0x34db4680 1
[1773159762.558563174] UNLOCK pid=34587 fd=12: EXCLUSIVE -> SHARED
DBimpl - UNLOCK REQUEST: 0x34db4680 0
[1773159762.558566695] UNLOCK pid=34587 fd=12: SHARED -> NO_LOCK
DBimpl - LOCK REQUEST: 0x34db4680 1
[1773159762.563574795] LOCK pid=34587 fd=12: NO_LOCK -> SHARED (fallback)
[1773159762.563576836] LOCK pid=34587 fd=12: SHARED -> SHARED
DBimpl - LOCK REQUEST: 0x34db4680 2
[1773159762.563587530] LOCK pid=34587 fd=12: SHARED -> RESERVED
DBimpl - LOCK REQUEST: 0x34db4680 4
[1773159762.582036215] LOCK pid=34587 fd=12: RESERVED -> PENDING
[1773159762.582039162] LOCK pid=34587 fd=12: PENDING -> EXCLUSIVE
DBimpl - UNLOCK REQUEST: 0x34db4680 1
[1773159762.582045074] UNLOCK pid=34587 fd=12: EXCLUSIVE -> SHARED
DBimpl - UNLOCK REQUEST: 0x34db4680 0
[1773159762.582050093] UNLOCK pid=34587 fd=12: SHARED -> NO_LOCK
DBimpl - LOCK REQUEST: 0x34db4680 1
[1773159762.583502981] LOCK pid=34587 fd=12: NO_LOCK -> SHARED (fallback)
[1773159762.583504488] LOCK pid=34587 fd=12: SHARED -> SHARED
DBimpl - LOCK REQUEST: 0x34db4680 2
[1773159762.583524658] LOCK pid=34587 fd=12: SHARED -> RESERVED
DBimpl - LOCK REQUEST: 0x34db4680 4
[1773159762.589361399] LOCK pid=34587 fd=12: RESERVED -> PENDING
[1773159762.589364001] LOCK pid=34587 fd=12: PENDING -> EXCLUSIVE
DBimpl - UNLOCK REQUEST: 0x34db4680 1
[1773159762.589367474] UNLOCK pid=34587 fd=12: EXCLUSIVE -> SHARED
DBimpl - UNLOCK REQUEST: 0x34db4680 0
[1773159762.589371109] UNLOCK pid=34587 fd=12: SHARED -> NO_LOCK
DBimpl - LOCK REQUEST: 0x34db4680 1
[1773159762.589508672] LOCK pid=34587 fd=12: NO_LOCK -> SHARED (fallback)
[1773159762.589509890] LOCK pid=34587 fd=12: SHARED -> SHARED
DBimpl - LOCK REQUEST: 0x34db4680 2
[1773159762.589517121] LOCK pid=34587 fd=12: SHARED -> RESERVED
DBimpl - LOCK REQUEST: 0x34db4680 4
[1773159762.599944774] LOCK pid=34587 fd=12: RESERVED -> PENDING
[1773159762.599946530] LOCK pid=34587 fd=12: PENDING -> EXCLUSIVE
DBimpl - UNLOCK REQUEST: 0x34db4680 1
[1773159762.599950214] UNLOCK pid=34587 fd=12: EXCLUSIVE -> SHARED
DBimpl - UNLOCK REQUEST: 0x34db4680 0
[1773159762.599953441] UNLOCK pid=34587 fd=12: SHARED -> NO_LOCK
DBimpl - LOCK REQUEST: 0x34db4680 1
[1773159762.601573621] LOCK pid=34587 fd=12: NO_LOCK -> SHARED (fallback)
[1773159762.601575685] LOCK pid=34587 fd=12: SHARED -> SHARED
DBimpl - LOCK REQUEST: 0x34db4680 2
[1773159762.601599253] LOCK pid=34587 fd=12: SHARED -> RESERVED
DBimpl - LOCK REQUEST: 0x34db4680 1
[1773159762.601974648] LOCK pid=34586 fd=10: NO_LOCK -> SHARED (fallback)
[1773159762.601978084] LOCK pid=34586 fd=10: SHARED -> SHARED
DBimpl - LOCK REQUEST: 0x34db4680 2
DBimpl - UNLOCK REQUEST: 0x34db4680 0
[1773159762.602018818] UNLOCK pid=34586 fd=10: SHARED -> NO_LOCK
DBimpl - LOCK REQUEST: 0x34db4680 4
[1773159762.612921202] LOCK pid=34587 fd=12: RESERVED -> PENDING
[1773159762.612924307] LOCK pid=34587 fd=12: PENDING -> EXCLUSIVE
DBimpl - UNLOCK REQUEST: 0x34db4680 1
[1773159762.612929649] UNLOCK pid=34587 fd=12: EXCLUSIVE -> SHARED
DBimpl - UNLOCK REQUEST: 0x34db4680 0
[1773159762.612947588] UNLOCK pid=34587 fd=12: SHARED -> NO_LOCK
DBimpl - LOCK REQUEST: 0x34db4680 1
[1773159762.620824755] LOCK pid=34587 fd=12: NO_LOCK -> SHARED (fallback)
[1773159762.620827947] LOCK pid=34587 fd=12: SHARED -> SHARED
DBimpl - LOCK REQUEST: 0x34db4680 2
[1773159762.620846920] LOCK pid=34587 fd=12: SHARED -> RESERVED
DBimpl - LOCK REQUEST: 0x34db4680 4
[1773159762.623946061] LOCK pid=34587 fd=12: RESERVED -> PENDING
[1773159762.623948482] LOCK pid=34587 fd=12: PENDING -> EXCLUSIVE
DBimpl - UNLOCK REQUEST: 0x34db4680 1
[1773159762.623954821] UNLOCK pid=34587 fd=12: EXCLUSIVE -> SHARED
DBimpl - UNLOCK REQUEST: 0x34db4680 0
[1773159762.623966855] UNLOCK pid=34587 fd=12: SHARED -> NO_LOCK
DBimpl - LOCK REQUEST: 0x34db4680 1
[1773159762.625370812] LOCK pid=34587 fd=12: NO_LOCK -> SHARED (fallback)
[1773159762.625374843] LOCK pid=34587 fd=12: SHARED -> SHARED
DBimpl - LOCK REQUEST: 0x34db4680 2
[1773159762.625394965] LOCK pid=34587 fd=12: SHARED -> RESERVED
DBimpl - LOCK REQUEST: 0x34db4680 1
[1773159762.634575531] LOCK pid=34588 fd=14: NO_LOCK -> SHARED (fallback)
[1773159762.634580434] LOCK pid=34588 fd=14: SHARED -> SHARED
DBimpl - LOCK REQUEST: 0x34db4680 2
DBimpl - UNLOCK REQUEST: 0x34db4680 0
[1773159762.634619578] UNLOCK pid=34588 fd=14: SHARED -> NO_LOCK
DBimpl - LOCK REQUEST: 0x34db4680 4
[1773159762.655965587] LOCK pid=34587 fd=12: RESERVED -> PENDING
[1773159762.655969936] LOCK pid=34587 fd=12: PENDING -> EXCLUSIVE
DBimpl - UNLOCK REQUEST: 0x34db4680 1
[1773159762.655976003] UNLOCK pid=34587 fd=12: EXCLUSIVE -> SHARED
DBimpl - UNLOCK REQUEST: 0x34db4680 0
[1773159762.655982039] UNLOCK pid=34587 fd=12: SHARED -> NO_LOCK
DBimpl - LOCK REQUEST: 0x34db4680 1
[1773159762.657332319] LOCK pid=34587 fd=12: NO_LOCK -> SHARED (fallback)
[1773159762.657333836] LOCK pid=34587 fd=12: SHARED -> SHARED
DBimpl - LOCK REQUEST: 0x34db4680 2
[1773159762.657364097] LOCK pid=34587 fd=12: SHARED -> RESERVED
DBimpl - LOCK REQUEST: 0x34db4680 4
[1773159762.668886103] LOCK pid=34587 fd=12: RESERVED -> PENDING
[1773159762.668890652] LOCK pid=34587 fd=12: PENDING -> EXCLUSIVE
DBimpl - UNLOCK REQUEST: 0x34db4680 1
[1773159762.668896377] UNLOCK pid=34587 fd=12: EXCLUSIVE -> SHARED
DBimpl - UNLOCK REQUEST: 0x34db4680 0
[1773159762.668902545] UNLOCK pid=34587 fd=12: SHARED -> NO_LOCK
DBimpl - LOCK REQUEST: 0x34db4680 1
[1773159762.674193927] LOCK pid=34587 fd=12: NO_LOCK -> SHARED (fallback)
[1773159762.674197468] LOCK pid=34587 fd=12: SHARED -> SHARED
DBimpl - LOCK REQUEST: 0x34db4680 2
[1773159762.674216443] LOCK pid=34587 fd=12: SHARED -> RESERVED
DBimpl - LOCK REQUEST: 0x34db4680 4
[1773159762.684866660] LOCK pid=34587 fd=12: RESERVED -> PENDING
[1773159762.684869725] LOCK pid=34587 fd=12: PENDING -> EXCLUSIVE
DBimpl - UNLOCK REQUEST: 0x34db4680 1
[1773159762.684876314] UNLOCK pid=34587 fd=12: EXCLUSIVE -> SHARED
DBimpl - UNLOCK REQUEST: 0x34db4680 0
[1773159762.684881054] UNLOCK pid=34587 fd=12: SHARED -> NO_LOCK
DBimpl - LOCK REQUEST: 0x34db4680 1
[1773159762.702021819] LOCK pid=34587 fd=12: NO_LOCK -> SHARED (fallback)
[1773159762.702025881] LOCK pid=34587 fd=12: SHARED -> SHARED
DBimpl - LOCK REQUEST: 0x34db4680 2
[1773159762.702062190] LOCK pid=34587 fd=12: SHARED -> RESERVED
DBimpl - LOCK REQUEST: 0x34db4680 1
[1773159762.702115265] LOCK pid=34586 fd=10: NO_LOCK -> SHARED (fallback)
[1773159762.702117600] LOCK pid=34586 fd=10: SHARED -> SHARED
DBimpl - LOCK REQUEST: 0x34db4680 2
DBimpl - UNLOCK REQUEST: 0x34db4680 0
[1773159762.702135986] UNLOCK pid=34586 fd=10: SHARED -> NO_LOCK
DBimpl - LOCK REQUEST: 0x34db4680 4
[1773159762.708843944] LOCK pid=34587 fd=12: RESERVED -> PENDING
[1773159762.708846036] LOCK pid=34587 fd=12: PENDING -> EXCLUSIVE
DBimpl - UNLOCK REQUEST: 0x34db4680 1
[1773159762.708851328] UNLOCK pid=34587 fd=12: EXCLUSIVE -> SHARED
DBimpl - UNLOCK REQUEST: 0x34db4680 0
[1773159762.708855328] UNLOCK pid=34587 fd=12: SHARED -> NO_LOCK
DBimpl - LOCK REQUEST: 0x34db4680 1
[1773159762.729157516] LOCK pid=34587 fd=12: NO_LOCK -> SHARED (fallback)
[1773159762.729161159] LOCK pid=34587 fd=12: SHARED -> SHARED
DBimpl - LOCK REQUEST: 0x34db4680 2
[1773159762.729194034] LOCK pid=34587 fd=12: SHARED -> RESERVED
DBimpl - LOCK REQUEST: 0x34db4680 1
[1773159762.734706367] LOCK pid=34588 fd=14: NO_LOCK -> SHARED (fallback)
[1773159762.734709618] LOCK pid=34588 fd=14: SHARED -> SHARED
DBimpl - LOCK REQUEST: 0x34db4680 2
DBimpl - UNLOCK REQUEST: 0x34db4680 0
[1773159762.734768115] UNLOCK pid=34588 fd=14: SHARED -> NO_LOCK
DBimpl - LOCK REQUEST: 0x34db4680 4
[1773159762.746193941] LOCK pid=34587 fd=12: RESERVED -> PENDING
[1773159762.746197468] LOCK pid=34587 fd=12: PENDING -> EXCLUSIVE
DBimpl - UNLOCK REQUEST: 0x34db4680 1
[1773159762.746210312] UNLOCK pid=34587 fd=12: EXCLUSIVE -> SHARED
DBimpl - UNLOCK REQUEST: 0x34db4680 0
[1773159762.746231441] UNLOCK pid=34587 fd=12: SHARED -> NO_LOCK
DBimpl - LOCK REQUEST: 0x34db4680 1
[1773159762.749490421] LOCK pid=34587 fd=12: NO_LOCK -> SHARED (fallback)
[1773159762.749491786] LOCK pid=34587 fd=12: SHARED -> SHARED
DBimpl - LOCK REQUEST: 0x34db4680 2
[1773159762.749507728] LOCK pid=34587 fd=12: SHARED -> RESERVED
DBimpl - LOCK REQUEST: 0x34db4680 4
[1773159762.758315903] LOCK pid=34587 fd=12: RESERVED -> PENDING
[1773159762.758317842] LOCK pid=34587 fd=12: PENDING -> EXCLUSIVE
DBimpl - UNLOCK REQUEST: 0x34db4680 1
[1773159762.758321620] UNLOCK pid=34587 fd=12: EXCLUSIVE -> SHARED
DBimpl - UNLOCK REQUEST: 0x34db4680 0
[1773159762.758324889] UNLOCK pid=34587 fd=12: SHARED -> NO_LOCK
DBimpl - LOCK REQUEST: 0x34db4680 1
[1773159762.759628958] LOCK pid=34587 fd=12: NO_LOCK -> SHARED (fallback)
[1773159762.759630092] LOCK pid=34587 fd=12: SHARED -> SHARED
DBimpl - LOCK REQUEST: 0x34db4680 2
[1773159762.759640688] LOCK pid=34587 fd=12: SHARED -> RESERVED
DBimpl - LOCK REQUEST: 0x34db4680 4
[1773159762.761943461] LOCK pid=34587 fd=12: RESERVED -> PENDING
[1773159762.761945283] LOCK pid=34587 fd=12: PENDING -> EXCLUSIVE
DBimpl - UNLOCK REQUEST: 0x34db4680 1
[1773159762.761948836] UNLOCK pid=34587 fd=12: EXCLUSIVE -> SHARED
DBimpl - UNLOCK REQUEST: 0x34db4680 0
[1773159762.761952110] UNLOCK pid=34587 fd=12: SHARED -> NO_LOCK
DBimpl - LOCK REQUEST: 0x34db4680 1
[1773159762.773738828] LOCK pid=34587 fd=12: NO_LOCK -> SHARED (fallback)
[1773159762.773743969] LOCK pid=34587 fd=12: SHARED -> SHARED
DBimpl - LOCK REQUEST: 0x34db4680 2
[1773159762.773762008] LOCK pid=34587 fd=12: SHARED -> RESERVED
DBimpl - LOCK REQUEST: 0x34db4680 4
[1773159762.775521961] LOCK pid=34587 fd=12: RESERVED -> PENDING
[1773159762.775524045] LOCK pid=34587 fd=12: PENDING -> EXCLUSIVE
DBimpl - UNLOCK REQUEST: 0x34db4680 1
[1773159762.775529686] UNLOCK pid=34587 fd=12: EXCLUSIVE -> SHARED
DBimpl - UNLOCK REQUEST: 0x34db4680 0
[1773159762.775533662] UNLOCK pid=34587 fd=12: SHARED -> NO_LOCK
DBimpl - LOCK REQUEST: 0x34db4680 1
[1773159762.789223328] LOCK pid=34587 fd=12: NO_LOCK -> SHARED (fallback)
[1773159762.789228668] LOCK pid=34587 fd=12: SHARED -> SHARED
DBimpl - LOCK REQUEST: 0x34db4680 2
[1773159762.789301638] LOCK pid=34587 fd=12: SHARED -> RESERVED
DBimpl - LOCK REQUEST: 0x34db4680 4
[1773159762.791244150] LOCK pid=34587 fd=12: RESERVED -> PENDING
[1773159762.791246095] LOCK pid=34587 fd=12: PENDING -> EXCLUSIVE
DBimpl - UNLOCK REQUEST: 0x34db4680 1
[1773159762.791250620] UNLOCK pid=34587 fd=12: EXCLUSIVE -> SHARED
DBimpl - UNLOCK REQUEST: 0x34db4680 0
[1773159762.791254126] UNLOCK pid=34587 fd=12: SHARED -> NO_LOCK
DBimpl - LOCK REQUEST: 0x34db4680 1
[1773159762.797256444] LOCK pid=34587 fd=12: NO_LOCK -> SHARED (fallback)
[1773159762.797258692] LOCK pid=34587 fd=12: SHARED -> SHARED
DBimpl - LOCK REQUEST: 0x34db4680 2
[1773159762.797270846] LOCK pid=34587 fd=12: SHARED -> RESERVED
DBimpl - LOCK REQUEST: 0x34db4680 1
[1773159762.802236206] LOCK pid=34586 fd=10: NO_LOCK -> SHARED (fallback)
[1773159762.802240627] LOCK pid=34586 fd=10: SHARED -> SHARED
DBimpl - LOCK REQUEST: 0x34db4680 2
DBimpl - UNLOCK REQUEST: 0x34db4680 0
[1773159762.802271185] UNLOCK pid=34586 fd=10: SHARED -> NO_LOCK
DBimpl - LOCK REQUEST: 0x34db4680 4
[1773159762.812789606] LOCK pid=34587 fd=12: RESERVED -> PENDING
[1773159762.812793753] LOCK pid=34587 fd=12: PENDING -> EXCLUSIVE
DBimpl - UNLOCK REQUEST: 0x34db4680 1
[1773159762.812800127] UNLOCK pid=34587 fd=12: EXCLUSIVE -> SHARED
DBimpl - UNLOCK REQUEST: 0x34db4680 0
[1773159762.812806814] UNLOCK pid=34587 fd=12: SHARED -> NO_LOCK
DBimpl - LOCK REQUEST: 0x34db4680 1
[1773159762.834868934] LOCK pid=34588 fd=14: NO_LOCK -> SHARED (fallback)
[1773159762.834874029] LOCK pid=34588 fd=14: SHARED -> SHARED
DBimpl - LOCK REQUEST: 0x34db4680 2
[1773159762.834902626] LOCK pid=34588 fd=14: SHARED -> RESERVED
DBimpl - LOCK REQUEST: 0x34db4680 4
[1773159762.835189982] LOCK pid=34588 fd=14: RESERVED -> PENDING
[1773159762.835195923] LOCK pid=34588 fd=14: PENDING -> EXCLUSIVE
DBimpl - UNLOCK REQUEST: 0x34db4680 1
[1773159762.843600672] UNLOCK pid=34588 fd=14: EXCLUSIVE -> SHARED
DBimpl - UNLOCK REQUEST: 0x34db4680 0
[1773159762.843610118] UNLOCK pid=34588 fd=14: SHARED -> NO_LOCK
DBimpl - LOCK REQUEST: 0x34db4680 1
[1773159762.845372042] LOCK pid=34587 fd=12: NO_LOCK -> SHARED (fallback)
[1773159762.845374977] LOCK pid=34587 fd=12: SHARED -> SHARED
DBimpl - LOCK REQUEST: 0x34db4680 2
[1773159762.845392606] LOCK pid=34587 fd=12: SHARED -> RESERVED
DBimpl - LOCK REQUEST: 0x34db4680 1
[1773159762.847376880] LOCK pid=34588 fd=14: NO_LOCK -> SHARED (fallback)
[1773159762.847380060] LOCK pid=34588 fd=14: SHARED -> SHARED
DBimpl - LOCK REQUEST: 0x34db4680 2
DBimpl - UNLOCK REQUEST: 0x34db4680 0
[1773159762.847414060] UNLOCK pid=34588 fd=14: SHARED -> NO_LOCK
DBimpl - LOCK REQUEST: 0x34db4680 1
[1773159762.848482084] LOCK pid=34588 fd=14: NO_LOCK -> SHARED (fallback)
[1773159762.848484305] LOCK pid=34588 fd=14: SHARED -> SHARED
DBimpl - LOCK REQUEST: 0x34db4680 2
DBimpl - UNLOCK REQUEST: 0x34db4680 0
[1773159762.848499116] UNLOCK pid=34588 fd=14: SHARED -> NO_LOCK
DBimpl - LOCK REQUEST: 0x34db4680 1
[1773159762.850571431] LOCK pid=34588 fd=14: NO_LOCK -> SHARED (fallback)
[1773159762.850573740] LOCK pid=34588 fd=14: SHARED -> SHARED
DBimpl - LOCK REQUEST: 0x34db4680 2
DBimpl - UNLOCK REQUEST: 0x34db4680 0
[1773159762.850603967] UNLOCK pid=34588 fd=14: SHARED -> NO_LOCK
DBimpl - LOCK REQUEST: 0x34db4680 1
[1773159762.855703955] LOCK pid=34588 fd=14: NO_LOCK -> SHARED (fallback)
[1773159762.855707756] LOCK pid=34588 fd=14: SHARED -> SHARED
DBimpl - LOCK REQUEST: 0x34db4680 2
DBimpl - UNLOCK REQUEST: 0x34db4680 0
[1773159762.855762397] UNLOCK pid=34588 fd=14: SHARED -> NO_LOCK
DBimpl - LOCK REQUEST: 0x34db4680 4
[1773159762.856182861] LOCK pid=34587 fd=12: RESERVED -> PENDING
[1773159762.856185105] LOCK pid=34587 fd=12: PENDING -> EXCLUSIVE
DBimpl - UNLOCK REQUEST: 0x34db4680 1
[1773159762.859778394] UNLOCK pid=34587 fd=12: EXCLUSIVE -> SHARED
DBimpl - UNLOCK REQUEST: 0x34db4680 0
[1773159762.859789468] UNLOCK pid=34587 fd=12: SHARED -> NO_LOCK
DBimpl - LOCK REQUEST: 0x34db4680 1
[1773159762.865857917] LOCK pid=34588 fd=14: NO_LOCK -> SHARED (fallback)
[1773159762.865862020] LOCK pid=34588 fd=14: SHARED -> SHARED
DBimpl - LOCK REQUEST: 0x34db4680 2
[1773159762.865894735] LOCK pid=34588 fd=14: SHARED -> RESERVED
DBimpl - LOCK REQUEST: 0x34db4680 4
[1773159762.866211532] LOCK pid=34588 fd=14: RESERVED -> PENDING
[1773159762.866214685] LOCK pid=34588 fd=14: PENDING -> EXCLUSIVE
DBimpl - UNLOCK REQUEST: 0x34db4680 1
[1773159762.868179078] UNLOCK pid=34588 fd=14: EXCLUSIVE -> SHARED
DBimpl - UNLOCK REQUEST: 0x34db4680 0
[1773159762.868186823] UNLOCK pid=34588 fd=14: SHARED -> NO_LOCK
DBimpl - LOCK REQUEST: 0x34db4680 1
[1773159762.882399753] LOCK pid=34587 fd=12: NO_LOCK -> SHARED (fallback)
[1773159762.882404602] LOCK pid=34587 fd=12: SHARED -> SHARED
DBimpl - LOCK REQUEST: 0x34db4680 2
[1773159762.882453823] LOCK pid=34587 fd=12: SHARED -> RESERVED
DBimpl - LOCK REQUEST: 0x34db4680 4
[1773159762.885329109] LOCK pid=34587 fd=12: RESERVED -> PENDING
[1773159762.885332929] LOCK pid=34587 fd=12: PENDING -> EXCLUSIVE
DBimpl - UNLOCK REQUEST: 0x34db4680 1
[1773159762.887455839] UNLOCK pid=34587 fd=12: EXCLUSIVE -> SHARED
DBimpl - UNLOCK REQUEST: 0x34db4680 0
[1773159762.887464195] UNLOCK pid=34587 fd=12: SHARED -> NO_LOCK
DBimpl - LOCK REQUEST: 0x34db4680 1
[1773159762.894368765] LOCK pid=34588 fd=14: NO_LOCK -> SHARED (fallback)
[1773159762.894372169] LOCK pid=34588 fd=14: SHARED -> SHARED
DBimpl - LOCK REQUEST: 0x34db4680 2
[1773159762.894413081] LOCK pid=34588 fd=14: SHARED -> RESERVED
DBimpl - LOCK REQUEST: 0x34db4680 4
[1773159762.894587770] LOCK pid=34588 fd=14: RESERVED -> PENDING
[1773159762.894589643] LOCK pid=34588 fd=14: PENDING -> EXCLUSIVE
DBimpl - UNLOCK REQUEST: 0x34db4680 1
[1773159762.896428477] UNLOCK pid=34588 fd=14: EXCLUSIVE -> SHARED
DBimpl - UNLOCK REQUEST: 0x34db4680 0
[1773159762.896435165] UNLOCK pid=34588 fd=14: SHARED -> NO_LOCK
DBimpl - LOCK REQUEST: 0x34db4680 1
[1773159762.898237494] LOCK pid=34588 fd=14: NO_LOCK -> SHARED (fallback)
[1773159762.898240465] LOCK pid=34588 fd=14: SHARED -> SHARED
DBimpl - LOCK REQUEST: 0x34db4680 2
[1773159762.898260640] LOCK pid=34588 fd=14: SHARED -> RESERVED
DBimpl - LOCK REQUEST: 0x34db4680 4
[1773159762.898423245] LOCK pid=34588 fd=14: RESERVED -> PENDING
[1773159762.898425162] LOCK pid=34588 fd=14: PENDING -> EXCLUSIVE
DBimpl - UNLOCK REQUEST: 0x34db4680 1
[1773159762.900118100] UNLOCK pid=34588 fd=14: EXCLUSIVE -> SHARED
DBimpl - UNLOCK REQUEST: 0x34db4680 0
[1773159762.900122940] UNLOCK pid=34588 fd=14: SHARED -> NO_LOCK
DBimpl - LOCK REQUEST: 0x34db4680 1
[1773159762.902384174] LOCK pid=34586 fd=10: NO_LOCK -> SHARED (fallback)
[1773159762.902387628] LOCK pid=34586 fd=10: SHARED -> SHARED
DBimpl - LOCK REQUEST: 0x34db4680 2
[1773159762.902405107] LOCK pid=34586 fd=10: SHARED -> RESERVED
DBimpl - LOCK REQUEST: 0x34db4680 4
[1773159762.903473981] LOCK pid=34586 fd=10: RESERVED -> PENDING
[1773159762.903476065] LOCK pid=34586 fd=10: PENDING -> EXCLUSIVE
DBimpl - UNLOCK REQUEST: 0x34db4680 1
[1773159762.905467745] UNLOCK pid=34586 fd=10: EXCLUSIVE -> SHARED
DBimpl - UNLOCK REQUEST: 0x34db4680 0
[1773159762.905475218] UNLOCK pid=34586 fd=10: SHARED -> NO_LOCK
DBimpl - LOCK REQUEST: 0x34db4680 1
[1773159762.908307234] LOCK pid=34586 fd=10: NO_LOCK -> SHARED (fallback)
[1773159762.908309934] LOCK pid=34586 fd=10: SHARED -> SHARED
DBimpl - LOCK REQUEST: 0x34db4680 2
[1773159762.908332474] LOCK pid=34586 fd=10: SHARED -> RESERVED
DBimpl - LOCK REQUEST: 0x34db4680 1
[1773159762.908899685] LOCK pid=34587 fd=12: NO_LOCK -> SHARED (fallback)
[1773159762.908902510] LOCK pid=34587 fd=12: SHARED -> SHARED
DBimpl - LOCK REQUEST: 0x34db4680 2
DBimpl - UNLOCK REQUEST: 0x34db4680 0
[1773159762.908929642] UNLOCK pid=34587 fd=12: SHARED -> NO_LOCK
DBimpl - LOCK REQUEST: 0x34db4680 4
[1773159762.909451939] LOCK pid=34586 fd=10: RESERVED -> PENDING
[1773159762.909455587] LOCK pid=34586 fd=10: PENDING -> EXCLUSIVE
DBimpl - LOCK REQUEST: 0x34db4680 1
DBimpl - UNLOCK REQUEST: 0x34db4680 1
[1773159762.911814165] UNLOCK pid=34586 fd=10: EXCLUSIVE -> SHARED
DBimpl - UNLOCK REQUEST: 0x34db4680 0
[1773159762.911820513] UNLOCK pid=34586 fd=10: SHARED -> NO_LOCK
DBimpl - LOCK REQUEST: 0x34db4680 1
[1773159762.912085076] LOCK pid=34587 fd=12: NO_LOCK -> SHARED (fallback)
[1773159762.912088133] LOCK pid=34587 fd=12: SHARED -> SHARED
DBimpl - LOCK REQUEST: 0x34db4680 2
[1773159762.912108980] LOCK pid=34587 fd=12: SHARED -> RESERVED
DBimpl - LOCK REQUEST: 0x34db4680 4
[1773159762.921816462] LOCK pid=34587 fd=12: RESERVED -> PENDING
[1773159762.921820805] LOCK pid=34587 fd=12: PENDING -> EXCLUSIVE
DBimpl - UNLOCK REQUEST: 0x34db4680 1
[1773159762.923627234] UNLOCK pid=34587 fd=12: EXCLUSIVE -> SHARED
DBimpl - UNLOCK REQUEST: 0x34db4680 0
[1773159762.923634567] UNLOCK pid=34587 fd=12: SHARED -> NO_LOCK
DBimpl - LOCK REQUEST: 0x34db4680 1
[1773159762.924013980] LOCK pid=34587 fd=12: NO_LOCK -> SHARED (fallback)
[1773159762.924016456] LOCK pid=34587 fd=12: SHARED -> SHARED
DBimpl - LOCK REQUEST: 0x34db4680 2
[1773159762.924032664] LOCK pid=34587 fd=12: SHARED -> RESERVED
DBimpl - LOCK REQUEST: 0x34db4680 1
[1773159762.924790654] LOCK pid=34588 fd=14: NO_LOCK -> SHARED (fallback)
[1773159762.924793204] LOCK pid=34588 fd=14: SHARED -> SHARED
DBimpl - LOCK REQUEST: 0x34db4680 2
DBimpl - UNLOCK REQUEST: 0x34db4680 0
DBimpl - LOCK REQUEST: 0x34db4680 1
[1773159762.924812035] UNLOCK pid=34588 fd=14: SHARED -> NO_LOCK
[1773159762.924818732] LOCK pid=34586 fd=10: NO_LOCK -> SHARED (fallback)
[1773159762.924820979] LOCK pid=34586 fd=10: SHARED -> SHARED
DBimpl - LOCK REQUEST: 0x34db4680 2
DBimpl - UNLOCK REQUEST: 0x34db4680 0
[1773159762.924833730] UNLOCK pid=34586 fd=10: SHARED -> NO_LOCK
DBimpl - LOCK REQUEST: 0x34db4680 1
[1773159762.925876690] LOCK pid=34588 fd=14: NO_LOCK -> SHARED (fallback)
[1773159762.925877888] LOCK pid=34588 fd=14: SHARED -> SHARED
DBimpl - LOCK REQUEST: 0x34db4680 2
DBimpl - UNLOCK REQUEST: 0x34db4680 0
DBimpl - LOCK REQUEST: 0x34db4680 1
[1773159762.925891132] UNLOCK pid=34588 fd=14: SHARED -> NO_LOCK
[1773159762.925893567] LOCK pid=34586 fd=10: NO_LOCK -> SHARED (fallback)
[1773159762.925895378] LOCK pid=34586 fd=10: SHARED -> SHARED
DBimpl - LOCK REQUEST: 0x34db4680 2
DBimpl - UNLOCK REQUEST: 0x34db4680 0
[1773159762.925904126] UNLOCK pid=34586 fd=10: SHARED -> NO_LOCK
DBimpl - LOCK REQUEST: 0x34db4680 1
[1773159762.927952897] LOCK pid=34588 fd=14: NO_LOCK -> SHARED (fallback)
[1773159762.927954326] LOCK pid=34588 fd=14: SHARED -> SHARED
DBimpl - LOCK REQUEST: 0x34db4680 1
[1773159762.927962940] LOCK pid=34586 fd=10: NO_LOCK -> SHARED (fallback)
DBimpl - LOCK REQUEST: 0x34db4680 2
[1773159762.927964865] LOCK pid=34586 fd=10: SHARED -> SHARED
DBimpl - UNLOCK REQUEST: 0x34db4680 0
[1773159762.927969639] UNLOCK pid=34588 fd=14: SHARED -> NO_LOCK
DBimpl - LOCK REQUEST: 0x34db4680 2
DBimpl - UNLOCK REQUEST: 0x34db4680 0
[1773159762.927975656] UNLOCK pid=34586 fd=10: SHARED -> NO_LOCK
DBimpl - LOCK REQUEST: 0x34db4680 1
DBimpl - LOCK REQUEST: 0x34db4680 1
[1773159762.933052227] LOCK pid=34586 fd=10: NO_LOCK -> SHARED (fallback)
[1773159762.933052193] LOCK pid=34588 fd=14: NO_LOCK -> SHARED (fallback)
[1773159762.933054934] LOCK pid=34586 fd=10: SHARED -> SHARED
[1773159762.933055988] LOCK pid=34588 fd=14: SHARED -> SHARED
DBimpl - LOCK REQUEST: 0x34db4680 2
DBimpl - LOCK REQUEST: 0x34db4680 2
DBimpl - UNLOCK REQUEST: 0x34db4680 0
DBimpl - UNLOCK REQUEST: 0x34db4680 0
[1773159762.933079736] UNLOCK pid=34586 fd=10: SHARED -> NO_LOCK
[1773159762.933080254] UNLOCK pid=34588 fd=14: SHARED -> NO_LOCK
DBimpl - LOCK REQUEST: 0x34db4680 1
DBimpl - LOCK REQUEST: 0x34db4680 1
[1773159762.943185578] LOCK pid=34588 fd=14: NO_LOCK -> SHARED (fallback)
[1773159762.943185080] LOCK pid=34586 fd=10: NO_LOCK -> SHARED (fallback)
[1773159762.943188533] LOCK pid=34588 fd=14: SHARED -> SHARED
[1773159762.943189526] LOCK pid=34586 fd=10: SHARED -> SHARED
DBimpl - LOCK REQUEST: 0x34db4680 2
DBimpl - LOCK REQUEST: 0x34db4680 2
DBimpl - UNLOCK REQUEST: 0x34db4680 0
DBimpl - UNLOCK REQUEST: 0x34db4680 0
[1773159762.943210816] UNLOCK pid=34588 fd=14: SHARED -> NO_LOCK
[1773159762.943211400] UNLOCK pid=34586 fd=10: SHARED -> NO_LOCK
DBimpl - LOCK REQUEST: 0x34db4680 4
[1773159762.947689982] LOCK pid=34587 fd=12: RESERVED -> PENDING
[1773159762.947693044] LOCK pid=34587 fd=12: PENDING -> EXCLUSIVE
DBimpl - UNLOCK REQUEST: 0x34db4680 1
[1773159762.947698874] UNLOCK pid=34587 fd=12: EXCLUSIVE -> SHARED
DBimpl - UNLOCK REQUEST: 0x34db4680 0
[1773159762.947703790] UNLOCK pid=34587 fd=12: SHARED -> NO_LOCK
DBimpl - LOCK REQUEST: 0x34db4680 1
[1773159762.958097510] LOCK pid=34587 fd=12: NO_LOCK -> SHARED (fallback)
[1773159762.958101179] LOCK pid=34587 fd=12: SHARED -> SHARED
DBimpl - LOCK REQUEST: 0x34db4680 2
[1773159762.958122858] LOCK pid=34587 fd=12: SHARED -> RESERVED
DBimpl - LOCK REQUEST: 0x34db4680 1
DBimpl - LOCK REQUEST: 0x34db4680 1
[1773159762.958295044] LOCK pid=34588 fd=14: NO_LOCK -> SHARED (fallback)
[1773159762.958297383] LOCK pid=34586 fd=10: NO_LOCK -> SHARED (fallback)
[1773159762.958298289] LOCK pid=34588 fd=14: SHARED -> SHARED
[1773159762.958299483] LOCK pid=34586 fd=10: SHARED -> SHARED
DBimpl - LOCK REQUEST: 0x34db4680 2
DBimpl - LOCK REQUEST: 0x34db4680 2
DBimpl - UNLOCK REQUEST: 0x34db4680 0
DBimpl - UNLOCK REQUEST: 0x34db4680 0
[1773159762.958318631] UNLOCK pid=34588 fd=14: SHARED -> NO_LOCK
[1773159762.958319423] UNLOCK pid=34586 fd=10: SHARED -> NO_LOCK
DBimpl - LOCK REQUEST: 0x34db4680 4
[1773159762.978207330] LOCK pid=34587 fd=12: RESERVED -> PENDING
[1773159762.978209409] LOCK pid=34587 fd=12: PENDING -> EXCLUSIVE
DBimpl - UNLOCK REQUEST: 0x34db4680 1
[1773159762.978213691] UNLOCK pid=34587 fd=12: EXCLUSIVE -> SHARED
DBimpl - UNLOCK REQUEST: 0x34db4680 0
[1773159762.978217964] UNLOCK pid=34587 fd=12: SHARED -> NO_LOCK
DBimpl - LOCK REQUEST: 0x34db4680 1
DBimpl - LOCK REQUEST: 0x34db4680 1
[1773159762.978393337] LOCK pid=34586 fd=10: NO_LOCK -> SHARED (fallback)
[1773159762.978406817] LOCK pid=34586 fd=10: SHARED -> SHARED
[1773159762.978407808] LOCK pid=34588 fd=14: NO_LOCK -> SHARED (fallback)
[1773159762.978420188] LOCK pid=34588 fd=14: SHARED -> SHARED
DBimpl - LOCK REQUEST: 0x34db4680 2
DBimpl - LOCK REQUEST: 0x34db4680 2
[1773159762.978429383] LOCK pid=34588 fd=14: SHARED -> RESERVED
DBimpl - UNLOCK REQUEST: 0x34db4680 0
[1773159762.978433395] UNLOCK pid=34586 fd=10: SHARED -> NO_LOCK
DBimpl - LOCK REQUEST: 0x34db4680 4
[1773159762.978655170] LOCK pid=34588 fd=14: RESERVED -> PENDING
[1773159762.978657031] LOCK pid=34588 fd=14: PENDING -> EXCLUSIVE
DBimpl - LOCK REQUEST: 0x34db4680 1
DBimpl - LOCK REQUEST: 0x34db4680 1
DBimpl - UNLOCK REQUEST: 0x34db4680 1
[1773159762.981846332] UNLOCK pid=34588 fd=14: EXCLUSIVE -> SHARED
DBimpl - UNLOCK REQUEST: 0x34db4680 0
[1773159762.981851802] UNLOCK pid=34588 fd=14: SHARED -> NO_LOCK
DBimpl - LOCK REQUEST: 0x34db4680 1
[1773159762.982987045] LOCK pid=34587 fd=12: NO_LOCK -> SHARED (fallback)
[1773159762.982989252] LOCK pid=34587 fd=12: SHARED -> SHARED
DBimpl - LOCK REQUEST: 0x34db4680 2
[1773159762.983005376] LOCK pid=34587 fd=12: SHARED -> RESERVED
DBimpl - LOCK REQUEST: 0x34db4680 4
[1773159762.987859381] LOCK pid=34587 fd=12: RESERVED -> PENDING
[1773159762.987862183] LOCK pid=34587 fd=12: PENDING -> EXCLUSIVE
DBimpl - UNLOCK REQUEST: 0x34db4680 1
[1773159762.990239952] UNLOCK pid=34587 fd=12: EXCLUSIVE -> SHARED
DBimpl - UNLOCK REQUEST: 0x34db4680 0
[1773159762.990247373] UNLOCK pid=34587 fd=12: SHARED -> NO_LOCK
DBimpl - LOCK REQUEST: 0x34db4680 1
[1773159762.993150720] LOCK pid=34588 fd=14: NO_LOCK -> SHARED (fallback)
[1773159762.993152863] LOCK pid=34588 fd=14: SHARED -> SHARED
DBimpl - LOCK REQUEST: 0x34db4680 2
[1773159762.993166288] LOCK pid=34588 fd=14: SHARED -> RESERVED
DBimpl - LOCK REQUEST: 0x34db4680 4
[1773159762.993291060] LOCK pid=34588 fd=14: RESERVED -> PENDING
[1773159762.993293098] LOCK pid=34588 fd=14: PENDING -> EXCLUSIVE
DBimpl - UNLOCK REQUEST: 0x34db4680 1
[1773159762.994976504] UNLOCK pid=34588 fd=14: EXCLUSIVE -> SHARED
DBimpl - UNLOCK REQUEST: 0x34db4680 0
[1773159762.994980723] UNLOCK pid=34588 fd=14: SHARED -> NO_LOCK
DBimpl - LOCK REQUEST: 0x34db4680 1
[1773159762.995085898] LOCK pid=34588 fd=14: NO_LOCK -> SHARED (fallback)
[1773159762.995087263] LOCK pid=34588 fd=14: SHARED -> SHARED
DBimpl - LOCK REQUEST: 0x34db4680 2
[1773159762.995095282] LOCK pid=34588 fd=14: SHARED -> RESERVED
DBimpl - LOCK REQUEST: 0x34db4680 4
[1773159762.995208815] LOCK pid=34588 fd=14: RESERVED -> PENDING
[1773159762.995211412] LOCK pid=34588 fd=14: PENDING -> EXCLUSIVE
DBimpl - LOCK REQUEST: 0x34db4680 1
DBimpl - LOCK REQUEST: 0x34db4680 1
DBimpl - UNLOCK REQUEST: 0x34db4680 1
[1773159762.998255684] UNLOCK pid=34588 fd=14: EXCLUSIVE -> SHARED
DBimpl - UNLOCK REQUEST: 0x34db4680 0
[1773159762.998260337] UNLOCK pid=34588 fd=14: SHARED -> NO_LOCK
DBimpl - LOCK REQUEST: 0x34db4680 1
[1773159762.999964318] LOCK pid=34587 fd=12: NO_LOCK -> SHARED (fallback)
[1773159762.999966816] LOCK pid=34587 fd=12: SHARED -> SHARED
DBimpl - LOCK REQUEST: 0x34db4680 2
[1773159762.999984952] LOCK pid=34587 fd=12: SHARED -> RESERVED
DBimpl - LOCK REQUEST: 0x34db4680 4
[1773159763.001506961] LOCK pid=34587 fd=12: RESERVED -> PENDING
[1773159763.001509911] LOCK pid=34587 fd=12: PENDING -> EXCLUSIVE
DBimpl - LOCK REQUEST: 0x34db4680 1
DBimpl - UNLOCK REQUEST: 0x34db4680 1
[1773159763.004708414] UNLOCK pid=34587 fd=12: EXCLUSIVE -> SHARED
DBimpl - UNLOCK REQUEST: 0x34db4680 0
[1773159763.004714910] UNLOCK pid=34587 fd=12: SHARED -> NO_LOCK
DBimpl - LOCK REQUEST: 0x34db4680 1
[1773159763.008797112] LOCK pid=34587 fd=12: NO_LOCK -> SHARED (fallback)
[1773159763.008799176] LOCK pid=34587 fd=12: SHARED -> SHARED
DBimpl - LOCK REQUEST: 0x34db4680 2
[1773159763.008811859] LOCK pid=34587 fd=12: SHARED -> RESERVED
DBimpl - LOCK REQUEST: 0x34db4680 1
[1773159763.014608423] LOCK pid=34588 fd=14: NO_LOCK -> SHARED (fallback)
[1773159763.014610324] LOCK pid=34588 fd=14: SHARED -> SHARED
DBimpl - LOCK REQUEST: 0x34db4680 2
DBimpl - UNLOCK REQUEST: 0x34db4680 0
[1773159763.014624302] UNLOCK pid=34588 fd=14: SHARED -> NO_LOCK
DBimpl - LOCK REQUEST: 0x34db4680 1
[1773159763.015713092] LOCK pid=34588 fd=14: NO_LOCK -> SHARED (fallback)
[1773159763.015714230] LOCK pid=34588 fd=14: SHARED -> SHARED
DBimpl - LOCK REQUEST: 0x34db4680 2
DBimpl - UNLOCK REQUEST: 0x34db4680 0
[1773159763.015722823] UNLOCK pid=34588 fd=14: SHARED -> NO_LOCK
DBimpl - LOCK REQUEST: 0x34db4680 4
[1773159763.017630316] LOCK pid=34587 fd=12: RESERVED -> PENDING
[1773159763.017633260] LOCK pid=34587 fd=12: PENDING -> EXCLUSIVE
DBimpl - LOCK REQUEST: 0x34db4680 1
DBimpl - UNLOCK REQUEST: 0x34db4680 1
[1773159763.019684263] UNLOCK pid=34587 fd=12: EXCLUSIVE -> SHARED
DBimpl - UNLOCK REQUEST: 0x34db4680 0
[1773159763.019691807] UNLOCK pid=34587 fd=12: SHARED -> NO_LOCK
DBimpl - LOCK REQUEST: 0x34db4680 1
[1773159763.022843745] LOCK pid=34588 fd=14: NO_LOCK -> SHARED (fallback)
[1773159763.022845180] LOCK pid=34588 fd=14: SHARED -> SHARED
DBimpl - LOCK REQUEST: 0x34db4680 2
[1773159763.022853390] LOCK pid=34588 fd=14: SHARED -> RESERVED
DBimpl - LOCK REQUEST: 0x34db4680 4
[1773159763.022967760] LOCK pid=34588 fd=14: RESERVED -> PENDING
[1773159763.022969488] LOCK pid=34588 fd=14: PENDING -> EXCLUSIVE
DBimpl - LOCK REQUEST: 0x34db4680 1
DBimpl - LOCK REQUEST: 0x34db4680 1
DBimpl - UNLOCK REQUEST: 0x34db4680 1
[1773159763.025353218] UNLOCK pid=34588 fd=14: EXCLUSIVE -> SHARED
DBimpl - UNLOCK REQUEST: 0x34db4680 0
[1773159763.025358403] UNLOCK pid=34588 fd=14: SHARED -> NO_LOCK
DBimpl - LOCK REQUEST: 0x34db4680 1
[1773159763.026501971] LOCK pid=34587 fd=12: NO_LOCK -> SHARED (fallback)
[1773159763.026504700] LOCK pid=34587 fd=12: SHARED -> SHARED
DBimpl - LOCK REQUEST: 0x34db4680 2
[1773159763.026522260] LOCK pid=34587 fd=12: SHARED -> RESERVED
DBimpl - LOCK REQUEST: 0x34db4680 4
[1773159763.027416368] LOCK pid=34587 fd=12: RESERVED -> PENDING
[1773159763.027419300] LOCK pid=34587 fd=12: PENDING -> EXCLUSIVE
DBimpl - LOCK REQUEST: 0x34db4680 1
DBimpl - UNLOCK REQUEST: 0x34db4680 1
[1773159763.029426448] UNLOCK pid=34587 fd=12: EXCLUSIVE -> SHARED
DBimpl - UNLOCK REQUEST: 0x34db4680 0
[1773159763.029433695] UNLOCK pid=34587 fd=12: SHARED -> NO_LOCK
DBimpl - LOCK REQUEST: 0x34db4680 1
[1773159763.031311436] LOCK pid=34587 fd=12: NO_LOCK -> SHARED (fallback)
[1773159763.031313579] LOCK pid=34587 fd=12: SHARED -> SHARED
DBimpl - LOCK REQUEST: 0x34db4680 2
[1773159763.031326190] LOCK pid=34587 fd=12: SHARED -> RESERVED
DBimpl - LOCK REQUEST: 0x34db4680 1
[1773159763.038807347] LOCK pid=34588 fd=14: NO_LOCK -> SHARED (fallback)
[1773159763.038809359] LOCK pid=34588 fd=14: SHARED -> SHARED
DBimpl - LOCK REQUEST: 0x34db4680 2
DBimpl - UNLOCK REQUEST: 0x34db4680 0
[1773159763.038825102] UNLOCK pid=34588 fd=14: SHARED -> NO_LOCK
DBimpl - LOCK REQUEST: 0x34db4680 1
[1773159763.039883380] LOCK pid=34588 fd=14: NO_LOCK -> SHARED (fallback)
[1773159763.039884562] LOCK pid=34588 fd=14: SHARED -> SHARED
DBimpl - LOCK REQUEST: 0x34db4680 2
DBimpl - UNLOCK REQUEST: 0x34db4680 0
[1773159763.039893009] UNLOCK pid=34588 fd=14: SHARED -> NO_LOCK
DBimpl - LOCK REQUEST: 0x34db4680 1
[1773159763.041951405] LOCK pid=34588 fd=14: NO_LOCK -> SHARED (fallback)
[1773159763.041952676] LOCK pid=34588 fd=14: SHARED -> SHARED
DBimpl - LOCK REQUEST: 0x34db4680 2
DBimpl - UNLOCK REQUEST: 0x34db4680 0
[1773159763.041961292] UNLOCK pid=34588 fd=14: SHARED -> NO_LOCK
DBimpl - LOCK REQUEST: 0x34db4680 1
[1773159763.047126611] LOCK pid=34588 fd=14: NO_LOCK -> SHARED (fallback)
[1773159763.047128927] LOCK pid=34588 fd=14: SHARED -> SHARED
DBimpl - LOCK REQUEST: 0x34db4680 2
DBimpl - UNLOCK REQUEST: 0x34db4680 0
[1773159763.047143805] UNLOCK pid=34588 fd=14: SHARED -> NO_LOCK
DBimpl - LOCK REQUEST: 0x34db4680 4
[1773159763.052231625] LOCK pid=34587 fd=12: RESERVED -> PENDING
[1773159763.052234532] LOCK pid=34587 fd=12: PENDING -> EXCLUSIVE
DBimpl - LOCK REQUEST: 0x34db4680 1
DBimpl - UNLOCK REQUEST: 0x34db4680 1
[1773159763.055470163] UNLOCK pid=34587 fd=12: EXCLUSIVE -> SHARED
DBimpl - UNLOCK REQUEST: 0x34db4680 0
[1773159763.055477500] UNLOCK pid=34587 fd=12: SHARED -> NO_LOCK
DBimpl - LOCK REQUEST: 0x34db4680 1
[1773159763.057251122] LOCK pid=34588 fd=14: NO_LOCK -> SHARED (fallback)
[1773159763.057253350] LOCK pid=34588 fd=14: SHARED -> SHARED
DBimpl - LOCK REQUEST: 0x34db4680 2
[1773159763.057265810] LOCK pid=34588 fd=14: SHARED -> RESERVED
DBimpl - LOCK REQUEST: 0x34db4680 4
[1773159763.057402297] LOCK pid=34588 fd=14: RESERVED -> PENDING
[1773159763.057404141] LOCK pid=34588 fd=14: PENDING -> EXCLUSIVE
DBimpl - UNLOCK REQUEST: 0x34db4680 1
[1773159763.059383556] UNLOCK pid=34588 fd=14: EXCLUSIVE -> SHARED
DBimpl - UNLOCK REQUEST: 0x34db4680 0
[1773159763.059387810] UNLOCK pid=34588 fd=14: SHARED -> NO_LOCK
DBimpl - LOCK REQUEST: 0x34db4680 1
[1773159763.070676456] LOCK pid=34587 fd=12: NO_LOCK -> SHARED (fallback)
[1773159763.070678919] LOCK pid=34587 fd=12: SHARED -> SHARED
DBimpl - LOCK REQUEST: 0x34db4680 2
[1773159763.070696208] LOCK pid=34587 fd=12: SHARED -> RESERVED
DBimpl - LOCK REQUEST: 0x34db4680 1
[1773159763.073539631] LOCK pid=34588 fd=14: NO_LOCK -> SHARED (fallback)
[1773159763.073541538] LOCK pid=34588 fd=14: SHARED -> SHARED
DBimpl - LOCK REQUEST: 0x34db4680 2
DBimpl - UNLOCK REQUEST: 0x34db4680 0
[1773159763.073554761] UNLOCK pid=34588 fd=14: SHARED -> NO_LOCK
DBimpl - LOCK REQUEST: 0x34db4680 1
[1773159763.074632732] LOCK pid=34588 fd=14: NO_LOCK -> SHARED (fallback)
[1773159763.074633777] LOCK pid=34588 fd=14: SHARED -> SHARED
DBimpl - LOCK REQUEST: 0x34db4680 2
DBimpl - UNLOCK REQUEST: 0x34db4680 0
[1773159763.074641298] UNLOCK pid=34588 fd=14: SHARED -> NO_LOCK
DBimpl - LOCK REQUEST: 0x34db4680 1
[1773159763.076732597] LOCK pid=34588 fd=14: NO_LOCK -> SHARED (fallback)
[1773159763.076736482] LOCK pid=34588 fd=14: SHARED -> SHARED
DBimpl - LOCK REQUEST: 0x34db4680 2
DBimpl - UNLOCK REQUEST: 0x34db4680 0
[1773159763.076752076] UNLOCK pid=34588 fd=14: SHARED -> NO_LOCK
DBimpl - LOCK REQUEST: 0x34db4680 1
[1773159763.081871257] LOCK pid=34588 fd=14: NO_LOCK -> SHARED (fallback)
[1773159763.081873650] LOCK pid=34588 fd=14: SHARED -> SHARED
DBimpl - LOCK REQUEST: 0x34db4680 2
DBimpl - UNLOCK REQUEST: 0x34db4680 0
[1773159763.081888838] UNLOCK pid=34588 fd=14: SHARED -> NO_LOCK
DBimpl - LOCK REQUEST: 0x34db4680 4
[1773159763.084007995] LOCK pid=34587 fd=12: RESERVED -> PENDING
[1773159763.084010861] LOCK pid=34587 fd=12: PENDING -> EXCLUSIVE
DBimpl - UNLOCK REQUEST: 0x34db4680 1
[1773159763.087200344] UNLOCK pid=34587 fd=12: EXCLUSIVE -> SHARED
DBimpl - UNLOCK REQUEST: 0x34db4680 0
[1773159763.087207692] UNLOCK pid=34587 fd=12: SHARED -> NO_LOCK
DBimpl - LOCK REQUEST: 0x34db4680 1
[1773159763.091954516] LOCK pid=34588 fd=14: NO_LOCK -> SHARED (fallback)
[1773159763.091956730] LOCK pid=34588 fd=14: SHARED -> SHARED
DBimpl - LOCK REQUEST: 0x34db4680 2
[1773159763.091969572] LOCK pid=34588 fd=14: SHARED -> RESERVED
DBimpl - LOCK REQUEST: 0x34db4680 4
[1773159763.092114622] LOCK pid=34588 fd=14: RESERVED -> PENDING
[1773159763.092116526] LOCK pid=34588 fd=14: PENDING -> EXCLUSIVE
DBimpl - UNLOCK REQUEST: 0x34db4680 1
[1773159763.094130233] UNLOCK pid=34588 fd=14: EXCLUSIVE -> SHARED
DBimpl - UNLOCK REQUEST: 0x34db4680 0
[1773159763.094135121] UNLOCK pid=34588 fd=14: SHARED -> NO_LOCK
DBimpl - LOCK REQUEST: 0x34db4680 1
[1773159763.101184785] LOCK pid=34587 fd=12: NO_LOCK -> SHARED (fallback)
[1773159763.101187355] LOCK pid=34587 fd=12: SHARED -> SHARED
DBimpl - LOCK REQUEST: 0x34db4680 2
[1773159763.101202743] LOCK pid=34587 fd=12: SHARED -> RESERVED
DBimpl - LOCK REQUEST: 0x34db4680 1
[1773159763.103764635] LOCK pid=34586 fd=10: NO_LOCK -> SHARED (fallback)
[1773159763.103766809] LOCK pid=34586 fd=10: SHARED -> SHARED
DBimpl - LOCK REQUEST: 0x34db4680 2
DBimpl - UNLOCK REQUEST: 0x34db4680 0
[1773159763.103784521] UNLOCK pid=34586 fd=10: SHARED -> NO_LOCK
DBimpl - LOCK REQUEST: 0x34db4680 1
[1773159763.111250209] LOCK pid=34588 fd=14: NO_LOCK -> SHARED (fallback)
[1773159763.111253136] LOCK pid=34588 fd=14: SHARED -> SHARED
DBimpl - LOCK REQUEST: 0x34db4680 2
DBimpl - UNLOCK REQUEST: 0x34db4680 0
[1773159763.111275506] UNLOCK pid=34588 fd=14: SHARED -> NO_LOCK
DBimpl - LOCK REQUEST: 0x34db4680 1
[1773159763.112340563] LOCK pid=34588 fd=14: NO_LOCK -> SHARED (fallback)
[1773159763.112345719] LOCK pid=34588 fd=14: SHARED -> SHARED
DBimpl - LOCK REQUEST: 0x34db4680 2
DBimpl - UNLOCK REQUEST: 0x34db4680 0
[1773159763.112357866] UNLOCK pid=34588 fd=14: SHARED -> NO_LOCK
DBimpl - LOCK REQUEST: 0x34db4680 1
[1773159763.114448043] LOCK pid=34588 fd=14: NO_LOCK -> SHARED (fallback)
[1773159763.114450032] LOCK pid=34588 fd=14: SHARED -> SHARED
DBimpl - LOCK REQUEST: 0x34db4680 2
DBimpl - UNLOCK REQUEST: 0x34db4680 0
[1773159763.114466875] UNLOCK pid=34588 fd=14: SHARED -> NO_LOCK
DBimpl - LOCK REQUEST: 0x34db4680 1
[1773159763.119564487] LOCK pid=34588 fd=14: NO_LOCK -> SHARED (fallback)
[1773159763.119566702] LOCK pid=34588 fd=14: SHARED -> SHARED
DBimpl - LOCK REQUEST: 0x34db4680 2
DBimpl - UNLOCK REQUEST: 0x34db4680 0
[1773159763.119581041] UNLOCK pid=34588 fd=14: SHARED -> NO_LOCK
DBimpl - LOCK REQUEST: 0x34db4680 4
[1773159763.120206951] LOCK pid=34587 fd=12: RESERVED -> PENDING
[1773159763.120209696] LOCK pid=34587 fd=12: PENDING -> EXCLUSIVE
DBimpl - UNLOCK REQUEST: 0x34db4680 1
[1773159763.122995094] UNLOCK pid=34587 fd=12: EXCLUSIVE -> SHARED
DBimpl - UNLOCK REQUEST: 0x34db4680 0
[1773159763.123002600] UNLOCK pid=34587 fd=12: SHARED -> NO_LOCK
DBimpl - LOCK REQUEST: 0x34db4680 1
[1773159763.129705985] LOCK pid=34588 fd=14: NO_LOCK -> SHARED (fallback)
[1773159763.129708118] LOCK pid=34588 fd=14: SHARED -> SHARED
DBimpl - LOCK REQUEST: 0x34db4680 2
[1773159763.129721464] LOCK pid=34588 fd=14: SHARED -> RESERVED
DBimpl - LOCK REQUEST: 0x34db4680 4
[1773159763.129909914] LOCK pid=34588 fd=14: RESERVED -> PENDING
[1773159763.129911755] LOCK pid=34588 fd=14: PENDING -> EXCLUSIVE
DBimpl - UNLOCK REQUEST: 0x34db4680 1
[1773159763.132168858] UNLOCK pid=34588 fd=14: EXCLUSIVE -> SHARED
DBimpl - UNLOCK REQUEST: 0x34db4680 0
[1773159763.132173183] UNLOCK pid=34588 fd=14: SHARED -> NO_LOCK
DBimpl - LOCK REQUEST: 0x34db4680 1
[1773159763.136711750] LOCK pid=34588 fd=14: NO_LOCK -> SHARED (fallback)
[1773159763.136713166] LOCK pid=34588 fd=14: SHARED -> SHARED
DBimpl - LOCK REQUEST: 0x34db4680 2
[1773159763.136722221] LOCK pid=34588 fd=14: SHARED -> RESERVED
DBimpl - LOCK REQUEST: 0x34db4680 4
[1773159763.136825987] LOCK pid=34588 fd=14: RESERVED -> PENDING
[1773159763.136827861] LOCK pid=34588 fd=14: PENDING -> EXCLUSIVE
DBimpl - UNLOCK REQUEST: 0x34db4680 1
[1773159763.138428840] UNLOCK pid=34588 fd=14: EXCLUSIVE -> SHARED
DBimpl - UNLOCK REQUEST: 0x34db4680 0
[1773159763.138432479] UNLOCK pid=34588 fd=14: SHARED -> NO_LOCK
DBimpl - LOCK REQUEST: 0x34db4680 1
[1773159763.145074334] LOCK pid=34588 fd=14: NO_LOCK -> SHARED (fallback)
[1773159763.145075880] LOCK pid=34588 fd=14: SHARED -> SHARED
DBimpl - LOCK REQUEST: 0x34db4680 2
[1773159763.145084878] LOCK pid=34588 fd=14: SHARED -> RESERVED
DBimpl - LOCK REQUEST: 0x34db4680 4
[1773159763.145181601] LOCK pid=34588 fd=14: RESERVED -> PENDING
[1773159763.145183318] LOCK pid=34588 fd=14: PENDING -> EXCLUSIVE
DBimpl - UNLOCK REQUEST: 0x34db4680 1
[1773159763.146836160] UNLOCK pid=34588 fd=14: EXCLUSIVE -> SHARED
DBimpl - UNLOCK REQUEST: 0x34db4680 0
[1773159763.146840395] UNLOCK pid=34588 fd=14: SHARED -> NO_LOCK
DBimpl - LOCK REQUEST: 0x34db4680 1
[1773159763.147245409] LOCK pid=34587 fd=12: NO_LOCK -> SHARED (fallback)
[1773159763.147248135] LOCK pid=34587 fd=12: SHARED -> SHARED
DBimpl - LOCK REQUEST: 0x34db4680 2
[1773159763.147265407] LOCK pid=34587 fd=12: SHARED -> RESERVED
DBimpl - LOCK REQUEST: 0x34db4680 1
[1773159763.153857182] LOCK pid=34586 fd=10: NO_LOCK -> SHARED (fallback)
[1773159763.153859480] LOCK pid=34586 fd=10: SHARED -> SHARED
DBimpl - LOCK REQUEST: 0x34db4680 2
DBimpl - UNLOCK REQUEST: 0x34db4680 0
[1773159763.153876750] UNLOCK pid=34586 fd=10: SHARED -> NO_LOCK
DBimpl - LOCK REQUEST: 0x34db4680 1
[1773159763.156373263] LOCK pid=34588 fd=14: NO_LOCK -> SHARED (fallback)
[1773159763.156374636] LOCK pid=34588 fd=14: SHARED -> SHARED
DBimpl - LOCK REQUEST: 0x34db4680 2
DBimpl - UNLOCK REQUEST: 0x34db4680 0
[1773159763.156385331] UNLOCK pid=34588 fd=14: SHARED -> NO_LOCK
DBimpl - LOCK REQUEST: 0x34db4680 1
[1773159763.157467193] LOCK pid=34588 fd=14: NO_LOCK -> SHARED (fallback)
[1773159763.157468313] LOCK pid=34588 fd=14: SHARED -> SHARED
DBimpl - LOCK REQUEST: 0x34db4680 2
DBimpl - UNLOCK REQUEST: 0x34db4680 0
[1773159763.157475805] UNLOCK pid=34588 fd=14: SHARED -> NO_LOCK
DBimpl - LOCK REQUEST: 0x34db4680 1
[1773159763.159570942] LOCK pid=34588 fd=14: NO_LOCK -> SHARED (fallback)
[1773159763.159572949] LOCK pid=34588 fd=14: SHARED -> SHARED
DBimpl - LOCK REQUEST: 0x34db4680 2
DBimpl - UNLOCK REQUEST: 0x34db4680 0
[1773159763.159586185] UNLOCK pid=34588 fd=14: SHARED -> NO_LOCK
DBimpl - LOCK REQUEST: 0x34db4680 4
[1773159763.163679128] LOCK pid=34587 fd=12: RESERVED -> PENDING
[1773159763.163681927] LOCK pid=34587 fd=12: PENDING -> EXCLUSIVE
DBimpl - LOCK REQUEST: 0x34db4680 1
DBimpl - UNLOCK REQUEST: 0x34db4680 1
[1773159763.165999151] UNLOCK pid=34587 fd=12: EXCLUSIVE -> SHARED
DBimpl - UNLOCK REQUEST: 0x34db4680 0
[1773159763.166006577] UNLOCK pid=34587 fd=12: SHARED -> NO_LOCK
DBimpl - LOCK REQUEST: 0x34db4680 1
[1773159763.172728123] LOCK pid=34587 fd=12: NO_LOCK -> SHARED (fallback)
[1773159763.172731683] LOCK pid=34587 fd=12: SHARED -> SHARED
DBimpl - LOCK REQUEST: 0x34db4680 2
[1773159763.172745832] LOCK pid=34587 fd=12: SHARED -> RESERVED
DBimpl - LOCK REQUEST: 0x34db4680 1
[1773159763.174750254] LOCK pid=34588 fd=14: NO_LOCK -> SHARED (fallback)
[1773159763.174752518] LOCK pid=34588 fd=14: SHARED -> SHARED
DBimpl - LOCK REQUEST: 0x34db4680 2
DBimpl - UNLOCK REQUEST: 0x34db4680 0
[1773159763.174766031] UNLOCK pid=34588 fd=14: SHARED -> NO_LOCK
DBimpl - LOCK REQUEST: 0x34db4680 4
[1773159763.189809410] LOCK pid=34587 fd=12: RESERVED -> PENDING
[1773159763.189812163] LOCK pid=34587 fd=12: PENDING -> EXCLUSIVE
DBimpl - UNLOCK REQUEST: 0x34db4680 1
[1773159763.189817940] UNLOCK pid=34587 fd=12: EXCLUSIVE -> SHARED
DBimpl - UNLOCK REQUEST: 0x34db4680 0
[1773159763.189823467] UNLOCK pid=34587 fd=12: SHARED -> NO_LOCK
DBimpl - LOCK REQUEST: 0x34db4680 1
[1773159763.189862373] LOCK pid=34588 fd=14: NO_LOCK -> SHARED (fallback)
[1773159763.189864619] LOCK pid=34588 fd=14: SHARED -> SHARED
DBimpl - LOCK REQUEST: 0x34db4680 2
[1773159763.189874540] LOCK pid=34588 fd=14: SHARED -> RESERVED
DBimpl - LOCK REQUEST: 0x34db4680 4
[1773159763.190009002] LOCK pid=34588 fd=14: RESERVED -> PENDING
[1773159763.190010668] LOCK pid=34588 fd=14: PENDING -> EXCLUSIVE
DBimpl - LOCK REQUEST: 0x34db4680 1
DBimpl - LOCK REQUEST: 0x34db4680 1
DBimpl - UNLOCK REQUEST: 0x34db4680 1
[1773159763.193296559] UNLOCK pid=34588 fd=14: EXCLUSIVE -> SHARED
DBimpl - UNLOCK REQUEST: 0x34db4680 0
[1773159763.193302977] UNLOCK pid=34588 fd=14: SHARED -> NO_LOCK
DBimpl - LOCK REQUEST: 0x34db4680 1
[1773159763.194534191] LOCK pid=34587 fd=12: NO_LOCK -> SHARED (fallback)
[1773159763.194537929] LOCK pid=34587 fd=12: SHARED -> SHARED
DBimpl - LOCK REQUEST: 0x34db4680 2
[1773159763.194555558] LOCK pid=34587 fd=12: SHARED -> RESERVED
DBimpl - LOCK REQUEST: 0x34db4680 4
[1773159763.195333265] LOCK pid=34587 fd=12: RESERVED -> PENDING
[1773159763.195336140] LOCK pid=34587 fd=12: PENDING -> EXCLUSIVE
DBimpl - UNLOCK REQUEST: 0x34db4680 1
[1773159763.197465835] UNLOCK pid=34587 fd=12: EXCLUSIVE -> SHARED
DBimpl - UNLOCK REQUEST: 0x34db4680 0
[1773159763.197472313] UNLOCK pid=34587 fd=12: SHARED -> NO_LOCK
DBimpl - LOCK REQUEST: 0x34db4680 1
[1773159763.222312149] LOCK pid=34587 fd=12: NO_LOCK -> SHARED (fallback)
[1773159763.222317578] LOCK pid=34587 fd=12: SHARED -> SHARED
DBimpl - LOCK REQUEST: 0x34db4680 2
[1773159763.222352406] LOCK pid=34587 fd=12: SHARED -> RESERVED
DBimpl - LOCK REQUEST: 0x34db4680 4
[1773159763.225132345] LOCK pid=34587 fd=12: RESERVED -> PENDING
[1773159763.225135180] LOCK pid=34587 fd=12: PENDING -> EXCLUSIVE
DBimpl - UNLOCK REQUEST: 0x34db4680 1
[1773159763.229201842] UNLOCK pid=34587 fd=12: EXCLUSIVE -> SHARED
DBimpl - UNLOCK REQUEST: 0x34db4680 0
[1773159763.229211700] UNLOCK pid=34587 fd=12: SHARED -> NO_LOCK
DBimpl - LOCK REQUEST: 0x34db4680 1
[1773159763.231812267] LOCK pid=34588 fd=14: NO_LOCK -> SHARED (fallback)
[1773159763.231817719] LOCK pid=34588 fd=14: SHARED -> SHARED
DBimpl - LOCK REQUEST: 0x34db4680 2
[1773159763.231830303] LOCK pid=34588 fd=14: SHARED -> RESERVED
DBimpl - LOCK REQUEST: 0x34db4680 4
[1773159763.231959523] LOCK pid=34588 fd=14: RESERVED -> PENDING
[1773159763.231961106] LOCK pid=34588 fd=14: PENDING -> EXCLUSIVE
DBimpl - UNLOCK REQUEST: 0x34db4680 1
[1773159763.234110560] UNLOCK pid=34588 fd=14: EXCLUSIVE -> SHARED
DBimpl - UNLOCK REQUEST: 0x34db4680 0
[1773159763.234115034] UNLOCK pid=34588 fd=14: SHARED -> NO_LOCK
DBimpl - LOCK REQUEST: 0x34db4680 1
[1773159763.237706338] LOCK pid=34588 fd=14: NO_LOCK -> SHARED (fallback)
[1773159763.237707759] LOCK pid=34588 fd=14: SHARED -> SHARED
DBimpl - LOCK REQUEST: 0x34db4680 2
[1773159763.237716158] LOCK pid=34588 fd=14: SHARED -> RESERVED
DBimpl - LOCK REQUEST: 0x34db4680 4
[1773159763.237818045] LOCK pid=34588 fd=14: RESERVED -> PENDING
[1773159763.237819810] LOCK pid=34588 fd=14: PENDING -> EXCLUSIVE
DBimpl - UNLOCK REQUEST: 0x34db4680 1
[1773159763.240674955] UNLOCK pid=34588 fd=14: EXCLUSIVE -> SHARED
DBimpl - UNLOCK REQUEST: 0x34db4680 0
[1773159763.240681492] UNLOCK pid=34588 fd=14: SHARED -> NO_LOCK
DBimpl - LOCK REQUEST: 0x34db4680 1
[1773159763.241834386] LOCK pid=34587 fd=12: NO_LOCK -> SHARED (fallback)
[1773159763.241837109] LOCK pid=34587 fd=12: SHARED -> SHARED
DBimpl - LOCK REQUEST: 0x34db4680 2
[1773159763.241854077] LOCK pid=34587 fd=12: SHARED -> RESERVED
DBimpl - LOCK REQUEST: 0x34db4680 1
[1773159763.253951746] LOCK pid=34586 fd=10: NO_LOCK -> SHARED (fallback)
[1773159763.253955562] LOCK pid=34586 fd=10: SHARED -> SHARED
DBimpl - LOCK REQUEST: 0x34db4680 2
DBimpl - UNLOCK REQUEST: 0x34db4680 0
[1773159763.253994546] UNLOCK pid=34586 fd=10: SHARED -> NO_LOCK
DBimpl - LOCK REQUEST: 0x34db4680 4
[1773159763.255976819] LOCK pid=34587 fd=12: RESERVED -> PENDING
[1773159763.255979677] LOCK pid=34587 fd=12: PENDING -> EXCLUSIVE
DBimpl - LOCK REQUEST: 0x34db4680 1
DBimpl - LOCK REQUEST: 0x34db4680 1
DBimpl - UNLOCK REQUEST: 0x34db4680 1
[1773159763.258615313] UNLOCK pid=34587 fd=12: EXCLUSIVE -> SHARED
DBimpl - UNLOCK REQUEST: 0x34db4680 0
[1773159763.258623911] UNLOCK pid=34587 fd=12: SHARED -> NO_LOCK
DBimpl - UNLOCK REQUEST: 0x34db4680 0
DBimpl - LOCK REQUEST: 0x34db4680 1
[1773159763.260582655] LOCK pid=34588 fd=14: NO_LOCK -> SHARED (fallback)
[1773159763.260584767] LOCK pid=34588 fd=14: SHARED -> SHARED
DBimpl - LOCK REQUEST: 0x34db4680 2
[1773159763.260597683] LOCK pid=34588 fd=14: SHARED -> RESERVED
DBimpl - LOCK REQUEST: 0x34db4680 4
[1773159763.260733027] LOCK pid=34588 fd=14: RESERVED -> PENDING
[1773159763.260734787] LOCK pid=34588 fd=14: PENDING -> EXCLUSIVE
DBimpl - UNLOCK REQUEST: 0x34db4680 1
[1773159763.262715723] UNLOCK pid=34588 fd=14: EXCLUSIVE -> SHARED
DBimpl - UNLOCK REQUEST: 0x34db4680 0
[1773159763.262719958] UNLOCK pid=34588 fd=14: SHARED -> NO_LOCK
DBimpl - LOCK REQUEST: 0x34db4680 1
[1773159763.268195850] LOCK pid=34588 fd=14: NO_LOCK -> SHARED (fallback)
[1773159763.268197300] LOCK pid=34588 fd=14: SHARED -> SHARED
DBimpl - LOCK REQUEST: 0x34db4680 2
[1773159763.268205858] LOCK pid=34588 fd=14: SHARED -> RESERVED
DBimpl - LOCK REQUEST: 0x34db4680 4
[1773159763.268330314] LOCK pid=34588 fd=14: RESERVED -> PENDING
[1773159763.268332037] LOCK pid=34588 fd=14: PENDING -> EXCLUSIVE
DBimpl - UNLOCK REQUEST: 0x34db4680 1
[1773159763.271774263] UNLOCK pid=34588 fd=14: EXCLUSIVE -> SHARED
DBimpl - UNLOCK REQUEST: 0x34db4680 0
[1773159763.271778204] UNLOCK pid=34588 fd=14: SHARED -> NO_LOCK
DBimpl - LOCK REQUEST: 0x34db4680 1
[1773159763.275486714] LOCK pid=34588 fd=14: NO_LOCK -> SHARED (fallback)
[1773159763.275487910] LOCK pid=34588 fd=14: SHARED -> SHARED
DBimpl - LOCK REQUEST: 0x34db4680 2
[1773159763.275495003] LOCK pid=34588 fd=14: SHARED -> RESERVED
DBimpl - LOCK REQUEST: 0x34db4680 4
[1773159763.275571861] LOCK pid=34588 fd=14: RESERVED -> PENDING
[1773159763.275573546] LOCK pid=34588 fd=14: PENDING -> EXCLUSIVE
DBimpl - UNLOCK REQUEST: 0x34db4680 1
[1773159763.279561670] UNLOCK pid=34588 fd=14: EXCLUSIVE -> SHARED
DBimpl - UNLOCK REQUEST: 0x34db4680 0
[1773159763.279577107] UNLOCK pid=34588 fd=14: SHARED -> NO_LOCK
DBimpl - LOCK REQUEST: 0x34db4680 1
[1773159763.285839728] LOCK pid=34588 fd=14: NO_LOCK -> SHARED (fallback)
[1773159763.285841633] LOCK pid=34588 fd=14: SHARED -> SHARED
DBimpl - LOCK REQUEST: 0x34db4680 2
[1773159763.285851705] LOCK pid=34588 fd=14: SHARED -> RESERVED
DBimpl - LOCK REQUEST: 0x34db4680 4
[1773159763.285950711] LOCK pid=34588 fd=14: RESERVED -> PENDING
[1773159763.285952549] LOCK pid=34588 fd=14: PENDING -> EXCLUSIVE
DBimpl - UNLOCK REQUEST: 0x34db4680 1
[1773159763.288032173] UNLOCK pid=34588 fd=14: EXCLUSIVE -> SHARED
DBimpl - UNLOCK REQUEST: 0x34db4680 0
[1773159763.288037177] UNLOCK pid=34588 fd=14: SHARED -> NO_LOCK
DBimpl - LOCK REQUEST: 0x34db4680 1
[1773159763.295611243] LOCK pid=34588 fd=14: NO_LOCK -> SHARED (fallback)
[1773159763.295614404] LOCK pid=34588 fd=14: SHARED -> SHARED
DBimpl - LOCK REQUEST: 0x34db4680 2
[1773159763.295637702] LOCK pid=34588 fd=14: SHARED -> RESERVED
DBimpl - LOCK REQUEST: 0x34db4680 4
[1773159763.295797219] LOCK pid=34588 fd=14: RESERVED -> PENDING
[1773159763.295799235] LOCK pid=34588 fd=14: PENDING -> EXCLUSIVE
DBimpl - UNLOCK REQUEST: 0x34db4680 1
[1773159763.298071382] UNLOCK pid=34588 fd=14: EXCLUSIVE -> SHARED
DBimpl - UNLOCK REQUEST: 0x34db4680 0
[1773159763.298077882] UNLOCK pid=34588 fd=14: SHARED -> NO_LOCK
DBimpl - LOCK REQUEST: 0x34db4680 1
[1773159763.320157573] LOCK pid=34588 fd=14: NO_LOCK -> SHARED (fallback)
[1773159763.320162658] LOCK pid=34588 fd=14: SHARED -> SHARED
DBimpl - LOCK REQUEST: 0x34db4680 2
[1773159763.320186886] LOCK pid=34588 fd=14: SHARED -> RESERVED
DBimpl - LOCK REQUEST: 0x34db4680 4
[1773159763.320437699] LOCK pid=34588 fd=14: RESERVED -> PENDING
[1773159763.320440670] LOCK pid=34588 fd=14: PENDING -> EXCLUSIVE
DBimpl - UNLOCK REQUEST: 0x34db4680 1
[1773159763.322419969] UNLOCK pid=34588 fd=14: EXCLUSIVE -> SHARED
DBimpl - UNLOCK REQUEST: 0x34db4680 0
[1773159763.322428116] UNLOCK pid=34588 fd=14: SHARED -> NO_LOCK
DBimpl - LOCK REQUEST: 0x34db4680 1
[1773159763.341287417] LOCK pid=34588 fd=14: NO_LOCK -> SHARED (fallback)
[1773159763.341290892] LOCK pid=34588 fd=14: SHARED -> SHARED
DBimpl - LOCK REQUEST: 0x34db4680 2
[1773159763.341314041] LOCK pid=34588 fd=14: SHARED -> RESERVED
DBimpl - LOCK REQUEST: 0x34db4680 4
[1773159763.341497488] LOCK pid=34588 fd=14: RESERVED -> PENDING
[1773159763.341499507] LOCK pid=34588 fd=14: PENDING -> EXCLUSIVE
DBimpl - UNLOCK REQUEST: 0x34db4680 1
[1773159763.343567829] UNLOCK pid=34588 fd=14: EXCLUSIVE -> SHARED
DBimpl - UNLOCK REQUEST: 0x34db4680 0
[1773159763.343573979] UNLOCK pid=34588 fd=14: SHARED -> NO_LOCK
DBimpl - LOCK REQUEST: 0x34db4680 1
[1773159763.354097762] LOCK pid=34586 fd=10: NO_LOCK -> SHARED (fallback)
[1773159763.354102625] LOCK pid=34586 fd=10: SHARED -> SHARED
DBimpl - LOCK REQUEST: 0x34db4680 2
[1773159763.354132857] LOCK pid=34586 fd=10: SHARED -> RESERVED
DBimpl - LOCK REQUEST: 0x34db4680 4
[1773159763.355173490] LOCK pid=34586 fd=10: RESERVED -> PENDING
[1773159763.355189075] LOCK pid=34586 fd=10: PENDING -> EXCLUSIVE
DBimpl - UNLOCK REQUEST: 0x34db4680 1
[1773159763.357263234] UNLOCK pid=34586 fd=10: EXCLUSIVE -> SHARED
DBimpl - UNLOCK REQUEST: 0x34db4680 0
[1773159763.357268430] UNLOCK pid=34586 fd=10: SHARED -> NO_LOCK
DBimpl - LOCK REQUEST: 0x34db4680 1
[1773159763.362684243] LOCK pid=34586 fd=10: NO_LOCK -> SHARED (fallback)
[1773159763.362686029] LOCK pid=34586 fd=10: SHARED -> SHARED
DBimpl - LOCK REQUEST: 0x34db4680 2
[1773159763.362704103] LOCK pid=34586 fd=10: SHARED -> RESERVED
DBimpl - LOCK REQUEST: 0x34db4680 1
[1773159763.363356551] LOCK pid=34588 fd=14: NO_LOCK -> SHARED (fallback)
[1773159763.363359324] LOCK pid=34588 fd=14: SHARED -> SHARED
DBimpl - LOCK REQUEST: 0x34db4680 2
DBimpl - UNLOCK REQUEST: 0x34db4680 0
[1773159763.363392539] UNLOCK pid=34588 fd=14: SHARED -> NO_LOCK
DBimpl - LOCK REQUEST: 0x34db4680 4
[1773159763.363753273] LOCK pid=34586 fd=10: RESERVED -> PENDING
[1773159763.363755601] LOCK pid=34586 fd=10: PENDING -> EXCLUSIVE
DBimpl - LOCK REQUEST: 0x34db4680 1
DBimpl - UNLOCK REQUEST: 0x34db4680 1
[1773159763.365647399] UNLOCK pid=34586 fd=10: EXCLUSIVE -> SHARED
DBimpl - UNLOCK REQUEST: 0x34db4680 0
[1773159763.365653270] UNLOCK pid=34586 fd=10: SHARED -> NO_LOCK
DBimpl - LOCK REQUEST: 0x34db4680 1
[1773159763.366538221] LOCK pid=34588 fd=14: NO_LOCK -> SHARED (fallback)
[1773159763.366541056] LOCK pid=34588 fd=14: SHARED -> SHARED
DBimpl - LOCK REQUEST: 0x34db4680 2
[1773159763.366562733] LOCK pid=34588 fd=14: SHARED -> RESERVED
DBimpl - LOCK REQUEST: 0x34db4680 4
[1773159763.366719986] LOCK pid=34588 fd=14: RESERVED -> PENDING
[1773159763.366721855] LOCK pid=34588 fd=14: PENDING -> EXCLUSIVE
DBimpl - UNLOCK REQUEST: 0x34db4680 1
[1773159763.368478581] UNLOCK pid=34588 fd=14: EXCLUSIVE -> SHARED
DBimpl - UNLOCK REQUEST: 0x34db4680 0
[1773159763.368483307] UNLOCK pid=34588 fd=14: SHARED -> NO_LOCK
DBimpl - LOCK REQUEST: 0x34db4680 1
[1773159763.370640868] LOCK pid=34586 fd=10: NO_LOCK -> SHARED (fallback)
[1773159763.370643562] LOCK pid=34586 fd=10: SHARED -> SHARED
DBimpl - LOCK REQUEST: 0x34db4680 2
[1773159763.370662219] LOCK pid=34586 fd=10: SHARED -> RESERVED
DBimpl - LOCK REQUEST: 0x34db4680 4
[1773159763.370840635] LOCK pid=34586 fd=10: RESERVED -> PENDING
[1773159763.370842614] LOCK pid=34586 fd=10: PENDING -> EXCLUSIVE
DBimpl - UNLOCK REQUEST: 0x34db4680 1
[1773159763.375136213] UNLOCK pid=34586 fd=10: EXCLUSIVE -> SHARED
DBimpl - UNLOCK REQUEST: 0x34db4680 0
[1773159763.375145427] UNLOCK pid=34586 fd=10: SHARED -> NO_LOCK
DBimpl - LOCK REQUEST: 0x34db4680 1
[1773159763.376145805] LOCK pid=34588 fd=14: NO_LOCK -> SHARED (fallback)
[1773159763.376148770] LOCK pid=34588 fd=14: SHARED -> SHARED
DBimpl - LOCK REQUEST: 0x34db4680 2
[1773159763.376169993] LOCK pid=34588 fd=14: SHARED -> RESERVED
DBimpl - LOCK REQUEST: 0x34db4680 4
[1773159763.376378194] LOCK pid=34588 fd=14: RESERVED -> PENDING
[1773159763.376380998] LOCK pid=34588 fd=14: PENDING -> EXCLUSIVE
DBimpl - UNLOCK REQUEST: 0x34db4680 1
[1773159763.378444293] UNLOCK pid=34588 fd=14: EXCLUSIVE -> SHARED
DBimpl - UNLOCK REQUEST: 0x34db4680 0
[1773159763.378454120] UNLOCK pid=34588 fd=14: SHARED -> NO_LOCK
DBimpl - LOCK REQUEST: 0x34db4680 1
[1773159763.387922152] LOCK pid=34588 fd=14: NO_LOCK -> SHARED (fallback)
[1773159763.387926410] LOCK pid=34588 fd=14: SHARED -> SHARED
DBimpl - LOCK REQUEST: 0x34db4680 2
[1773159763.387948475] LOCK pid=34588 fd=14: SHARED -> RESERVED
DBimpl - LOCK REQUEST: 0x34db4680 4
[1773159763.388135021] LOCK pid=34588 fd=14: RESERVED -> PENDING
[1773159763.388139243] LOCK pid=34588 fd=14: PENDING -> EXCLUSIVE
DBimpl - UNLOCK REQUEST: 0x34db4680 1
[1773159763.392044587] UNLOCK pid=34588 fd=14: EXCLUSIVE -> SHARED
DBimpl - UNLOCK REQUEST: 0x34db4680 0
[1773159763.392054155] UNLOCK pid=34588 fd=14: SHARED -> NO_LOCK
DBimpl - LOCK REQUEST: 0x34db4680 1
[1773159763.392361626] LOCK pid=34586 fd=10: NO_LOCK -> SHARED (fallback)
[1773159763.392364824] LOCK pid=34586 fd=10: SHARED -> SHARED
DBimpl - LOCK REQUEST: 0x34db4680 2
[1773159763.392388091] LOCK pid=34586 fd=10: SHARED -> RESERVED
DBimpl - LOCK REQUEST: 0x34db4680 4
[1773159763.392614987] LOCK pid=34586 fd=10: RESERVED -> PENDING
[1773159763.392617859] LOCK pid=34586 fd=10: PENDING -> EXCLUSIVE
DBimpl - UNLOCK REQUEST: 0x34db4680 1
[1773159763.395253192] UNLOCK pid=34586 fd=10: EXCLUSIVE -> SHARED
DBimpl - UNLOCK REQUEST: 0x34db4680 0
[1773159763.395259295] UNLOCK pid=34586 fd=10: SHARED -> NO_LOCK
DBimpl - LOCK REQUEST: 0x34db4680 1
[1773159763.395937376] LOCK pid=34588 fd=14: NO_LOCK -> SHARED (fallback)
[1773159763.395939931] LOCK pid=34588 fd=14: SHARED -> SHARED
DBimpl - LOCK REQUEST: 0x34db4680 2
[1773159763.395958435] LOCK pid=34588 fd=14: SHARED -> RESERVED
DBimpl - LOCK REQUEST: 0x34db4680 4
[1773159763.396103809] LOCK pid=34588 fd=14: RESERVED -> PENDING
[1773159763.396106768] LOCK pid=34588 fd=14: PENDING -> EXCLUSIVE
DBimpl - LOCK REQUEST: 0x34db4680 1
DBimpl - LOCK REQUEST: 0x34db4680 1
DBimpl - UNLOCK REQUEST: 0x34db4680 1
[1773159763.399917150] UNLOCK pid=34588 fd=14: EXCLUSIVE -> SHARED
DBimpl - UNLOCK REQUEST: 0x34db4680 0
[1773159763.399927717] UNLOCK pid=34588 fd=14: SHARED -> NO_LOCK
DBimpl - LOCK REQUEST: 0x34db4680 1
[1773159763.400830905] LOCK pid=34586 fd=10: NO_LOCK -> SHARED (fallback)
[1773159763.400834508] LOCK pid=34586 fd=10: SHARED -> SHARED
DBimpl - LOCK REQUEST: 0x34db4680 2
[1773159763.400854936] LOCK pid=34586 fd=10: SHARED -> RESERVED
DBimpl - LOCK REQUEST: 0x34db4680 4
[1773159763.402366089] LOCK pid=34586 fd=10: RESERVED -> PENDING
[1773159763.402368617] LOCK pid=34586 fd=10: PENDING -> EXCLUSIVE
DBimpl - UNLOCK REQUEST: 0x34db4680 1
[1773159763.404100912] UNLOCK pid=34586 fd=10: EXCLUSIVE -> SHARED
DBimpl - UNLOCK REQUEST: 0x34db4680 0
[1773159763.404106421] UNLOCK pid=34586 fd=10: SHARED -> NO_LOCK
DBimpl - LOCK REQUEST: 0x34db4680 1
[1773159763.406566024] LOCK pid=34588 fd=14: NO_LOCK -> SHARED (fallback)
[1773159763.406568317] LOCK pid=34588 fd=14: SHARED -> SHARED
DBimpl - LOCK REQUEST: 0x34db4680 2
[1773159763.406603300] LOCK pid=34588 fd=14: SHARED -> RESERVED
DBimpl - LOCK REQUEST: 0x34db4680 4
[1773159763.406745503] LOCK pid=34588 fd=14: RESERVED -> PENDING
[1773159763.406747846] LOCK pid=34588 fd=14: PENDING -> EXCLUSIVE
DBimpl - UNLOCK REQUEST: 0x34db4680 1
[1773159763.408761738] UNLOCK pid=34588 fd=14: EXCLUSIVE -> SHARED
DBimpl - UNLOCK REQUEST: 0x34db4680 0
[1773159763.408767816] UNLOCK pid=34588 fd=14: SHARED -> NO_LOCK
DBimpl - LOCK REQUEST: 0x34db4680 1
[1773159763.410886790] LOCK pid=34588 fd=14: NO_LOCK -> SHARED (fallback)
[1773159763.410888434] LOCK pid=34588 fd=14: SHARED -> SHARED
DBimpl - LOCK REQUEST: 0x34db4680 2
[1773159763.410899830] LOCK pid=34588 fd=14: SHARED -> RESERVED
DBimpl - LOCK REQUEST: 0x34db4680 4
[1773159763.411008045] LOCK pid=34588 fd=14: RESERVED -> PENDING
[1773159763.411010013] LOCK pid=34588 fd=14: PENDING -> EXCLUSIVE
DBimpl - UNLOCK REQUEST: 0x34db4680 1
[1773159763.415293240] UNLOCK pid=34588 fd=14: EXCLUSIVE -> SHARED
DBimpl - UNLOCK REQUEST: 0x34db4680 0
[1773159763.415302458] UNLOCK pid=34588 fd=14: SHARED -> NO_LOCK
DBimpl - LOCK REQUEST: 0x34db4680 1
[1773159763.416627104] LOCK pid=34588 fd=14: NO_LOCK -> SHARED (fallback)
[1773159763.416633821] LOCK pid=34588 fd=14: SHARED -> SHARED
DBimpl - LOCK REQUEST: 0x34db4680 2
[1773159763.416650030] LOCK pid=34588 fd=14: SHARED -> RESERVED
DBimpl - LOCK REQUEST: 0x34db4680 4
[1773159763.416826523] LOCK pid=34588 fd=14: RESERVED -> PENDING
[1773159763.416829370] LOCK pid=34588 fd=14: PENDING -> EXCLUSIVE
DBimpl - UNLOCK REQUEST: 0x34db4680 1
[1773159763.422262417] UNLOCK pid=34588 fd=14: EXCLUSIVE -> SHARED
DBimpl - UNLOCK REQUEST: 0x34db4680 0
[1773159763.422269939] UNLOCK pid=34588 fd=14: SHARED -> NO_LOCK
DBimpl - LOCK REQUEST: 0x34db4680 1
[1773159763.428368464] LOCK pid=34586 fd=10: NO_LOCK -> SHARED (fallback)
[1773159763.428373189] LOCK pid=34586 fd=10: SHARED -> SHARED
DBimpl - LOCK REQUEST: 0x34db4680 2
[1773159763.428392962] LOCK pid=34586 fd=10: SHARED -> RESERVED
DBimpl - LOCK REQUEST: 0x34db4680 1
[1773159763.429306551] LOCK pid=34588 fd=14: NO_LOCK -> SHARED (fallback)
[1773159763.429309264] LOCK pid=34588 fd=14: SHARED -> SHARED
DBimpl - LOCK REQUEST: 0x34db4680 2
DBimpl - UNLOCK REQUEST: 0x34db4680 0
[1773159763.429328459] UNLOCK pid=34588 fd=14: SHARED -> NO_LOCK
DBimpl - LOCK REQUEST: 0x34db4680 1
[1773159763.430396803] LOCK pid=34588 fd=14: NO_LOCK -> SHARED (fallback)
[1773159763.430398867] LOCK pid=34588 fd=14: SHARED -> SHARED
DBimpl - LOCK REQUEST: 0x34db4680 2
DBimpl - UNLOCK REQUEST: 0x34db4680 0
[1773159763.430415451] UNLOCK pid=34588 fd=14: SHARED -> NO_LOCK
DBimpl - LOCK REQUEST: 0x34db4680 1
[1773159763.432478972] LOCK pid=34588 fd=14: NO_LOCK -> SHARED (fallback)
[1773159763.432480695] LOCK pid=34588 fd=14: SHARED -> SHARED
DBimpl - LOCK REQUEST: 0x34db4680 2
DBimpl - UNLOCK REQUEST: 0x34db4680 0
[1773159763.432495603] UNLOCK pid=34588 fd=14: SHARED -> NO_LOCK
DBimpl - LOCK REQUEST: 0x34db4680 4
[1773159763.433269590] LOCK pid=34586 fd=10: RESERVED -> PENDING
[1773159763.433335393] LOCK pid=34586 fd=10: PENDING -> EXCLUSIVE
DBimpl - UNLOCK REQUEST: 0x34db4680 1
[1773159763.435696312] UNLOCK pid=34586 fd=10: EXCLUSIVE -> SHARED
DBimpl - UNLOCK REQUEST: 0x34db4680 0
[1773159763.435702561] UNLOCK pid=34586 fd=10: SHARED -> NO_LOCK
DBimpl - LOCK REQUEST: 0x34db4680 1
[1773159763.437578568] LOCK pid=34588 fd=14: NO_LOCK -> SHARED (fallback)
[1773159763.437581201] LOCK pid=34588 fd=14: SHARED -> SHARED
DBimpl - LOCK REQUEST: 0x34db4680 2
[1773159763.437601828] LOCK pid=34588 fd=14: SHARED -> RESERVED
DBimpl - LOCK REQUEST: 0x34db4680 4
[1773159763.437772181] LOCK pid=34588 fd=14: RESERVED -> PENDING
[1773159763.437774153] LOCK pid=34588 fd=14: PENDING -> EXCLUSIVE
DBimpl - UNLOCK REQUEST: 0x34db4680 1
[1773159763.439741926] UNLOCK pid=34588 fd=14: EXCLUSIVE -> SHARED
DBimpl - UNLOCK REQUEST: 0x34db4680 0
[1773159763.439747952] UNLOCK pid=34588 fd=14: SHARED -> NO_LOCK
DBimpl - LOCK REQUEST: 0x34db4680 1
[1773159763.442539177] LOCK pid=34588 fd=14: NO_LOCK -> SHARED (fallback)
[1773159763.442540866] LOCK pid=34588 fd=14: SHARED -> SHARED
DBimpl - LOCK REQUEST: 0x34db4680 2
[1773159763.442554913] LOCK pid=34588 fd=14: SHARED -> RESERVED
DBimpl - LOCK REQUEST: 0x34db4680 4
[1773159763.442673104] LOCK pid=34588 fd=14: RESERVED -> PENDING
[1773159763.442674949] LOCK pid=34588 fd=14: PENDING -> EXCLUSIVE
DBimpl - LOCK REQUEST: 0x34db4680 1
DBimpl - UNLOCK REQUEST: 0x34db4680 1
[1773159763.445254958] UNLOCK pid=34588 fd=14: EXCLUSIVE -> SHARED
DBimpl - UNLOCK REQUEST: 0x34db4680 0
[1773159763.445260192] UNLOCK pid=34588 fd=14: SHARED -> NO_LOCK
DBimpl - LOCK REQUEST: 0x34db4680 1
[1773159763.445939047] LOCK pid=34586 fd=10: NO_LOCK -> SHARED (fallback)
[1773159763.445957224] LOCK pid=34586 fd=10: SHARED -> SHARED
DBimpl - LOCK REQUEST: 0x34db4680 2
[1773159763.445972320] LOCK pid=34586 fd=10: SHARED -> RESERVED
DBimpl - LOCK REQUEST: 0x34db4680 4
[1773159763.447085174] LOCK pid=34586 fd=10: RESERVED -> PENDING
[1773159763.447087268] LOCK pid=34586 fd=10: PENDING -> EXCLUSIVE
DBimpl - UNLOCK REQUEST: 0x34db4680 1
[1773159763.450010723] UNLOCK pid=34586 fd=10: EXCLUSIVE -> SHARED
DBimpl - UNLOCK REQUEST: 0x34db4680 0
[1773159763.450014947] UNLOCK pid=34586 fd=10: SHARED -> NO_LOCK
DBimpl - LOCK REQUEST: 0x34db4680 1
[1773159763.457092154] LOCK pid=34588 fd=14: NO_LOCK -> SHARED (fallback)
[1773159763.457094195] LOCK pid=34588 fd=14: SHARED -> SHARED
DBimpl - LOCK REQUEST: 0x34db4680 2
[1773159763.457124578] LOCK pid=34588 fd=14: SHARED -> RESERVED
DBimpl - LOCK REQUEST: 0x34db4680 4
[1773159763.457229182] LOCK pid=34588 fd=14: RESERVED -> PENDING
[1773159763.457230980] LOCK pid=34588 fd=14: PENDING -> EXCLUSIVE
DBimpl - UNLOCK REQUEST: 0x34db4680 1
[1773159763.459056445] UNLOCK pid=34588 fd=14: EXCLUSIVE -> SHARED
DBimpl - UNLOCK REQUEST: 0x34db4680 0
[1773159763.459060423] UNLOCK pid=34588 fd=14: SHARED -> NO_LOCK
DBimpl - LOCK REQUEST: 0x34db4680 1
[1773159763.459870538] LOCK pid=34586 fd=10: NO_LOCK -> SHARED (fallback)
[1773159763.459872102] LOCK pid=34586 fd=10: SHARED -> SHARED
DBimpl - LOCK REQUEST: 0x34db4680 2
[1773159763.459883184] LOCK pid=34586 fd=10: SHARED -> RESERVED
DBimpl - LOCK REQUEST: 0x34db4680 4
[1773159763.460953895] LOCK pid=34586 fd=10: RESERVED -> PENDING
[1773159763.460955889] LOCK pid=34586 fd=10: PENDING -> EXCLUSIVE
DBimpl - UNLOCK REQUEST: 0x34db4680 1
[1773159763.462802467] UNLOCK pid=34586 fd=10: EXCLUSIVE -> SHARED
DBimpl - UNLOCK REQUEST: 0x34db4680 0
[1773159763.462807975] UNLOCK pid=34586 fd=10: SHARED -> NO_LOCK
DBimpl - LOCK REQUEST: 0x34db4680 1
[1773159763.464599190] LOCK pid=34586 fd=10: NO_LOCK -> SHARED (fallback)
[1773159763.464600724] LOCK pid=34586 fd=10: SHARED -> SHARED
DBimpl - LOCK REQUEST: 0x34db4680 2
[1773159763.464610674] LOCK pid=34586 fd=10: SHARED -> RESERVED
DBimpl - LOCK REQUEST: 0x34db4680 4
[1773159763.464746023] LOCK pid=34586 fd=10: RESERVED -> PENDING
[1773159763.464748001] LOCK pid=34586 fd=10: PENDING -> EXCLUSIVE
DBimpl - UNLOCK REQUEST: 0x34db4680 1
[1773159763.466419795] UNLOCK pid=34586 fd=10: EXCLUSIVE -> SHARED
DBimpl - UNLOCK REQUEST: 0x34db4680 0
[1773159763.466423571] UNLOCK pid=34586 fd=10: SHARED -> NO_LOCK
DBimpl - LOCK REQUEST: 0x34db4680 1
[1773159763.470200735] LOCK pid=34586 fd=10: NO_LOCK -> SHARED (fallback)
[1773159763.470202448] LOCK pid=34586 fd=10: SHARED -> SHARED
DBimpl - LOCK REQUEST: 0x34db4680 2
[1773159763.470211731] LOCK pid=34586 fd=10: SHARED -> RESERVED
DBimpl - LOCK REQUEST: 0x34db4680 4
[1773159763.471224680] LOCK pid=34586 fd=10: RESERVED -> PENDING
[1773159763.471226652] LOCK pid=34586 fd=10: PENDING -> EXCLUSIVE
DBimpl - UNLOCK REQUEST: 0x34db4680 1
[1773159763.472988730] UNLOCK pid=34586 fd=10: EXCLUSIVE -> SHARED
DBimpl - UNLOCK REQUEST: 0x34db4680 0
[1773159763.472993200] UNLOCK pid=34586 fd=10: SHARED -> NO_LOCK
DBimpl - LOCK REQUEST: 0x34db4680 1
[1773159763.474291691] LOCK pid=34588 fd=14: NO_LOCK -> SHARED (fallback)
[1773159763.474294125] LOCK pid=34588 fd=14: SHARED -> SHARED
DBimpl - LOCK REQUEST: 0x34db4680 2
[1773159763.474308133] LOCK pid=34588 fd=14: SHARED -> RESERVED
DBimpl - LOCK REQUEST: 0x34db4680 4
[1773159763.474411173] LOCK pid=34588 fd=14: RESERVED -> PENDING
[1773159763.474412904] LOCK pid=34588 fd=14: PENDING -> EXCLUSIVE
DBimpl - LOCK REQUEST: 0x34db4680 1
DBimpl - LOCK REQUEST: 0x34db4680 1
DBimpl - UNLOCK REQUEST: 0x34db4680 1
[1773159763.476606927] UNLOCK pid=34588 fd=14: EXCLUSIVE -> SHARED
DBimpl - UNLOCK REQUEST: 0x34db4680 0
[1773159763.476612519] UNLOCK pid=34588 fd=14: SHARED -> NO_LOCK
DBimpl - LOCK REQUEST: 0x34db4680 1
[1773159763.478074319] LOCK pid=34586 fd=10: NO_LOCK -> SHARED (fallback)
[1773159763.478076149] LOCK pid=34586 fd=10: SHARED -> SHARED
DBimpl - LOCK REQUEST: 0x34db4680 2
[1773159763.478089681] LOCK pid=34586 fd=10: SHARED -> RESERVED
DBimpl - LOCK REQUEST: 0x34db4680 1
[1773159763.478097340] LOCK pid=34588 fd=14: NO_LOCK -> SHARED (fallback)
[1773159763.478098953] LOCK pid=34588 fd=14: SHARED -> SHARED
DBimpl - LOCK REQUEST: 0x34db4680 2
DBimpl - UNLOCK REQUEST: 0x34db4680 0
[1773159763.478110602] UNLOCK pid=34588 fd=14: SHARED -> NO_LOCK
DBimpl - LOCK REQUEST: 0x34db4680 4
[1773159763.478184453] LOCK pid=34586 fd=10: RESERVED -> PENDING
[1773159763.478186266] LOCK pid=34586 fd=10: PENDING -> EXCLUSIVE
DBimpl - LOCK REQUEST: 0x34db4680 1
DBimpl - UNLOCK REQUEST: 0x34db4680 1
[1773159763.479818606] UNLOCK pid=34586 fd=10: EXCLUSIVE -> SHARED
DBimpl - UNLOCK REQUEST: 0x34db4680 0
[1773159763.479822583] UNLOCK pid=34586 fd=10: SHARED -> NO_LOCK
DBimpl - LOCK REQUEST: 0x34db4680 1
[1773159763.481261604] LOCK pid=34588 fd=14: NO_LOCK -> SHARED (fallback)
[1773159763.481262991] LOCK pid=34588 fd=14: SHARED -> SHARED
DBimpl - LOCK REQUEST: 0x34db4680 2
[1773159763.481274482] LOCK pid=34588 fd=14: SHARED -> RESERVED
DBimpl - LOCK REQUEST: 0x34db4680 4
[1773159763.481386937] LOCK pid=34588 fd=14: RESERVED -> PENDING
[1773159763.481388757] LOCK pid=34588 fd=14: PENDING -> EXCLUSIVE
DBimpl - UNLOCK REQUEST: 0x34db4680 1
[1773159763.483130210] UNLOCK pid=34588 fd=14: EXCLUSIVE -> SHARED
DBimpl - UNLOCK REQUEST: 0x34db4680 0
[1773159763.483133915] UNLOCK pid=34588 fd=14: SHARED -> NO_LOCK
DBimpl - LOCK REQUEST: 0x34db4680 1
[1773159763.495095124] LOCK pid=34588 fd=14: NO_LOCK -> SHARED (fallback)
[1773159763.495097503] LOCK pid=34588 fd=14: SHARED -> SHARED
DBimpl - LOCK REQUEST: 0x34db4680 2
[1773159763.495111358] LOCK pid=34588 fd=14: SHARED -> RESERVED
DBimpl - LOCK REQUEST: 0x34db4680 4
[1773159763.495224402] LOCK pid=34588 fd=14: RESERVED -> PENDING
[1773159763.495226317] LOCK pid=34588 fd=14: PENDING -> EXCLUSIVE
DBimpl - UNLOCK REQUEST: 0x34db4680 1
[1773159763.496979088] UNLOCK pid=34588 fd=14: EXCLUSIVE -> SHARED
DBimpl - UNLOCK REQUEST: 0x34db4680 0
[1773159763.496983227] UNLOCK pid=34588 fd=14: SHARED -> NO_LOCK
DBimpl - LOCK REQUEST: 0x34db4680 1
[1773159763.502556306] LOCK pid=34588 fd=14: NO_LOCK -> SHARED (fallback)
[1773159763.502560296] LOCK pid=34588 fd=14: SHARED -> SHARED
DBimpl - LOCK REQUEST: 0x34db4680 2
[1773159763.502579708] LOCK pid=34588 fd=14: SHARED -> RESERVED
DBimpl - LOCK REQUEST: 0x34db4680 4
[1773159763.502744913] LOCK pid=34588 fd=14: RESERVED -> PENDING
[1773159763.502747534] LOCK pid=34588 fd=14: PENDING -> EXCLUSIVE
DBimpl - UNLOCK REQUEST: 0x34db4680 1
[1773159763.504551547] UNLOCK pid=34588 fd=14: EXCLUSIVE -> SHARED
DBimpl - UNLOCK REQUEST: 0x34db4680 0
[1773159763.504561060] UNLOCK pid=34588 fd=14: SHARED -> NO_LOCK
DBimpl - LOCK REQUEST: 0x34db4680 1
[1773159763.517157527] LOCK pid=34588 fd=14: NO_LOCK -> SHARED (fallback)
[1773159763.517162605] LOCK pid=34588 fd=14: SHARED -> SHARED
DBimpl - LOCK REQUEST: 0x34db4680 2
[1773159763.517193689] LOCK pid=34588 fd=14: SHARED -> RESERVED
DBimpl - LOCK REQUEST: 0x34db4680 4
[1773159763.517531443] LOCK pid=34588 fd=14: RESERVED -> PENDING
[1773159763.517534598] LOCK pid=34588 fd=14: PENDING -> EXCLUSIVE
DBimpl - UNLOCK REQUEST: 0x34db4680 1
[1773159763.519512143] UNLOCK pid=34588 fd=14: EXCLUSIVE -> SHARED
DBimpl - UNLOCK REQUEST: 0x34db4680 0
[1773159763.519519677] UNLOCK pid=34588 fd=14: SHARED -> NO_LOCK
DBimpl - LOCK REQUEST: 0x34db4680 1
[1773159763.520147207] LOCK pid=34588 fd=14: NO_LOCK -> SHARED (fallback)
[1773159763.520150462] LOCK pid=34588 fd=14: SHARED -> SHARED
DBimpl - LOCK REQUEST: 0x34db4680 2
[1773159763.520165196] LOCK pid=34588 fd=14: SHARED -> RESERVED
DBimpl - LOCK REQUEST: 0x34db4680 4
[1773159763.520344509] LOCK pid=34588 fd=14: RESERVED -> PENDING
[1773159763.520347540] LOCK pid=34588 fd=14: PENDING -> EXCLUSIVE
DBimpl - UNLOCK REQUEST: 0x34db4680 1
[1773159763.522088409] UNLOCK pid=34588 fd=14: EXCLUSIVE -> SHARED
DBimpl - UNLOCK REQUEST: 0x34db4680 0
[1773159763.522095700] UNLOCK pid=34588 fd=14: SHARED -> NO_LOCK
DBimpl - LOCK REQUEST: 0x34db4680 1
[1773159763.523498465] LOCK pid=34586 fd=10: NO_LOCK -> SHARED (fallback)
[1773159763.523500791] LOCK pid=34586 fd=10: SHARED -> SHARED
DBimpl - LOCK REQUEST: 0x34db4680 2
[1773159763.523513581] LOCK pid=34586 fd=10: SHARED -> RESERVED
DBimpl - LOCK REQUEST: 0x34db4680 4
[1773159763.524531997] LOCK pid=34586 fd=10: RESERVED -> PENDING
[1773159763.524534089] LOCK pid=34586 fd=10: PENDING -> EXCLUSIVE
DBimpl - UNLOCK REQUEST: 0x34db4680 1
[1773159763.526292340] UNLOCK pid=34586 fd=10: EXCLUSIVE -> SHARED
DBimpl - UNLOCK REQUEST: 0x34db4680 0
[1773159763.526296772] UNLOCK pid=34586 fd=10: SHARED -> NO_LOCK
DBimpl - LOCK REQUEST: 0x34db4680 1
[1773159763.526395025] LOCK pid=34586 fd=10: NO_LOCK -> SHARED (fallback)
[1773159763.526397994] LOCK pid=34586 fd=10: SHARED -> SHARED
DBimpl - LOCK REQUEST: 0x34db4680 2
[1773159763.526413690] LOCK pid=34586 fd=10: SHARED -> RESERVED
DBimpl - LOCK REQUEST: 0x34db4680 4
[1773159763.526591255] LOCK pid=34586 fd=10: RESERVED -> PENDING
[1773159763.526594075] LOCK pid=34586 fd=10: PENDING -> EXCLUSIVE
DBimpl - UNLOCK REQUEST: 0x34db4680 1
[1773159763.528331933] UNLOCK pid=34586 fd=10: EXCLUSIVE -> SHARED
DBimpl - UNLOCK REQUEST: 0x34db4680 0
[1773159763.528338411] UNLOCK pid=34586 fd=10: SHARED -> NO_LOCK
DBimpl - LOCK REQUEST: 0x34db4680 1
[1773159763.530573126] LOCK pid=34586 fd=10: NO_LOCK -> SHARED (fallback)
[1773159763.530575312] LOCK pid=34586 fd=10: SHARED -> SHARED
DBimpl - LOCK REQUEST: 0x34db4680 2
[1773159763.530588022] LOCK pid=34586 fd=10: SHARED -> RESERVED
DBimpl - LOCK REQUEST: 0x34db4680 4
[1773159763.530735304] LOCK pid=34586 fd=10: RESERVED -> PENDING
[1773159763.530738078] LOCK pid=34586 fd=10: PENDING -> EXCLUSIVE
DBimpl - UNLOCK REQUEST: 0x34db4680 1
[1773159763.532389237] UNLOCK pid=34586 fd=10: EXCLUSIVE -> SHARED
DBimpl - UNLOCK REQUEST: 0x34db4680 0
[1773159763.532394970] UNLOCK pid=34586 fd=10: SHARED -> NO_LOCK
DBimpl - LOCK REQUEST: 0x34db4680 1
[1773159763.535401299] LOCK pid=34586 fd=10: NO_LOCK -> SHARED (fallback)
[1773159763.535403203] LOCK pid=34586 fd=10: SHARED -> SHARED
DBimpl - LOCK REQUEST: 0x34db4680 2
[1773159763.535415394] LOCK pid=34586 fd=10: SHARED -> RESERVED
DBimpl - LOCK REQUEST: 0x34db4680 4
[1773159763.535576475] LOCK pid=34586 fd=10: RESERVED -> PENDING
[1773159763.535579229] LOCK pid=34586 fd=10: PENDING -> EXCLUSIVE
DBimpl - LOCK REQUEST: 0x34db4680 1
DBimpl - UNLOCK REQUEST: 0x34db4680 1
[1773159763.537299076] UNLOCK pid=34586 fd=10: EXCLUSIVE -> SHARED
DBimpl - UNLOCK REQUEST: 0x34db4680 0
[1773159763.537305190] UNLOCK pid=34586 fd=10: SHARED -> NO_LOCK
DBimpl - LOCK REQUEST: 0x34db4680 1
[1773159763.538230706] LOCK pid=34588 fd=14: NO_LOCK -> SHARED (fallback)
[1773159763.538233845] LOCK pid=34588 fd=14: SHARED -> SHARED
DBimpl - LOCK REQUEST: 0x34db4680 2
[1773159763.538252980] LOCK pid=34588 fd=14: SHARED -> RESERVED
DBimpl - LOCK REQUEST: 0x34db4680 4
[1773159763.538391557] LOCK pid=34588 fd=14: RESERVED -> PENDING
[1773159763.538393810] LOCK pid=34588 fd=14: PENDING -> EXCLUSIVE
DBimpl - LOCK REQUEST: 0x34db4680 1
DBimpl - LOCK REQUEST: 0x34db4680 1
DBimpl - UNLOCK REQUEST: 0x34db4680 1
[1773159763.540638118] UNLOCK pid=34588 fd=14: EXCLUSIVE -> SHARED
DBimpl - UNLOCK REQUEST: 0x34db4680 0
[1773159763.540644924] UNLOCK pid=34588 fd=14: SHARED -> NO_LOCK
DBimpl - LOCK REQUEST: 0x34db4680 1
[1773159763.541719127] LOCK pid=34586 fd=10: NO_LOCK -> SHARED (fallback)
[1773159763.541721085] LOCK pid=34586 fd=10: SHARED -> SHARED
DBimpl - LOCK REQUEST: 0x34db4680 2
[1773159763.541741434] LOCK pid=34586 fd=10: SHARED -> RESERVED
DBimpl - LOCK REQUEST: 0x34db4680 4
[1773159763.541862316] LOCK pid=34586 fd=10: RESERVED -> PENDING
[1773159763.541865097] LOCK pid=34586 fd=10: PENDING -> EXCLUSIVE
DBimpl - UNLOCK REQUEST: 0x34db4680 1
[1773159763.543486797] UNLOCK pid=34586 fd=10: EXCLUSIVE -> SHARED
DBimpl - UNLOCK REQUEST: 0x34db4680 0
[1773159763.543492168] UNLOCK pid=34586 fd=10: SHARED -> NO_LOCK
DBimpl - LOCK REQUEST: 0x34db4680 1
[1773159763.545771616] LOCK pid=34588 fd=14: NO_LOCK -> SHARED (fallback)
[1773159763.545773593] LOCK pid=34588 fd=14: SHARED -> SHARED
DBimpl - LOCK REQUEST: 0x34db4680 2
[1773159763.545786705] LOCK pid=34588 fd=14: SHARED -> RESERVED
DBimpl - LOCK REQUEST: 0x34db4680 4
[1773159763.545886522] LOCK pid=34588 fd=14: RESERVED -> PENDING
[1773159763.545888411] LOCK pid=34588 fd=14: PENDING -> EXCLUSIVE
DBimpl - UNLOCK REQUEST: 0x34db4680 1
[1773159763.547564090] UNLOCK pid=34588 fd=14: EXCLUSIVE -> SHARED
DBimpl - UNLOCK REQUEST: 0x34db4680 0
[1773159763.547570452] UNLOCK pid=34588 fd=14: SHARED -> NO_LOCK
DBimpl - LOCK REQUEST: 0x34db4680 1
[1773159763.548731731] LOCK pid=34586 fd=10: NO_LOCK -> SHARED (fallback)
[1773159763.548733684] LOCK pid=34586 fd=10: SHARED -> SHARED
DBimpl - LOCK REQUEST: 0x34db4680 2
[1773159763.548747214] LOCK pid=34586 fd=10: SHARED -> RESERVED
DBimpl - LOCK REQUEST: 0x34db4680 4
[1773159763.548871039] LOCK pid=34586 fd=10: RESERVED -> PENDING
[1773159763.548872952] LOCK pid=34586 fd=10: PENDING -> EXCLUSIVE
DBimpl - UNLOCK REQUEST: 0x34db4680 1
[1773159763.551176328] UNLOCK pid=34586 fd=10: EXCLUSIVE -> SHARED
DBimpl - UNLOCK REQUEST: 0x34db4680 0
[1773159763.551180766] UNLOCK pid=34586 fd=10: SHARED -> NO_LOCK
DBimpl - LOCK REQUEST: 0x34db4680 1
[1773159763.558533212] LOCK pid=34586 fd=10: NO_LOCK -> SHARED (fallback)
[1773159763.558534604] LOCK pid=34586 fd=10: SHARED -> SHARED
DBimpl - LOCK REQUEST: 0x34db4680 2
[1773159763.558543394] LOCK pid=34586 fd=10: SHARED -> RESERVED
DBimpl - LOCK REQUEST: 0x34db4680 4
[1773159763.559539619] LOCK pid=34586 fd=10: RESERVED -> PENDING
[1773159763.559541858] LOCK pid=34586 fd=10: PENDING -> EXCLUSIVE
DBimpl - UNLOCK REQUEST: 0x34db4680 1
[1773159763.562988893] UNLOCK pid=34586 fd=10: EXCLUSIVE -> SHARED
DBimpl - UNLOCK REQUEST: 0x34db4680 0
[1773159763.562992779] UNLOCK pid=34586 fd=10: SHARED -> NO_LOCK
DBimpl - LOCK REQUEST: 0x34db4680 1
[1773159763.566669220] LOCK pid=34588 fd=14: NO_LOCK -> SHARED (fallback)
[1773159763.566671225] LOCK pid=34588 fd=14: SHARED -> SHARED
DBimpl - LOCK REQUEST: 0x34db4680 2
[1773159763.566683281] LOCK pid=34588 fd=14: SHARED -> RESERVED
DBimpl - LOCK REQUEST: 0x34db4680 4
[1773159763.566782751] LOCK pid=34588 fd=14: RESERVED -> PENDING
[1773159763.566784771] LOCK pid=34588 fd=14: PENDING -> EXCLUSIVE
DBimpl - UNLOCK REQUEST: 0x34db4680 1
[1773159763.568589611] UNLOCK pid=34588 fd=14: EXCLUSIVE -> SHARED
DBimpl - UNLOCK REQUEST: 0x34db4680 0
[1773159763.568593964] UNLOCK pid=34588 fd=14: SHARED -> NO_LOCK
DBimpl - LOCK REQUEST: 0x34db4680 1
[1773159763.577334618] LOCK pid=34586 fd=10: NO_LOCK -> SHARED (fallback)
[1773159763.577336528] LOCK pid=34586 fd=10: SHARED -> SHARED
DBimpl - LOCK REQUEST: 0x34db4680 2
[1773159763.577354795] LOCK pid=34586 fd=10: SHARED -> RESERVED
DBimpl - LOCK REQUEST: 0x34db4680 4
[1773159763.577474316] LOCK pid=34586 fd=10: RESERVED -> PENDING
[1773159763.577476112] LOCK pid=34586 fd=10: PENDING -> EXCLUSIVE
DBimpl - UNLOCK REQUEST: 0x34db4680 1
[1773159763.579975947] UNLOCK pid=34586 fd=10: EXCLUSIVE -> SHARED
DBimpl - UNLOCK REQUEST: 0x34db4680 0
[1773159763.579984232] UNLOCK pid=34586 fd=10: SHARED -> NO_LOCK
DBimpl - LOCK REQUEST: 0x34db4680 1
[1773159763.584867972] LOCK pid=34588 fd=14: NO_LOCK -> SHARED (fallback)
[1773159763.584870037] LOCK pid=34588 fd=14: SHARED -> SHARED
DBimpl - LOCK REQUEST: 0x34db4680 2
[1773159763.584884901] LOCK pid=34588 fd=14: SHARED -> RESERVED
DBimpl - LOCK REQUEST: 0x34db4680 4
[1773159763.584988350] LOCK pid=34588 fd=14: RESERVED -> PENDING
[1773159763.584990289] LOCK pid=34588 fd=14: PENDING -> EXCLUSIVE
DBimpl - UNLOCK REQUEST: 0x34db4680 1
[1773159763.587115327] UNLOCK pid=34588 fd=14: EXCLUSIVE -> SHARED
DBimpl - UNLOCK REQUEST: 0x34db4680 0
[1773159763.587123001] UNLOCK pid=34588 fd=14: SHARED -> NO_LOCK
DBimpl - LOCK REQUEST: 0x34db4680 1
[1773159763.601093860] LOCK pid=34588 fd=14: NO_LOCK -> SHARED (fallback)
[1773159763.601097553] LOCK pid=34588 fd=14: SHARED -> SHARED
DBimpl - LOCK REQUEST: 0x34db4680 2
[1773159763.601131563] LOCK pid=34588 fd=14: SHARED -> RESERVED
DBimpl - LOCK REQUEST: 0x34db4680 4
[1773159763.601263717] LOCK pid=34588 fd=14: RESERVED -> PENDING
[1773159763.601265646] LOCK pid=34588 fd=14: PENDING -> EXCLUSIVE
DBimpl - UNLOCK REQUEST: 0x34db4680 1
[1773159763.603265173] UNLOCK pid=34588 fd=14: EXCLUSIVE -> SHARED
DBimpl - UNLOCK REQUEST: 0x34db4680 0
[1773159763.603271160] UNLOCK pid=34588 fd=14: SHARED -> NO_LOCK
DBimpl - LOCK REQUEST: 0x34db4680 1
[1773159763.603593521] LOCK pid=34586 fd=10: NO_LOCK -> SHARED (fallback)
[1773159763.603595735] LOCK pid=34586 fd=10: SHARED -> SHARED
DBimpl - LOCK REQUEST: 0x34db4680 2
[1773159763.603612122] LOCK pid=34586 fd=10: SHARED -> RESERVED
DBimpl - LOCK REQUEST: 0x34db4680 4
[1773159763.604798523] LOCK pid=34586 fd=10: RESERVED -> PENDING
[1773159763.604800758] LOCK pid=34586 fd=10: PENDING -> EXCLUSIVE
DBimpl - UNLOCK REQUEST: 0x34db4680 1
[1773159763.606555417] UNLOCK pid=34586 fd=10: EXCLUSIVE -> SHARED
DBimpl - UNLOCK REQUEST: 0x34db4680 0
[1773159763.606560232] UNLOCK pid=34586 fd=10: SHARED -> NO_LOCK
DBimpl - LOCK REQUEST: 0x34db4680 1
[1773159763.609217348] LOCK pid=34588 fd=14: NO_LOCK -> SHARED (fallback)
[1773159763.609219118] LOCK pid=34588 fd=14: SHARED -> SHARED
DBimpl - LOCK REQUEST: 0x34db4680 2
[1773159763.609231451] LOCK pid=34588 fd=14: SHARED -> RESERVED
DBimpl - LOCK REQUEST: 0x34db4680 4
[1773159763.609339643] LOCK pid=34588 fd=14: RESERVED -> PENDING
[1773159763.609341432] LOCK pid=34588 fd=14: PENDING -> EXCLUSIVE
DBimpl - LOCK REQUEST: 0x34db4680 1
DBimpl - LOCK REQUEST: 0x34db4680 1
DBimpl - UNLOCK REQUEST: 0x34db4680 1
[1773159763.611714586] UNLOCK pid=34588 fd=14: EXCLUSIVE -> SHARED
DBimpl - UNLOCK REQUEST: 0x34db4680 0
[1773159763.611718740] UNLOCK pid=34588 fd=14: SHARED -> NO_LOCK
DBimpl - LOCK REQUEST: 0x34db4680 1
[1773159763.612714947] LOCK pid=34586 fd=10: NO_LOCK -> SHARED (fallback)
[1773159763.612716794] LOCK pid=34586 fd=10: SHARED -> SHARED
DBimpl - LOCK REQUEST: 0x34db4680 2
[1773159763.612734781] LOCK pid=34586 fd=10: SHARED -> RESERVED
DBimpl - LOCK REQUEST: 0x34db4680 4
[1773159763.613850494] LOCK pid=34586 fd=10: RESERVED -> PENDING
[1773159763.613852906] LOCK pid=34586 fd=10: PENDING -> EXCLUSIVE
DBimpl - LOCK REQUEST: 0x34db4680 1
DBimpl - UNLOCK REQUEST: 0x34db4680 1
[1773159763.615531858] UNLOCK pid=34586 fd=10: EXCLUSIVE -> SHARED
DBimpl - UNLOCK REQUEST: 0x34db4680 0
[1773159763.615535843] UNLOCK pid=34586 fd=10: SHARED -> NO_LOCK
DBimpl - LOCK REQUEST: 0x34db4680 1
[1773159763.616594673] LOCK pid=34588 fd=14: NO_LOCK -> SHARED (fallback)
[1773159763.616596248] LOCK pid=34588 fd=14: SHARED -> SHARED
DBimpl - LOCK REQUEST: 0x34db4680 2
[1773159763.616608806] LOCK pid=34588 fd=14: SHARED -> RESERVED
DBimpl - LOCK REQUEST: 0x34db4680 4
[1773159763.616697423] LOCK pid=34588 fd=14: RESERVED -> PENDING
[1773159763.616699920] LOCK pid=34588 fd=14: PENDING -> EXCLUSIVE
DBimpl - UNLOCK REQUEST: 0x34db4680 1
[1773159763.618366817] UNLOCK pid=34588 fd=14: EXCLUSIVE -> SHARED
DBimpl - UNLOCK REQUEST: 0x34db4680 0
[1773159763.618370533] UNLOCK pid=34588 fd=14: SHARED -> NO_LOCK
DBimpl - UNLOCK REQUEST: 0x34db4680 0
DBimpl - LOCK REQUEST: 0x34db4680 1
[1773159763.639438127] LOCK pid=34586 fd=10: NO_LOCK -> SHARED (fallback)
[1773159763.639440833] LOCK pid=34586 fd=10: SHARED -> SHARED
DBimpl - LOCK REQUEST: 0x34db4680 2
[1773159763.639476570] LOCK pid=34586 fd=10: SHARED -> RESERVED
DBimpl - LOCK REQUEST: 0x34db4680 4
[1773159763.639635901] LOCK pid=34586 fd=10: RESERVED -> PENDING
[1773159763.639637818] LOCK pid=34586 fd=10: PENDING -> EXCLUSIVE
DBimpl - UNLOCK REQUEST: 0x34db4680 1
[1773159763.641596919] UNLOCK pid=34586 fd=10: EXCLUSIVE -> SHARED
DBimpl - UNLOCK REQUEST: 0x34db4680 0
[1773159763.641605666] UNLOCK pid=34586 fd=10: SHARED -> NO_LOCK
DBimpl - LOCK REQUEST: 0x34db4680 1
[1773159763.644598274] LOCK pid=34586 fd=10: NO_LOCK -> SHARED (fallback)
[1773159763.644600651] LOCK pid=34586 fd=10: SHARED -> SHARED
DBimpl - LOCK REQUEST: 0x34db4680 2
[1773159763.644616475] LOCK pid=34586 fd=10: SHARED -> RESERVED
DBimpl - LOCK REQUEST: 0x34db4680 4
[1773159763.645741269] LOCK pid=34586 fd=10: RESERVED -> PENDING
[1773159763.645743413] LOCK pid=34586 fd=10: PENDING -> EXCLUSIVE
DBimpl - UNLOCK REQUEST: 0x34db4680 1
[1773159763.647615947] UNLOCK pid=34586 fd=10: EXCLUSIVE -> SHARED
DBimpl - UNLOCK REQUEST: 0x34db4680 0
[1773159763.647621520] UNLOCK pid=34586 fd=10: SHARED -> NO_LOCK
DBimpl - LOCK REQUEST: 0x34db4680 1
[1773159763.657390020] LOCK pid=34586 fd=10: NO_LOCK -> SHARED (fallback)
[1773159763.657395588] LOCK pid=34586 fd=10: SHARED -> SHARED
DBimpl - LOCK REQUEST: 0x34db4680 2
[1773159763.657427859] LOCK pid=34586 fd=10: SHARED -> RESERVED
DBimpl - LOCK REQUEST: 0x34db4680 4
[1773159763.657662405] LOCK pid=34586 fd=10: RESERVED -> PENDING
[1773159763.657665341] LOCK pid=34586 fd=10: PENDING -> EXCLUSIVE
DBimpl - UNLOCK REQUEST: 0x34db4680 1
[1773159763.664356643] UNLOCK pid=34586 fd=10: EXCLUSIVE -> SHARED
DBimpl - UNLOCK REQUEST: 0x34db4680 0
[1773159763.664364646] UNLOCK pid=34586 fd=10: SHARED -> NO_LOCK
DBimpl - LOCK REQUEST: 0x34db4680 1
[1773159763.680675489] LOCK pid=34586 fd=10: NO_LOCK -> SHARED (fallback)
[1773159763.680679040] LOCK pid=34586 fd=10: SHARED -> SHARED
DBimpl - LOCK REQUEST: 0x34db4680 2
[1773159763.680721246] LOCK pid=34586 fd=10: SHARED -> RESERVED
DBimpl - LOCK REQUEST: 0x34db4680 4
[1773159763.681900601] LOCK pid=34586 fd=10: RESERVED -> PENDING
[1773159763.681902751] LOCK pid=34586 fd=10: PENDING -> EXCLUSIVE
DBimpl - UNLOCK REQUEST: 0x34db4680 1
[1773159763.684564655] UNLOCK pid=34586 fd=10: EXCLUSIVE -> SHARED
DBimpl - UNLOCK REQUEST: 0x34db4680 0
[1773159763.684569773] UNLOCK pid=34586 fd=10: SHARED -> NO_LOCK
DBimpl - LOCK REQUEST: 0x34db4680 1
[1773159763.694461336] LOCK pid=34586 fd=10: NO_LOCK -> SHARED (fallback)
[1773159763.694463857] LOCK pid=34586 fd=10: SHARED -> SHARED
DBimpl - LOCK REQUEST: 0x34db4680 2
[1773159763.694497045] LOCK pid=34586 fd=10: SHARED -> RESERVED
DBimpl - LOCK REQUEST: 0x34db4680 4
[1773159763.695656330] LOCK pid=34586 fd=10: RESERVED -> PENDING
[1773159763.695659653] LOCK pid=34586 fd=10: PENDING -> EXCLUSIVE
DBimpl - UNLOCK REQUEST: 0x34db4680 1
[1773159763.697900036] UNLOCK pid=34586 fd=10: EXCLUSIVE -> SHARED
DBimpl - UNLOCK REQUEST: 0x34db4680 0
[1773159763.697905089] UNLOCK pid=34586 fd=10: SHARED -> NO_LOCK
DBimpl - LOCK REQUEST: 0x34db4680 1
[1773159763.703524914] LOCK pid=34586 fd=10: NO_LOCK -> SHARED (fallback)
[1773159763.703527630] LOCK pid=34586 fd=10: SHARED -> SHARED
DBimpl - LOCK REQUEST: 0x34db4680 2
[1773159763.703546661] LOCK pid=34586 fd=10: SHARED -> RESERVED
DBimpl - LOCK REQUEST: 0x34db4680 4
[1773159763.704750313] LOCK pid=34586 fd=10: RESERVED -> PENDING
[1773159763.704752466] LOCK pid=34586 fd=10: PENDING -> EXCLUSIVE
DBimpl - UNLOCK REQUEST: 0x34db4680 1
[1773159763.706981845] UNLOCK pid=34586 fd=10: EXCLUSIVE -> SHARED
DBimpl - UNLOCK REQUEST: 0x34db4680 0
[1773159763.706989669] UNLOCK pid=34586 fd=10: SHARED -> NO_LOCK
DBimpl - LOCK REQUEST: 0x34db4680 1
[1773159763.707889669] LOCK pid=34586 fd=10: NO_LOCK -> SHARED (fallback)
[1773159763.707892266] LOCK pid=34586 fd=10: SHARED -> SHARED
DBimpl - LOCK REQUEST: 0x34db4680 2
[1773159763.707922008] LOCK pid=34586 fd=10: SHARED -> RESERVED
DBimpl - LOCK REQUEST: 0x34db4680 4
[1773159763.710298169] LOCK pid=34586 fd=10: RESERVED -> PENDING
[1773159763.710301196] LOCK pid=34586 fd=10: PENDING -> EXCLUSIVE
DBimpl - UNLOCK REQUEST: 0x34db4680 1
[1773159763.712214710] UNLOCK pid=34586 fd=10: EXCLUSIVE -> SHARED
DBimpl - UNLOCK REQUEST: 0x34db4680 0
[1773159763.712221072] UNLOCK pid=34586 fd=10: SHARED -> NO_LOCK
DBimpl - LOCK REQUEST: 0x34db4680 1
[1773159763.722041194] LOCK pid=34586 fd=10: NO_LOCK -> SHARED (fallback)
[1773159763.722044060] LOCK pid=34586 fd=10: SHARED -> SHARED
DBimpl - LOCK REQUEST: 0x34db4680 2
[1773159763.722065913] LOCK pid=34586 fd=10: SHARED -> RESERVED
DBimpl - LOCK REQUEST: 0x34db4680 4
[1773159763.723300371] LOCK pid=34586 fd=10: RESERVED -> PENDING
[1773159763.723302660] LOCK pid=34586 fd=10: PENDING -> EXCLUSIVE
DBimpl - UNLOCK REQUEST: 0x34db4680 1
[1773159763.725123239] UNLOCK pid=34586 fd=10: EXCLUSIVE -> SHARED
DBimpl - UNLOCK REQUEST: 0x34db4680 0
[1773159763.725128884] UNLOCK pid=34586 fd=10: SHARED -> NO_LOCK
DBimpl - LOCK REQUEST: 0x34db4680 1
[1773159763.753841039] LOCK pid=34586 fd=10: NO_LOCK -> SHARED (fallback)
[1773159763.753844754] LOCK pid=34586 fd=10: SHARED -> SHARED
DBimpl - LOCK REQUEST: 0x34db4680 2
[1773159763.753871321] LOCK pid=34586 fd=10: SHARED -> RESERVED
DBimpl - LOCK REQUEST: 0x34db4680 4
[1773159763.754092261] LOCK pid=34586 fd=10: RESERVED -> PENDING
[1773159763.754094378] LOCK pid=34586 fd=10: PENDING -> EXCLUSIVE
DBimpl - UNLOCK REQUEST: 0x34db4680 1
[1773159763.756104492] UNLOCK pid=34586 fd=10: EXCLUSIVE -> SHARED
DBimpl - UNLOCK REQUEST: 0x34db4680 0
[1773159763.756108945] UNLOCK pid=34586 fd=10: SHARED -> NO_LOCK
DBimpl - LOCK REQUEST: 0x34db4680 1
[1773159763.765984262] LOCK pid=34586 fd=10: NO_LOCK -> SHARED (fallback)
[1773159763.765986976] LOCK pid=34586 fd=10: SHARED -> SHARED
DBimpl - LOCK REQUEST: 0x34db4680 2
[1773159763.766003676] LOCK pid=34586 fd=10: SHARED -> RESERVED
DBimpl - LOCK REQUEST: 0x34db4680 4
[1773159763.767237223] LOCK pid=34586 fd=10: RESERVED -> PENDING
[1773159763.767239498] LOCK pid=34586 fd=10: PENDING -> EXCLUSIVE
DBimpl - UNLOCK REQUEST: 0x34db4680 1
[1773159763.769351451] UNLOCK pid=34586 fd=10: EXCLUSIVE -> SHARED
DBimpl - UNLOCK REQUEST: 0x34db4680 0
[1773159763.769356956] UNLOCK pid=34586 fd=10: SHARED -> NO_LOCK
DBimpl - LOCK REQUEST: 0x34db4680 1
[1773159763.777361935] LOCK pid=34586 fd=10: NO_LOCK -> SHARED (fallback)
[1773159763.777363918] LOCK pid=34586 fd=10: SHARED -> SHARED
DBimpl - LOCK REQUEST: 0x34db4680 2
[1773159763.777379934] LOCK pid=34586 fd=10: SHARED -> RESERVED
DBimpl - LOCK REQUEST: 0x34db4680 4
[1773159763.778456604] LOCK pid=34586 fd=10: RESERVED -> PENDING
[1773159763.778458798] LOCK pid=34586 fd=10: PENDING -> EXCLUSIVE
DBimpl - UNLOCK REQUEST: 0x34db4680 1
[1773159763.781207979] UNLOCK pid=34586 fd=10: EXCLUSIVE -> SHARED
DBimpl - UNLOCK REQUEST: 0x34db4680 0
[1773159763.781212966] UNLOCK pid=34586 fd=10: SHARED -> NO_LOCK
DBimpl - LOCK REQUEST: 0x34db4680 1
[1773159763.784897788] LOCK pid=34586 fd=10: NO_LOCK -> SHARED (fallback)
[1773159763.784899322] LOCK pid=34586 fd=10: SHARED -> SHARED
DBimpl - LOCK REQUEST: 0x34db4680 2
[1773159763.784909403] LOCK pid=34586 fd=10: SHARED -> RESERVED
DBimpl - LOCK REQUEST: 0x34db4680 4
[1773159763.786071695] LOCK pid=34586 fd=10: RESERVED -> PENDING
[1773159763.786073675] LOCK pid=34586 fd=10: PENDING -> EXCLUSIVE
DBimpl - UNLOCK REQUEST: 0x34db4680 1
[1773159763.788934748] UNLOCK pid=34586 fd=10: EXCLUSIVE -> SHARED
DBimpl - UNLOCK REQUEST: 0x34db4680 0
[1773159763.788938977] UNLOCK pid=34586 fd=10: SHARED -> NO_LOCK
DBimpl - LOCK REQUEST: 0x34db4680 1
[1773159763.805875650] LOCK pid=34586 fd=10: NO_LOCK -> SHARED (fallback)
[1773159763.805878491] LOCK pid=34586 fd=10: SHARED -> SHARED
DBimpl - LOCK REQUEST: 0x34db4680 2
[1773159763.805895947] LOCK pid=34586 fd=10: SHARED -> RESERVED
DBimpl - LOCK REQUEST: 0x34db4680 4
[1773159763.807214204] LOCK pid=34586 fd=10: RESERVED -> PENDING
[1773159763.807216208] LOCK pid=34586 fd=10: PENDING -> EXCLUSIVE
DBimpl - UNLOCK REQUEST: 0x34db4680 1
[1773159763.810492420] UNLOCK pid=34586 fd=10: EXCLUSIVE -> SHARED
DBimpl - UNLOCK REQUEST: 0x34db4680 0
[1773159763.810496455] UNLOCK pid=34586 fd=10: SHARED -> NO_LOCK
DBimpl - LOCK REQUEST: 0x34db4680 1
[1773159763.821296346] LOCK pid=34586 fd=10: NO_LOCK -> SHARED (fallback)
[1773159763.821299510] LOCK pid=34586 fd=10: SHARED -> SHARED
DBimpl - LOCK REQUEST: 0x34db4680 2
[1773159763.821318181] LOCK pid=34586 fd=10: SHARED -> RESERVED
DBimpl - LOCK REQUEST: 0x34db4680 4
[1773159763.822458300] LOCK pid=34586 fd=10: RESERVED -> PENDING
[1773159763.822460796] LOCK pid=34586 fd=10: PENDING -> EXCLUSIVE
DBimpl - UNLOCK REQUEST: 0x34db4680 1
[1773159763.824926817] UNLOCK pid=34586 fd=10: EXCLUSIVE -> SHARED
DBimpl - UNLOCK REQUEST: 0x34db4680 0
[1773159763.824932135] UNLOCK pid=34586 fd=10: SHARED -> NO_LOCK
DBimpl - LOCK REQUEST: 0x34db4680 1
[1773159763.827500363] LOCK pid=34586 fd=10: NO_LOCK -> SHARED (fallback)
[1773159763.827502464] LOCK pid=34586 fd=10: SHARED -> SHARED
DBimpl - LOCK REQUEST: 0x34db4680 2
[1773159763.827516096] LOCK pid=34586 fd=10: SHARED -> RESERVED
DBimpl - LOCK REQUEST: 0x34db4680 4
[1773159763.828628111] LOCK pid=34586 fd=10: RESERVED -> PENDING
[1773159763.828630204] LOCK pid=34586 fd=10: PENDING -> EXCLUSIVE
DBimpl - UNLOCK REQUEST: 0x34db4680 1
[1773159763.831017220] UNLOCK pid=34586 fd=10: EXCLUSIVE -> SHARED
DBimpl - UNLOCK REQUEST: 0x34db4680 0
[1773159763.831024306] UNLOCK pid=34586 fd=10: SHARED -> NO_LOCK
DBimpl - LOCK REQUEST: 0x34db4680 1
[1773159763.835466601] LOCK pid=34586 fd=10: NO_LOCK -> SHARED (fallback)
[1773159763.835484151] LOCK pid=34586 fd=10: SHARED -> SHARED
DBimpl - LOCK REQUEST: 0x34db4680 2
[1773159763.835501446] LOCK pid=34586 fd=10: SHARED -> RESERVED
DBimpl - LOCK REQUEST: 0x34db4680 4
[1773159763.837936795] LOCK pid=34586 fd=10: RESERVED -> PENDING
[1773159763.837939765] LOCK pid=34586 fd=10: PENDING -> EXCLUSIVE
DBimpl - UNLOCK REQUEST: 0x34db4680 1
[1773159763.839830265] UNLOCK pid=34586 fd=10: EXCLUSIVE -> SHARED
DBimpl - UNLOCK REQUEST: 0x34db4680 0
[1773159763.839836724] UNLOCK pid=34586 fd=10: SHARED -> NO_LOCK
DBimpl - LOCK REQUEST: 0x34db4680 1
[1773159763.847381488] LOCK pid=34586 fd=10: NO_LOCK -> SHARED (fallback)
[1773159763.847386460] LOCK pid=34586 fd=10: SHARED -> SHARED
DBimpl - LOCK REQUEST: 0x34db4680 2
[1773159763.847417224] LOCK pid=34586 fd=10: SHARED -> RESERVED
DBimpl - LOCK REQUEST: 0x34db4680 4
[1773159763.849623059] LOCK pid=34586 fd=10: RESERVED -> PENDING
[1773159763.849626050] LOCK pid=34586 fd=10: PENDING -> EXCLUSIVE
DBimpl - UNLOCK REQUEST: 0x34db4680 1
[1773159763.851921048] UNLOCK pid=34586 fd=10: EXCLUSIVE -> SHARED
DBimpl - UNLOCK REQUEST: 0x34db4680 0
[1773159763.851927151] UNLOCK pid=34586 fd=10: SHARED -> NO_LOCK
DBimpl - LOCK REQUEST: 0x34db4680 1
[1773159763.861933602] LOCK pid=34586 fd=10: NO_LOCK -> SHARED (fallback)
[1773159763.861936491] LOCK pid=34586 fd=10: SHARED -> SHARED
DBimpl - LOCK REQUEST: 0x34db4680 2
[1773159763.861961326] LOCK pid=34586 fd=10: SHARED -> RESERVED
DBimpl - LOCK REQUEST: 0x34db4680 4
[1773159763.863298795] LOCK pid=34586 fd=10: RESERVED -> PENDING
[1773159763.863301390] LOCK pid=34586 fd=10: PENDING -> EXCLUSIVE
DBimpl - UNLOCK REQUEST: 0x34db4680 1
[1773159763.865150217] UNLOCK pid=34586 fd=10: EXCLUSIVE -> SHARED
DBimpl - UNLOCK REQUEST: 0x34db4680 0
[1773159763.865154458] UNLOCK pid=34586 fd=10: SHARED -> NO_LOCK
DBimpl - LOCK REQUEST: 0x34db4680 1
[1773159763.874843980] LOCK pid=34586 fd=10: NO_LOCK -> SHARED (fallback)
[1773159763.874847243] LOCK pid=34586 fd=10: SHARED -> SHARED
DBimpl - LOCK REQUEST: 0x34db4680 2
[1773159763.874887537] LOCK pid=34586 fd=10: SHARED -> RESERVED
DBimpl - LOCK REQUEST: 0x34db4680 4
[1773159763.876307360] LOCK pid=34586 fd=10: RESERVED -> PENDING
[1773159763.876309370] LOCK pid=34586 fd=10: PENDING -> EXCLUSIVE
DBimpl - UNLOCK REQUEST: 0x34db4680 1
[1773159763.878703172] UNLOCK pid=34586 fd=10: EXCLUSIVE -> SHARED
DBimpl - UNLOCK REQUEST: 0x34db4680 0
[1773159763.878709737] UNLOCK pid=34586 fd=10: SHARED -> NO_LOCK
DBimpl - LOCK REQUEST: 0x34db4680 1
[1773159763.884885941] LOCK pid=34586 fd=10: NO_LOCK -> SHARED (fallback)
[1773159763.884887915] LOCK pid=34586 fd=10: SHARED -> SHARED
DBimpl - LOCK REQUEST: 0x34db4680 2
[1773159763.884904865] LOCK pid=34586 fd=10: SHARED -> RESERVED
DBimpl - LOCK REQUEST: 0x34db4680 4
[1773159763.886260580] LOCK pid=34586 fd=10: RESERVED -> PENDING
[1773159763.886262638] LOCK pid=34586 fd=10: PENDING -> EXCLUSIVE
DBimpl - UNLOCK REQUEST: 0x34db4680 1
[1773159763.888409138] UNLOCK pid=34586 fd=10: EXCLUSIVE -> SHARED
DBimpl - UNLOCK REQUEST: 0x34db4680 0
[1773159763.888413343] UNLOCK pid=34586 fd=10: SHARED -> NO_LOCK
DBimpl - LOCK REQUEST: 0x34db4680 1
[1773159763.897526497] LOCK pid=34586 fd=10: NO_LOCK -> SHARED (fallback)
[1773159763.897529279] LOCK pid=34586 fd=10: SHARED -> SHARED
DBimpl - LOCK REQUEST: 0x34db4680 2
[1773159763.897548080] LOCK pid=34586 fd=10: SHARED -> RESERVED
DBimpl - LOCK REQUEST: 0x34db4680 4
[1773159763.898844362] LOCK pid=34586 fd=10: RESERVED -> PENDING
[1773159763.898847270] LOCK pid=34586 fd=10: PENDING -> EXCLUSIVE
DBimpl - UNLOCK REQUEST: 0x34db4680 1
[1773159763.900808818] UNLOCK pid=34586 fd=10: EXCLUSIVE -> SHARED
DBimpl - UNLOCK REQUEST: 0x34db4680 0
[1773159763.900814604] UNLOCK pid=34586 fd=10: SHARED -> NO_LOCK
DBimpl - LOCK REQUEST: 0x34db4680 1
[1773159763.903540460] LOCK pid=34586 fd=10: NO_LOCK -> SHARED (fallback)
[1773159763.903543541] LOCK pid=34586 fd=10: SHARED -> SHARED
DBimpl - LOCK REQUEST: 0x34db4680 2
[1773159763.903559033] LOCK pid=34586 fd=10: SHARED -> RESERVED
DBimpl - LOCK REQUEST: 0x34db4680 4
[1773159763.903688524] LOCK pid=34586 fd=10: RESERVED -> PENDING
[1773159763.903690440] LOCK pid=34586 fd=10: PENDING -> EXCLUSIVE
DBimpl - UNLOCK REQUEST: 0x34db4680 1
[1773159763.905405008] UNLOCK pid=34586 fd=10: EXCLUSIVE -> SHARED
DBimpl - UNLOCK REQUEST: 0x34db4680 0
[1773159763.905409269] UNLOCK pid=34586 fd=10: SHARED -> NO_LOCK
DBimpl - LOCK REQUEST: 0x34db4680 1
[1773159763.911764108] LOCK pid=34586 fd=10: NO_LOCK -> SHARED (fallback)
[1773159763.911767699] LOCK pid=34586 fd=10: SHARED -> SHARED
DBimpl - LOCK REQUEST: 0x34db4680 2
[1773159763.911795031] LOCK pid=34586 fd=10: SHARED -> RESERVED
DBimpl - LOCK REQUEST: 0x34db4680 4
[1773159763.914489058] LOCK pid=34586 fd=10: RESERVED -> PENDING
[1773159763.914493129] LOCK pid=34586 fd=10: PENDING -> EXCLUSIVE
DBimpl - UNLOCK REQUEST: 0x34db4680 1
[1773159763.917380156] UNLOCK pid=34586 fd=10: EXCLUSIVE -> SHARED
DBimpl - UNLOCK REQUEST: 0x34db4680 0
[1773159763.917390515] UNLOCK pid=34586 fd=10: SHARED -> NO_LOCK
DBimpl - LOCK REQUEST: 0x34db4680 1
[1773159763.939406079] LOCK pid=34586 fd=10: NO_LOCK -> SHARED (fallback)
[1773159763.939409735] LOCK pid=34586 fd=10: SHARED -> SHARED
DBimpl - LOCK REQUEST: 0x34db4680 2
[1773159763.939434956] LOCK pid=34586 fd=10: SHARED -> RESERVED
DBimpl - LOCK REQUEST: 0x34db4680 4
[1773159763.940856562] LOCK pid=34586 fd=10: RESERVED -> PENDING
[1773159763.940858787] LOCK pid=34586 fd=10: PENDING -> EXCLUSIVE
DBimpl - UNLOCK REQUEST: 0x34db4680 1
[1773159763.943946906] UNLOCK pid=34586 fd=10: EXCLUSIVE -> SHARED
DBimpl - UNLOCK REQUEST: 0x34db4680 0
[1773159763.943952812] UNLOCK pid=34586 fd=10: SHARED -> NO_LOCK
DBimpl - LOCK REQUEST: 0x34db4680 1
[1773159763.952379862] LOCK pid=34586 fd=10: NO_LOCK -> SHARED (fallback)
[1773159763.952383128] LOCK pid=34586 fd=10: SHARED -> SHARED
DBimpl - LOCK REQUEST: 0x34db4680 2
[1773159763.952409284] LOCK pid=34586 fd=10: SHARED -> RESERVED
DBimpl - LOCK REQUEST: 0x34db4680 4
[1773159763.953713063] LOCK pid=34586 fd=10: RESERVED -> PENDING
[1773159763.953715200] LOCK pid=34586 fd=10: PENDING -> EXCLUSIVE
DBimpl - UNLOCK REQUEST: 0x34db4680 1
[1773159763.956210709] UNLOCK pid=34586 fd=10: EXCLUSIVE -> SHARED
DBimpl - UNLOCK REQUEST: 0x34db4680 0
[1773159763.956217436] UNLOCK pid=34586 fd=10: SHARED -> NO_LOCK
DBimpl - LOCK REQUEST: 0x34db4680 1
[1773159763.989583280] LOCK pid=34586 fd=10: NO_LOCK -> SHARED (fallback)
[1773159763.989586526] LOCK pid=34586 fd=10: SHARED -> SHARED
DBimpl - LOCK REQUEST: 0x34db4680 2
[1773159763.989610211] LOCK pid=34586 fd=10: SHARED -> RESERVED
DBimpl - LOCK REQUEST: 0x34db4680 4
[1773159763.990904700] LOCK pid=34586 fd=10: RESERVED -> PENDING
[1773159763.990906809] LOCK pid=34586 fd=10: PENDING -> EXCLUSIVE
DBimpl - UNLOCK REQUEST: 0x34db4680 1
[1773159763.993623118] UNLOCK pid=34586 fd=10: EXCLUSIVE -> SHARED
DBimpl - UNLOCK REQUEST: 0x34db4680 0
[1773159763.993631685] UNLOCK pid=34586 fd=10: SHARED -> NO_LOCK
DBimpl - LOCK REQUEST: 0x34db4680 1
[1773159763.998272623] LOCK pid=34586 fd=10: NO_LOCK -> SHARED (fallback)
[1773159763.998275942] LOCK pid=34586 fd=10: SHARED -> SHARED
DBimpl - LOCK REQUEST: 0x34db4680 2
[1773159763.998297493] LOCK pid=34586 fd=10: SHARED -> RESERVED
DBimpl - LOCK REQUEST: 0x34db4680 4
[1773159763.999661589] LOCK pid=34586 fd=10: RESERVED -> PENDING
[1773159763.999663798] LOCK pid=34586 fd=10: PENDING -> EXCLUSIVE
DBimpl - UNLOCK REQUEST: 0x34db4680 1
[1773159764.001483317] UNLOCK pid=34586 fd=10: EXCLUSIVE -> SHARED
DBimpl - UNLOCK REQUEST: 0x34db4680 0
[1773159764.001488400] UNLOCK pid=34586 fd=10: SHARED -> NO_LOCK
DBimpl - LOCK REQUEST: 0x34db4680 1
[1773159764.029919294] LOCK pid=34586 fd=10: NO_LOCK -> SHARED (fallback)
[1773159764.029922899] LOCK pid=34586 fd=10: SHARED -> SHARED
DBimpl - LOCK REQUEST: 0x34db4680 2
[1773159764.029949584] LOCK pid=34586 fd=10: SHARED -> RESERVED
DBimpl - LOCK REQUEST: 0x34db4680 4
[1773159764.030152063] LOCK pid=34586 fd=10: RESERVED -> PENDING
[1773159764.030154094] LOCK pid=34586 fd=10: PENDING -> EXCLUSIVE
DBimpl - UNLOCK REQUEST: 0x34db4680 1
[1773159764.032396283] UNLOCK pid=34586 fd=10: EXCLUSIVE -> SHARED
DBimpl - UNLOCK REQUEST: 0x34db4680 0
[1773159764.032402634] UNLOCK pid=34586 fd=10: SHARED -> NO_LOCK
DBimpl - LOCK REQUEST: 0x34db4680 1
[1773159764.037065405] LOCK pid=34586 fd=10: NO_LOCK -> SHARED (fallback)
[1773159764.037067805] LOCK pid=34586 fd=10: SHARED -> SHARED
DBimpl - LOCK REQUEST: 0x34db4680 2
[1773159764.037082841] LOCK pid=34586 fd=10: SHARED -> RESERVED
DBimpl - LOCK REQUEST: 0x34db4680 4
[1773159764.037244183] LOCK pid=34586 fd=10: RESERVED -> PENDING
[1773159764.037246128] LOCK pid=34586 fd=10: PENDING -> EXCLUSIVE
DBimpl - UNLOCK REQUEST: 0x34db4680 1
[1773159764.039041777] UNLOCK pid=34586 fd=10: EXCLUSIVE -> SHARED
DBimpl - UNLOCK REQUEST: 0x34db4680 0
[1773159764.039048066] UNLOCK pid=34586 fd=10: SHARED -> NO_LOCK
DBimpl - LOCK REQUEST: 0x34db4680 1
[1773159764.040918862] LOCK pid=34586 fd=10: NO_LOCK -> SHARED (fallback)
[1773159764.040921607] LOCK pid=34586 fd=10: SHARED -> SHARED
DBimpl - LOCK REQUEST: 0x34db4680 2
[1773159764.040937548] LOCK pid=34586 fd=10: SHARED -> RESERVED
DBimpl - LOCK REQUEST: 0x34db4680 4
[1773159764.042318700] LOCK pid=34586 fd=10: RESERVED -> PENDING
[1773159764.042320726] LOCK pid=34586 fd=10: PENDING -> EXCLUSIVE
DBimpl - UNLOCK REQUEST: 0x34db4680 1
[1773159764.044194180] UNLOCK pid=34586 fd=10: EXCLUSIVE -> SHARED
DBimpl - UNLOCK REQUEST: 0x34db4680 0
[1773159764.044198823] UNLOCK pid=34586 fd=10: SHARED -> NO_LOCK
DBimpl - LOCK REQUEST: 0x34db4680 1
[1773159764.044656101] LOCK pid=34586 fd=10: NO_LOCK -> SHARED (fallback)
[1773159764.044657586] LOCK pid=34586 fd=10: SHARED -> SHARED
DBimpl - LOCK REQUEST: 0x34db4680 2
[1773159764.044667623] LOCK pid=34586 fd=10: SHARED -> RESERVED
DBimpl - LOCK REQUEST: 0x34db4680 4
[1773159764.045947501] LOCK pid=34586 fd=10: RESERVED -> PENDING
[1773159764.045949558] LOCK pid=34586 fd=10: PENDING -> EXCLUSIVE
DBimpl - UNLOCK REQUEST: 0x34db4680 1
[1773159764.047689631] UNLOCK pid=34586 fd=10: EXCLUSIVE -> SHARED
DBimpl - UNLOCK REQUEST: 0x34db4680 0
[1773159764.047697669] UNLOCK pid=34586 fd=10: SHARED -> NO_LOCK
DBimpl - LOCK REQUEST: 0x34db4680 1
[1773159764.054117926] LOCK pid=34586 fd=10: NO_LOCK -> SHARED (fallback)
[1773159764.054122148] LOCK pid=34586 fd=10: SHARED -> SHARED
DBimpl - LOCK REQUEST: 0x34db4680 2
[1773159764.054148950] LOCK pid=34586 fd=10: SHARED -> RESERVED
DBimpl - LOCK REQUEST: 0x34db4680 4
[1773159764.055650672] LOCK pid=34586 fd=10: RESERVED -> PENDING
[1773159764.055652976] LOCK pid=34586 fd=10: PENDING -> EXCLUSIVE
DBimpl - UNLOCK REQUEST: 0x34db4680 1
[1773159764.061186076] UNLOCK pid=34586 fd=10: EXCLUSIVE -> SHARED
DBimpl - UNLOCK REQUEST: 0x34db4680 0
[1773159764.061195244] UNLOCK pid=34586 fd=10: SHARED -> NO_LOCK
DBimpl - LOCK REQUEST: 0x34db4680 1
[1773159764.065687823] LOCK pid=34586 fd=10: NO_LOCK -> SHARED (fallback)
[1773159764.065710229] LOCK pid=34586 fd=10: SHARED -> SHARED
DBimpl - LOCK REQUEST: 0x34db4680 2
[1773159764.065810313] LOCK pid=34586 fd=10: SHARED -> RESERVED
DBimpl - LOCK REQUEST: 0x34db4680 4
[1773159764.066123215] LOCK pid=34586 fd=10: RESERVED -> PENDING
[1773159764.066125379] LOCK pid=34586 fd=10: PENDING -> EXCLUSIVE
DBimpl - UNLOCK REQUEST: 0x34db4680 1
[1773159764.068448265] UNLOCK pid=34586 fd=10: EXCLUSIVE -> SHARED
DBimpl - UNLOCK REQUEST: 0x34db4680 0
[1773159764.068452821] UNLOCK pid=34586 fd=10: SHARED -> NO_LOCK
DBimpl - LOCK REQUEST: 0x34db4680 1
[1773159764.078843830] LOCK pid=34586 fd=10: NO_LOCK -> SHARED (fallback)
[1773159764.078846460] LOCK pid=34586 fd=10: SHARED -> SHARED
DBimpl - LOCK REQUEST: 0x34db4680 2
[1773159764.078867231] LOCK pid=34586 fd=10: SHARED -> RESERVED
DBimpl - LOCK REQUEST: 0x34db4680 4
[1773159764.080298316] LOCK pid=34586 fd=10: RESERVED -> PENDING
[1773159764.080300744] LOCK pid=34586 fd=10: PENDING -> EXCLUSIVE
DBimpl - UNLOCK REQUEST: 0x34db4680 1
[1773159764.082175920] UNLOCK pid=34586 fd=10: EXCLUSIVE -> SHARED
DBimpl - UNLOCK REQUEST: 0x34db4680 0
[1773159764.082182072] UNLOCK pid=34586 fd=10: SHARED -> NO_LOCK
DBimpl - LOCK REQUEST: 0x34db4680 1
[1773159764.091432291] LOCK pid=34586 fd=10: NO_LOCK -> SHARED (fallback)
[1773159764.091434616] LOCK pid=34586 fd=10: SHARED -> SHARED
DBimpl - LOCK REQUEST: 0x34db4680 2
[1773159764.091467054] LOCK pid=34586 fd=10: SHARED -> RESERVED
DBimpl - LOCK REQUEST: 0x34db4680 4
[1773159764.092835747] LOCK pid=34586 fd=10: RESERVED -> PENDING
[1773159764.092838257] LOCK pid=34586 fd=10: PENDING -> EXCLUSIVE
DBimpl - UNLOCK REQUEST: 0x34db4680 1
[1773159764.094653015] UNLOCK pid=34586 fd=10: EXCLUSIVE -> SHARED
DBimpl - UNLOCK REQUEST: 0x34db4680 0
[1773159764.094658593] UNLOCK pid=34586 fd=10: SHARED -> NO_LOCK
DBimpl - LOCK REQUEST: 0x34db4680 1
[1773159764.104738954] LOCK pid=34586 fd=10: NO_LOCK -> SHARED (fallback)
[1773159764.104742815] LOCK pid=34586 fd=10: SHARED -> SHARED
DBimpl - LOCK REQUEST: 0x34db4680 2
[1773159764.104766109] LOCK pid=34586 fd=10: SHARED -> RESERVED
DBimpl - LOCK REQUEST: 0x34db4680 4
[1773159764.106165890] LOCK pid=34586 fd=10: RESERVED -> PENDING
[1773159764.106168327] LOCK pid=34586 fd=10: PENDING -> EXCLUSIVE
DBimpl - UNLOCK REQUEST: 0x34db4680 1
[1773159764.108068809] UNLOCK pid=34586 fd=10: EXCLUSIVE -> SHARED
DBimpl - UNLOCK REQUEST: 0x34db4680 0
[1773159764.108074049] UNLOCK pid=34586 fd=10: SHARED -> NO_LOCK
DBimpl - LOCK REQUEST: 0x34db4680 1
[1773159764.108678390] LOCK pid=34586 fd=10: NO_LOCK -> SHARED (fallback)
[1773159764.108679741] LOCK pid=34586 fd=10: SHARED -> SHARED
DBimpl - LOCK REQUEST: 0x34db4680 2
[1773159764.108689936] LOCK pid=34586 fd=10: SHARED -> RESERVED
DBimpl - LOCK REQUEST: 0x34db4680 4
[1773159764.108807986] LOCK pid=34586 fd=10: RESERVED -> PENDING
[1773159764.108809646] LOCK pid=34586 fd=10: PENDING -> EXCLUSIVE
DBimpl - UNLOCK REQUEST: 0x34db4680 1
[1773159764.110449963] UNLOCK pid=34586 fd=10: EXCLUSIVE -> SHARED
DBimpl - UNLOCK REQUEST: 0x34db4680 0
[1773159764.110454935] UNLOCK pid=34586 fd=10: SHARED -> NO_LOCK
DBimpl - LOCK REQUEST: 0x34db4680 1
[1773159764.155769963] LOCK pid=34586 fd=10: NO_LOCK -> SHARED (fallback)
[1773159764.155773677] LOCK pid=34586 fd=10: SHARED -> SHARED
DBimpl - LOCK REQUEST: 0x34db4680 2
[1773159764.155810208] LOCK pid=34586 fd=10: SHARED -> RESERVED
DBimpl - LOCK REQUEST: 0x34db4680 4
[1773159764.157198377] LOCK pid=34586 fd=10: RESERVED -> PENDING
[1773159764.157200495] LOCK pid=34586 fd=10: PENDING -> EXCLUSIVE
DBimpl - UNLOCK REQUEST: 0x34db4680 1
[1773159764.159880090] UNLOCK pid=34586 fd=10: EXCLUSIVE -> SHARED
DBimpl - UNLOCK REQUEST: 0x34db4680 0
[1773159764.159886865] UNLOCK pid=34586 fd=10: SHARED -> NO_LOCK
DBimpl - LOCK REQUEST: 0x34db4680 1
[1773159764.166765519] LOCK pid=34586 fd=10: NO_LOCK -> SHARED (fallback)
[1773159764.166768531] LOCK pid=34586 fd=10: SHARED -> SHARED
DBimpl - LOCK REQUEST: 0x34db4680 2
[1773159764.166793994] LOCK pid=34586 fd=10: SHARED -> RESERVED
DBimpl - LOCK REQUEST: 0x34db4680 4
[1773159764.166971316] LOCK pid=34586 fd=10: RESERVED -> PENDING
[1773159764.166973284] LOCK pid=34586 fd=10: PENDING -> EXCLUSIVE
DBimpl - UNLOCK REQUEST: 0x34db4680 1
[1773159764.168950760] UNLOCK pid=34586 fd=10: EXCLUSIVE -> SHARED
DBimpl - UNLOCK REQUEST: 0x34db4680 0
[1773159764.168955688] UNLOCK pid=34586 fd=10: SHARED -> NO_LOCK
DBimpl - LOCK REQUEST: 0x34db4680 1
[1773159764.175605081] LOCK pid=34586 fd=10: NO_LOCK -> SHARED (fallback)
[1773159764.175607437] LOCK pid=34586 fd=10: SHARED -> SHARED
DBimpl - LOCK REQUEST: 0x34db4680 2
[1773159764.175641423] LOCK pid=34586 fd=10: SHARED -> RESERVED
DBimpl - LOCK REQUEST: 0x34db4680 4
[1773159764.177089188] LOCK pid=34586 fd=10: RESERVED -> PENDING
[1773159764.177106078] LOCK pid=34586 fd=10: PENDING -> EXCLUSIVE
DBimpl - UNLOCK REQUEST: 0x34db4680 1
[1773159764.179422673] UNLOCK pid=34586 fd=10: EXCLUSIVE -> SHARED
DBimpl - UNLOCK REQUEST: 0x34db4680 0
[1773159764.179427869] UNLOCK pid=34586 fd=10: SHARED -> NO_LOCK
DBimpl - LOCK REQUEST: 0x34db4680 1
[1773159764.194915790] LOCK pid=34586 fd=10: NO_LOCK -> SHARED (fallback)
[1773159764.194921490] LOCK pid=34586 fd=10: SHARED -> SHARED
DBimpl - LOCK REQUEST: 0x34db4680 2
[1773159764.194955235] LOCK pid=34586 fd=10: SHARED -> RESERVED
DBimpl - LOCK REQUEST: 0x34db4680 4
[1773159764.196525632] LOCK pid=34586 fd=10: RESERVED -> PENDING
[1773159764.196528065] LOCK pid=34586 fd=10: PENDING -> EXCLUSIVE
DBimpl - UNLOCK REQUEST: 0x34db4680 1
[1773159764.198717707] UNLOCK pid=34586 fd=10: EXCLUSIVE -> SHARED
DBimpl - UNLOCK REQUEST: 0x34db4680 0
[1773159764.198730334] UNLOCK pid=34586 fd=10: SHARED -> NO_LOCK
DBimpl - LOCK REQUEST: 0x34db4680 1
[1773159764.199163160] LOCK pid=34586 fd=10: NO_LOCK -> SHARED (fallback)
[1773159764.199164724] LOCK pid=34586 fd=10: SHARED -> SHARED
DBimpl - LOCK REQUEST: 0x34db4680 2
[1773159764.199176760] LOCK pid=34586 fd=10: SHARED -> RESERVED
DBimpl - LOCK REQUEST: 0x34db4680 4
[1773159764.200685546] LOCK pid=34586 fd=10: RESERVED -> PENDING
[1773159764.200687689] LOCK pid=34586 fd=10: PENDING -> EXCLUSIVE
DBimpl - UNLOCK REQUEST: 0x34db4680 1
[1773159764.202538364] UNLOCK pid=34586 fd=10: EXCLUSIVE -> SHARED
DBimpl - UNLOCK REQUEST: 0x34db4680 0
[1773159764.202542482] UNLOCK pid=34586 fd=10: SHARED -> NO_LOCK
DBimpl - LOCK REQUEST: 0x34db4680 1
[1773159764.203050556] LOCK pid=34586 fd=10: NO_LOCK -> SHARED (fallback)
[1773159764.203055252] LOCK pid=34586 fd=10: SHARED -> SHARED
DBimpl - LOCK REQUEST: 0x34db4680 2
[1773159764.203065485] LOCK pid=34586 fd=10: SHARED -> RESERVED
DBimpl - LOCK REQUEST: 0x34db4680 4
[1773159764.204400672] LOCK pid=34586 fd=10: RESERVED -> PENDING
[1773159764.204402592] LOCK pid=34586 fd=10: PENDING -> EXCLUSIVE
DBimpl - UNLOCK REQUEST: 0x34db4680 1
[1773159764.206105537] UNLOCK pid=34586 fd=10: EXCLUSIVE -> SHARED
DBimpl - UNLOCK REQUEST: 0x34db4680 0
[1773159764.206110748] UNLOCK pid=34586 fd=10: SHARED -> NO_LOCK
DBimpl - LOCK REQUEST: 0x34db4680 1
[1773159764.206957583] LOCK pid=34586 fd=10: NO_LOCK -> SHARED (fallback)
[1773159764.206959014] LOCK pid=34586 fd=10: SHARED -> SHARED
DBimpl - LOCK REQUEST: 0x34db4680 2
[1773159764.206970002] LOCK pid=34586 fd=10: SHARED -> RESERVED
DBimpl - LOCK REQUEST: 0x34db4680 4
[1773159764.207090340] LOCK pid=34586 fd=10: RESERVED -> PENDING
[1773159764.207092415] LOCK pid=34586 fd=10: PENDING -> EXCLUSIVE
DBimpl - UNLOCK REQUEST: 0x34db4680 1
[1773159764.208778203] UNLOCK pid=34586 fd=10: EXCLUSIVE -> SHARED
DBimpl - UNLOCK REQUEST: 0x34db4680 0
[1773159764.208782702] UNLOCK pid=34586 fd=10: SHARED -> NO_LOCK
DBimpl - LOCK REQUEST: 0x34db4680 1
[1773159764.219315954] LOCK pid=34586 fd=10: NO_LOCK -> SHARED (fallback)
[1773159764.219319111] LOCK pid=34586 fd=10: SHARED -> SHARED
DBimpl - LOCK REQUEST: 0x34db4680 2
[1773159764.219342804] LOCK pid=34586 fd=10: SHARED -> RESERVED
DBimpl - LOCK REQUEST: 0x34db4680 4
[1773159764.220793810] LOCK pid=34586 fd=10: RESERVED -> PENDING
[1773159764.220796023] LOCK pid=34586 fd=10: PENDING -> EXCLUSIVE
DBimpl - UNLOCK REQUEST: 0x34db4680 1
[1773159764.222651211] UNLOCK pid=34586 fd=10: EXCLUSIVE -> SHARED
DBimpl - UNLOCK REQUEST: 0x34db4680 0
[1773159764.222655751] UNLOCK pid=34586 fd=10: SHARED -> NO_LOCK
DBimpl - LOCK REQUEST: 0x34db4680 1
[1773159764.230802263] LOCK pid=34586 fd=10: NO_LOCK -> SHARED (fallback)
[1773159764.230805537] LOCK pid=34586 fd=10: SHARED -> SHARED
DBimpl - LOCK REQUEST: 0x34db4680 2
[1773159764.230835023] LOCK pid=34586 fd=10: SHARED -> RESERVED
DBimpl - LOCK REQUEST: 0x34db4680 4
[1773159764.231045786] LOCK pid=34586 fd=10: RESERVED -> PENDING
[1773159764.231048251] LOCK pid=34586 fd=10: PENDING -> EXCLUSIVE
DBimpl - UNLOCK REQUEST: 0x34db4680 1
[1773159764.232889349] UNLOCK pid=34586 fd=10: EXCLUSIVE -> SHARED
DBimpl - UNLOCK REQUEST: 0x34db4680 0
[1773159764.232894284] UNLOCK pid=34586 fd=10: SHARED -> NO_LOCK
DBimpl - LOCK REQUEST: 0x34db4680 1
[1773159764.238236117] LOCK pid=34586 fd=10: NO_LOCK -> SHARED (fallback)
[1773159764.238238567] LOCK pid=34586 fd=10: SHARED -> SHARED
DBimpl - LOCK REQUEST: 0x34db4680 2
[1773159764.238254180] LOCK pid=34586 fd=10: SHARED -> RESERVED
DBimpl - LOCK REQUEST: 0x34db4680 4
[1773159764.239660636] LOCK pid=34586 fd=10: RESERVED -> PENDING
[1773159764.239663038] LOCK pid=34586 fd=10: PENDING -> EXCLUSIVE
DBimpl - UNLOCK REQUEST: 0x34db4680 1
[1773159764.241524957] UNLOCK pid=34586 fd=10: EXCLUSIVE -> SHARED
DBimpl - UNLOCK REQUEST: 0x34db4680 0
[1773159764.241529821] UNLOCK pid=34586 fd=10: SHARED -> NO_LOCK
DBimpl - LOCK REQUEST: 0x34db4680 1
[1773159764.244581284] LOCK pid=34586 fd=10: NO_LOCK -> SHARED (fallback)
[1773159764.244582980] LOCK pid=34586 fd=10: SHARED -> SHARED
DBimpl - LOCK REQUEST: 0x34db4680 2
[1773159764.244599826] LOCK pid=34586 fd=10: SHARED -> RESERVED
DBimpl - LOCK REQUEST: 0x34db4680 4
[1773159764.246068578] LOCK pid=34586 fd=10: RESERVED -> PENDING
[1773159764.246070503] LOCK pid=34586 fd=10: PENDING -> EXCLUSIVE
DBimpl - UNLOCK REQUEST: 0x34db4680 1
[1773159764.247948944] UNLOCK pid=34586 fd=10: EXCLUSIVE -> SHARED
DBimpl - UNLOCK REQUEST: 0x34db4680 0
[1773159764.247957716] UNLOCK pid=34586 fd=10: SHARED -> NO_LOCK
DBimpl - LOCK REQUEST: 0x34db4680 1
[1773159764.260390915] LOCK pid=34586 fd=10: NO_LOCK -> SHARED (fallback)
[1773159764.260395980] LOCK pid=34586 fd=10: SHARED -> SHARED
DBimpl - LOCK REQUEST: 0x34db4680 2
[1773159764.260420790] LOCK pid=34586 fd=10: SHARED -> RESERVED
DBimpl - LOCK REQUEST: 0x34db4680 4
[1773159764.261994452] LOCK pid=34586 fd=10: RESERVED -> PENDING
[1773159764.261997855] LOCK pid=34586 fd=10: PENDING -> EXCLUSIVE
DBimpl - UNLOCK REQUEST: 0x34db4680 1
[1773159764.264566675] UNLOCK pid=34586 fd=10: EXCLUSIVE -> SHARED
DBimpl - UNLOCK REQUEST: 0x34db4680 0
[1773159764.264573434] UNLOCK pid=34586 fd=10: SHARED -> NO_LOCK
DBimpl - LOCK REQUEST: 0x34db4680 1
[1773159764.276460055] LOCK pid=34586 fd=10: NO_LOCK -> SHARED (fallback)
[1773159764.276463250] LOCK pid=34586 fd=10: SHARED -> SHARED
DBimpl - LOCK REQUEST: 0x34db4680 2
[1773159764.276486124] LOCK pid=34586 fd=10: SHARED -> RESERVED
DBimpl - LOCK REQUEST: 0x34db4680 4
[1773159764.277968808] LOCK pid=34586 fd=10: RESERVED -> PENDING
[1773159764.277971196] LOCK pid=34586 fd=10: PENDING -> EXCLUSIVE
DBimpl - UNLOCK REQUEST: 0x34db4680 1
[1773159764.279828030] UNLOCK pid=34586 fd=10: EXCLUSIVE -> SHARED
DBimpl - UNLOCK REQUEST: 0x34db4680 0
[1773159764.279833048] UNLOCK pid=34586 fd=10: SHARED -> NO_LOCK
DBimpl - LOCK REQUEST: 0x34db4680 1
[1773159764.297257022] LOCK pid=34586 fd=10: NO_LOCK -> SHARED (fallback)
[1773159764.297260803] LOCK pid=34586 fd=10: SHARED -> SHARED
DBimpl - LOCK REQUEST: 0x34db4680 2
[1773159764.297285169] LOCK pid=34586 fd=10: SHARED -> RESERVED
DBimpl - LOCK REQUEST: 0x34db4680 4
[1773159764.299218098] LOCK pid=34586 fd=10: RESERVED -> PENDING
[1773159764.299220566] LOCK pid=34586 fd=10: PENDING -> EXCLUSIVE
DBimpl - UNLOCK REQUEST: 0x34db4680 1
[1773159764.301308647] UNLOCK pid=34586 fd=10: EXCLUSIVE -> SHARED
DBimpl - UNLOCK REQUEST: 0x34db4680 0
[1773159764.301313837] UNLOCK pid=34586 fd=10: SHARED -> NO_LOCK
DBimpl - LOCK REQUEST: 0x34db4680 1
[1773159764.315561309] LOCK pid=34586 fd=10: NO_LOCK -> SHARED (fallback)
[1773159764.315565401] LOCK pid=34586 fd=10: SHARED -> SHARED
DBimpl - LOCK REQUEST: 0x34db4680 2
[1773159764.315596686] LOCK pid=34586 fd=10: SHARED -> RESERVED
DBimpl - LOCK REQUEST: 0x34db4680 4
[1773159764.317762914] LOCK pid=34586 fd=10: RESERVED -> PENDING
[1773159764.317766198] LOCK pid=34586 fd=10: PENDING -> EXCLUSIVE
DBimpl - UNLOCK REQUEST: 0x34db4680 1
[1773159764.321584864] UNLOCK pid=34586 fd=10: EXCLUSIVE -> SHARED
DBimpl - UNLOCK REQUEST: 0x34db4680 0
[1773159764.321591519] UNLOCK pid=34586 fd=10: SHARED -> NO_LOCK
DBimpl - UNLOCK REQUEST: 0x34db4680 0
